{"episode_id": "map_26_courtyard_overcast_native_pn_0010", "episode_idx": 0, "agent_name": "GhostAgent_0", "SR": 0.0, "SPL": 0.0, "SoftSPL": 0.10448736378351163, "PLR": 0.7646833258718877, "nDTW": 1.0346066021975694e-44, "CLS": 0.327752416402393, "steps": 40, "path_length_cm": 1141.2516296974989, "cumulative_reward": 155.54346675822507, "ended_reason": "max_steps", "metrics": {"SR": 0.0, "SPL": 0.0, "SoftSPL": 0.10448736378351163, "PLR": 0.7646833258718877, "nDTW": 1.0346066021975694e-44, "CLS": 0.327752416402393, "path_length_cm": 1141.2516296974989, "cumulative_reward": 155.54346675822507}, "token_totals": {"input": 120059, "output": 5842, "calls": 40}, "finished_at": "2026-04-23T00:25:20.955256+00:00"}