{"episode_id": "map_27_courtyard_overcast_remix_obj_on_0001", "episode_idx": 1, "agent_name": "GhostAgent_1", "SR": 0.0, "SPL": 0.0, "SoftSPL": 0.4425303083316625, "PLR": 0.0, "nDTW": 7.387848227205427e-05, "CLS": 0.04621175377345422, "steps": 40, "path_length_cm": 0.0, "cumulative_reward": -0.4000000000000002, "ended_reason": "max_steps", "metrics": {"SR": 0.0, "SPL": 0.0, "SoftSPL": 0.4425303083316625, "PLR": 0.0, "nDTW": 7.387848227205427e-05, "CLS": 0.04621175377345422, "path_length_cm": 0.0, "cumulative_reward": -0.4000000000000002}, "token_totals": {"input": 33375, "output": 1930, "calls": 40}, "finished_at": "2026-04-23T15:43:37.278549+00:00"}