{"episode_id": "map_20_trainstation_native_obj_on_0005", "episode_idx": 5, "agent_name": "GhostAgent_5", "SR": 1.0, "SPL": 0.7390546832478018, "SoftSPL": 0.7345990480061123, "PLR": 1.3530798500666619, "nDTW": 7.556927296054321e-05, "CLS": 0.6002536720732246, "steps": 17, "path_length_cm": 3923.593295230803, "cumulative_reward": 2755.565785926895, "ended_reason": "success", "metrics": {"SR": 1.0, "SPL": 0.7390546832478018, "SoftSPL": 0.7345990480061123, "PLR": 1.3530798500666619, "nDTW": 7.556927296054321e-05, "CLS": 0.6002536720732246, "path_length_cm": 3923.593295230803, "cumulative_reward": 2755.565785926895}, "token_totals": {"input": 45854, "output": 2461, "calls": 17}, "finished_at": "2026-04-23T17:39:38.787833+00:00"}