{"episode_id": "map_08_cave_remix_obj_pn_0018", "episode_idx": 3, "agent_name": "GhostAgent_3", "SR": 0.0, "SPL": 0.0, "SoftSPL": 0.0, "PLR": 0.0017025930733417637, "nDTW": 0.00016704976040983892, "CLS": 0.2504263948240673, "steps": 40, "path_length_cm": 5.556089002166911, "cumulative_reward": 0.5725997550813187, "ended_reason": "max_steps", "metrics": {"SR": 0.0, "SPL": 0.0, "SoftSPL": 0.0, "PLR": 0.0017025930733417637, "nDTW": 0.00016704976040983892, "CLS": 0.2504263948240673, "path_length_cm": 5.556089002166911, "cumulative_reward": 0.5725997550813187}, "token_totals": {"input": 34393, "output": 2376, "calls": 40}, "finished_at": "2026-04-23T15:13:50.578159+00:00"}