{"episode_id": "map_42_B4_industrial_yard_obj_pn_0014", "episode_idx": 4, "agent_name": "GhostAgent_4", "SR": 0.0, "SPL": 0.0, "SoftSPL": 0.045404274417620405, "PLR": 0.0, "nDTW": 0.008854764580783294, "CLS": 0.16694580455602862, "steps": 40, "path_length_cm": 0.0, "cumulative_reward": -0.4000000000000002, "ended_reason": "max_steps", "metrics": {"SR": 0.0, "SPL": 0.0, "SoftSPL": 0.045404274417620405, "PLR": 0.0, "nDTW": 0.008854764580783294, "CLS": 0.16694580455602862, "path_length_cm": 0.0, "cumulative_reward": -0.4000000000000002}, "token_totals": {"input": 33270, "output": 2084, "calls": 40}, "finished_at": "2026-04-23T16:18:17.058081+00:00"}