{"episode_id": "map_06_hwaseong_native_obj_pn_0004", "episode_idx": 7, "agent_name": "GhostAgent_7", "SR": 0.0, "SPL": 0.0, "SoftSPL": 0.07495806619053225, "PLR": 0.026181925528319747, "nDTW": 6.078906354172489e-08, "CLS": 0.07105173782408009, "steps": 40, "path_length_cm": 197.1281682300592, "cumulative_reward": 16.326492280949, "ended_reason": "max_steps", "metrics": {"SR": 0.0, "SPL": 0.0, "SoftSPL": 0.07495806619053225, "PLR": 0.026181925528319747, "nDTW": 6.078906354172489e-08, "CLS": 0.07105173782408009, "path_length_cm": 197.1281682300592, "cumulative_reward": 16.326492280949}, "token_totals": {"input": 119867, "output": 5997, "calls": 40}, "finished_at": "2026-04-23T13:57:33.017024+00:00"}