{"episode_id": "map_56_containeryard_settlement_pn_0011", "episode_idx": 0, "agent_name": "GhostAgent_0", "SR": 0.0, "SPL": 0.0, "SoftSPL": 0.0, "PLR": 0.0, "nDTW": 8.280068919796096e-08, "CLS": 0.1666666830695406, "steps": 40, "path_length_cm": 0.0, "cumulative_reward": -0.4000000000000002, "ended_reason": "max_steps", "metrics": {"SR": 0.0, "SPL": 0.0, "SoftSPL": 0.0, "PLR": 0.0, "nDTW": 8.280068919796096e-08, "CLS": 0.1666666830695406, "path_length_cm": 0.0, "cumulative_reward": -0.4000000000000002}, "token_totals": {"input": 26130, "output": 120, "calls": 40}, "finished_at": "2026-04-23T18:48:14.308301+00:00"}