{"episode_id": "map_13_watertown_native_on_0012", "episode_idx": 2, "agent_name": "GhostAgent_2", "SR": 0.0, "SPL": 0.0, "SoftSPL": 0.24645168619610336, "PLR": 0.12406156643719952, "nDTW": 4.573648729101592e-06, "CLS": 0.1988901066749777, "steps": 40, "path_length_cm": 210.1329999999998, "cumulative_reward": 198.49911564754484, "ended_reason": "max_steps", "metrics": {"SR": 0.0, "SPL": 0.0, "SoftSPL": 0.24645168619610336, "PLR": 0.12406156643719952, "nDTW": 4.573648729101592e-06, "CLS": 0.1988901066749777, "path_length_cm": 210.1329999999998, "cumulative_reward": 198.49911564754484}, "token_totals": {"input": 119726, "output": 7086, "calls": 40}, "finished_at": "2026-04-23T17:06:59.592674+00:00"}