{"episode_id": "map_19_wintertown_demo02_native_pn_0011", "episode_idx": 1, "agent_name": "GhostAgent_1", "SR": 0.0, "SPL": 0.0, "SoftSPL": 0.2535574153446497, "PLR": 0.20322916177356523, "nDTW": 8.169894450430298e-21, "CLS": 0.19683933936133954, "steps": 40, "path_length_cm": 1243.6750815146565, "cumulative_reward": 1118.6739638139306, "ended_reason": "max_steps", "metrics": {"SR": 0.0, "SPL": 0.0, "SoftSPL": 0.2535574153446497, "PLR": 0.20322916177356523, "nDTW": 8.169894450430298e-21, "CLS": 0.19683933936133954, "path_length_cm": 1243.6750815146565, "cumulative_reward": 1118.6739638139306}, "token_totals": {"input": 116361, "output": 6181, "calls": 40}, "finished_at": "2026-04-22T23:24:24.858738+00:00"}