{"episode_id": "map_65_hwaseong_ceremonial_on_0006", "episode_idx": 6, "agent_name": "GhostAgent_6", "SR": 0.0, "SPL": 0.0, "SoftSPL": 0.4303060581508733, "PLR": 0.8339633605862634, "nDTW": 9.469274821469721e-32, "CLS": 0.1348663495238219, "steps": 40, "path_length_cm": 2934.9088774759957, "cumulative_reward": 1240.853501286061, "ended_reason": "max_steps", "metrics": {"SR": 0.0, "SPL": 0.0, "SoftSPL": 0.4303060581508733, "PLR": 0.8339633605862634, "nDTW": 9.469274821469721e-32, "CLS": 0.1348663495238219, "path_length_cm": 2934.9088774759957, "cumulative_reward": 1240.853501286061}, "token_totals": {"input": 124788, "output": 6620, "calls": 40}, "finished_at": "2026-04-23T03:37:35.463539+00:00"}