{"episode_id": "map_03_watertown_remix_pn_0003", "episode_idx": 3, "agent_name": "GhostAgent_3", "SR": 1.0, "SPL": 0.916527151978249, "SoftSPL": 0.9072843900011663, "PLR": 1.091075150192312, "nDTW": 9.782635109631213e-17, "CLS": 0.337892081212125, "steps": 34, "path_length_cm": 5071.8082819114525, "cumulative_reward": 4582.562843997963, "ended_reason": "success", "metrics": {"SR": 1.0, "SPL": 0.916527151978249, "SoftSPL": 0.9072843900011663, "PLR": 1.091075150192312, "nDTW": 9.782635109631213e-17, "CLS": 0.337892081212125, "path_length_cm": 5071.8082819114525, "cumulative_reward": 4582.562843997963}, "token_totals": {"input": 153807, "output": 9994, "calls": 34}, "finished_at": "2026-04-22T15:16:36.603893+00:00"}