{"episode_id": "map_43_B5_residential_courtyard_on_0014", "episode_idx": 4, "agent_name": "GhostAgent_4", "SR": 1.0, "SPL": 0.9596875143452303, "SoftSPL": 0.9569936040609548, "PLR": 1.0420058457072603, "nDTW": 0.9569936040609548, "CLS": 0.9569936040609548, "steps": 25, "path_length_cm": 6387.256172840993, "cumulative_reward": 6111.038197274145, "ended_reason": "success", "metrics": {"SR": 1.0, "SPL": 0.9596875143452303, "SoftSPL": 0.9569936040609548, "PLR": 1.0420058457072603, "nDTW": 0.9569936040609548, "CLS": 0.9569936040609548, "path_length_cm": 6387.256172840993, "cumulative_reward": 6111.038197274145}, "token_totals": {"input": 21990, "output": 1661, "calls": 25}, "finished_at": "2026-04-23T20:16:36.088003+00:00"}