{"episode_id": "map_19_wintertown_demo02_native_obj_pn_0000", "episode_idx": 0, "agent_name": "GhostAgent_0", "SR": 0.0, "SPL": 0.0, "SoftSPL": 0.41958269641154, "PLR": 0.24248041967447942, "nDTW": 6.30988518402659e-05, "CLS": 0.1982067846057738, "steps": 40, "path_length_cm": 468.30728412571557, "cumulative_reward": 466.39916706472354, "ended_reason": "max_steps", "metrics": {"SR": 0.0, "SPL": 0.0, "SoftSPL": 0.41958269641154, "PLR": 0.24248041967447942, "nDTW": 6.30988518402659e-05, "CLS": 0.1982067846057738, "path_length_cm": 468.30728412571557, "cumulative_reward": 466.39916706472354}, "token_totals": {"input": 108120, "output": 4678, "calls": 40}, "finished_at": "2026-04-22T23:37:29.375127+00:00"}