{"episode_id": "map_40_B2_open_plaza_obj_pn_0008", "episode_idx": 8, "agent_name": "GhostAgent_8", "SR": 0.0, "SPL": 0.0, "SoftSPL": 0.0, "PLR": 9.61528547664352, "nDTW": 2.2789516187361885e-127, "CLS": 0.0065677140228821256, "steps": 40, "path_length_cm": 30640.64561700084, "cumulative_reward": -24324.191825956477, "ended_reason": "max_steps", "metrics": {"SR": 0.0, "SPL": 0.0, "SoftSPL": 0.0, "PLR": 9.61528547664352, "nDTW": 2.2789516187361885e-127, "CLS": 0.0065677140228821256, "path_length_cm": 30640.64561700084, "cumulative_reward": -24324.191825956477}, "token_totals": {"input": 137468, "output": 8941, "calls": 40}, "finished_at": "2026-04-23T16:36:21.278414+00:00"}