{"episode_id": "map_01_wintertown_native_obj_on_0016", "episode_idx": 0, "agent_name": "GhostAgent_0", "SR": 0.0, "SPL": 0.0, "SoftSPL": 0.0, "PLR": 0.2950357763371756, "nDTW": 1.6797990715276255e-09, "CLS": 0.3546279252320158, "steps": 5, "path_length_cm": 1579.2379999999998, "cumulative_reward": -364.5070749058487, "ended_reason": "no_tool_call", "metrics": {"SR": 0.0, "SPL": 0.0, "SoftSPL": 0.0, "PLR": 0.2950357763371756, "nDTW": 1.6797990715276255e-09, "CLS": 0.3546279252320158, "path_length_cm": 1579.2379999999998, "cumulative_reward": -364.5070749058487}, "token_totals": {"input": 8723, "output": 948, "calls": 5}, "finished_at": "2026-04-22T22:42:20.744394+00:00"}