{"episode_id": "map_04_courtyard_remix_obj_pn_0001", "episode_idx": 6, "agent_name": "GhostAgent_6", "SR": 0.0, "SPL": 0.0, "SoftSPL": 0.18633542467594133, "PLR": 0.12145194350873204, "nDTW": 1.2236970950987425e-12, "CLS": 0.1447877000126682, "steps": 40, "path_length_cm": 513.8643875048804, "cumulative_reward": 450.5293477733385, "ended_reason": "max_steps", "metrics": {"SR": 0.0, "SPL": 0.0, "SoftSPL": 0.18633542467594133, "PLR": 0.12145194350873204, "nDTW": 1.2236970950987425e-12, "CLS": 0.1447877000126682, "path_length_cm": 513.8643875048804, "cumulative_reward": 450.5293477733385}, "token_totals": {"input": 105714, "output": 3447, "calls": 40}, "finished_at": "2026-04-22T22:32:30.829168+00:00"}