{"episode_id": "map_08_cave_remix_on_0005", "episode_idx": 5, "agent_name": "GhostAgent_5", "SR": 0.0, "SPL": 0.0, "SoftSPL": 0.10880092357426029, "PLR": 0.21602573374296896, "nDTW": 2.841926707914028e-07, "CLS": 0.21638003524603625, "steps": 40, "path_length_cm": 399.21555595700664, "cumulative_reward": 125.44596173216577, "ended_reason": "max_steps", "metrics": {"SR": 0.0, "SPL": 0.0, "SoftSPL": 0.10880092357426029, "PLR": 0.21602573374296896, "nDTW": 2.841926707914028e-07, "CLS": 0.21638003524603625, "path_length_cm": 399.21555595700664, "cumulative_reward": 125.44596173216577}, "token_totals": {"input": 32434, "output": 1868, "calls": 40}, "finished_at": "2026-04-23T14:47:31.346392+00:00"}