{"episode_id": "map_19_wintertown_demo02_native_pn_0019", "episode_idx": 9, "agent_name": "GhostAgent_9", "SR": 1.0, "SPL": 0.9422476928182625, "SoftSPL": 0.8440174293180787, "PLR": 1.0612920653687146, "nDTW": 0.06385946118750375, "CLS": 0.38505166975474436, "steps": 6, "path_length_cm": 1998.2749911207916, "cumulative_reward": 1673.9130101679302, "ended_reason": "success", "metrics": {"SR": 1.0, "SPL": 0.9422476928182625, "SoftSPL": 0.8440174293180787, "PLR": 1.0612920653687146, "nDTW": 0.06385946118750375, "CLS": 0.38505166975474436, "path_length_cm": 1998.2749911207916, "cumulative_reward": 1673.9130101679302}, "token_totals": {"input": 10293, "output": 580, "calls": 6}, "finished_at": "2026-04-22T23:24:24.862715+00:00"}