{"episode_id": "map_43_B5_residential_courtyard_on_0006", "episode_idx": 6, "agent_name": "GhostAgent_6", "SR": 0.0, "SPL": 0.0, "SoftSPL": 2.400878788666461e-06, "PLR": 0.0, "nDTW": 2.400878788666461e-06, "CLS": 2.400878788666461e-06, "steps": 40, "path_length_cm": 0.0, "cumulative_reward": -0.4000000000000002, "ended_reason": "max_steps", "metrics": {"SR": 0.0, "SPL": 0.0, "SoftSPL": 2.400878788666461e-06, "PLR": 0.0, "nDTW": 2.400878788666461e-06, "CLS": 2.400878788666461e-06, "path_length_cm": 0.0, "cumulative_reward": -0.4000000000000002}, "token_totals": {"input": 36302, "output": 2691, "calls": 40}, "finished_at": "2026-04-23T20:06:22.242667+00:00"}