{"episode_id": "map_47_wintertown_demo01_minimal_pn_0016", "episode_idx": 5, "agent_name": "GhostAgent_5", "SR": 0.0, "SPL": 0.0, "SoftSPL": 0.0, "PLR": 2.0746544865464207, "nDTW": 5.890794920465172e-45, "CLS": 0.020039759375096892, "steps": 40, "path_length_cm": 13257.104408666224, "cumulative_reward": -1239.4110953046586, "ended_reason": "max_steps", "metrics": {"SR": 0.0, "SPL": 0.0, "SoftSPL": 0.0, "PLR": 2.0746544865464207, "nDTW": 5.890794920465172e-45, "CLS": 0.020039759375096892, "path_length_cm": 13257.104408666224, "cumulative_reward": -1239.4110953046586}, "token_totals": {"input": 133816, "output": 9405, "calls": 40}, "finished_at": "2026-04-23T01:45:27.564290+00:00"}