{"episode_id": "map_47_wintertown_demo01_minimal_pn_0012", "episode_idx": 1, "agent_name": "GhostAgent_1", "SR": 0.0, "SPL": 0.0, "SoftSPL": 0.0, "PLR": 2.0512737992861503, "nDTW": 1.1417208791968346e-117, "CLS": 0.034078696153767324, "steps": 40, "path_length_cm": 12194.474020210286, "cumulative_reward": -2747.559320217667, "ended_reason": "max_steps", "metrics": {"SR": 0.0, "SPL": 0.0, "SoftSPL": 0.0, "PLR": 2.0512737992861503, "nDTW": 1.1417208791968346e-117, "CLS": 0.034078696153767324, "path_length_cm": 12194.474020210286, "cumulative_reward": -2747.559320217667}, "token_totals": {"input": 133878, "output": 8185, "calls": 40}, "finished_at": "2026-04-23T01:45:27.562280+00:00"}