{"episode_id": "map_25_containeryard_day_remix_obj_on_0001", "episode_idx": 0, "agent_name": "GhostAgent_0", "SR": 1.0, "SPL": 0.7244609885025869, "SoftSPL": 0.7072459307749954, "PLR": 1.380336575564868, "nDTW": 1.0426135583832368e-14, "CLS": 0.23616531600453736, "steps": 33, "path_length_cm": 5765.417415550852, "cumulative_reward": 3908.54007322566, "ended_reason": "success", "metrics": {"SR": 1.0, "SPL": 0.7244609885025869, "SoftSPL": 0.7072459307749954, "PLR": 1.380336575564868, "nDTW": 1.0426135583832368e-14, "CLS": 0.23616531600453736, "path_length_cm": 5765.417415550852, "cumulative_reward": 3908.54007322566}, "token_totals": {"input": 96894, "output": 4004, "calls": 33}, "finished_at": "2026-04-23T00:49:02.992090+00:00"}