{"episode_id": "map_26_courtyard_overcast_native_obj_pn_0006", "episode_idx": 6, "agent_name": "GhostAgent_6", "SR": 0.0, "SPL": 0.0, "SoftSPL": 0.1497872026406617, "PLR": 0.0, "nDTW": 0.014635793470369406, "CLS": 0.21409597872722577, "steps": 40, "path_length_cm": 0.0, "cumulative_reward": -0.4000000000000002, "ended_reason": "max_steps", "metrics": {"SR": 0.0, "SPL": 0.0, "SoftSPL": 0.1497872026406617, "PLR": 0.0, "nDTW": 0.014635793470369406, "CLS": 0.21409597872722577, "path_length_cm": 0.0, "cumulative_reward": -0.4000000000000002}, "token_totals": {"input": 108794, "output": 3026, "calls": 40}, "finished_at": "2026-04-23T00:42:03.066546+00:00"}