{"episode_id": "map_05_middleeast_native_pn_0007", "episode_idx": 0, "agent_name": "GhostAgent_0", "SR": 0.0, "SPL": 0.0, "SoftSPL": 0.37842261952912487, "PLR": 1.4231168366016262, "nDTW": 1.0229392785702823e-22, "CLS": 0.010981142510755567, "steps": 40, "path_length_cm": 7097.724066708781, "cumulative_reward": 2732.5033703988497, "ended_reason": "max_steps", "metrics": {"SR": 0.0, "SPL": 0.0, "SoftSPL": 0.37842261952912487, "PLR": 1.4231168366016262, "nDTW": 1.0229392785702823e-22, "CLS": 0.010981142510755567, "path_length_cm": 7097.724066708781, "cumulative_reward": 2732.5033703988497}, "token_totals": {"input": 434510, "output": 4083, "calls": 40}, "finished_at": "2026-04-22T20:03:22.616518+00:00"}