{"episode_id": "map_03_watertown_remix_obj_on_0007", "episode_idx": 3, "agent_name": "GhostAgent_3", "SR": 0.0, "SPL": 0.0, "SoftSPL": 0.031631236847946886, "PLR": 0.0, "nDTW": 2.6942667990772616e-07, "CLS": 0.12529801354434542, "steps": 40, "path_length_cm": 0.0, "cumulative_reward": -0.4000000000000002, "ended_reason": "max_steps", "metrics": {"SR": 0.0, "SPL": 0.0, "SoftSPL": 0.031631236847946886, "PLR": 0.0, "nDTW": 2.6942667990772616e-07, "CLS": 0.12529801354434542, "path_length_cm": 0.0, "cumulative_reward": -0.4000000000000002}, "token_totals": {"input": 107294, "output": 2230, "calls": 40}, "finished_at": "2026-04-22T22:38:37.024752+00:00"}