{"episode_id": "map_68_B13_suburban_park_pn_0019", "episode_idx": 9, "agent_name": "GhostAgent_9", "SR": 1.0, "SPL": 0.9006914283481495, "SoftSPL": 0.8841697390248971, "PLR": 1.1102581511561407, "nDTW": 1.1962260663124893e-28, "CLS": 0.5849562740095607, "steps": 20, "path_length_cm": 5948.485609356812, "cumulative_reward": 5261.767980165584, "ended_reason": "success", "metrics": {"SR": 1.0, "SPL": 0.9006914283481495, "SoftSPL": 0.8841697390248971, "PLR": 1.1102581511561407, "nDTW": 1.1962260663124893e-28, "CLS": 0.5849562740095607, "path_length_cm": 5948.485609356812, "cumulative_reward": 5261.767980165584}, "token_totals": {"input": 57101, "output": 2814, "calls": 20}, "finished_at": "2026-04-23T05:17:29.152658+00:00"}