{"episode_id": "map_36_dungeon_native_on_0001", "episode_idx": 1, "agent_name": "GhostAgent_1", "SR": 1.0, "SPL": 0.5266820382034101, "SoftSPL": 0.5162982942379497, "PLR": 1.8986787614993423, "nDTW": 1.6754195387991672e-12, "CLS": 0.44148986600354545, "steps": 19, "path_length_cm": 3562.9656298915907, "cumulative_reward": 1841.7950467057929, "ended_reason": "success", "metrics": {"SR": 1.0, "SPL": 0.5266820382034101, "SoftSPL": 0.5162982942379497, "PLR": 1.8986787614993423, "nDTW": 1.6754195387991672e-12, "CLS": 0.44148986600354545, "path_length_cm": 3562.9656298915907, "cumulative_reward": 1841.7950467057929}, "token_totals": {"input": 54866, "output": 3048, "calls": 19}, "finished_at": "2026-04-23T01:09:43.404278+00:00"}