{"episode_id": "map_20_trainstation_native_pn_0014", "episode_idx": 3, "agent_name": "GhostAgent_3", "SR": 0.0, "SPL": 0.0, "SoftSPL": 0.221433143132436, "PLR": 0.09188962860612157, "nDTW": 8.32052193231389e-06, "CLS": 0.10964310424583104, "steps": 2, "path_length_cm": 395.02800000000025, "cumulative_reward": -12.193848109294104, "ended_reason": "no_tool_call", "metrics": {"SR": 0.0, "SPL": 0.0, "SoftSPL": 0.221433143132436, "PLR": 0.09188962860612157, "nDTW": 8.32052193231389e-06, "CLS": 0.10964310424583104, "path_length_cm": 395.02800000000025, "cumulative_reward": -12.193848109294104}, "token_totals": {"input": 2023, "output": 456, "calls": 2}, "finished_at": "2026-04-23T18:36:47.159100+00:00"}