{"episode_id": "map_01_wintertown_native_obj_pn_0011", "episode_idx": 2, "agent_name": "GhostAgent_2", "SR": 0.0, "SPL": 0.0, "SoftSPL": 0.17270566072909221, "PLR": 0.11514034515007997, "nDTW": 2.73954722268343e-09, "CLS": 0.14153664745451577, "steps": 40, "path_length_cm": 393.2399721945196, "cumulative_reward": 93.09694794074032, "ended_reason": "max_steps", "metrics": {"SR": 0.0, "SPL": 0.0, "SoftSPL": 0.17270566072909221, "PLR": 0.11514034515007997, "nDTW": 2.73954722268343e-09, "CLS": 0.14153664745451577, "path_length_cm": 393.2399721945196, "cumulative_reward": 93.09694794074032}, "token_totals": {"input": 118888, "output": 5797, "calls": 40}, "finished_at": "2026-04-22T22:38:09.153718+00:00"}