{"episode_id": "map_60_B11_forest_camp_pn_0011", "episode_idx": 1, "agent_name": "GhostAgent_1", "SR": 0.0, "SPL": 0.0, "SoftSPL": 0.5499473689481914, "PLR": 1.5215969879688507, "nDTW": 2.460575780657458e-51, "CLS": 0.08589148610874456, "steps": 40, "path_length_cm": 9143.763211740974, "cumulative_reward": 4956.523825035308, "ended_reason": "max_steps", "metrics": {"SR": 0.0, "SPL": 0.0, "SoftSPL": 0.5499473689481914, "PLR": 1.5215969879688507, "nDTW": 2.460575780657458e-51, "CLS": 0.08589148610874456, "path_length_cm": 9143.763211740974, "cumulative_reward": 4956.523825035308}, "token_totals": {"input": 123422, "output": 6125, "calls": 40}, "finished_at": "2026-04-23T17:32:07.789402+00:00"}