{"episode_id": "map_19_wintertown_demo02_native_on_0012", "episode_idx": 2, "agent_name": "GhostAgent_2", "SR": 0.0, "SPL": 0.0, "SoftSPL": 0.0, "PLR": 0.011052007585590906, "nDTW": 2.1768899711060712e-07, "CLS": 0.2527938800108525, "steps": 40, "path_length_cm": 47.20411907874146, "cumulative_reward": -24.442261697950443, "ended_reason": "max_steps", "metrics": {"SR": 0.0, "SPL": 0.0, "SoftSPL": 0.0, "PLR": 0.011052007585590906, "nDTW": 2.1768899711060712e-07, "CLS": 0.2527938800108525, "path_length_cm": 47.20411907874146, "cumulative_reward": -24.442261697950443}, "token_totals": {"input": 114034, "output": 5583, "calls": 40}, "finished_at": "2026-04-22T23:58:11.526063+00:00"}