{"episode_id": "map_61_containeryard_day_big_remix_obj_pn_0006", "episode_idx": 3, "agent_name": "GhostAgent_3", "SR": 0.0, "SPL": 0.0, "SoftSPL": 0.05131686181380346, "PLR": 0.0, "nDTW": 8.890812650247688e-08, "CLS": 0.1399759267353988, "steps": 40, "path_length_cm": 0.0, "cumulative_reward": -0.4000000000000002, "ended_reason": "max_steps", "metrics": {"SR": 0.0, "SPL": 0.0, "SoftSPL": 0.05131686181380346, "PLR": 0.0, "nDTW": 8.890812650247688e-08, "CLS": 0.1399759267353988, "path_length_cm": 0.0, "cumulative_reward": -0.4000000000000002}, "token_totals": {"input": 34365, "output": 2249, "calls": 40}, "finished_at": "2026-04-23T16:30:51.498883+00:00"}