{"episode_id": "map_31_gothic_day_remix_pn_0011", "episode_idx": 0, "agent_name": "GhostAgent_0", "SR": 0.0, "SPL": 0.0, "SoftSPL": 0.0, "PLR": 6.9740849727940875, "nDTW": 1.4790292214005648e-164, "CLS": 0.0014441190504506886, "steps": 40, "path_length_cm": 54960.253, "cumulative_reward": -53754.25233058626, "ended_reason": "max_steps", "metrics": {"SR": 0.0, "SPL": 0.0, "SoftSPL": 0.0, "PLR": 6.9740849727940875, "nDTW": 1.4790292214005648e-164, "CLS": 0.0014441190504506886, "path_length_cm": 54960.253, "cumulative_reward": -53754.25233058626}, "token_totals": {"input": 129857, "output": 6222, "calls": 40}, "finished_at": "2026-04-23T18:37:36.033800+00:00"}