{"episode_id": "map_32_gothic_night_native_on_0003", "episode_idx": 3, "agent_name": "GhostAgent_3", "SR": 0.0, "SPL": 0.0, "SoftSPL": 0.40528485858643476, "PLR": 1.2230465694341273, "nDTW": 3.357924161786459e-10, "CLS": 0.024979182584567623, "steps": 29, "path_length_cm": 2861.6354412991936, "cumulative_reward": 1067.6900051646624, "ended_reason": "success", "metrics": {"SR": 0.0, "SPL": 0.0, "SoftSPL": 0.40528485858643476, "PLR": 1.2230465694341273, "nDTW": 3.357924161786459e-10, "CLS": 0.024979182584567623, "path_length_cm": 2861.6354412991936, "cumulative_reward": 1067.6900051646624}, "token_totals": {"input": 82194, "output": 3900, "calls": 29}, "finished_at": "2026-04-23T01:12:41.473553+00:00"}