{"episode_id": "map_65_hwaseong_ceremonial_pn_0019", "episode_idx": 7, "agent_name": "GhostAgent_7", "SR": 0.0, "SPL": 0.0, "SoftSPL": 0.17054061381470126, "PLR": 2.4215457026507954, "nDTW": 1.62186666989426e-91, "CLS": 0.04597583246701058, "steps": 40, "path_length_cm": 12096.444110279625, "cumulative_reward": 2040.546729873362, "ended_reason": "max_steps", "metrics": {"SR": 0.0, "SPL": 0.0, "SoftSPL": 0.17054061381470126, "PLR": 2.4215457026507954, "nDTW": 1.62186666989426e-91, "CLS": 0.04597583246701058, "path_length_cm": 12096.444110279625, "cumulative_reward": 2040.546729873362}, "token_totals": {"input": 131126, "output": 7430, "calls": 40}, "finished_at": "2026-04-23T13:35:17.474007+00:00"}