{"episode_id": "map_22_containeryard_demo_native_obj_on_0012", "episode_idx": 4, "agent_name": "GhostAgent_4", "SR": 0.0, "SPL": 0.0, "SoftSPL": 8.060360712214276e-09, "PLR": 0.0, "nDTW": 8.060360712214276e-09, "CLS": 8.060360712214276e-09, "steps": 0, "path_length_cm": 0.0, "cumulative_reward": 0.0, "ended_reason": "spawn_blocked", "metrics": {"SR": 0.0, "SPL": 0.0, "SoftSPL": 8.060360712214276e-09, "PLR": 0.0, "nDTW": 8.060360712214276e-09, "CLS": 8.060360712214276e-09, "path_length_cm": 0.0, "cumulative_reward": 0.0}, "token_totals": {"input": 0, "output": 0, "calls": 0}, "finished_at": "2026-04-23T19:59:47.907037+00:00"}