{"episode_id": "map_04_courtyard_remix_obj_on_0015", "episode_idx": 8, "agent_name": "GhostAgent_8", "SR": 0.0, "SPL": 0.0, "SoftSPL": 0.2655469031421299, "PLR": 0.4856322989185912, "nDTW": 1.7749489724200812e-21, "CLS": 0.13043796176296368, "steps": 40, "path_length_cm": 982.4292843893209, "cumulative_reward": 525.1800952482502, "ended_reason": "max_steps", "metrics": {"SR": 0.0, "SPL": 0.0, "SoftSPL": 0.2655469031421299, "PLR": 0.4856322989185912, "nDTW": 1.7749489724200812e-21, "CLS": 0.13043796176296368, "path_length_cm": 982.4292843893209, "cumulative_reward": 525.1800952482502}, "token_totals": {"input": 119032, "output": 5913, "calls": 40}, "finished_at": "2026-04-23T12:52:40.595873+00:00"}