{"episode_id": "map_53_courtyard_sanny_big_remix_on_0001", "episode_idx": 1, "agent_name": "GhostAgent_1", "SR": 0.0, "SPL": 0.0, "SoftSPL": 0.906814542237931, "PLR": 0.9513344139089075, "nDTW": 3.6347457085676534e-06, "CLS": 0.1266659737932467, "steps": 40, "path_length_cm": 3750.4646866413646, "cumulative_reward": 970.937846604207, "ended_reason": "max_steps", "metrics": {"SR": 0.0, "SPL": 0.0, "SoftSPL": 0.906814542237931, "PLR": 0.9513344139089075, "nDTW": 3.6347457085676534e-06, "CLS": 0.1266659737932467, "path_length_cm": 3750.4646866413646, "cumulative_reward": 970.937846604207}, "token_totals": {"input": 124756, "output": 7218, "calls": 40}, "finished_at": "2026-04-23T14:20:55.446446+00:00"}