{"episode_id": "map_19_wintertown_demo02_native_obj_pn_0007", "episode_idx": 8, "agent_name": "GhostAgent_8", "SR": 0.0, "SPL": 0.0, "SoftSPL": 0.18950165276622136, "PLR": 1.5443571479513736, "nDTW": 8.035459853075252e-18, "CLS": 0.009084235532377409, "steps": 40, "path_length_cm": 8187.8572834371125, "cumulative_reward": 414.6317186923143, "ended_reason": "max_steps", "metrics": {"SR": 0.0, "SPL": 0.0, "SoftSPL": 0.18950165276622136, "PLR": 1.5443571479513736, "nDTW": 8.035459853075252e-18, "CLS": 0.009084235532377409, "path_length_cm": 8187.8572834371125, "cumulative_reward": 414.6317186923143}, "token_totals": {"input": 133868, "output": 8509, "calls": 40}, "finished_at": "2026-04-23T15:28:57.434382+00:00"}