{"episode_id": "map_15_middleeast_remix_obj_pn_0009", "episode_idx": 8, "agent_name": "GhostAgent_8", "SR": 0.0, "SPL": 0.0, "SoftSPL": 0.0, "PLR": 0.0, "nDTW": 0.00036219138672629296, "CLS": 0.12502774094598015, "steps": 40, "path_length_cm": 0.0, "cumulative_reward": -0.4000000000000002, "ended_reason": "max_steps", "metrics": {"SR": 0.0, "SPL": 0.0, "SoftSPL": 0.0, "PLR": 0.0, "nDTW": 0.00036219138672629296, "CLS": 0.12502774094598015, "path_length_cm": 0.0, "cumulative_reward": -0.4000000000000002}, "token_totals": {"input": 27320, "output": 455, "calls": 40}, "finished_at": "2026-04-23T15:00:14.682742+00:00"}