{"episode_id": "map_21_hwaseong_remix2_obj_on_0017", "episode_idx": 7, "agent_name": "GhostAgent_7", "SR": 1.0, "SPL": 0.9888725856661783, "SoftSPL": 0.9813181786421215, "PLR": 1.0112526269765336, "nDTW": 8.482734622197245e-14, "CLS": 0.4636028551131621, "steps": 26, "path_length_cm": 6017.286843877277, "cumulative_reward": 5907.013391160869, "ended_reason": "success", "metrics": {"SR": 1.0, "SPL": 0.9888725856661783, "SoftSPL": 0.9813181786421215, "PLR": 1.0112526269765336, "nDTW": 8.482734622197245e-14, "CLS": 0.4636028551131621, "path_length_cm": 6017.286843877277, "cumulative_reward": 5907.013391160869}, "token_totals": {"input": 22600, "output": 1622, "calls": 26}, "finished_at": "2026-04-23T18:27:43.989464+00:00"}