{"episode_id": "map_32_gothic_night_native_pn_0011", "episode_idx": 0, "agent_name": "GhostAgent_0", "SR": 0.0, "SPL": 0.0, "SoftSPL": 0.0, "PLR": 0.38827191296507474, "nDTW": 5.043353825838136e-20, "CLS": 0.07197526018672204, "steps": 40, "path_length_cm": 2519.2712455208502, "cumulative_reward": 2492.499181180483, "ended_reason": "max_steps", "metrics": {"SR": 0.0, "SPL": 0.0, "SoftSPL": 0.0, "PLR": 0.38827191296507474, "nDTW": 5.043353825838136e-20, "CLS": 0.07197526018672204, "path_length_cm": 2519.2712455208502, "cumulative_reward": 2492.499181180483}, "token_totals": {"input": 116502, "output": 6417, "calls": 40}, "finished_at": "2026-04-23T16:31:51.646939+00:00"}