{"episode_id": "map_36_dungeon_native_pn_0007", "episode_idx": 7, "agent_name": "GhostAgent_7", "SR": 0.0, "SPL": 0.0, "SoftSPL": 0.0, "PLR": 6.552893046454278, "nDTW": 2.110048981070039e-44, "CLS": 0.0381551608830655, "steps": 18, "path_length_cm": 12893.668944994832, "cumulative_reward": -7944.663496041852, "ended_reason": "no_tool_call", "metrics": {"SR": 0.0, "SPL": 0.0, "SoftSPL": 0.0, "PLR": 6.552893046454278, "nDTW": 2.110048981070039e-44, "CLS": 0.0381551608830655, "path_length_cm": 12893.668944994832, "cumulative_reward": -7944.663496041852}, "token_totals": {"input": 51817, "output": 3260, "calls": 18}, "finished_at": "2026-04-23T00:46:42.821263+00:00"}