{"episode_id": "map_13_watertown_native_pn_0009", "episode_idx": 9, "agent_name": "GhostAgent_9", "SR": 0.0, "SPL": 0.0, "SoftSPL": 0.0, "PLR": 4.59247480242794, "nDTW": 4.3921655064194473e-246, "CLS": 0.05443751081039081, "steps": 40, "path_length_cm": 15594.299288620363, "cumulative_reward": -8948.285908949127, "ended_reason": "max_steps", "metrics": {"SR": 0.0, "SPL": 0.0, "SoftSPL": 0.0, "PLR": 4.59247480242794, "nDTW": 4.3921655064194473e-246, "CLS": 0.05443751081039081, "path_length_cm": 15594.299288620363, "cumulative_reward": -8948.285908949127}, "token_totals": {"input": 141764, "output": 9821, "calls": 40}, "finished_at": "2026-04-23T18:06:42.729409+00:00"}