{"episode_id": "map_49_courtyard_sunny_packed_obj_on_0019", "episode_idx": 9, "agent_name": "GhostAgent_9", "SR": 0.0, "SPL": 0.0, "SoftSPL": 0.0, "PLR": 18.053258095580855, "nDTW": 8.299457777531421e-19, "CLS": 0.002069532143253997, "steps": 13, "path_length_cm": 24468.483359845508, "cumulative_reward": -21502.614575803003, "ended_reason": "no_tool_call", "metrics": {"SR": 0.0, "SPL": 0.0, "SoftSPL": 0.0, "PLR": 18.053258095580855, "nDTW": 8.299457777531421e-19, "CLS": 0.002069532143253997, "path_length_cm": 24468.483359845508, "cumulative_reward": -21502.614575803003}, "token_totals": {"input": 35605, "output": 2614, "calls": 13}, "finished_at": "2026-04-23T03:42:16.576824+00:00"}