{
  "map": "map_60_B11_forest_camp",
  "n": 18,
  "SR": 0.16666666666666666,
  "SPL": 0.16475415684995143,
  "SoftSPL": 0.2788963003870007,
  "nDTW": 0.005774423173883925,
  "avg_steps": 32.72222222222222
}