{"episode_id": "map_26_courtyard_overcast_native_pn_0005", "episode_idx": 5, "agent_name": "GhostAgent_5", "SR": 0.0, "SPL": 0.0, "SoftSPL": 0.9454711829388397, "PLR": 0.5823721684946663, "nDTW": 5.0204439043100374e-05, "CLS": 0.05522013793619942, "steps": 40, "path_length_cm": 2276.894643441912, "cumulative_reward": 1051.584043548244, "ended_reason": "max_steps", "metrics": {"SR": 0.0, "SPL": 0.0, "SoftSPL": 0.9454711829388397, "PLR": 0.5823721684946663, "nDTW": 5.0204439043100374e-05, "CLS": 0.05522013793619942, "path_length_cm": 2276.894643441912, "cumulative_reward": 1051.584043548244}, "token_totals": {"input": 109190, "output": 4090, "calls": 40}, "finished_at": "2026-04-23T00:09:03.477154+00:00"}