{"episode_id": "map_31_gothic_day_remix_on_0008", "episode_idx": 8, "agent_name": "GhostAgent_8", "SR": 1.0, "SPL": 0.9919053577204674, "SoftSPL": 0.9808709703815315, "PLR": 1.008160700228634, "nDTW": 2.985288139358801e-07, "CLS": 0.5701031369658074, "steps": 13, "path_length_cm": 4771.604430968119, "cumulative_reward": 4669.037893945608, "ended_reason": "success", "metrics": {"SR": 1.0, "SPL": 0.9919053577204674, "SoftSPL": 0.9808709703815315, "PLR": 1.008160700228634, "nDTW": 2.985288139358801e-07, "CLS": 0.5701031369658074, "path_length_cm": 4771.604430968119, "cumulative_reward": 4669.037893945608}, "token_totals": {"input": 29755, "output": 1192, "calls": 13}, "finished_at": "2026-04-23T18:01:42.050936+00:00"}