{"episode_id": "map_09b_wintertown_demo02_on_0012", "episode_idx": 4, "agent_name": "GhostAgent_4", "SR": 1.0, "SPL": 0.9003645110939414, "SoftSPL": 0.8705230723610546, "PLR": 1.110661279602193, "nDTW": 4.864657170651999e-06, "CLS": 0.30256696704118297, "steps": 12, "path_length_cm": 3591.8896848462887, "cumulative_reward": 3127.00782738351, "ended_reason": "success", "metrics": {"SR": 1.0, "SPL": 0.9003645110939414, "SoftSPL": 0.8705230723610546, "PLR": 1.110661279602193, "nDTW": 4.864657170651999e-06, "CLS": 0.30256696704118297, "path_length_cm": 3591.8896848462887, "cumulative_reward": 3127.00782738351}, "token_totals": {"input": 29191, "output": 1468, "calls": 12}, "finished_at": "2026-04-22T23:01:43.059770+00:00"}