{"episode_id": "map_68_B13_suburban_park_obj_pn_0006", "episode_idx": 6, "agent_name": "GhostAgent_6", "SR": 0.0, "SPL": 0.0, "SoftSPL": 0.23498113724741343, "PLR": 1.3240311667022169, "nDTW": 1.0727431860300669e-83, "CLS": 0.08391880776820522, "steps": 40, "path_length_cm": 7480.696649997522, "cumulative_reward": 1715.9493766121136, "ended_reason": "max_steps", "metrics": {"SR": 0.0, "SPL": 0.0, "SoftSPL": 0.23498113724741343, "PLR": 1.3240311667022169, "nDTW": 1.0727431860300669e-83, "CLS": 0.08391880776820522, "path_length_cm": 7480.696649997522, "cumulative_reward": 1715.9493766121136}, "token_totals": {"input": 122125, "output": 5655, "calls": 40}, "finished_at": "2026-04-23T05:33:39.805316+00:00"}