{"episode_id": "map_66_middleeast_bazaar_pn_0015", "episode_idx": 1, "agent_name": "GhostAgent_1", "SR": 0.0, "SPL": 0.0, "SoftSPL": 0.0, "PLR": 0.5409326440882462, "nDTW": 0.0, "CLS": 0.0, "steps": 40, "path_length_cm": 1460.9184291948898, "cumulative_reward": 514.0159434557672, "ended_reason": "max_steps", "metrics": {"SR": 0.0, "SPL": 0.0, "SoftSPL": 0.0, "PLR": 0.5409326440882462, "nDTW": 0.0, "CLS": 0.0, "path_length_cm": 1460.9184291948898, "cumulative_reward": 514.0159434557672}, "token_totals": {"input": 35733, "output": 2770, "calls": 40}, "finished_at": "2026-04-23T20:10:23.185881+00:00"}