{"episode_id": "map_32_gothic_night_native_pn_0013", "episode_idx": 2, "agent_name": "GhostAgent_2", "SR": 0.0, "SPL": 0.0, "SoftSPL": 0.0, "PLR": 0.15408895200201989, "nDTW": 7.464455263713008e-07, "CLS": 0.31085047516123676, "steps": 40, "path_length_cm": 460.41162502395537, "cumulative_reward": -67.2862641943171, "ended_reason": "max_steps", "metrics": {"SR": 0.0, "SPL": 0.0, "SoftSPL": 0.0, "PLR": 0.15408895200201989, "nDTW": 7.464455263713008e-07, "CLS": 0.31085047516123676, "path_length_cm": 460.41162502395537, "cumulative_reward": -67.2862641943171}, "token_totals": {"input": 107243, "output": 2621, "calls": 40}, "finished_at": "2026-04-23T16:31:51.817967+00:00"}