{"episode_id": "map_31_gothic_day_remix_obj_pn_0009", "episode_idx": 8, "agent_name": "GhostAgent_8", "SR": 0.0, "SPL": 0.0, "SoftSPL": 0.20731622014539952, "PLR": 0.7086053106158432, "nDTW": 0.002118996020540578, "CLS": 0.13542235690340568, "steps": 40, "path_length_cm": 2127.1055935128506, "cumulative_reward": 1607.4949053942714, "ended_reason": "max_steps", "metrics": {"SR": 0.0, "SPL": 0.0, "SoftSPL": 0.20731622014539952, "PLR": 0.7086053106158432, "nDTW": 0.002118996020540578, "CLS": 0.13542235690340568, "path_length_cm": 2127.1055935128506, "cumulative_reward": 1607.4949053942714}, "token_totals": {"input": 108149, "output": 4117, "calls": 40}, "finished_at": "2026-04-23T01:01:10.748565+00:00"}