{"episode_id": "map_42_B4_industrial_yard_pn_0000", "episode_idx": 0, "agent_name": "GhostAgent_0", "SR": 1.0, "SPL": 1.0, "SoftSPL": 0.955457300131795, "PLR": 0.9566093261168731, "nDTW": 0.00011616650596280438, "CLS": 0.3907165785339225, "steps": 10, "path_length_cm": 3545.2898235217435, "cumulative_reward": 3542.8811517789445, "ended_reason": "success", "metrics": {"SR": 1.0, "SPL": 1.0, "SoftSPL": 0.955457300131795, "PLR": 0.9566093261168731, "nDTW": 0.00011616650596280438, "CLS": 0.3907165785339225, "path_length_cm": 3545.2898235217435, "cumulative_reward": 3542.8811517789445}, "token_totals": {"input": 7446, "output": 542, "calls": 10}, "finished_at": "2026-04-23T15:55:15.199036+00:00"}