{"episode_id": "map_36_dungeon_native_obj_on_0011", "episode_idx": 1, "agent_name": "GhostAgent_1", "SR": 0.0, "SPL": 0.0, "SoftSPL": 0.7449600579040068, "PLR": 0.852757309982877, "nDTW": 2.6377960466118404e-14, "CLS": 0.40503965531678815, "steps": 40, "path_length_cm": 1163.9796178342278, "cumulative_reward": 1016.4374206471198, "ended_reason": "max_steps", "metrics": {"SR": 0.0, "SPL": 0.0, "SoftSPL": 0.7449600579040068, "PLR": 0.852757309982877, "nDTW": 2.6377960466118404e-14, "CLS": 0.40503965531678815, "path_length_cm": 1163.9796178342278, "cumulative_reward": 1016.4374206471198}, "token_totals": {"input": 110081, "output": 3531, "calls": 40}, "finished_at": "2026-04-23T01:44:18.849584+00:00"}