{"episode_id": "map_15_middleeast_remix_on_0012", "episode_idx": 2, "agent_name": "GhostAgent_2", "SR": 0.0, "SPL": 0.0, "SoftSPL": 0.5887130800640927, "PLR": 0.5992966364268684, "nDTW": 3.6161207557065466e-44, "CLS": 0.42047528990966215, "steps": 40, "path_length_cm": 1611.2150000000001, "cumulative_reward": 1582.3587483248116, "ended_reason": "max_steps", "metrics": {"SR": 0.0, "SPL": 0.0, "SoftSPL": 0.5887130800640927, "PLR": 0.5992966364268684, "nDTW": 3.6161207557065466e-44, "CLS": 0.42047528990966215, "path_length_cm": 1611.2150000000001, "cumulative_reward": 1582.3587483248116}, "token_totals": {"input": 33762, "output": 1801, "calls": 40}, "finished_at": "2026-04-23T14:54:55.038985+00:00"}