{"episode_id": "map_28_village_night_native_on_0015", "episode_idx": 5, "agent_name": "GhostAgent_5", "SR": 0.0, "SPL": 0.0, "SoftSPL": 0.0, "PLR": 0.2373581537008539, "nDTW": 8.502146031734832e-19, "CLS": 0.3278872499010315, "steps": 40, "path_length_cm": 377.5490000211893, "cumulative_reward": -328.8782202000782, "ended_reason": "max_steps", "metrics": {"SR": 0.0, "SPL": 0.0, "SoftSPL": 0.0, "PLR": 0.2373581537008539, "nDTW": 8.502146031734832e-19, "CLS": 0.3278872499010315, "path_length_cm": 377.5490000211893, "cumulative_reward": -328.8782202000782}, "token_totals": {"input": 111580, "output": 3405, "calls": 40}, "finished_at": "2026-04-23T00:53:39.824653+00:00"}