{"episode_id": "map_10_B1_urban_grid_obj_on_0008", "episode_idx": 5, "agent_name": "GhostAgent_5", "SR": 0.0, "SPL": 0.0, "SoftSPL": 0.29338694057123216, "PLR": 1.676377965514793, "nDTW": 8.13561751384235e-103, "CLS": 0.06628047311163104, "steps": 40, "path_length_cm": 11255.235188025632, "cumulative_reward": 3117.6136813825838, "ended_reason": "max_steps", "metrics": {"SR": 0.0, "SPL": 0.0, "SoftSPL": 0.29338694057123216, "PLR": 1.676377965514793, "nDTW": 8.13561751384235e-103, "CLS": 0.06628047311163104, "path_length_cm": 11255.235188025632, "cumulative_reward": 3117.6136813825838}, "token_totals": {"input": 128259, "output": 7454, "calls": 40}, "finished_at": "2026-04-23T13:30:39.579097+00:00"}