{"episode_id": "map_36_dungeon_native_on_0008", "episode_idx": 8, "agent_name": "GhostAgent_8", "SR": 1.0, "SPL": 0.24698639893845206, "SoftSPL": 0.23202711882156657, "PLR": 4.048805943558032, "nDTW": 4.08254562646985e-24, "CLS": 0.10428528296375057, "steps": 35, "path_length_cm": 7060.91512526803, "cumulative_reward": 1639.4576633352654, "ended_reason": "success", "metrics": {"SR": 1.0, "SPL": 0.24698639893845206, "SoftSPL": 0.23202711882156657, "PLR": 4.048805943558032, "nDTW": 4.08254562646985e-24, "CLS": 0.10428528296375057, "path_length_cm": 7060.91512526803, "cumulative_reward": 1639.4576633352654}, "token_totals": {"input": 116044, "output": 8148, "calls": 35}, "finished_at": "2026-04-23T01:09:43.408312+00:00"}