{"episode_id": "map_10_B1_urban_grid_obj_on_0015", "episode_idx": 9, "agent_name": "GhostAgent_9", "SR": 0.0, "SPL": 0.0, "SoftSPL": 0.025572913927295545, "PLR": 2.0324176071264897, "nDTW": 1.8838891153087834e-127, "CLS": 0.05468842613963041, "steps": 40, "path_length_cm": 14204.95281555239, "cumulative_reward": 362.3317173848927, "ended_reason": "max_steps", "metrics": {"SR": 0.0, "SPL": 0.0, "SoftSPL": 0.025572913927295545, "PLR": 2.0324176071264897, "nDTW": 1.8838891153087834e-127, "CLS": 0.05468842613963041, "path_length_cm": 14204.95281555239, "cumulative_reward": 362.3317173848927}, "token_totals": {"input": 131785, "output": 8213, "calls": 40}, "finished_at": "2026-04-23T13:30:39.580228+00:00"}