{"episode_id": "map_09b_wintertown_demo02_pn_0010", "episode_idx": 1, "agent_name": "GhostAgent_1", "SR": 0.0, "SPL": 0.0, "SoftSPL": 0.09200493158416645, "PLR": 0.00025296405970077, "nDTW": 7.177821987107583e-09, "CLS": 0.06309733098990634, "steps": 40, "path_length_cm": 1.7715174286468802, "cumulative_reward": -2.0272366254079315, "ended_reason": "max_steps", "metrics": {"SR": 0.0, "SPL": 0.0, "SoftSPL": 0.09200493158416645, "PLR": 0.00025296405970077, "nDTW": 7.177821987107583e-09, "CLS": 0.06309733098990634, "path_length_cm": 1.7715174286468802, "cumulative_reward": -2.0272366254079315}, "token_totals": {"input": 101140, "output": 2284, "calls": 40}, "finished_at": "2026-04-23T12:52:26.889558+00:00"}