{"episode_id": "map_25_containeryard_day_remix_obj_pn_0019", "episode_idx": 1, "agent_name": "GhostAgent_1", "SR": 0.0, "SPL": 0.0, "SoftSPL": 0.8533970016800584, "PLR": 1.0363113237341057, "nDTW": 6.631257529144531e-28, "CLS": 0.264172013268194, "steps": 40, "path_length_cm": 3343.1610565927, "cumulative_reward": 3038.087416932952, "ended_reason": "max_steps", "metrics": {"SR": 0.0, "SPL": 0.0, "SoftSPL": 0.8533970016800584, "PLR": 1.0363113237341057, "nDTW": 6.631257529144531e-28, "CLS": 0.264172013268194, "path_length_cm": 3343.1610565927, "cumulative_reward": 3038.087416932952}, "token_totals": {"input": 111062, "output": 4396, "calls": 40}, "finished_at": "2026-04-23T15:59:17.133204+00:00"}