{"episode_id": "map_56_containeryard_settlement_pn_0007", "episode_idx": 6, "agent_name": "GhostAgent_6", "SR": 0.0, "SPL": 0.0, "SoftSPL": 0.0, "PLR": 0.40031457055639835, "nDTW": 1.6665202066784456e-19, "CLS": 0.4177489042000997, "steps": 40, "path_length_cm": 407.2240000442018, "cumulative_reward": -396.7551823537193, "ended_reason": "max_steps", "metrics": {"SR": 0.0, "SPL": 0.0, "SoftSPL": 0.0, "PLR": 0.40031457055639835, "nDTW": 1.6665202066784456e-19, "CLS": 0.4177489042000997, "path_length_cm": 407.2240000442018, "cumulative_reward": -396.7551823537193}, "token_totals": {"input": 34089, "output": 2174, "calls": 40}, "finished_at": "2026-04-23T18:37:28.010770+00:00"}