{"episode_id": "map_06_hwaseong_native_pn_0003", "episode_idx": 3, "agent_name": "GhostAgent_3", "SR": 0.0, "SPL": 0.0, "SoftSPL": 0.4946005628039596, "PLR": 1.7033690387887535, "nDTW": 1.4110497702422068e-62, "CLS": 0.24253588829012176, "steps": 40, "path_length_cm": 5828.741480140848, "cumulative_reward": 2882.503792870922, "ended_reason": "max_steps", "metrics": {"SR": 0.0, "SPL": 0.0, "SoftSPL": 0.4946005628039596, "PLR": 1.7033690387887535, "nDTW": 1.4110497702422068e-62, "CLS": 0.24253588829012176, "path_length_cm": 5828.741480140848, "cumulative_reward": 2882.503792870922}, "token_totals": {"input": 443572, "output": 4579, "calls": 40}, "finished_at": "2026-04-22T19:32:09.397350+00:00"}