{"episode_id": "map_20_trainstation_native_on_0010", "episode_idx": 0, "agent_name": "GhostAgent_0", "SR": 0.0, "SPL": 0.0, "SoftSPL": 0.0, "PLR": 2.2857238249197067, "nDTW": 0.0, "CLS": 0.10937454353602075, "steps": 40, "path_length_cm": 16019.884, "cumulative_reward": -11168.495975408336, "ended_reason": "max_steps", "metrics": {"SR": 0.0, "SPL": 0.0, "SoftSPL": 0.0, "PLR": 2.2857238249197067, "nDTW": 0.0, "CLS": 0.10937454353602075, "path_length_cm": 16019.884, "cumulative_reward": -11168.495975408336}, "token_totals": {"input": 143512, "output": 9933, "calls": 40}, "finished_at": "2026-04-23T17:25:02.995218+00:00"}