{"episode_id": "map_43_B5_residential_courtyard_pn_0017", "episode_idx": 7, "agent_name": "GhostAgent_7", "SR": 1.0, "SPL": 1.0, "SoftSPL": 0.9665696238907866, "PLR": 0.9873817525201422, "nDTW": 0.9665696238907866, "CLS": 0.9665696238907866, "steps": 14, "path_length_cm": 3207.134417995724, "cumulative_reward": 3105.721344204508, "ended_reason": "success", "metrics": {"SR": 1.0, "SPL": 1.0, "SoftSPL": 0.9665696238907866, "PLR": 0.9873817525201422, "nDTW": 0.9665696238907866, "CLS": 0.9665696238907866, "path_length_cm": 3207.134417995724, "cumulative_reward": 3105.721344204508}, "token_totals": {"input": 14024, "output": 1741, "calls": 14}, "finished_at": "2026-04-23T20:09:14.467249+00:00"}