{"episode_id": "map_67_B12_construction_site_on_0011", "episode_idx": 1, "agent_name": "GhostAgent_1", "SR": 0.0, "SPL": 0.0, "SoftSPL": 0.0007976895367121095, "PLR": 0.0, "nDTW": 0.0013478736919496032, "CLS": 0.1666836014696805, "steps": 40, "path_length_cm": 0.0, "cumulative_reward": -0.4000000000000002, "ended_reason": "max_steps", "metrics": {"SR": 0.0, "SPL": 0.0, "SoftSPL": 0.0007976895367121095, "PLR": 0.0, "nDTW": 0.0013478736919496032, "CLS": 0.1666836014696805, "path_length_cm": 0.0, "cumulative_reward": -0.4000000000000002}, "token_totals": {"input": 116097, "output": 4640, "calls": 40}, "finished_at": "2026-04-23T15:33:28.800737+00:00"}