{"episode_id": "map_19_wintertown_demo02_native_on_0016", "episode_idx": 6, "agent_name": "GhostAgent_6", "SR": 0.0, "SPL": 0.0, "SoftSPL": 0.0, "PLR": 0.033155882878654924, "nDTW": 0.0002820547241014747, "CLS": 0.2587775868471088, "steps": 40, "path_length_cm": 47.13572933561099, "cumulative_reward": -9.842126281272968, "ended_reason": "max_steps", "metrics": {"SR": 0.0, "SPL": 0.0, "SoftSPL": 0.0, "PLR": 0.033155882878654924, "nDTW": 0.0002820547241014747, "CLS": 0.2587775868471088, "path_length_cm": 47.13572933561099, "cumulative_reward": -9.842126281272968}, "token_totals": {"input": 131170, "output": 8588, "calls": 40}, "finished_at": "2026-04-22T23:58:11.527609+00:00"}