{"episode_id": "map_42_B4_industrial_yard_obj_on_0010", "episode_idx": 0, "agent_name": "GhostAgent_0", "SR": 0.0, "SPL": 0.0, "SoftSPL": 0.013204636247008739, "PLR": 0.0, "nDTW": 2.1919567721063682e-11, "CLS": 0.07142863941306483, "steps": 40, "path_length_cm": 0.0, "cumulative_reward": -0.4000000000000002, "ended_reason": "max_steps", "metrics": {"SR": 0.0, "SPL": 0.0, "SoftSPL": 0.013204636247008739, "PLR": 0.0, "nDTW": 2.1919567721063682e-11, "CLS": 0.07142863941306483, "path_length_cm": 0.0, "cumulative_reward": -0.4000000000000002}, "token_totals": {"input": 31530, "output": 1509, "calls": 40}, "finished_at": "2026-04-23T16:26:58.240989+00:00"}