{"episode_id": "map_23_containeryard_demo_remix_on_0005", "episode_idx": 5, "agent_name": "GhostAgent_5", "SR": 0.0, "SPL": 0.0, "SoftSPL": 0.8766006570089363, "PLR": 1.015274596150694, "nDTW": 1.868693715553753e-23, "CLS": 0.1286334632143687, "steps": 40, "path_length_cm": 4769.546845050769, "cumulative_reward": 4152.533737483832, "ended_reason": "max_steps", "metrics": {"SR": 0.0, "SPL": 0.0, "SoftSPL": 0.8766006570089363, "PLR": 1.015274596150694, "nDTW": 1.868693715553753e-23, "CLS": 0.1286334632143687, "path_length_cm": 4769.546845050769, "cumulative_reward": 4152.533737483832}, "token_totals": {"input": 127585, "output": 7016, "calls": 40}, "finished_at": "2026-04-23T17:30:07.822642+00:00"}