{"episode_id": "map_58_dungeon_library_on_0016", "episode_idx": 6, "agent_name": "GhostAgent_6", "SR": 0.0, "SPL": 0.0, "SoftSPL": 0.2525671789951093, "PLR": 0.3048673348459933, "nDTW": 1.4514698075370002e-18, "CLS": 0.36103650710843765, "steps": 40, "path_length_cm": 406.1534095018777, "cumulative_reward": 336.0800456791088, "ended_reason": "max_steps", "metrics": {"SR": 0.0, "SPL": 0.0, "SoftSPL": 0.2525671789951093, "PLR": 0.3048673348459933, "nDTW": 1.4514698075370002e-18, "CLS": 0.36103650710843765, "path_length_cm": 406.1534095018777, "cumulative_reward": 336.0800456791088}, "token_totals": {"input": 107696, "output": 3917, "calls": 40}, "finished_at": "2026-04-23T02:38:07.223220+00:00"}