{"episode_id": "map_03_watertown_remix_pn_0001", "episode_idx": 1, "agent_name": "GhostAgent_1", "SR": 0.0, "SPL": 0.0, "SoftSPL": 0.8062861918716351, "PLR": 0.8184676206222975, "nDTW": 2.2969634295543854e-22, "CLS": 0.30422318926332403, "steps": 40, "path_length_cm": 5007.564965843753, "cumulative_reward": 4886.006401471477, "ended_reason": "max_steps", "metrics": {"SR": 0.0, "SPL": 0.0, "SoftSPL": 0.8062861918716351, "PLR": 0.8184676206222975, "nDTW": 2.2969634295543854e-22, "CLS": 0.30422318926332403, "path_length_cm": 5007.564965843753, "cumulative_reward": 4886.006401471477}, "token_totals": {"input": 194663, "output": 18777, "calls": 40}, "finished_at": "2026-04-22T15:16:36.603255+00:00"}