{"episode_id": "map_04_courtyard_remix_obj_pn_0012", "episode_idx": 5, "agent_name": "GhostAgent_5", "SR": 0.0, "SPL": 0.0, "SoftSPL": 0.0, "PLR": 19.059946048892897, "nDTW": 2.3792054709779928e-197, "CLS": 0.003559099842589734, "steps": 18, "path_length_cm": 53149.80315410077, "cumulative_reward": -48641.75087281514, "ended_reason": "step_error", "metrics": {"SR": 0.0, "SPL": 0.0, "SoftSPL": 0.0, "PLR": 19.059946048892897, "nDTW": 2.3792054709779928e-197, "CLS": 0.003559099842589734, "path_length_cm": 53149.80315410077, "cumulative_reward": -48641.75087281514}, "token_totals": {"input": 51486, "output": 2815, "calls": 18}, "finished_at": "2026-04-23T17:53:20.354851+00:00"}