{"episode_id": "map_59_B10_market_plaza_obj_on_0004", "episode_idx": 4, "agent_name": "GhostAgent_4", "SR": 1.0, "SPL": 0.9648403877963024, "SoftSPL": 0.9456803284283407, "PLR": 1.036440858662646, "nDTW": 0.028501148379484274, "CLS": 0.8459511118211736, "steps": 5, "path_length_cm": 1420.9811460436608, "cumulative_reward": 1346.2433934020798, "ended_reason": "success", "metrics": {"SR": 1.0, "SPL": 0.9648403877963024, "SoftSPL": 0.9456803284283407, "PLR": 1.036440858662646, "nDTW": 0.028501148379484274, "CLS": 0.8459511118211736, "path_length_cm": 1420.9811460436608, "cumulative_reward": 1346.2433934020798}, "token_totals": {"input": 8178, "output": 639, "calls": 5}, "finished_at": "2026-04-23T03:02:22.960760+00:00"}