{"episode_id": "map_26_courtyard_overcast_native_pn_0007", "episode_idx": 7, "agent_name": "GhostAgent_7", "SR": 0.0, "SPL": 0.0, "SoftSPL": 0.5986249198315441, "PLR": 0.10298036886315581, "nDTW": 0.0010401744565781991, "CLS": 0.15139993728455567, "steps": 40, "path_length_cm": 614.650689204009, "cumulative_reward": -67.92806546595064, "ended_reason": "max_steps", "metrics": {"SR": 0.0, "SPL": 0.0, "SoftSPL": 0.5986249198315441, "PLR": 0.10298036886315581, "nDTW": 0.0010401744565781991, "CLS": 0.15139993728455567, "path_length_cm": 614.650689204009, "cumulative_reward": -67.92806546595064}, "token_totals": {"input": 121910, "output": 6443, "calls": 40}, "finished_at": "2026-04-23T00:09:03.477803+00:00"}