{"episode_id": "map_09b_wintertown_demo02_obj_on_0000", "episode_idx": 2, "agent_name": "GhostAgent_2", "SR": 0.0, "SPL": 0.0, "SoftSPL": 0.0, "PLR": 7.638442078390468, "nDTW": 1.4646506579218703e-114, "CLS": 0.0036366097212068467, "steps": 22, "path_length_cm": 53184.10427478852, "cumulative_reward": -42580.933103725416, "ended_reason": "step_error", "metrics": {"SR": 0.0, "SPL": 0.0, "SoftSPL": 0.0, "PLR": 7.638442078390468, "nDTW": 1.4646506579218703e-114, "CLS": 0.0036366097212068467, "path_length_cm": 53184.10427478852, "cumulative_reward": -42580.933103725416}, "token_totals": {"input": 60936, "output": 2107, "calls": 22}, "finished_at": "2026-04-23T16:47:09.752663+00:00"}