{"episode_id": "map_25_containeryard_day_remix_pn_0000", "episode_idx": 0, "agent_name": "GhostAgent_0", "SR": 0.0, "SPL": 0.0, "SoftSPL": 0.02191796493587106, "PLR": 0.0432927723643344, "nDTW": 2.236906769053637e-16, "CLS": 0.17824152106273014, "steps": 40, "path_length_cm": 324.43300560425655, "cumulative_reward": 137.28977017079154, "ended_reason": "max_steps", "metrics": {"SR": 0.0, "SPL": 0.0, "SoftSPL": 0.02191796493587106, "PLR": 0.0432927723643344, "nDTW": 2.236906769053637e-16, "CLS": 0.17824152106273014, "path_length_cm": 324.43300560425655, "cumulative_reward": 137.28977017079154}, "token_totals": {"input": 126410, "output": 7919, "calls": 40}, "finished_at": "2026-04-23T15:37:25.612900+00:00"}