{"episode_id": "map_40_B2_open_plaza_obj_on_0007", "episode_idx": 2, "agent_name": "GhostAgent_2", "SR": 0.0, "SPL": 0.0, "SoftSPL": 0.0, "PLR": 0.1623257041360061, "nDTW": 2.3219193458817225e-40, "CLS": 0.2984453518968162, "steps": 40, "path_length_cm": 799.6570000000002, "cumulative_reward": -788.1640033259337, "ended_reason": "max_steps", "metrics": {"SR": 0.0, "SPL": 0.0, "SoftSPL": 0.0, "PLR": 0.1623257041360061, "nDTW": 2.3219193458817225e-40, "CLS": 0.2984453518968162, "path_length_cm": 799.6570000000002, "cumulative_reward": -788.1640033259337}, "token_totals": {"input": 123161, "output": 6306, "calls": 40}, "finished_at": "2026-04-23T14:01:28.586463+00:00"}