{"episode_id": "map_47_wintertown_demo01_minimal_pn_0000", "episode_idx": 0, "agent_name": "GhostAgent_0", "SR": 0.0, "SPL": 0.0, "SoftSPL": 0.08743088415236044, "PLR": 0.2928521079878665, "nDTW": 1.6028657548052405e-53, "CLS": 0.29723591664588966, "steps": 40, "path_length_cm": 1869.9251369662848, "cumulative_reward": 525.3281020656941, "ended_reason": "max_steps", "metrics": {"SR": 0.0, "SPL": 0.0, "SoftSPL": 0.08743088415236044, "PLR": 0.2928521079878665, "nDTW": 1.6028657548052405e-53, "CLS": 0.29723591664588966, "path_length_cm": 1869.9251369662848, "cumulative_reward": 525.3281020656941}, "token_totals": {"input": 110457, "output": 3362, "calls": 40}, "finished_at": "2026-04-23T01:22:40.670348+00:00"}