{"episode_id": "map_53_courtyard_sanny_big_remix_obj_on_0005", "episode_idx": 7, "agent_name": "GhostAgent_7", "SR": 0.0, "SPL": 0.0, "SoftSPL": 0.3055836657241042, "PLR": 0.15133268161753127, "nDTW": 0.00035863685960181986, "CLS": 0.2011497604106191, "steps": 9, "path_length_cm": 703.6379497756895, "cumulative_reward": -284.7943166222972, "ended_reason": "no_tool_call", "metrics": {"SR": 0.0, "SPL": 0.0, "SoftSPL": 0.3055836657241042, "PLR": 0.15133268161753127, "nDTW": 0.00035863685960181986, "CLS": 0.2011497604106191, "path_length_cm": 703.6379497756895, "cumulative_reward": -284.7943166222972}, "token_totals": {"input": 22913, "output": 1863, "calls": 9}, "finished_at": "2026-04-23T18:49:51.442172+00:00"}