{"episode_id": "map_49_courtyard_sunny_packed_obj_pn_0001", "episode_idx": 9, "agent_name": "GhostAgent_9", "SR": 0.0, "SPL": 0.0, "SoftSPL": 0.0, "PLR": 1.7735868380661008, "nDTW": 1.0941537633104409e-06, "CLS": 0.00284551045949327, "steps": 20, "path_length_cm": 9673.195822417656, "cumulative_reward": -8178.649597606683, "ended_reason": "no_tool_call", "metrics": {"SR": 0.0, "SPL": 0.0, "SoftSPL": 0.0, "PLR": 1.7735868380661008, "nDTW": 1.0941537633104409e-06, "CLS": 0.00284551045949327, "path_length_cm": 9673.195822417656, "cumulative_reward": -8178.649597606683}, "token_totals": {"input": 58644, "output": 3374, "calls": 20}, "finished_at": "2026-04-23T16:29:25.347765+00:00"}