{"episode_id": "map_59_B10_market_plaza_pn_0008", "episode_idx": 1, "agent_name": "GhostAgent_1", "SR": 0.0, "SPL": 0.0, "SoftSPL": 0.0, "PLR": 10.77113722604694, "nDTW": 1.359756780204122e-180, "CLS": 0.0025789172851032934, "steps": 40, "path_length_cm": 51112.492901505066, "cumulative_reward": -46740.557817257904, "ended_reason": "max_steps", "metrics": {"SR": 0.0, "SPL": 0.0, "SoftSPL": 0.0, "PLR": 10.77113722604694, "nDTW": 1.359756780204122e-180, "CLS": 0.0025789172851032934, "path_length_cm": 51112.492901505066, "cumulative_reward": -46740.557817257904}, "token_totals": {"input": 128488, "output": 5891, "calls": 40}, "finished_at": "2026-04-23T19:32:42.152906+00:00"}