{"episode_id": "map_05_middleeast_native_pn_0017", "episode_idx": 4, "agent_name": "GhostAgent_4", "SR": 0.0, "SPL": 0.0, "SoftSPL": 0.0, "PLR": 0.0, "nDTW": 8.420279966172436e-06, "CLS": 0.18607444138366314, "steps": 40, "path_length_cm": 0.0, "cumulative_reward": -0.4000000000000002, "ended_reason": "max_steps", "metrics": {"SR": 0.0, "SPL": 0.0, "SoftSPL": 0.0, "PLR": 0.0, "nDTW": 8.420279966172436e-06, "CLS": 0.18607444138366314, "path_length_cm": 0.0, "cumulative_reward": -0.4000000000000002}, "token_totals": {"input": 422486, "output": 5845, "calls": 40}, "finished_at": "2026-04-22T20:03:22.618631+00:00"}