{"episode_id": "map_68_B13_suburban_park_on_0010", "episode_idx": 0, "agent_name": "GhostAgent_0", "SR": 0.0, "SPL": 0.0, "SoftSPL": 0.49793381477513604, "PLR": 0.9085842801663303, "nDTW": 3.3232913021682776e-48, "CLS": 0.27515335381865624, "steps": 40, "path_length_cm": 6373.6551244671955, "cumulative_reward": 3492.5711403867335, "ended_reason": "max_steps", "metrics": {"SR": 0.0, "SPL": 0.0, "SoftSPL": 0.49793381477513604, "PLR": 0.9085842801663303, "nDTW": 3.3232913021682776e-48, "CLS": 0.27515335381865624, "path_length_cm": 6373.6551244671955, "cumulative_reward": 3492.5711403867335}, "token_totals": {"input": 113106, "output": 4002, "calls": 40}, "finished_at": "2026-04-23T04:16:34.434459+00:00"}