{"episode_id": "map_22_containeryard_demo_native_obj_pn_0016", "episode_idx": 3, "agent_name": "GhostAgent_3", "SR": 0.0, "SPL": 0.0, "SoftSPL": 0.0, "PLR": 0.12821836190620764, "nDTW": 5.379864818838671e-15, "CLS": 0.21132073192038894, "steps": 40, "path_length_cm": 405.4380000000001, "cumulative_reward": -389.0211825260849, "ended_reason": "max_steps", "metrics": {"SR": 0.0, "SPL": 0.0, "SoftSPL": 0.0, "PLR": 0.12821836190620764, "nDTW": 5.379864818838671e-15, "CLS": 0.21132073192038894, "path_length_cm": 405.4380000000001, "cumulative_reward": -389.0211825260849}, "token_totals": {"input": 113259, "output": 3911, "calls": 40}, "finished_at": "2026-04-23T00:32:39.692108+00:00"}