{"episode_id": "map_08_cave_remix_obj_pn_0005", "episode_idx": 5, "agent_name": "GhostAgent_5", "SR": 0.0, "SPL": 0.0, "SoftSPL": 0.0, "PLR": 0.07694862167210702, "nDTW": 1.63395734479047e-08, "CLS": 0.15102466599461273, "steps": 40, "path_length_cm": 244.692, "cumulative_reward": 243.7694483000123, "ended_reason": "max_steps", "metrics": {"SR": 0.0, "SPL": 0.0, "SoftSPL": 0.0, "PLR": 0.07694862167210702, "nDTW": 1.63395734479047e-08, "CLS": 0.15102466599461273, "path_length_cm": 244.692, "cumulative_reward": 243.7694483000123}, "token_totals": {"input": 35352, "output": 2682, "calls": 40}, "finished_at": "2026-04-23T15:07:42.544829+00:00"}