{"episode_id": "map_05_middleeast_native_obj_on_0004", "episode_idx": 5, "agent_name": "GhostAgent_5", "SR": 0.0, "SPL": 0.0, "SoftSPL": 0.5274734331473956, "PLR": 1.1407563186131082, "nDTW": 1.5260904414582002e-31, "CLS": 0.06047311071342368, "steps": 40, "path_length_cm": 7295.125249967641, "cumulative_reward": 3694.628930516461, "ended_reason": "max_steps", "metrics": {"SR": 0.0, "SPL": 0.0, "SoftSPL": 0.5274734331473956, "PLR": 1.1407563186131082, "nDTW": 1.5260904414582002e-31, "CLS": 0.06047311071342368, "path_length_cm": 7295.125249967641, "cumulative_reward": 3694.628930516461}, "token_totals": {"input": 125843, "output": 6652, "calls": 40}, "finished_at": "2026-04-22T22:33:45.974160+00:00"}