{"episode_id": "map_67_B12_construction_site_pn_0012", "episode_idx": 2, "agent_name": "GhostAgent_2", "SR": 0.0, "SPL": 0.0, "SoftSPL": 0.22376831769419614, "PLR": 1.7014314129879113, "nDTW": 3.2900428326176647e-139, "CLS": 0.14693510329962617, "steps": 40, "path_length_cm": 11638.760680742716, "cumulative_reward": 2603.989076556574, "ended_reason": "max_steps", "metrics": {"SR": 0.0, "SPL": 0.0, "SoftSPL": 0.22376831769419614, "PLR": 1.7014314129879113, "nDTW": 3.2900428326176647e-139, "CLS": 0.14693510329962617, "path_length_cm": 11638.760680742716, "cumulative_reward": 2603.989076556574}, "token_totals": {"input": 126188, "output": 6613, "calls": 40}, "finished_at": "2026-04-23T05:39:06.655271+00:00"}