{"episode_id": "map_42_B4_industrial_yard_pn_0019", "episode_idx": 9, "agent_name": "GhostAgent_9", "SR": 0.0, "SPL": 0.0, "SoftSPL": 0.7325331682081573, "PLR": 0.7370253372643959, "nDTW": 3.4644037743717463e-32, "CLS": 0.3573087778113709, "steps": 40, "path_length_cm": 2004.1340375960906, "cumulative_reward": 1991.5163035914154, "ended_reason": "max_steps", "metrics": {"SR": 0.0, "SPL": 0.0, "SoftSPL": 0.7325331682081573, "PLR": 0.7370253372643959, "nDTW": 3.4644037743717463e-32, "CLS": 0.3573087778113709, "path_length_cm": 2004.1340375960906, "cumulative_reward": 1991.5163035914154}, "token_totals": {"input": 32689, "output": 1947, "calls": 40}, "finished_at": "2026-04-23T16:02:10.877914+00:00"}