{"episode_id": "map_03_watertown_remix_obj_on_0012", "episode_idx": 8, "agent_name": "GhostAgent_8", "SR": 1.0, "SPL": 0.5015932882647499, "SoftSPL": 0.4814654387566692, "PLR": 1.9936470909718034, "nDTW": 7.3530529982560325e-25, "CLS": 0.1413145138655048, "steps": 29, "path_length_cm": 6870.606287261578, "cumulative_reward": 3308.774405113613, "ended_reason": "success", "metrics": {"SR": 1.0, "SPL": 0.5015932882647499, "SoftSPL": 0.4814654387566692, "PLR": 1.9936470909718034, "nDTW": 7.3530529982560325e-25, "CLS": 0.1413145138655048, "path_length_cm": 6870.606287261578, "cumulative_reward": 3308.774405113613}, "token_totals": {"input": 88908, "output": 4784, "calls": 29}, "finished_at": "2026-04-22T22:38:37.040194+00:00"}