{"episode_id": "map_49_courtyard_sunny_packed_obj_pn_0005", "episode_idx": 3, "agent_name": "GhostAgent_3", "SR": 0.0, "SPL": 0.0, "SoftSPL": 0.0, "PLR": 22.390483487878928, "nDTW": 1.241067293412855e-116, "CLS": 0.0013233676470086229, "steps": 40, "path_length_cm": 42204.49404080763, "cumulative_reward": -38320.207359531654, "ended_reason": "max_steps", "metrics": {"SR": 0.0, "SPL": 0.0, "SoftSPL": 0.0, "PLR": 22.390483487878928, "nDTW": 1.241067293412855e-116, "CLS": 0.0013233676470086229, "path_length_cm": 42204.49404080763, "cumulative_reward": -38320.207359531654}, "token_totals": {"input": 124014, "output": 5910, "calls": 40}, "finished_at": "2026-04-23T16:41:05.340073+00:00"}