{"episode_id": "map_08_cave_remix_pn_0002", "episode_idx": 2, "agent_name": "GhostAgent_2", "SR": 0.0, "SPL": 0.0, "SoftSPL": 0.0, "PLR": 0.0, "nDTW": 0.03111947178991261, "CLS": 0.2502421053811208, "steps": 40, "path_length_cm": 0.0, "cumulative_reward": -0.4000000000000002, "ended_reason": "max_steps", "metrics": {"SR": 0.0, "SPL": 0.0, "SoftSPL": 0.0, "PLR": 0.0, "nDTW": 0.03111947178991261, "CLS": 0.2502421053811208, "path_length_cm": 0.0, "cumulative_reward": -0.4000000000000002}, "token_totals": {"input": 32559, "output": 1890, "calls": 40}, "finished_at": "2026-04-23T14:46:04.374372+00:00"}