{"episode_id": "map_67_B12_construction_site_obj_pn_0005", "episode_idx": 5, "agent_name": "GhostAgent_5", "SR": 0.0, "SPL": 0.0, "SoftSPL": 0.10605251431813657, "PLR": 0.2632582410577808, "nDTW": 2.4320301871376543e-12, "CLS": 0.1456394434549659, "steps": 40, "path_length_cm": 1365.146669664407, "cumulative_reward": 311.198617953778, "ended_reason": "max_steps", "metrics": {"SR": 0.0, "SPL": 0.0, "SoftSPL": 0.10605251431813657, "PLR": 0.2632582410577808, "nDTW": 2.4320301871376543e-12, "CLS": 0.1456394434549659, "path_length_cm": 1365.146669664407, "cumulative_reward": 311.198617953778}, "token_totals": {"input": 115482, "output": 6104, "calls": 40}, "finished_at": "2026-04-23T05:57:20.826884+00:00"}