{"episode_id": "map_34_temple_plaza_native_on_0018", "episode_idx": 8, "agent_name": "GhostAgent_8", "SR": 0.0, "SPL": 0.0, "SoftSPL": 0.0711841609293834, "PLR": 0.0, "nDTW": 4.9467666087805015e-05, "CLS": 0.10003026795891183, "steps": 40, "path_length_cm": 0.0, "cumulative_reward": -0.4000000000000002, "ended_reason": "max_steps", "metrics": {"SR": 0.0, "SPL": 0.0, "SoftSPL": 0.0711841609293834, "PLR": 0.0, "nDTW": 4.9467666087805015e-05, "CLS": 0.10003026795891183, "path_length_cm": 0.0, "cumulative_reward": -0.4000000000000002}, "token_totals": {"input": 31681, "output": 1356, "calls": 40}, "finished_at": "2026-04-23T15:39:44.518801+00:00"}