{"episode_id": "map_20_trainstation_native_obj_pn_0001", "episode_idx": 0, "agent_name": "GhostAgent_0", "SR": 1.0, "SPL": 0.16096377661652067, "SoftSPL": 0.15549868578892406, "PLR": 6.212577891871878, "nDTW": 5.038071887320444e-78, "CLS": 0.040600562667228744, "steps": 28, "path_length_cm": 6725.674699961576, "cumulative_reward": 5333.214187832804, "ended_reason": "success", "metrics": {"SR": 1.0, "SPL": 0.16096377661652067, "SoftSPL": 0.15549868578892406, "PLR": 6.212577891871878, "nDTW": 5.038071887320444e-78, "CLS": 0.040600562667228744, "path_length_cm": 6725.674699961576, "cumulative_reward": 5333.214187832804}, "token_totals": {"input": 87982, "output": 5162, "calls": 28}, "finished_at": "2026-04-23T18:51:29.195314+00:00"}