{"episode_id": "map_21_hwaseong_remix2_on_0010", "episode_idx": 0, "agent_name": "GhostAgent_0", "SR": 0.0, "SPL": 0.0, "SoftSPL": 0.632040140415212, "PLR": 0.6314312786644364, "nDTW": 2.0315264244565168e-49, "CLS": 0.17598456750561298, "steps": 40, "path_length_cm": 4005.036, "cumulative_reward": 3978.590773344544, "ended_reason": "max_steps", "metrics": {"SR": 0.0, "SPL": 0.0, "SoftSPL": 0.632040140415212, "PLR": 0.6314312786644364, "nDTW": 2.0315264244565168e-49, "CLS": 0.17598456750561298, "path_length_cm": 4005.036, "cumulative_reward": 3978.590773344544}, "token_totals": {"input": 34061, "output": 2036, "calls": 40}, "finished_at": "2026-04-23T18:05:53.275010+00:00"}