{"episode_id": "map_45_B7_park_with_paths_obj_pn_0010", "episode_idx": 0, "agent_name": "GhostAgent_0", "SR": 0.0, "SPL": 0.0, "SoftSPL": 0.07776626779537255, "PLR": 0.0, "nDTW": 1.0381766373960517e-09, "CLS": 0.07142937312225708, "steps": 0, "path_length_cm": 0.0, "cumulative_reward": 0.0, "ended_reason": "spawn_blocked", "metrics": {"SR": 0.0, "SPL": 0.0, "SoftSPL": 0.07776626779537255, "PLR": 0.0, "nDTW": 1.0381766373960517e-09, "CLS": 0.07142937312225708, "path_length_cm": 0.0, "cumulative_reward": 0.0}, "token_totals": {"input": 0, "output": 0, "calls": 0}, "finished_at": "2026-04-23T19:45:16.271904+00:00"}