{"episode_id": "map_03_watertown_remix_obj_on_0014", "episode_idx": 0, "agent_name": "GhostAgent_0", "SR": 1.0, "SPL": 0.7124855887800496, "SoftSPL": 0.6882232005509996, "PLR": 1.4035371602564561, "nDTW": 4.9646778172620615e-17, "CLS": 0.45456565216368766, "steps": 16, "path_length_cm": 4245.292883999306, "cumulative_reward": 2924.0485134536393, "ended_reason": "success", "metrics": {"SR": 1.0, "SPL": 0.7124855887800496, "SoftSPL": 0.6882232005509996, "PLR": 1.4035371602564561, "nDTW": 4.9646778172620615e-17, "CLS": 0.45456565216368766, "path_length_cm": 4245.292883999306, "cumulative_reward": 2924.0485134536393}, "token_totals": {"input": 46159, "output": 2909, "calls": 16}, "finished_at": "2026-04-22T22:51:03.964671+00:00"}