{"episode_id": "map_23_containeryard_demo_remix_pn_0007", "episode_idx": 7, "agent_name": "GhostAgent_7", "SR": 0.0, "SPL": 0.0, "SoftSPL": 0.0, "PLR": 0.14659791370317674, "nDTW": 2.0759691784402998e-05, "CLS": 0.1768582559947589, "steps": 5, "path_length_cm": 395.7439999999997, "cumulative_reward": -372.56718451906636, "ended_reason": "no_tool_call", "metrics": {"SR": 0.0, "SPL": 0.0, "SoftSPL": 0.0, "PLR": 0.14659791370317674, "nDTW": 2.0759691784402998e-05, "CLS": 0.1768582559947589, "path_length_cm": 395.7439999999997, "cumulative_reward": -372.56718451906636}, "token_totals": {"input": 8474, "output": 802, "calls": 5}, "finished_at": "2026-04-23T12:58:35.693803+00:00"}