{"episode_id": "map_25_containeryard_day_remix_obj_on_0006", "episode_idx": 3, "agent_name": "GhostAgent_3", "SR": 0.0, "SPL": 0.0, "SoftSPL": 0.11128722664734458, "PLR": 0.10393509089802479, "nDTW": 3.909957008968272e-10, "CLS": 0.15748380079780336, "steps": 40, "path_length_cm": 665.9880000000003, "cumulative_reward": 664.1167785069656, "ended_reason": "max_steps", "metrics": {"SR": 0.0, "SPL": 0.0, "SoftSPL": 0.11128722664734458, "PLR": 0.10393509089802479, "nDTW": 3.909957008968272e-10, "CLS": 0.15748380079780336, "path_length_cm": 665.9880000000003, "cumulative_reward": 664.1167785069656}, "token_totals": {"input": 118744, "output": 7775, "calls": 40}, "finished_at": "2026-04-23T00:49:02.997750+00:00"}