{"episode_id": "map_49_courtyard_sunny_packed_obj_on_0010", "episode_idx": 0, "agent_name": "GhostAgent_0", "SR": 0.0, "SPL": 0.0, "SoftSPL": 0.8010992680963136, "PLR": 0.4459977050982384, "nDTW": 1.4454874457263234e-06, "CLS": 0.011089381408935412, "steps": 40, "path_length_cm": 2017.568738507003, "cumulative_reward": 491.72116315540893, "ended_reason": "max_steps", "metrics": {"SR": 0.0, "SPL": 0.0, "SoftSPL": 0.8010992680963136, "PLR": 0.4459977050982384, "nDTW": 1.4454874457263234e-06, "CLS": 0.011089381408935412, "path_length_cm": 2017.568738507003, "cumulative_reward": 491.72116315540893}, "token_totals": {"input": 127023, "output": 7648, "calls": 40}, "finished_at": "2026-04-23T03:42:16.247773+00:00"}