{"episode_id": "map_06_hwaseong_native_on_0014", "episode_idx": 9, "agent_name": "GhostAgent_9", "SR": 0.0, "SPL": 0.0, "SoftSPL": 0.018606096585519594, "PLR": 0.5728707926116526, "nDTW": 1.080120507330466e-40, "CLS": 0.19395624928937502, "steps": 40, "path_length_cm": 1737.3223379216543, "cumulative_reward": 33.428621112602436, "ended_reason": "max_steps", "metrics": {"SR": 0.0, "SPL": 0.0, "SoftSPL": 0.018606096585519594, "PLR": 0.5728707926116526, "nDTW": 1.080120507330466e-40, "CLS": 0.19395624928937502, "path_length_cm": 1737.3223379216543, "cumulative_reward": 33.428621112602436}, "token_totals": {"input": 120556, "output": 6626, "calls": 40}, "finished_at": "2026-04-23T13:11:52.812981+00:00"}