{"episode_id": "map_68_B13_suburban_park_obj_pn_0015", "episode_idx": 5, "agent_name": "GhostAgent_5", "SR": 0.0, "SPL": 0.0, "SoftSPL": 0.0, "PLR": 1.0766738934595943, "nDTW": 8.019367229437344e-47, "CLS": 0.03715145342036316, "steps": 32, "path_length_cm": 7641.843693174555, "cumulative_reward": -336.0297702386746, "ended_reason": "no_tool_call", "metrics": {"SR": 0.0, "SPL": 0.0, "SoftSPL": 0.0, "PLR": 1.0766738934595943, "nDTW": 8.019367229437344e-47, "CLS": 0.03715145342036316, "path_length_cm": 7641.843693174555, "cumulative_reward": -336.0297702386746}, "token_totals": {"input": 105239, "output": 7059, "calls": 32}, "finished_at": "2026-04-23T05:49:04.879099+00:00"}