{"episode_id": "map_01_wintertown_native_pn_0004", "episode_idx": 4, "agent_name": "GhostAgent_4", "SR": 0.0, "SPL": 0.0, "SoftSPL": 0.07605148609207601, "PLR": 0.0, "nDTW": 5.007663294177496e-08, "CLS": 0.0833335137814142, "steps": 40, "path_length_cm": 0.0, "cumulative_reward": -0.4000000000000002, "ended_reason": "max_steps", "metrics": {"SR": 0.0, "SPL": 0.0, "SoftSPL": 0.07605148609207601, "PLR": 0.0, "nDTW": 5.007663294177496e-08, "CLS": 0.0833335137814142, "path_length_cm": 0.0, "cumulative_reward": -0.4000000000000002}, "token_totals": {"input": 431700, "output": 4967, "calls": 40}, "finished_at": "2026-04-22T19:22:10.135917+00:00"}