{"episode_id": "map_01_wintertown_native_obj_on_0006", "episode_idx": 0, "agent_name": "GhostAgent_0", "SR": 0.0, "SPL": 0.0, "SoftSPL": 0.0, "PLR": 0.34094615989993365, "nDTW": 3.0664901421237374e-09, "CLS": 0.3436219967219966, "steps": 40, "path_length_cm": 350.87110261462067, "cumulative_reward": -338.4927605496464, "ended_reason": "max_steps", "metrics": {"SR": 0.0, "SPL": 0.0, "SoftSPL": 0.0, "PLR": 0.34094615989993365, "nDTW": 3.0664901421237374e-09, "CLS": 0.3436219967219966, "path_length_cm": 350.87110261462067, "cumulative_reward": -338.4927605496464}, "token_totals": {"input": 114157, "output": 4076, "calls": 40}, "finished_at": "2026-04-22T22:34:39.251499+00:00"}