{
  "map": "map_09b_wintertown_demo02",
  "n": 39,
  "SR": 0.10256410256410256,
  "SPL": 0.09716229226424539,
  "SoftSPL": 0.3037255191998138,
  "nDTW": 3.687148804732672e-05,
  "avg_steps": 26.871794871794872
}