{"episode_id": "map_05_middleeast_native_obj_pn_0005", "episode_idx": 3, "agent_name": "GhostAgent_3", "SR": 0.0, "SPL": 0.0, "SoftSPL": 0.7139451895124389, "PLR": 0.9318640085479843, "nDTW": 3.8387592631392107e-14, "CLS": 0.053684171207206366, "steps": 40, "path_length_cm": 5631.626949258888, "cumulative_reward": 4548.671725487327, "ended_reason": "max_steps", "metrics": {"SR": 0.0, "SPL": 0.0, "SoftSPL": 0.7139451895124389, "PLR": 0.9318640085479843, "nDTW": 3.8387592631392107e-14, "CLS": 0.053684171207206366, "path_length_cm": 5631.626949258888, "cumulative_reward": 4548.671725487327}, "token_totals": {"input": 491531, "output": 7163, "calls": 40}, "finished_at": "2026-04-22T20:54:32.754826+00:00"}