{"episode_id": "map_62_trainstation_cross_remix_on_0016", "episode_idx": 7, "agent_name": "GhostAgent_7", "SR": 0.0, "SPL": 0.0, "SoftSPL": 0.0, "PLR": 46.401798829552874, "nDTW": 0.0, "CLS": 0.005429193000734159, "steps": 12, "path_length_cm": 51616.89700000633, "cumulative_reward": -49763.74570101998, "ended_reason": "step_error", "metrics": {"SR": 0.0, "SPL": 0.0, "SoftSPL": 0.0, "PLR": 46.401798829552874, "nDTW": 0.0, "CLS": 0.005429193000734159, "path_length_cm": 51616.89700000633, "cumulative_reward": -49763.74570101998}, "token_totals": {"input": 31301, "output": 1727, "calls": 12}, "finished_at": "2026-04-23T19:10:29.283400+00:00"}