{"episode_id": "map_34_temple_plaza_native_on_0017", "episode_idx": 7, "agent_name": "GhostAgent_7", "SR": 0.0, "SPL": 0.0, "SoftSPL": 0.7378511695820089, "PLR": 0.7369805432299668, "nDTW": 1.1729405223808666e-05, "CLS": 0.43506537140876067, "steps": 40, "path_length_cm": 1997.8658150312524, "cumulative_reward": 1989.8841396990217, "ended_reason": "max_steps", "metrics": {"SR": 0.0, "SPL": 0.0, "SoftSPL": 0.7378511695820089, "PLR": 0.7369805432299668, "nDTW": 1.1729405223808666e-05, "CLS": 0.43506537140876067, "path_length_cm": 1997.8658150312524, "cumulative_reward": 1989.8841396990217}, "token_totals": {"input": 32314, "output": 1877, "calls": 40}, "finished_at": "2026-04-23T15:39:44.484865+00:00"}