{"episode_id": "map_45_B7_park_with_paths_pn_0000", "episode_idx": 0, "agent_name": "GhostAgent_0", "SR": 0.0, "SPL": 0.0, "SoftSPL": 0.0, "PLR": 10.228030201207712, "nDTW": 0.0, "CLS": 0.024442704398306724, "steps": 40, "path_length_cm": 54570.63233552362, "cumulative_reward": -46274.2820493012, "ended_reason": "step_error", "metrics": {"SR": 0.0, "SPL": 0.0, "SoftSPL": 0.0, "PLR": 10.228030201207712, "nDTW": 0.0, "CLS": 0.024442704398306724, "path_length_cm": 54570.63233552362, "cumulative_reward": -46274.2820493012}, "token_totals": {"input": 131606, "output": 7876, "calls": 40}, "finished_at": "2026-04-23T19:03:34.994598+00:00"}