{"episode_id": "map_15_middleeast_remix_pn_0018", "episode_idx": 0, "agent_name": "GhostAgent_0", "SR": 0.0, "SPL": 0.0, "SoftSPL": 1.9265905200072098e-06, "PLR": 0.0, "nDTW": 1.9265905200072098e-06, "CLS": 1.9265905200072098e-06, "steps": 0, "path_length_cm": 0.0, "cumulative_reward": 0.0, "ended_reason": "spawn_blocked", "metrics": {"SR": 0.0, "SPL": 0.0, "SoftSPL": 1.9265905200072098e-06, "PLR": 0.0, "nDTW": 1.9265905200072098e-06, "CLS": 1.9265905200072098e-06, "path_length_cm": 0.0, "cumulative_reward": 0.0}, "token_totals": {"input": 0, "output": 0, "calls": 0}, "finished_at": "2026-04-23T19:45:09.882108+00:00"}