{"episode_id": "map_49_courtyard_sunny_packed_pn_0011", "episode_idx": 1, "agent_name": "GhostAgent_1", "SR": 0.0, "SPL": 0.0, "SoftSPL": 0.0, "PLR": 0.6402473742212196, "nDTW": 5.4170960793777816e-11, "CLS": 0.029461430119572182, "steps": 40, "path_length_cm": 1137.412265251481, "cumulative_reward": -241.56189483347043, "ended_reason": "max_steps", "metrics": {"SR": 0.0, "SPL": 0.0, "SoftSPL": 0.0, "PLR": 0.6402473742212196, "nDTW": 5.4170960793777816e-11, "CLS": 0.029461430119572182, "path_length_cm": 1137.412265251481, "cumulative_reward": -241.56189483347043}, "token_totals": {"input": 112519, "output": 4462, "calls": 40}, "finished_at": "2026-04-23T01:44:08.474520+00:00"}