{"episode_id": "map_06_hwaseong_native_on_0015", "episode_idx": 0, "agent_name": "GhostAgent_0", "SR": 0.0, "SPL": 0.0, "SoftSPL": 0.0, "PLR": 5.2086523909607685, "nDTW": 2.1409156517383426e-65, "CLS": 0.07712271694935154, "steps": 40, "path_length_cm": 6851.825960737162, "cumulative_reward": -767.1087176835304, "ended_reason": "max_steps", "metrics": {"SR": 0.0, "SPL": 0.0, "SoftSPL": 0.0, "PLR": 5.2086523909607685, "nDTW": 2.1409156517383426e-65, "CLS": 0.07712271694935154, "path_length_cm": 6851.825960737162, "cumulative_reward": -767.1087176835304}, "token_totals": {"input": 121754, "output": 5349, "calls": 40}, "finished_at": "2026-04-23T13:55:46.450602+00:00"}