{"episode_id": "map_49_courtyard_sunny_packed_pn_0016", "episode_idx": 5, "agent_name": "GhostAgent_5", "SR": 0.0, "SPL": 0.0, "SoftSPL": 0.1853827311015741, "PLR": 0.2321093842150184, "nDTW": 3.3816663717850673e-07, "CLS": 0.09995040886881346, "steps": 40, "path_length_cm": 521.6983363370439, "cumulative_reward": -129.7123218364209, "ended_reason": "max_steps", "metrics": {"SR": 0.0, "SPL": 0.0, "SoftSPL": 0.1853827311015741, "PLR": 0.2321093842150184, "nDTW": 3.3816663717850673e-07, "CLS": 0.09995040886881346, "path_length_cm": 521.6983363370439, "cumulative_reward": -129.7123218364209}, "token_totals": {"input": 118511, "output": 5450, "calls": 40}, "finished_at": "2026-04-23T16:29:25.346234+00:00"}