{
  "map": "map_15_middleeast_remix",
  "n": 38,
  "SR": 0.0,
  "SPL": 0.0,
  "SoftSPL": 0.16371641667703574,
  "nDTW": 0.012082929330929597,
  "avg_steps": 25.263157894736842
}