{"episode_id": "map_68_B13_suburban_park_pn_0008", "episode_idx": 8, "agent_name": "GhostAgent_8", "SR": 0.0, "SPL": 0.0, "SoftSPL": 0.0, "PLR": 0.46266677254649724, "nDTW": 2.8438486628396534e-77, "CLS": 0.24015364340854187, "steps": 40, "path_length_cm": 3601.9163442871863, "cumulative_reward": -143.29155990663003, "ended_reason": "max_steps", "metrics": {"SR": 0.0, "SPL": 0.0, "SoftSPL": 0.0, "PLR": 0.46266677254649724, "nDTW": 2.8438486628396534e-77, "CLS": 0.24015364340854187, "path_length_cm": 3601.9163442871863, "cumulative_reward": -143.29155990663003}, "token_totals": {"input": 133548, "output": 9477, "calls": 40}, "finished_at": "2026-04-23T05:01:21.362661+00:00"}