{"episode_id": "map_08_cave_remix_obj_on_0004", "episode_idx": 4, "agent_name": "GhostAgent_4", "SR": 0.0, "SPL": 0.0, "SoftSPL": 0.0, "PLR": 0.40005022646241223, "nDTW": 1.400533908478706e-40, "CLS": 0.14677612656930428, "steps": 40, "path_length_cm": 1499.920315582316, "cumulative_reward": -261.1379125701302, "ended_reason": "max_steps", "metrics": {"SR": 0.0, "SPL": 0.0, "SoftSPL": 0.0, "PLR": 0.40005022646241223, "nDTW": 1.400533908478706e-40, "CLS": 0.14677612656930428, "path_length_cm": 1499.920315582316, "cumulative_reward": -261.1379125701302}, "token_totals": {"input": 38454, "output": 3131, "calls": 40}, "finished_at": "2026-04-23T15:06:20.569654+00:00"}