{"episode_id": "map_28_village_night_native_obj_on_0006", "episode_idx": 3, "agent_name": "GhostAgent_3", "SR": 0.0, "SPL": 0.0, "SoftSPL": 0.0, "PLR": 0.03160674696188417, "nDTW": 0.0016973281212432328, "CLS": 0.258178378290343, "steps": 12, "path_length_cm": 60.0190000083307, "cumulative_reward": -52.47340364146711, "ended_reason": "no_tool_call", "metrics": {"SR": 0.0, "SPL": 0.0, "SoftSPL": 0.0, "PLR": 0.03160674696188417, "nDTW": 0.0016973281212432328, "CLS": 0.258178378290343, "path_length_cm": 60.0190000083307, "cumulative_reward": -52.47340364146711}, "token_totals": {"input": 30939, "output": 2354, "calls": 12}, "finished_at": "2026-04-23T01:07:42.210468+00:00"}