{"episode_id": "map_09b_wintertown_demo02_obj_on_0013", "episode_idx": 8, "agent_name": "GhostAgent_8", "SR": 0.0, "SPL": 0.0, "SoftSPL": 0.4177150123295171, "PLR": 1.31118939774344, "nDTW": 1.9853676094714336e-28, "CLS": 0.015630935384354352, "steps": 40, "path_length_cm": 9381.586364642268, "cumulative_reward": 2855.1220221990047, "ended_reason": "max_steps", "metrics": {"SR": 0.0, "SPL": 0.0, "SoftSPL": 0.4177150123295171, "PLR": 1.31118939774344, "nDTW": 1.9853676094714336e-28, "CLS": 0.015630935384354352, "path_length_cm": 9381.586364642268, "cumulative_reward": 2855.1220221990047}, "token_totals": {"input": 131374, "output": 7813, "calls": 40}, "finished_at": "2026-04-23T16:47:09.755627+00:00"}