{"episode_id": "map_18_cave_native_pn_0003", "episode_idx": 3, "agent_name": "GhostAgent_3", "SR": 1.0, "SPL": 0.9456324107373928, "SoftSPL": 0.9378039194651682, "PLR": 1.0574933649114373, "nDTW": 4.537198950364807e-05, "CLS": 0.1732224576017047, "steps": 13, "path_length_cm": 6729.105229206353, "cumulative_reward": 6635.380273600952, "ended_reason": "success", "metrics": {"SR": 1.0, "SPL": 0.9456324107373928, "SoftSPL": 0.9378039194651682, "PLR": 1.0574933649114373, "nDTW": 4.537198950364807e-05, "CLS": 0.1732224576017047, "path_length_cm": 6729.105229206353, "cumulative_reward": 6635.380273600952}, "token_totals": {"input": 29322, "output": 1208, "calls": 13}, "finished_at": "2026-04-23T18:10:13.631205+00:00"}