{"episode_id": "map_22_containeryard_demo_native_obj_pn_0006", "episode_idx": 4, "agent_name": "GhostAgent_4", "SR": 0.0, "SPL": 0.0, "SoftSPL": 0.0021746419061028366, "PLR": 0.07001133078478922, "nDTW": 7.713856831756381e-20, "CLS": 0.2688204795275271, "steps": 40, "path_length_cm": 330.56899999999996, "cumulative_reward": 13.651506102403445, "ended_reason": "max_steps", "metrics": {"SR": 0.0, "SPL": 0.0, "SoftSPL": 0.0021746419061028366, "PLR": 0.07001133078478922, "nDTW": 7.713856831756381e-20, "CLS": 0.2688204795275271, "path_length_cm": 330.56899999999996, "cumulative_reward": 13.651506102403445}, "token_totals": {"input": 132591, "output": 9469, "calls": 40}, "finished_at": "2026-04-23T00:19:23.156292+00:00"}