{"episode_id": "map_42_B4_industrial_yard_obj_on_0002", "episode_idx": 2, "agent_name": "GhostAgent_2", "SR": 0.0, "SPL": 0.0, "SoftSPL": 0.5136597892972272, "PLR": 0.5201043368805178, "nDTW": 9.137547135008863e-33, "CLS": 0.12018266977087054, "steps": 40, "path_length_cm": 3603.054, "cumulative_reward": 3552.4417251235345, "ended_reason": "max_steps", "metrics": {"SR": 0.0, "SPL": 0.0, "SoftSPL": 0.5136597892972272, "PLR": 0.5201043368805178, "nDTW": 9.137547135008863e-33, "CLS": 0.12018266977087054, "path_length_cm": 3603.054, "cumulative_reward": 3552.4417251235345}, "token_totals": {"input": 33945, "output": 1952, "calls": 40}, "finished_at": "2026-04-23T16:17:04.743731+00:00"}