{"episode_id": "map_59_B10_market_plaza_pn_0014", "episode_idx": 1, "agent_name": "GhostAgent_1", "SR": 0.0, "SPL": 0.0, "SoftSPL": 0.2806770322710675, "PLR": 1.8901985288977445, "nDTW": 1.8513502048052291e-84, "CLS": 0.05878318389532644, "steps": 40, "path_length_cm": 11550.511758476603, "cumulative_reward": 3240.166178914415, "ended_reason": "max_steps", "metrics": {"SR": 0.0, "SPL": 0.0, "SoftSPL": 0.2806770322710675, "PLR": 1.8901985288977445, "nDTW": 1.8513502048052291e-84, "CLS": 0.05878318389532644, "path_length_cm": 11550.511758476603, "cumulative_reward": 3240.166178914415}, "token_totals": {"input": 123840, "output": 6215, "calls": 40}, "finished_at": "2026-04-23T04:01:43.653831+00:00"}