{"episode_id": "map_25_containeryard_day_remix_obj_on_0003", "episode_idx": 2, "agent_name": "GhostAgent_2", "SR": 0.0, "SPL": 0.0, "SoftSPL": 0.016632964880191614, "PLR": 0.19392226656732744, "nDTW": 1.2475764012664972e-13, "CLS": 0.3103964553999448, "steps": 40, "path_length_cm": 269.67800000185395, "cumulative_reward": 22.72872918288047, "ended_reason": "max_steps", "metrics": {"SR": 0.0, "SPL": 0.0, "SoftSPL": 0.016632964880191614, "PLR": 0.19392226656732744, "nDTW": 1.2475764012664972e-13, "CLS": 0.3103964553999448, "path_length_cm": 269.67800000185395, "cumulative_reward": 22.72872918288047}, "token_totals": {"input": 106768, "output": 3962, "calls": 40}, "finished_at": "2026-04-23T00:49:02.995819+00:00"}