{"episode_id": "map_56_containeryard_settlement_obj_pn_0009", "episode_idx": 6, "agent_name": "GhostAgent_6", "SR": 0.0, "SPL": 0.0, "SoftSPL": 0.0, "PLR": 0.0, "nDTW": 3.6655184990541794e-08, "CLS": 0.125052352357863, "steps": 40, "path_length_cm": 0.0, "cumulative_reward": -0.4000000000000002, "ended_reason": "max_steps", "metrics": {"SR": 0.0, "SPL": 0.0, "SoftSPL": 0.0, "PLR": 0.0, "nDTW": 3.6655184990541794e-08, "CLS": 0.125052352357863, "path_length_cm": 0.0, "cumulative_reward": -0.4000000000000002}, "token_totals": {"input": 31428, "output": 1567, "calls": 40}, "finished_at": "2026-04-23T18:59:57.011091+00:00"}