{"episode_id": "map_19_wintertown_demo02_native_obj_on_0007", "episode_idx": 7, "agent_name": "GhostAgent_7", "SR": 1.0, "SPL": 0.8532574433984058, "SoftSPL": 0.8248133684146524, "PLR": 1.171979228235196, "nDTW": 0.0001011769878976313, "CLS": 0.11528041143583795, "steps": 24, "path_length_cm": 6213.58775246508, "cumulative_reward": 3966.0394535823284, "ended_reason": "success", "metrics": {"SR": 1.0, "SPL": 0.8532574433984058, "SoftSPL": 0.8248133684146524, "PLR": 1.171979228235196, "nDTW": 0.0001011769878976313, "CLS": 0.11528041143583795, "path_length_cm": 6213.58775246508, "cumulative_reward": 3966.0394535823284}, "token_totals": {"input": 68450, "output": 3158, "calls": 24}, "finished_at": "2026-04-23T00:19:58.728536+00:00"}