{"episode_id": "map_27_courtyard_overcast_remix_obj_on_0017", "episode_idx": 7, "agent_name": "GhostAgent_7", "SR": 0.0, "SPL": 0.0, "SoftSPL": 0.21208215519410878, "PLR": 0.0, "nDTW": 0.0007156504469113838, "CLS": 0.06294642749836993, "steps": 40, "path_length_cm": 0.0, "cumulative_reward": -0.4000000000000002, "ended_reason": "max_steps", "metrics": {"SR": 0.0, "SPL": 0.0, "SoftSPL": 0.21208215519410878, "PLR": 0.0, "nDTW": 0.0007156504469113838, "CLS": 0.06294642749836993, "path_length_cm": 0.0, "cumulative_reward": -0.4000000000000002}, "token_totals": {"input": 33777, "output": 2033, "calls": 40}, "finished_at": "2026-04-23T15:52:12.658958+00:00"}