{"episode_id": "map_05_middleeast_native_pn_0005", "episode_idx": 3, "agent_name": "GhostAgent_3", "SR": 0.0, "SPL": 0.0, "SoftSPL": 0.6098564208206507, "PLR": 0.8650228123930491, "nDTW": 7.844739722018562e-11, "CLS": 0.027843366181616497, "steps": 40, "path_length_cm": 5364.456271511743, "cumulative_reward": 4235.320001907431, "ended_reason": "max_steps", "metrics": {"SR": 0.0, "SPL": 0.0, "SoftSPL": 0.6098564208206507, "PLR": 0.8650228123930491, "nDTW": 7.844739722018562e-11, "CLS": 0.027843366181616497, "path_length_cm": 5364.456271511743, "cumulative_reward": 4235.320001907431}, "token_totals": {"input": 442477, "output": 5024, "calls": 40}, "finished_at": "2026-04-22T19:14:46.748080+00:00"}