{"episode_id": "map_32_gothic_night_native_pn_0010", "episode_idx": 9, "agent_name": "GhostAgent_9", "SR": 0.0, "SPL": 0.0, "SoftSPL": 0.0, "PLR": 1.7380186414693402, "nDTW": 1.7587575528915875e-16, "CLS": 0.34389690871795053, "steps": 40, "path_length_cm": 2047.0557361090034, "cumulative_reward": 1771.1590306487433, "ended_reason": "max_steps", "metrics": {"SR": 0.0, "SPL": 0.0, "SoftSPL": 0.0, "PLR": 1.7380186414693402, "nDTW": 1.7587575528915875e-16, "CLS": 0.34389690871795053, "path_length_cm": 2047.0557361090034, "cumulative_reward": 1771.1590306487433}, "token_totals": {"input": 120558, "output": 6317, "calls": 40}, "finished_at": "2026-04-23T16:10:42.080023+00:00"}