{"episode_id": "map_53_courtyard_sanny_big_remix_pn_0004", "episode_idx": 1, "agent_name": "GhostAgent_1", "SR": 0.0, "SPL": 0.0, "SoftSPL": 0.0, "PLR": 4.428134725336169, "nDTW": 4.289975859262327e-12, "CLS": 0.011541445312537587, "steps": 10, "path_length_cm": 17142.018023332363, "cumulative_reward": -12376.72904670152, "ended_reason": "no_tool_call", "metrics": {"SR": 0.0, "SPL": 0.0, "SoftSPL": 0.0, "PLR": 4.428134725336169, "nDTW": 4.289975859262327e-12, "CLS": 0.011541445312537587, "path_length_cm": 17142.018023332363, "cumulative_reward": -12376.72904670152}, "token_totals": {"input": 24003, "output": 1549, "calls": 10}, "finished_at": "2026-04-23T19:11:53.874704+00:00"}