{"episode_id": "map_36_dungeon_native_obj_pn_0016", "episode_idx": 3, "agent_name": "GhostAgent_3", "SR": 0.0, "SPL": 0.0, "SoftSPL": 0.0, "PLR": 22.481272929773496, "nDTW": 3.9201542950015655e-234, "CLS": 0.005178358314305201, "steps": 21, "path_length_cm": 50891.981594774756, "cumulative_reward": -30573.808865554733, "ended_reason": "step_error", "metrics": {"SR": 0.0, "SPL": 0.0, "SoftSPL": 0.0, "PLR": 22.481272929773496, "nDTW": 3.9201542950015655e-234, "CLS": 0.005178358314305201, "path_length_cm": 50891.981594774756, "cumulative_reward": -30573.808865554733}, "token_totals": {"input": 67828, "output": 4648, "calls": 21}, "finished_at": "2026-04-23T18:51:41.298136+00:00"}