{"episode_id": "map_16_hwaseong_remix_pn_0017", "episode_idx": 9, "agent_name": "GhostAgent_9", "SR": 0.0, "SPL": 0.0, "SoftSPL": 0.0, "PLR": 1.7576946792087191, "nDTW": 1.3540801466434908e-19, "CLS": 0.16841156908142446, "steps": 40, "path_length_cm": 3791.365, "cumulative_reward": 1884.3664101558297, "ended_reason": "max_steps", "metrics": {"SR": 0.0, "SPL": 0.0, "SoftSPL": 0.0, "PLR": 1.7576946792087191, "nDTW": 1.3540801466434908e-19, "CLS": 0.16841156908142446, "path_length_cm": 3791.365, "cumulative_reward": 1884.3664101558297}, "token_totals": {"input": 126299, "output": 6730, "calls": 40}, "finished_at": "2026-04-23T15:43:17.437957+00:00"}