{"episode_id": "map_04_courtyard_remix_on_0002", "episode_idx": 2, "agent_name": "GhostAgent_2", "SR": 1.0, "SPL": 1.0, "SoftSPL": 0.9748694452221716, "PLR": 0.9807034307034309, "nDTW": 9.744772207691641e-08, "CLS": 0.7490407564825861, "steps": 17, "path_length_cm": 2802.0070000000005, "cumulative_reward": 2765.3166879992013, "ended_reason": "success", "metrics": {"SR": 1.0, "SPL": 1.0, "SoftSPL": 0.9748694452221716, "PLR": 0.9807034307034309, "nDTW": 9.744772207691641e-08, "CLS": 0.7490407564825861, "path_length_cm": 2802.0070000000005, "cumulative_reward": 2765.3166879992013}, "token_totals": {"input": 36399, "output": 3815, "calls": 17}, "finished_at": "2026-04-22T13:59:27.527457+00:00"}