{"episode_id": "map_59_B10_market_plaza_obj_on_0009", "episode_idx": 9, "agent_name": "GhostAgent_9", "SR": 0.0, "SPL": 0.0, "SoftSPL": 0.3513504901230274, "PLR": 2.274179583135364, "nDTW": 3.900392514345095e-11, "CLS": 0.05393537571909507, "steps": 40, "path_length_cm": 6972.316216751387, "cumulative_reward": 2193.315850019546, "ended_reason": "max_steps", "metrics": {"SR": 0.0, "SPL": 0.0, "SoftSPL": 0.3513504901230274, "PLR": 2.274179583135364, "nDTW": 3.900392514345095e-11, "CLS": 0.05393537571909507, "path_length_cm": 6972.316216751387, "cumulative_reward": 2193.315850019546}, "token_totals": {"input": 116075, "output": 4400, "calls": 40}, "finished_at": "2026-04-23T03:02:22.962255+00:00"}