{"episode_id": "map_05_middleeast_native_on_0004", "episode_idx": 3, "agent_name": "GhostAgent_3", "SR": 0.0, "SPL": 0.0, "SoftSPL": 0.006813650237338487, "PLR": 0.002127845432976525, "nDTW": 7.314269806543115e-07, "CLS": 0.1030440164406724, "steps": 40, "path_length_cm": 11.868504749967494, "cumulative_reward": -8.945188584929738, "ended_reason": "max_steps", "metrics": {"SR": 0.0, "SPL": 0.0, "SoftSPL": 0.006813650237338487, "PLR": 0.002127845432976525, "nDTW": 7.314269806543115e-07, "CLS": 0.1030440164406724, "path_length_cm": 11.868504749967494, "cumulative_reward": -8.945188584929738}, "token_totals": {"input": 449792, "output": 4984, "calls": 40}, "finished_at": "2026-04-22T20:03:10.002126+00:00"}