{"episode_id": "map_43_B5_residential_courtyard_pn_0000", "episode_idx": 0, "agent_name": "GhostAgent_0", "SR": 0.0, "SPL": 0.0, "SoftSPL": 0.7884480444164517, "PLR": 0.5983439969822438, "nDTW": 0.7884480444164517, "CLS": 0.7884480444164517, "steps": 40, "path_length_cm": 3969.6354632590887, "cumulative_reward": 3927.5222000599333, "ended_reason": "max_steps", "metrics": {"SR": 0.0, "SPL": 0.0, "SoftSPL": 0.7884480444164517, "PLR": 0.5983439969822438, "nDTW": 0.7884480444164517, "CLS": 0.7884480444164517, "path_length_cm": 3969.6354632590887, "cumulative_reward": 3927.5222000599333}, "token_totals": {"input": 34606, "output": 2352, "calls": 40}, "finished_at": "2026-04-23T20:02:01.242940+00:00"}