{"episode_id": "map_10_B1_urban_grid_on_0007", "episode_idx": 7, "agent_name": "GhostAgent_7", "SR": 1.0, "SPL": 0.9592419242149237, "SoftSPL": 0.8700406881588557, "PLR": 1.0424898815994037, "nDTW": 0.00013722357560091536, "CLS": 0.4753387944762224, "steps": 6, "path_length_cm": 2010.660659539586, "cumulative_reward": 1751.797125822226, "ended_reason": "success", "metrics": {"SR": 1.0, "SPL": 0.9592419242149237, "SoftSPL": 0.8700406881588557, "PLR": 1.0424898815994037, "nDTW": 0.00013722357560091536, "CLS": 0.4753387944762224, "path_length_cm": 2010.660659539586, "cumulative_reward": 1751.797125822226}, "token_totals": {"input": 10681, "output": 725, "calls": 6}, "finished_at": "2026-04-23T12:58:19.919214+00:00"}