{"episode_id": "map_66_middleeast_bazaar_pn_0007", "episode_idx": 7, "agent_name": "GhostAgent_7", "SR": 0.0, "SPL": 0.0, "SoftSPL": 0.0, "PLR": 0.0, "nDTW": 0.0005587225539490933, "CLS": 0.07474461895051542, "steps": 40, "path_length_cm": 0.0, "cumulative_reward": -0.4000000000000002, "ended_reason": "max_steps", "metrics": {"SR": 0.0, "SPL": 0.0, "SoftSPL": 0.0, "PLR": 0.0, "nDTW": 0.0005587225539490933, "CLS": 0.07474461895051542, "path_length_cm": 0.0, "cumulative_reward": -0.4000000000000002}, "token_totals": {"input": 34142, "output": 2165, "calls": 40}, "finished_at": "2026-04-23T18:41:08.110805+00:00"}