{"episode_id": "map_65_hwaseong_ceremonial_pn_0014", "episode_idx": 2, "agent_name": "GhostAgent_2", "SR": 0.0, "SPL": 0.0, "SoftSPL": 0.0, "PLR": 0.0, "nDTW": 0.0014879561812789824, "CLS": 0.16669932724879252, "steps": 40, "path_length_cm": 0.0, "cumulative_reward": -0.4000000000000002, "ended_reason": "max_steps", "metrics": {"SR": 0.0, "SPL": 0.0, "SoftSPL": 0.0, "PLR": 0.0, "nDTW": 0.0014879561812789824, "CLS": 0.16669932724879252, "path_length_cm": 0.0, "cumulative_reward": -0.4000000000000002}, "token_totals": {"input": 107604, "output": 2681, "calls": 40}, "finished_at": "2026-04-23T13:35:17.133099+00:00"}