{"episode_id": "map_03_watertown_remix_obj_on_0015", "episode_idx": 1, "agent_name": "GhostAgent_1", "SR": 0.0, "SPL": 0.0, "SoftSPL": 0.0, "PLR": 0.18463137949936984, "nDTW": 4.5976566374358793e-08, "CLS": 0.1981817543001794, "steps": 5, "path_length_cm": 1179.6929677422486, "cumulative_reward": -422.375509921937, "ended_reason": "no_tool_call", "metrics": {"SR": 0.0, "SPL": 0.0, "SoftSPL": 0.0, "PLR": 0.18463137949936984, "nDTW": 4.5976566374358793e-08, "CLS": 0.1981817543001794, "path_length_cm": 1179.6929677422486, "cumulative_reward": -422.375509921937}, "token_totals": {"input": 9658, "output": 1244, "calls": 5}, "finished_at": "2026-04-22T22:51:04.024234+00:00"}