{"episode_id": "map_03_watertown_remix_on_0002", "episode_idx": 2, "agent_name": "GhostAgent_2", "SR": 1.0, "SPL": 1.0, "SoftSPL": 0.942998681331719, "PLR": 0.9794085177991299, "nDTW": 1.387697077558505e-06, "CLS": 0.6437142094676452, "steps": 13, "path_length_cm": 1824.6772450004908, "cumulative_reward": 1759.2124224050901, "ended_reason": "success", "metrics": {"SR": 1.0, "SPL": 1.0, "SoftSPL": 0.942998681331719, "PLR": 0.9794085177991299, "nDTW": 1.387697077558505e-06, "CLS": 0.6437142094676452, "path_length_cm": 1824.6772450004908, "cumulative_reward": 1759.2124224050901}, "token_totals": {"input": 22594, "output": 3378, "calls": 13}, "finished_at": "2026-04-22T13:59:26.755211+00:00"}