{"episode_id": "map_27_courtyard_overcast_remix_obj_pn_0006", "episode_idx": 6, "agent_name": "GhostAgent_6", "SR": 0.0, "SPL": 0.0, "SoftSPL": 0.6428402985573742, "PLR": 0.09620446708304027, "nDTW": 1.0947078715355416e-06, "CLS": 0.09907775428854484, "steps": 40, "path_length_cm": 399.2158288758089, "cumulative_reward": 161.45416881927574, "ended_reason": "max_steps", "metrics": {"SR": 0.0, "SPL": 0.0, "SoftSPL": 0.6428402985573742, "PLR": 0.09620446708304027, "nDTW": 1.0947078715355416e-06, "CLS": 0.09907775428854484, "path_length_cm": 399.2158288758089, "cumulative_reward": 161.45416881927574}, "token_totals": {"input": 35083, "output": 2539, "calls": 40}, "finished_at": "2026-04-23T15:37:54.365520+00:00"}