{"episode_id": "map_47_wintertown_demo01_minimal_obj_on_0000", "episode_idx": 0, "agent_name": "GhostAgent_0", "SR": 0.0, "SPL": 0.0, "SoftSPL": 0.12015997891552266, "PLR": 0.37928575848294754, "nDTW": 2.3753104840885858e-35, "CLS": 0.0732381574265878, "steps": 40, "path_length_cm": 2486.582261183865, "cumulative_reward": 193.53120593814853, "ended_reason": "max_steps", "metrics": {"SR": 0.0, "SPL": 0.0, "SoftSPL": 0.12015997891552266, "PLR": 0.37928575848294754, "nDTW": 2.3753104840885858e-35, "CLS": 0.0732381574265878, "path_length_cm": 2486.582261183865, "cumulative_reward": 193.53120593814853}, "token_totals": {"input": 130066, "output": 8344, "calls": 40}, "finished_at": "2026-04-23T01:57:57.551568+00:00"}