{"episode_id": "map_59_B10_market_plaza_obj_on_0008", "episode_idx": 5, "agent_name": "GhostAgent_5", "SR": 0.0, "SPL": 0.0, "SoftSPL": 0.6788739133431865, "PLR": 1.1887988331589254, "nDTW": 3.9888619216928697e-38, "CLS": 0.09942757665024252, "steps": 40, "path_length_cm": 7942.721643984728, "cumulative_reward": 5387.003632264654, "ended_reason": "max_steps", "metrics": {"SR": 0.0, "SPL": 0.0, "SoftSPL": 0.6788739133431865, "PLR": 1.1887988331589254, "nDTW": 3.9888619216928697e-38, "CLS": 0.09942757665024252, "path_length_cm": 7942.721643984728, "cumulative_reward": 5387.003632264654}, "token_totals": {"input": 110863, "output": 3424, "calls": 40}, "finished_at": "2026-04-23T14:55:22.714505+00:00"}