{"episode_id": "map_05_middleeast_native_obj_on_0017", "episode_idx": 8, "agent_name": "GhostAgent_8", "SR": 0.0, "SPL": 0.0, "SoftSPL": 0.7770443772109769, "PLR": 0.8704962044172619, "nDTW": 1.2539492122858885e-41, "CLS": 0.25578742969185503, "steps": 40, "path_length_cm": 5259.581591899318, "cumulative_reward": 4693.772659799032, "ended_reason": "max_steps", "metrics": {"SR": 0.0, "SPL": 0.0, "SoftSPL": 0.7770443772109769, "PLR": 0.8704962044172619, "nDTW": 1.2539492122858885e-41, "CLS": 0.25578742969185503, "path_length_cm": 5259.581591899318, "cumulative_reward": 4693.772659799032}, "token_totals": {"input": 125574, "output": 7211, "calls": 40}, "finished_at": "2026-04-22T22:51:30.504888+00:00"}