{"episode_id": "map_09b_wintertown_demo02_on_0019", "episode_idx": 1, "agent_name": "GhostAgent_1", "SR": 0.0, "SPL": 0.0, "SoftSPL": 0.0, "PLR": 3.794798196822769, "nDTW": 1.5538314456311437e-28, "CLS": 0.029279985868274346, "steps": 3, "path_length_cm": 19437.221999999998, "cumulative_reward": -18536.008633109468, "ended_reason": "no_tool_call", "metrics": {"SR": 0.0, "SPL": 0.0, "SoftSPL": 0.0, "PLR": 3.794798196822769, "nDTW": 1.5538314456311437e-28, "CLS": 0.029279985868274346, "path_length_cm": 19437.221999999998, "cumulative_reward": -18536.008633109468}, "token_totals": {"input": 3544, "output": 469, "calls": 3}, "finished_at": "2026-04-22T23:15:40.429225+00:00"}