{"episode_id": "map_47_wintertown_demo01_minimal_pn_0019", "episode_idx": 8, "agent_name": "GhostAgent_8", "SR": 0.0, "SPL": 0.0, "SoftSPL": 0.007558439005810904, "PLR": 6.331410477523412, "nDTW": 3.0040594874294717e-44, "CLS": 0.06355438579870851, "steps": 40, "path_length_cm": 8719.365253226142, "cumulative_reward": 65.50256825222154, "ended_reason": "max_steps", "metrics": {"SR": 0.0, "SPL": 0.0, "SoftSPL": 0.007558439005810904, "PLR": 6.331410477523412, "nDTW": 3.0040594874294717e-44, "CLS": 0.06355438579870851, "path_length_cm": 8719.365253226142, "cumulative_reward": 65.50256825222154}, "token_totals": {"input": 117700, "output": 4935, "calls": 40}, "finished_at": "2026-04-23T01:45:27.565587+00:00"}