{"episode_id": "map_13_watertown_native_pn_0018", "episode_idx": 8, "agent_name": "GhostAgent_8", "SR": 0.0, "SPL": 0.0, "SoftSPL": 0.0, "PLR": 1.5224420459135912, "nDTW": 3.433001560936724e-114, "CLS": 0.0729876227606746, "steps": 40, "path_length_cm": 6962.477637633412, "cumulative_reward": -381.48897064971425, "ended_reason": "max_steps", "metrics": {"SR": 0.0, "SPL": 0.0, "SoftSPL": 0.0, "PLR": 1.5224420459135912, "nDTW": 3.433001560936724e-114, "CLS": 0.0729876227606746, "path_length_cm": 6962.477637633412, "cumulative_reward": -381.48897064971425}, "token_totals": {"input": 133151, "output": 8063, "calls": 40}, "finished_at": "2026-04-23T18:23:08.946657+00:00"}