{"episode_id": "map_33_gothic_night_remix_on_0018", "episode_idx": 8, "agent_name": "GhostAgent_8", "SR": 0.0, "SPL": 0.0, "SoftSPL": 0.10420749997370538, "PLR": 0.1879682255235727, "nDTW": 6.998906142728963e-10, "CLS": 0.2062771530248353, "steps": 40, "path_length_cm": 1095.2814517145819, "cumulative_reward": 553.2674835182488, "ended_reason": "max_steps", "metrics": {"SR": 0.0, "SPL": 0.0, "SoftSPL": 0.10420749997370538, "PLR": 0.1879682255235727, "nDTW": 6.998906142728963e-10, "CLS": 0.2062771530248353, "path_length_cm": 1095.2814517145819, "cumulative_reward": 553.2674835182488}, "token_totals": {"input": 43718, "output": 4654, "calls": 40}, "finished_at": "2026-04-23T18:16:56.295496+00:00"}