{"episode_id": "map_04_courtyard_remix_obj_on_0005", "episode_idx": 1, "agent_name": "GhostAgent_1", "SR": 0.0, "SPL": 0.0, "SoftSPL": 0.0, "PLR": 7.740610805889132, "nDTW": 2.781778401426086e-71, "CLS": 0.001652586717912415, "steps": 21, "path_length_cm": 54199.524644511526, "cumulative_reward": -48152.84008263809, "ended_reason": "step_error", "metrics": {"SR": 0.0, "SPL": 0.0, "SoftSPL": 0.0, "PLR": 7.740610805889132, "nDTW": 2.781778401426086e-71, "CLS": 0.001652586717912415, "path_length_cm": 54199.524644511526, "cumulative_reward": -48152.84008263809}, "token_totals": {"input": 66819, "output": 4564, "calls": 21}, "finished_at": "2026-04-23T16:37:21.708561+00:00"}