{"episode_id": "map_62_trainstation_cross_remix_on_0017", "episode_idx": 7, "agent_name": "GhostAgent_7", "SR": 0.0, "SPL": 0.0, "SoftSPL": 0.0, "PLR": 0.06952487934419337, "nDTW": 4.1958885606012034e-05, "CLS": 0.14564137136264754, "steps": 40, "path_length_cm": 103.43911548829088, "cumulative_reward": -50.081769060587305, "ended_reason": "max_steps", "metrics": {"SR": 0.0, "SPL": 0.0, "SoftSPL": 0.0, "PLR": 0.06952487934419337, "nDTW": 4.1958885606012034e-05, "CLS": 0.14564137136264754, "path_length_cm": 103.43911548829088, "cumulative_reward": -50.081769060587305}, "token_totals": {"input": 117316, "output": 6038, "calls": 40}, "finished_at": "2026-04-23T03:15:10.650607+00:00"}