{"episode_id": "map_13_watertown_native_pn_0019", "episode_idx": 9, "agent_name": "GhostAgent_9", "SR": 0.0, "SPL": 0.0, "SoftSPL": 0.0, "PLR": 2.5534759040991473, "nDTW": 3.611958347671252e-92, "CLS": 0.04351388042358007, "steps": 40, "path_length_cm": 14831.124280947708, "cumulative_reward": -192.7909729963692, "ended_reason": "max_steps", "metrics": {"SR": 0.0, "SPL": 0.0, "SoftSPL": 0.0, "PLR": 2.5534759040991473, "nDTW": 3.611958347671252e-92, "CLS": 0.04351388042358007, "path_length_cm": 14831.124280947708, "cumulative_reward": -192.7909729963692}, "token_totals": {"input": 119381, "output": 4524, "calls": 40}, "finished_at": "2026-04-23T18:23:08.999419+00:00"}