{"episode_id": "map_09b_wintertown_demo02_on_0003", "episode_idx": 3, "agent_name": "GhostAgent_3", "SR": 0.0, "SPL": 0.0, "SoftSPL": 0.47026925027901134, "PLR": 0.46017801212790965, "nDTW": 1.1288449439782733e-08, "CLS": 0.05665455956891652, "steps": 40, "path_length_cm": 3089.036942011019, "cumulative_reward": 1440.353861243968, "ended_reason": "max_steps", "metrics": {"SR": 0.0, "SPL": 0.0, "SoftSPL": 0.47026925027901134, "PLR": 0.46017801212790965, "nDTW": 1.1288449439782733e-08, "CLS": 0.05665455956891652, "path_length_cm": 3089.036942011019, "cumulative_reward": 1440.353861243968}, "token_totals": {"input": 468837, "output": 6908, "calls": 40}, "finished_at": "2026-04-22T19:16:22.889963+00:00"}