{"episode_id": "map_20_trainstation_native_obj_pn_0004", "episode_idx": 3, "agent_name": "GhostAgent_3", "SR": 1.0, "SPL": 0.9993574624554988, "SoftSPL": 0.9738155048809404, "PLR": 1.0006429506644423, "nDTW": 2.017682223202921e-34, "CLS": 0.5202843938236018, "steps": 20, "path_length_cm": 6486.117574059382, "cumulative_reward": 6325.694837363906, "ended_reason": "success", "metrics": {"SR": 1.0, "SPL": 0.9993574624554988, "SoftSPL": 0.9738155048809404, "PLR": 1.0006429506644423, "nDTW": 2.017682223202921e-34, "CLS": 0.5202843938236018, "path_length_cm": 6486.117574059382, "cumulative_reward": 6325.694837363906}, "token_totals": {"input": 57789, "output": 3049, "calls": 20}, "finished_at": "2026-04-23T18:51:29.197354+00:00"}