{"episode_id": "map_50_B9_sparse_wilderness_on_0008", "episode_idx": 8, "agent_name": "GhostAgent_8", "SR": 0.0, "SPL": 0.0, "SoftSPL": 0.17424093742325217, "PLR": 0.6255475716660789, "nDTW": 2.338415504710966e-83, "CLS": 0.399651475514655, "steps": 40, "path_length_cm": 1986.6390000000001, "cumulative_reward": 552.9640979907954, "ended_reason": "max_steps", "metrics": {"SR": 0.0, "SPL": 0.0, "SoftSPL": 0.17424093742325217, "PLR": 0.6255475716660789, "nDTW": 2.338415504710966e-83, "CLS": 0.399651475514655, "path_length_cm": 1986.6390000000001, "cumulative_reward": 552.9640979907954}, "token_totals": {"input": 118043, "output": 4346, "calls": 40}, "finished_at": "2026-04-23T14:18:08.223164+00:00"}