{"episode_id": "map_62_trainstation_cross_remix_obj_on_0002", "episode_idx": 2, "agent_name": "GhostAgent_2", "SR": 0.0, "SPL": 0.0, "SoftSPL": 0.0, "PLR": 0.12114435772665041, "nDTW": 4.520870015973759e-16, "CLS": 0.2844619834857077, "steps": 40, "path_length_cm": 297.09200000168295, "cumulative_reward": -94.49854139604815, "ended_reason": "max_steps", "metrics": {"SR": 0.0, "SPL": 0.0, "SoftSPL": 0.0, "PLR": 0.12114435772665041, "nDTW": 4.520870015973759e-16, "CLS": 0.2844619834857077, "path_length_cm": 297.09200000168295, "cumulative_reward": -94.49854139604815}, "token_totals": {"input": 122703, "output": 6697, "calls": 40}, "finished_at": "2026-04-23T15:03:41.966878+00:00"}