{"episode_id": "map_40_B2_open_plaza_pn_0016", "episode_idx": 6, "agent_name": "GhostAgent_6", "SR": 0.0, "SPL": 0.0, "SoftSPL": 0.0, "PLR": 2.1208621443753506, "nDTW": 5.447208764090056e-206, "CLS": 0.11787659120764554, "steps": 40, "path_length_cm": 12850.939991413563, "cumulative_reward": -880.6726389692421, "ended_reason": "max_steps", "metrics": {"SR": 0.0, "SPL": 0.0, "SoftSPL": 0.0, "PLR": 2.1208621443753506, "nDTW": 5.447208764090056e-206, "CLS": 0.11787659120764554, "path_length_cm": 12850.939991413563, "cumulative_reward": -880.6726389692421}, "token_totals": {"input": 128116, "output": 7029, "calls": 40}, "finished_at": "2026-04-23T16:18:24.670749+00:00"}