{"episode_id": "map_01_wintertown_native_obj_on_0008", "episode_idx": 2, "agent_name": "GhostAgent_2", "SR": 0.0, "SPL": 0.0, "SoftSPL": 0.7017026690749302, "PLR": 0.8469237646843929, "nDTW": 2.596491930506242e-15, "CLS": 0.2972585147178604, "steps": 13, "path_length_cm": 3210.400037838541, "cumulative_reward": 2659.796348850524, "ended_reason": "no_tool_call", "metrics": {"SR": 0.0, "SPL": 0.0, "SoftSPL": 0.7017026690749302, "PLR": 0.8469237646843929, "nDTW": 2.596491930506242e-15, "CLS": 0.2972585147178604, "path_length_cm": 3210.400037838541, "cumulative_reward": 2659.796348850524}, "token_totals": {"input": 32902, "output": 1658, "calls": 13}, "finished_at": "2026-04-22T22:34:39.252604+00:00"}