{"episode_id": "map_42_B4_industrial_yard_pn_0008", "episode_idx": 8, "agent_name": "GhostAgent_8", "SR": 0.0, "SPL": 0.0, "SoftSPL": 0.006006760106361253, "PLR": 0.0, "nDTW": 0.00013106052332826734, "CLS": 0.15638953801624927, "steps": 40, "path_length_cm": 0.0, "cumulative_reward": -0.4000000000000002, "ended_reason": "max_steps", "metrics": {"SR": 0.0, "SPL": 0.0, "SoftSPL": 0.006006760106361253, "PLR": 0.0, "nDTW": 0.00013106052332826734, "CLS": 0.15638953801624927, "path_length_cm": 0.0, "cumulative_reward": -0.4000000000000002}, "token_totals": {"input": 35685, "output": 2752, "calls": 40}, "finished_at": "2026-04-23T15:55:15.200635+00:00"}