{"episode_id": "map_42_B4_industrial_yard_pn_0010", "episode_idx": 0, "agent_name": "GhostAgent_0", "SR": 1.0, "SPL": 0.9873948355314323, "SoftSPL": 0.9849634973457786, "PLR": 1.012766083044969, "nDTW": 4.1915905800087445e-12, "CLS": 0.6018573706322888, "steps": 17, "path_length_cm": 6349.658489580398, "cumulative_reward": 6248.498993130838, "ended_reason": "success", "metrics": {"SR": 1.0, "SPL": 0.9873948355314323, "SoftSPL": 0.9849634973457786, "PLR": 1.012766083044969, "nDTW": 4.1915905800087445e-12, "CLS": 0.6018573706322888, "path_length_cm": 6349.658489580398, "cumulative_reward": 6248.498993130838}, "token_totals": {"input": 10624, "output": 51, "calls": 17}, "finished_at": "2026-04-23T16:02:10.873198+00:00"}