{"episode_id": "map_03_watertown_remix_obj_on_0004", "episode_idx": 0, "agent_name": "GhostAgent_0", "SR": 0.0, "SPL": 0.0, "SoftSPL": 0.08594204840097575, "PLR": 0.07708040605457075, "nDTW": 1.7041496744660546e-13, "CLS": 0.12387054506874329, "steps": 40, "path_length_cm": 395.52500000000055, "cumulative_reward": 320.6229409573625, "ended_reason": "max_steps", "metrics": {"SR": 0.0, "SPL": 0.0, "SoftSPL": 0.08594204840097575, "PLR": 0.07708040605457075, "nDTW": 1.7041496744660546e-13, "CLS": 0.12387054506874329, "path_length_cm": 395.52500000000055, "cumulative_reward": 320.6229409573625}, "token_totals": {"input": 112703, "output": 5151, "calls": 40}, "finished_at": "2026-04-22T22:38:37.022894+00:00"}