{"episode_id": "map_67_B12_construction_site_pn_0008", "episode_idx": 8, "agent_name": "GhostAgent_8", "SR": 0.0, "SPL": 0.0, "SoftSPL": 0.20243761663398183, "PLR": 1.5670508756932113, "nDTW": 1.8024891884495574e-97, "CLS": 0.07090459719104734, "steps": 34, "path_length_cm": 11230.160407094101, "cumulative_reward": 2269.321409089757, "ended_reason": "no_tool_call", "metrics": {"SR": 0.0, "SPL": 0.0, "SoftSPL": 0.20243761663398183, "PLR": 1.5670508756932113, "nDTW": 1.8024891884495574e-97, "CLS": 0.07090459719104734, "path_length_cm": 11230.160407094101, "cumulative_reward": 2269.321409089757}, "token_totals": {"input": 101763, "output": 5061, "calls": 34}, "finished_at": "2026-04-23T05:13:06.561300+00:00"}