{"episode_id": "map_59_B10_market_plaza_pn_0006", "episode_idx": 5, "agent_name": "GhostAgent_5", "SR": 0.0, "SPL": 0.0, "SoftSPL": 0.6695281977053782, "PLR": 0.8754498478630435, "nDTW": 0.0014965334332238938, "CLS": 0.313988574234576, "steps": 6, "path_length_cm": 1602.4321560269934, "cumulative_reward": 1225.4597421101146, "ended_reason": "no_tool_call", "metrics": {"SR": 0.0, "SPL": 0.0, "SoftSPL": 0.6695281977053782, "PLR": 0.8754498478630435, "nDTW": 0.0014965334332238938, "CLS": 0.313988574234576, "path_length_cm": 1602.4321560269934, "cumulative_reward": 1225.4597421101146}, "token_totals": {"input": 11335, "output": 1050, "calls": 6}, "finished_at": "2026-04-23T03:30:47.115501+00:00"}