{"episode_id": "map_66_middleeast_bazaar_obj_pn_0003", "episode_idx": 3, "agent_name": "GhostAgent_3", "SR": 0.0, "SPL": 0.0, "SoftSPL": 0.061036103133463526, "PLR": 0.004727247221275474, "nDTW": 6.619993759203035e-06, "CLS": 0.03466777099002978, "steps": 40, "path_length_cm": 21.50973121635881, "cumulative_reward": -15.021235647923632, "ended_reason": "max_steps", "metrics": {"SR": 0.0, "SPL": 0.0, "SoftSPL": 0.061036103133463526, "PLR": 0.004727247221275474, "nDTW": 6.619993759203035e-06, "CLS": 0.03466777099002978, "path_length_cm": 21.50973121635881, "cumulative_reward": -15.021235647923632}, "token_totals": {"input": 36458, "output": 2906, "calls": 40}, "finished_at": "2026-04-23T19:04:36.074654+00:00"}