{"episode_id": "map_31_gothic_day_remix_on_0013", "episode_idx": 3, "agent_name": "GhostAgent_3", "SR": 1.0, "SPL": 0.9687580680868839, "SoftSPL": 0.930427781495606, "PLR": 1.0322494675835971, "nDTW": 0.20300672971296002, "CLS": 0.33500640698873574, "steps": 5, "path_length_cm": 1588.74547805259, "cumulative_reward": 1428.7100797336636, "ended_reason": "success", "metrics": {"SR": 1.0, "SPL": 0.9687580680868839, "SoftSPL": 0.930427781495606, "PLR": 1.0322494675835971, "nDTW": 0.20300672971296002, "CLS": 0.33500640698873574, "path_length_cm": 1588.74547805259, "cumulative_reward": 1428.7100797336636}, "token_totals": {"input": 7811, "output": 432, "calls": 5}, "finished_at": "2026-04-23T18:16:41.366389+00:00"}