{"episode_id": "map_31_gothic_day_remix_obj_on_0016", "episode_idx": 5, "agent_name": "GhostAgent_5", "SR": 0.0, "SPL": 0.0, "SoftSPL": 0.47133691036218905, "PLR": 0.7421895375329172, "nDTW": 2.2558873346275004e-15, "CLS": 0.18086069707761293, "steps": 40, "path_length_cm": 970.7319618254284, "cumulative_reward": 611.9625654488401, "ended_reason": "max_steps", "metrics": {"SR": 0.0, "SPL": 0.0, "SoftSPL": 0.47133691036218905, "PLR": 0.7421895375329172, "nDTW": 2.2558873346275004e-15, "CLS": 0.18086069707761293, "path_length_cm": 970.7319618254284, "cumulative_reward": 611.9625654488401}, "token_totals": {"input": 114586, "output": 5194, "calls": 40}, "finished_at": "2026-04-23T18:48:30.998517+00:00"}