{"episode_id": "map_62_trainstation_cross_remix_obj_on_0000", "episode_idx": 8, "agent_name": "GhostAgent_8", "SR": 0.0, "SPL": 0.0, "SoftSPL": 0.0, "PLR": 41.4663439821944, "nDTW": 8.9311499663069e-202, "CLS": 0.007645787038764106, "steps": 15, "path_length_cm": 51715.16556083357, "cumulative_reward": -39311.30622464502, "ended_reason": "step_error", "metrics": {"SR": 0.0, "SPL": 0.0, "SoftSPL": 0.0, "PLR": 41.4663439821944, "nDTW": 8.9311499663069e-202, "CLS": 0.007645787038764106, "path_length_cm": 51715.16556083357, "cumulative_reward": -39311.30622464502}, "token_totals": {"input": 46103, "output": 3469, "calls": 15}, "finished_at": "2026-04-23T19:10:29.283785+00:00"}