{"episode_id": "map_26_courtyard_overcast_native_obj_pn_0003", "episode_idx": 8, "agent_name": "GhostAgent_8", "SR": 0.0, "SPL": 0.0, "SoftSPL": 0.6648244351979808, "PLR": 0.8152513824505756, "nDTW": 1.768944094140377e-06, "CLS": 0.43415366288066953, "steps": 33, "path_length_cm": 1900.579242879378, "cumulative_reward": 1518.3355726840525, "ended_reason": "success", "metrics": {"SR": 0.0, "SPL": 0.0, "SoftSPL": 0.6648244351979808, "PLR": 0.8152513824505756, "nDTW": 1.768944094140377e-06, "CLS": 0.43415366288066953, "path_length_cm": 1900.579242879378, "cumulative_reward": 1518.3355726840525}, "token_totals": {"input": 103764, "output": 6471, "calls": 33}, "finished_at": "2026-04-23T18:33:26.080723+00:00"}