{"episode_id": "map_23_containeryard_demo_remix_pn_0018", "episode_idx": 8, "agent_name": "GhostAgent_8", "SR": 0.0, "SPL": 0.0, "SoftSPL": 0.11784901879394194, "PLR": 0.32518911345867235, "nDTW": 1.819419027006317e-21, "CLS": 0.27232363672625143, "steps": 40, "path_length_cm": 1383.3739999999998, "cumulative_reward": 272.88854118539933, "ended_reason": "max_steps", "metrics": {"SR": 0.0, "SPL": 0.0, "SoftSPL": 0.11784901879394194, "PLR": 0.32518911345867235, "nDTW": 1.819419027006317e-21, "CLS": 0.27232363672625143, "path_length_cm": 1383.3739999999998, "cumulative_reward": 272.88854118539933}, "token_totals": {"input": 114935, "output": 4712, "calls": 40}, "finished_at": "2026-04-23T13:14:02.991428+00:00"}