{"episode_id": "map_34_temple_plaza_native_pn_0014", "episode_idx": 4, "agent_name": "GhostAgent_4", "SR": 0.0, "SPL": 0.0, "SoftSPL": 0.7589811016082701, "PLR": 0.14877651437145128, "nDTW": 0.00013611495989298265, "CLS": 0.09027665927339444, "steps": 40, "path_length_cm": 404.56500000000005, "cumulative_reward": -119.31195743567649, "ended_reason": "max_steps", "metrics": {"SR": 0.0, "SPL": 0.0, "SoftSPL": 0.7589811016082701, "PLR": 0.14877651437145128, "nDTW": 0.00013611495989298265, "CLS": 0.09027665927339444, "path_length_cm": 404.56500000000005, "cumulative_reward": -119.31195743567649}, "token_totals": {"input": 35826, "output": 2692, "calls": 40}, "finished_at": "2026-04-23T15:42:13.806883+00:00"}