{"episode_id": "map_62_trainstation_cross_remix_pn_0008", "episode_idx": 8, "agent_name": "GhostAgent_8", "SR": 0.0, "SPL": 0.0, "SoftSPL": 0.0, "PLR": 0.26526406613168346, "nDTW": 2.6299389089537596e-06, "CLS": 0.15396349340717033, "steps": 40, "path_length_cm": 516.5911582288082, "cumulative_reward": -54.764141117176514, "ended_reason": "max_steps", "metrics": {"SR": 0.0, "SPL": 0.0, "SoftSPL": 0.0, "PLR": 0.26526406613168346, "nDTW": 2.6299389089537596e-06, "CLS": 0.15396349340717033, "path_length_cm": 516.5911582288082, "cumulative_reward": -54.764141117176514}, "token_totals": {"input": 118834, "output": 5644, "calls": 40}, "finished_at": "2026-04-23T04:04:23.643713+00:00"}