{"episode_id": "map_22_containeryard_demo_native_obj_on_0002", "episode_idx": 2, "agent_name": "GhostAgent_2", "SR": 0.0, "SPL": 0.0, "SoftSPL": 0.0, "PLR": 1.8442791271872627, "nDTW": 5.295281127962566e-108, "CLS": 0.06024636740002924, "steps": 40, "path_length_cm": 10375.637727686462, "cumulative_reward": -44.998081517570434, "ended_reason": "max_steps", "metrics": {"SR": 0.0, "SPL": 0.0, "SoftSPL": 0.0, "PLR": 1.8442791271872627, "nDTW": 5.295281127962566e-108, "CLS": 0.06024636740002924, "path_length_cm": 10375.637727686462, "cumulative_reward": -44.998081517570434}, "token_totals": {"input": 124344, "output": 6277, "calls": 40}, "finished_at": "2026-04-23T00:17:52.846500+00:00"}