{"episode_id": "map_47_wintertown_demo01_minimal_obj_on_0019", "episode_idx": 9, "agent_name": "GhostAgent_9", "SR": 0.0, "SPL": 0.0, "SoftSPL": 0.2846812902885426, "PLR": 0.6666080105283159, "nDTW": 1.0839879429313284e-40, "CLS": 0.04167042740931383, "steps": 40, "path_length_cm": 4277.210306593675, "cumulative_reward": 1692.8201638309865, "ended_reason": "max_steps", "metrics": {"SR": 0.0, "SPL": 0.0, "SoftSPL": 0.2846812902885426, "PLR": 0.6666080105283159, "nDTW": 1.0839879429313284e-40, "CLS": 0.04167042740931383, "path_length_cm": 4277.210306593675, "cumulative_reward": 1692.8201638309865}, "token_totals": {"input": 116992, "output": 4903, "calls": 40}, "finished_at": "2026-04-23T02:13:36.341514+00:00"}