{"episode_id": "map_31_gothic_day_remix_obj_on_0012", "episode_idx": 1, "agent_name": "GhostAgent_1", "SR": 0.0, "SPL": 0.0, "SoftSPL": 0.5118224074614192, "PLR": 0.026271565229037376, "nDTW": 0.0001398953873171034, "CLS": 0.08126319338319224, "steps": 40, "path_length_cm": 158.9132827669673, "cumulative_reward": -80.09928870628993, "ended_reason": "max_steps", "metrics": {"SR": 0.0, "SPL": 0.0, "SoftSPL": 0.5118224074614192, "PLR": 0.026271565229037376, "nDTW": 0.0001398953873171034, "CLS": 0.08126319338319224, "path_length_cm": 158.9132827669673, "cumulative_reward": -80.09928870628993}, "token_totals": {"input": 130967, "output": 8722, "calls": 40}, "finished_at": "2026-04-23T18:48:30.761308+00:00"}