{"episode_id": "map_06_hwaseong_native_on_0005", "episode_idx": 0, "agent_name": "GhostAgent_0", "SR": 0.0, "SPL": 0.0, "SoftSPL": 0.0, "PLR": 0.05593143450675142, "nDTW": 7.752928472164231e-23, "CLS": 0.26481127445376307, "steps": 40, "path_length_cm": 357.554, "cumulative_reward": -38.28411392031222, "ended_reason": "max_steps", "metrics": {"SR": 0.0, "SPL": 0.0, "SoftSPL": 0.0, "PLR": 0.05593143450675142, "nDTW": 7.752928472164231e-23, "CLS": 0.26481127445376307, "path_length_cm": 357.554, "cumulative_reward": -38.28411392031222}, "token_totals": {"input": 115023, "output": 4712, "calls": 40}, "finished_at": "2026-04-23T13:11:52.808880+00:00"}