{"episode_id": "map_09b_wintertown_demo02_on_0009", "episode_idx": 4, "agent_name": "GhostAgent_4", "SR": 0.0, "SPL": 0.0, "SoftSPL": 0.07508371241888878, "PLR": 0.08277509636291522, "nDTW": 3.73106218436898e-05, "CLS": 0.10242527962574216, "steps": 40, "path_length_cm": 215.04225059218106, "cumulative_reward": -1.2610631234282659, "ended_reason": "max_steps", "metrics": {"SR": 0.0, "SPL": 0.0, "SoftSPL": 0.07508371241888878, "PLR": 0.08277509636291522, "nDTW": 3.73106218436898e-05, "CLS": 0.10242527962574216, "path_length_cm": 215.04225059218106, "cumulative_reward": -1.2610631234282659}, "token_totals": {"input": 402586, "output": 2910, "calls": 40}, "finished_at": "2026-04-22T19:35:00.252536+00:00"}