{"episode_id": "map_62_trainstation_cross_remix_on_0005", "episode_idx": 5, "agent_name": "GhostAgent_5", "SR": 0.0, "SPL": 0.0, "SoftSPL": 0.4884027885996013, "PLR": 0.7504369963257738, "nDTW": 3.1521347248806236e-19, "CLS": 0.35000295185924063, "steps": 40, "path_length_cm": 983.2900919156981, "cumulative_reward": 639.5488591297623, "ended_reason": "max_steps", "metrics": {"SR": 0.0, "SPL": 0.0, "SoftSPL": 0.4884027885996013, "PLR": 0.7504369963257738, "nDTW": 3.1521347248806236e-19, "CLS": 0.35000295185924063, "path_length_cm": 983.2900919156981, "cumulative_reward": 639.5488591297623}, "token_totals": {"input": 116180, "output": 4870, "calls": 40}, "finished_at": "2026-04-23T02:58:41.291339+00:00"}