{"episode_id": "map_22_containeryard_demo_native_pn_0006", "episode_idx": 6, "agent_name": "GhostAgent_6", "SR": 0.0, "SPL": 0.0, "SoftSPL": 0.7441057568777868, "PLR": 1.0497113746157944, "nDTW": 2.0359869888972458e-29, "CLS": 0.06437970488076565, "steps": 40, "path_length_cm": 6759.80534488584, "cumulative_reward": 4880.617401602841, "ended_reason": "max_steps", "metrics": {"SR": 0.0, "SPL": 0.0, "SoftSPL": 0.7441057568777868, "PLR": 1.0497113746157944, "nDTW": 2.0359869888972458e-29, "CLS": 0.06437970488076565, "path_length_cm": 6759.80534488584, "cumulative_reward": 4880.617401602841}, "token_totals": {"input": 133232, "output": 8501, "calls": 40}, "finished_at": "2026-04-22T23:47:20.262879+00:00"}