{"episode_id": "map_68_B13_suburban_park_obj_pn_0009", "episode_idx": 9, "agent_name": "GhostAgent_9", "SR": 0.0, "SPL": 0.0, "SoftSPL": 0.0, "PLR": 4.899531610373284, "nDTW": 2.5163401104002486e-26, "CLS": 0.03138615096217008, "steps": 40, "path_length_cm": 11176.370551738602, "cumulative_reward": -3408.245569209621, "ended_reason": "max_steps", "metrics": {"SR": 0.0, "SPL": 0.0, "SoftSPL": 0.0, "PLR": 4.899531610373284, "nDTW": 2.5163401104002486e-26, "CLS": 0.03138615096217008, "path_length_cm": 11176.370551738602, "cumulative_reward": -3408.245569209621}, "token_totals": {"input": 135882, "output": 9232, "calls": 40}, "finished_at": "2026-04-23T05:33:39.806152+00:00"}