{"episode_id": "map_09b_wintertown_demo02_obj_pn_0000", "episode_idx": 4, "agent_name": "GhostAgent_4", "SR": 0.0, "SPL": 0.0, "SoftSPL": 0.6726107609192843, "PLR": 0.9825106445662991, "nDTW": 2.717753149127399e-25, "CLS": 0.03011459637761963, "steps": 40, "path_length_cm": 6840.917039815325, "cumulative_reward": 4245.998100994909, "ended_reason": "max_steps", "metrics": {"SR": 0.0, "SPL": 0.0, "SoftSPL": 0.6726107609192843, "PLR": 0.9825106445662991, "nDTW": 2.717753149127399e-25, "CLS": 0.03011459637761963, "path_length_cm": 6840.917039815325, "cumulative_reward": 4245.998100994909}, "token_totals": {"input": 121005, "output": 5541, "calls": 40}, "finished_at": "2026-04-23T12:52:26.890761+00:00"}