{"episode_id": "map_64_cave_lost_expedition_pn_0005", "episode_idx": 5, "agent_name": "GhostAgent_5", "SR": 0.0, "SPL": 0.0, "SoftSPL": 0.0, "PLR": 1.3783019147082476, "nDTW": 1.1566362066977032e-05, "CLS": 0.66742920614452, "steps": 40, "path_length_cm": 1548.3292389066569, "cumulative_reward": 1139.2774074431436, "ended_reason": "max_steps", "metrics": {"SR": 0.0, "SPL": 0.0, "SoftSPL": 0.0, "PLR": 1.3783019147082476, "nDTW": 1.1566362066977032e-05, "CLS": 0.66742920614452, "path_length_cm": 1548.3292389066569, "cumulative_reward": 1139.2774074431436}, "token_totals": {"input": 113548, "output": 6175, "calls": 40}, "finished_at": "2026-04-23T19:46:02.405082+00:00"}