{"episode_id": "map_67_B12_construction_site_obj_on_0014", "episode_idx": 4, "agent_name": "GhostAgent_4", "SR": 0.0, "SPL": 0.0, "SoftSPL": 0.8977583007340907, "PLR": 1.0815845910279789, "nDTW": 2.713932174505221e-10, "CLS": 0.07085337708354504, "steps": 23, "path_length_cm": 7840.168751751793, "cumulative_reward": 6935.225218132921, "ended_reason": "success", "metrics": {"SR": 0.0, "SPL": 0.0, "SoftSPL": 0.8977583007340907, "PLR": 1.0815845910279789, "nDTW": 2.713932174505221e-10, "CLS": 0.07085337708354504, "path_length_cm": 7840.168751751793, "cumulative_reward": 6935.225218132921}, "token_totals": {"input": 65293, "output": 2966, "calls": 23}, "finished_at": "2026-04-23T16:01:56.003744+00:00"}