{"episode_id": "map_09b_wintertown_demo02_pn_0011", "episode_idx": 1, "agent_name": "GhostAgent_1", "SR": 0.0, "SPL": 0.0, "SoftSPL": 0.5294422328182071, "PLR": 0.49742725512411434, "nDTW": 4.038393717648226e-07, "CLS": 0.06847587610083837, "steps": 40, "path_length_cm": 2515.62393452153, "cumulative_reward": 2515.1340147157425, "ended_reason": "max_steps", "metrics": {"SR": 0.0, "SPL": 0.0, "SoftSPL": 0.5294422328182071, "PLR": 0.49742725512411434, "nDTW": 4.038393717648226e-07, "CLS": 0.06847587610083837, "path_length_cm": 2515.62393452153, "cumulative_reward": 2515.1340147157425}, "token_totals": {"input": 105455, "output": 3737, "calls": 40}, "finished_at": "2026-04-22T23:03:09.898971+00:00"}