{"episode_id": "map_53_courtyard_sanny_big_remix_pn_0006", "episode_idx": 6, "agent_name": "GhostAgent_6", "SR": 0.0, "SPL": 0.0, "SoftSPL": 0.7856161765070856, "PLR": 0.8382080076785321, "nDTW": 1.5222835351582022e-06, "CLS": 0.10807154948313571, "steps": 40, "path_length_cm": 1515.865653566318, "cumulative_reward": 892.2381890881117, "ended_reason": "max_steps", "metrics": {"SR": 0.0, "SPL": 0.0, "SoftSPL": 0.7856161765070856, "PLR": 0.8382080076785321, "nDTW": 1.5222835351582022e-06, "CLS": 0.10807154948313571, "path_length_cm": 1515.865653566318, "cumulative_reward": 892.2381890881117}, "token_totals": {"input": 117978, "output": 6646, "calls": 40}, "finished_at": "2026-04-23T02:00:37.953818+00:00"}