{"episode_id": "map_03_watertown_remix_obj_pn_0015", "episode_idx": 5, "agent_name": "GhostAgent_5", "SR": 0.0, "SPL": 0.0, "SoftSPL": 0.008077579012868763, "PLR": 0.6305237079415884, "nDTW": 6.669907711671062e-72, "CLS": 0.099126294656899, "steps": 40, "path_length_cm": 4028.699705707382, "cumulative_reward": 23.22017245599784, "ended_reason": "max_steps", "metrics": {"SR": 0.0, "SPL": 0.0, "SoftSPL": 0.008077579012868763, "PLR": 0.6305237079415884, "nDTW": 6.669907711671062e-72, "CLS": 0.099126294656899, "path_length_cm": 4028.699705707382, "cumulative_reward": 23.22017245599784}, "token_totals": {"input": 120097, "output": 5707, "calls": 40}, "finished_at": "2026-04-22T22:42:08.570600+00:00"}