{"episode_id": "map_22_containeryard_demo_native_on_0006", "episode_idx": 6, "agent_name": "GhostAgent_6", "SR": 0.0, "SPL": 0.0, "SoftSPL": 0.65872695045614, "PLR": 1.106944030298844, "nDTW": 1.0276443421490165e-29, "CLS": 0.06114575544028031, "steps": 40, "path_length_cm": 7128.36533303486, "cumulative_reward": 4613.193732146612, "ended_reason": "max_steps", "metrics": {"SR": 0.0, "SPL": 0.0, "SoftSPL": 0.65872695045614, "PLR": 1.106944030298844, "nDTW": 1.0276443421490165e-29, "CLS": 0.06114575544028031, "path_length_cm": 7128.36533303486, "cumulative_reward": 4613.193732146612}, "token_totals": {"input": 127140, "output": 6919, "calls": 40}, "finished_at": "2026-04-22T23:47:44.149150+00:00"}