{"episode_id": "map_37_dungeon_remix_on_0005", "episode_idx": 5, "agent_name": "GhostAgent_5", "SR": 0.0, "SPL": 0.0, "SoftSPL": 0.38875057289948084, "PLR": 1.0051529846719423, "nDTW": 0.38875057289948084, "CLS": 0.38875057289948084, "steps": 40, "path_length_cm": 2887.312000000001, "cumulative_reward": 1062.0364021031244, "ended_reason": "max_steps", "metrics": {"SR": 0.0, "SPL": 0.0, "SoftSPL": 0.38875057289948084, "PLR": 1.0051529846719423, "nDTW": 0.38875057289948084, "CLS": 0.38875057289948084, "path_length_cm": 2887.312000000001, "cumulative_reward": 1062.0364021031244}, "token_totals": {"input": 125013, "output": 6741, "calls": 40}, "finished_at": "2026-04-23T20:20:58.515701+00:00"}