{"episode_id": "map_11_wintertown_demo01_remix_obj_pn_0001", "episode_idx": 7, "agent_name": "GhostAgent_7", "SR": 0.0, "SPL": 0.0, "SoftSPL": 0.014521773287232819, "PLR": 1.3558984815950876, "nDTW": 1.0382437905464174e-16, "CLS": 0.040120804132138754, "steps": 40, "path_length_cm": 9368.200907006412, "cumulative_reward": 4490.975503491071, "ended_reason": "max_steps", "metrics": {"SR": 0.0, "SPL": 0.0, "SoftSPL": 0.014521773287232819, "PLR": 1.3558984815950876, "nDTW": 1.0382437905464174e-16, "CLS": 0.040120804132138754, "path_length_cm": 9368.200907006412, "cumulative_reward": 4490.975503491071}, "token_totals": {"input": 108340, "output": 3800, "calls": 40}, "finished_at": "2026-04-22T23:26:47.549812+00:00"}