{"episode_id": "map_26_courtyard_overcast_native_pn_0008", "episode_idx": 1, "agent_name": "GhostAgent_1", "SR": 0.0, "SPL": 0.0, "SoftSPL": 0.0, "PLR": 33.03803346998245, "nDTW": 8.306537262162397e-267, "CLS": 0.007574022440108025, "steps": 12, "path_length_cm": 50753.02701658704, "cumulative_reward": -47114.81116623218, "ended_reason": "step_error", "metrics": {"SR": 0.0, "SPL": 0.0, "SoftSPL": 0.0, "PLR": 33.03803346998245, "nDTW": 8.306537262162397e-267, "CLS": 0.007574022440108025, "path_length_cm": 50753.02701658704, "cumulative_reward": -47114.81116623218}, "token_totals": {"input": 34754, "output": 2793, "calls": 12}, "finished_at": "2026-04-23T18:33:26.076583+00:00"}