{"episode_id": "map_59_B10_market_plaza_obj_pn_0000", "episode_idx": 5, "agent_name": "GhostAgent_5", "SR": 0.0, "SPL": 0.0, "SoftSPL": 0.6073802835659842, "PLR": 1.084590477492414, "nDTW": 0.0032940775436348067, "CLS": 0.5867775726668774, "steps": 40, "path_length_cm": 1792.1339213893652, "cumulative_reward": 1562.555049565778, "ended_reason": "max_steps", "metrics": {"SR": 0.0, "SPL": 0.0, "SoftSPL": 0.6073802835659842, "PLR": 1.084590477492414, "nDTW": 0.0032940775436348067, "CLS": 0.5867775726668774, "path_length_cm": 1792.1339213893652, "cumulative_reward": 1562.555049565778}, "token_totals": {"input": 117705, "output": 6479, "calls": 40}, "finished_at": "2026-04-23T19:32:42.154661+00:00"}