{"episode_id": "map_03_watertown_remix_obj_on_0013", "episode_idx": 9, "agent_name": "GhostAgent_9", "SR": 0.0, "SPL": 0.0, "SoftSPL": 0.7638675240414694, "PLR": 0.8401508200459339, "nDTW": 0.01637889011543571, "CLS": 0.6560023844954292, "steps": 40, "path_length_cm": 914.1765088001811, "cumulative_reward": 818.1396195735861, "ended_reason": "max_steps", "metrics": {"SR": 0.0, "SPL": 0.0, "SoftSPL": 0.7638675240414694, "PLR": 0.8401508200459339, "nDTW": 0.01637889011543571, "CLS": 0.6560023844954292, "path_length_cm": 914.1765088001811, "cumulative_reward": 818.1396195735861}, "token_totals": {"input": 106560, "output": 3315, "calls": 40}, "finished_at": "2026-04-22T22:38:37.041637+00:00"}