{"episode_id": "map_09b_wintertown_demo02_on_0000", "episode_idx": 0, "agent_name": "GhostAgent_0", "SR": 0.0, "SPL": 0.0, "SoftSPL": 0.0, "PLR": 11.2313398547333, "nDTW": 5.877615640544536e-206, "CLS": 0.021629385866732354, "steps": 8, "path_length_cm": 48192.89312287076, "cumulative_reward": -38451.665032439094, "ended_reason": "step_error", "metrics": {"SR": 0.0, "SPL": 0.0, "SoftSPL": 0.0, "PLR": 11.2313398547333, "nDTW": 5.877615640544536e-206, "CLS": 0.021629385866732354, "path_length_cm": 48192.89312287076, "cumulative_reward": -38451.665032439094}, "token_totals": {"input": 17376, "output": 1085, "calls": 8}, "finished_at": "2026-04-23T16:47:09.751651+00:00"}