{"episode_id": "map_56_containeryard_settlement_obj_pn_0010", "episode_idx": 7, "agent_name": "GhostAgent_7", "SR": 1.0, "SPL": 0.9052034878250521, "SoftSPL": 0.8712077570814162, "PLR": 1.1047239802430688, "nDTW": 0.005376423434714733, "CLS": 0.3198840544019396, "steps": 15, "path_length_cm": 3495.501334846304, "cumulative_reward": 3071.102476244678, "ended_reason": "success", "metrics": {"SR": 1.0, "SPL": 0.9052034878250521, "SoftSPL": 0.8712077570814162, "PLR": 1.1047239802430688, "nDTW": 0.005376423434714733, "CLS": 0.3198840544019396, "path_length_cm": 3495.501334846304, "cumulative_reward": 3071.102476244678}, "token_totals": {"input": 9411, "output": 45, "calls": 15}, "finished_at": "2026-04-23T18:59:57.011495+00:00"}