{"episode_id": "map_47_wintertown_demo01_minimal_pn_0008", "episode_idx": 8, "agent_name": "GhostAgent_8", "SR": 0.0, "SPL": 0.0, "SoftSPL": 0.0, "PLR": 1.784135065798241, "nDTW": 3.6457406335992037e-115, "CLS": 0.1401392775521718, "steps": 40, "path_length_cm": 3585.8795446959107, "cumulative_reward": -923.8603158562312, "ended_reason": "max_steps", "metrics": {"SR": 0.0, "SPL": 0.0, "SoftSPL": 0.0, "PLR": 1.784135065798241, "nDTW": 3.6457406335992037e-115, "CLS": 0.1401392775521718, "path_length_cm": 3585.8795446959107, "cumulative_reward": -923.8603158562312}, "token_totals": {"input": 120153, "output": 5972, "calls": 40}, "finished_at": "2026-04-23T01:22:40.673422+00:00"}