{
  "map": "map_16_hwaseong_remix",
  "n": 20,
  "SR": 0.1,
  "SPL": 0.0870037149908307,
  "SoftSPL": 0.2961354944779943,
  "nDTW": 0.09537011304520647,
  "avg_steps": 35.75
}