{"episode_id": "map_45_B7_park_with_paths_pn_0004", "episode_idx": 4, "agent_name": "GhostAgent_4", "SR": 0.0, "SPL": 0.0, "SoftSPL": 0.21310571073867146, "PLR": 2.0071549873775223, "nDTW": 8.573979675614773e-82, "CLS": 0.16950236602331029, "steps": 40, "path_length_cm": 13860.950697182074, "cumulative_reward": 2953.4455040693574, "ended_reason": "max_steps", "metrics": {"SR": 0.0, "SPL": 0.0, "SoftSPL": 0.21310571073867146, "PLR": 2.0071549873775223, "nDTW": 8.573979675614773e-82, "CLS": 0.16950236602331029, "path_length_cm": 13860.950697182074, "cumulative_reward": 2953.4455040693574}, "token_totals": {"input": 137093, "output": 9702, "calls": 40}, "finished_at": "2026-04-23T19:03:34.996983+00:00"}