{"episode_id": "map_04_courtyard_remix_obj_on_0008", "episode_idx": 0, "agent_name": "GhostAgent_0", "SR": 0.0, "SPL": 0.0, "SoftSPL": 0.08400824297278664, "PLR": 0.13924801471135992, "nDTW": 2.78641666977249e-07, "CLS": 0.16088494167685508, "steps": 40, "path_length_cm": 586.2814862598271, "cumulative_reward": 130.2765246055355, "ended_reason": "max_steps", "metrics": {"SR": 0.0, "SPL": 0.0, "SoftSPL": 0.08400824297278664, "PLR": 0.13924801471135992, "nDTW": 2.78641666977249e-07, "CLS": 0.16088494167685508, "path_length_cm": 586.2814862598271, "cumulative_reward": 130.2765246055355}, "token_totals": {"input": 117738, "output": 5124, "calls": 40}, "finished_at": "2026-04-22T22:59:57.537645+00:00"}