{"episode_id": "map_53_courtyard_sanny_big_remix_obj_on_0001", "episode_idx": 4, "agent_name": "GhostAgent_4", "SR": 0.0, "SPL": 0.0, "SoftSPL": 0.0, "PLR": 14.576619083532401, "nDTW": 1.294909133139357e-139, "CLS": 0.004288185286415628, "steps": 14, "path_length_cm": 52319.71311033201, "cumulative_reward": -46862.20480685478, "ended_reason": "step_error", "metrics": {"SR": 0.0, "SPL": 0.0, "SoftSPL": 0.0, "PLR": 14.576619083532401, "nDTW": 1.294909133139357e-139, "CLS": 0.004288185286415628, "path_length_cm": 52319.71311033201, "cumulative_reward": -46862.20480685478}, "token_totals": {"input": 40503, "output": 2908, "calls": 14}, "finished_at": "2026-04-23T18:49:51.440593+00:00"}