{"episode_id": "map_04_courtyard_remix_on_0010", "episode_idx": 0, "agent_name": "GhostAgent_0", "SR": 0.0, "SPL": 0.0, "SoftSPL": 0.7761908139422877, "PLR": 0.2235284880957988, "nDTW": 6.92375094484855e-09, "CLS": 0.15790419094373875, "steps": 40, "path_length_cm": 1746.2067842892613, "cumulative_reward": -631.1392535840314, "ended_reason": "max_steps", "metrics": {"SR": 0.0, "SPL": 0.0, "SoftSPL": 0.7761908139422877, "PLR": 0.2235284880957988, "nDTW": 6.92375094484855e-09, "CLS": 0.15790419094373875, "path_length_cm": 1746.2067842892613, "cumulative_reward": -631.1392535840314}, "token_totals": {"input": 118809, "output": 5099, "calls": 40}, "finished_at": "2026-04-22T22:39:55.496799+00:00"}