{"episode_id": "map_49_courtyard_sunny_packed_obj_on_0016", "episode_idx": 6, "agent_name": "GhostAgent_6", "SR": 0.0, "SPL": 0.0, "SoftSPL": 0.00015142849578764217, "PLR": 0.0, "nDTW": 0.0011313903861419061, "CLS": 0.16668295255076596, "steps": 40, "path_length_cm": 0.0, "cumulative_reward": -0.4000000000000002, "ended_reason": "max_steps", "metrics": {"SR": 0.0, "SPL": 0.0, "SoftSPL": 0.00015142849578764217, "PLR": 0.0, "nDTW": 0.0011313903861419061, "CLS": 0.16668295255076596, "path_length_cm": 0.0, "cumulative_reward": -0.4000000000000002}, "token_totals": {"input": 106015, "output": 2444, "calls": 40}, "finished_at": "2026-04-23T03:42:16.452282+00:00"}