{"episode_id": "map_23_containeryard_demo_remix_pn_0011", "episode_idx": 1, "agent_name": "GhostAgent_1", "SR": 0.0, "SPL": 0.0, "SoftSPL": 0.5967517219996172, "PLR": 1.0107846893184336, "nDTW": 9.784681177226489e-30, "CLS": 0.0681727401322138, "steps": 40, "path_length_cm": 3884.9307377016135, "cumulative_reward": 2293.5965484616527, "ended_reason": "max_steps", "metrics": {"SR": 0.0, "SPL": 0.0, "SoftSPL": 0.5967517219996172, "PLR": 1.0107846893184336, "nDTW": 9.784681177226489e-30, "CLS": 0.0681727401322138, "path_length_cm": 3884.9307377016135, "cumulative_reward": 2293.5965484616527}, "token_totals": {"input": 118611, "output": 4637, "calls": 40}, "finished_at": "2026-04-23T13:14:02.987305+00:00"}