{"episode_id": "map_15_middleeast_remix_obj_on_0006", "episode_idx": 5, "agent_name": "GhostAgent_5", "SR": 0.0, "SPL": 0.0, "SoftSPL": 0.797290651426202, "PLR": 0.7806625458887488, "nDTW": 2.650540550040153e-07, "CLS": 0.24700354802104743, "steps": 40, "path_length_cm": 4676.519948019255, "cumulative_reward": 4116.742218687999, "ended_reason": "max_steps", "metrics": {"SR": 0.0, "SPL": 0.0, "SoftSPL": 0.797290651426202, "PLR": 0.7806625458887488, "nDTW": 2.650540550040153e-07, "CLS": 0.24700354802104743, "path_length_cm": 4676.519948019255, "cumulative_reward": 4116.742218687999}, "token_totals": {"input": 35159, "output": 2453, "calls": 40}, "finished_at": "2026-04-23T15:06:48.279445+00:00"}