{"episode_id": "map_04_courtyard_remix_obj_pn_0014", "episode_idx": 9, "agent_name": "GhostAgent_9", "SR": 0.0, "SPL": 0.0, "SoftSPL": 0.0, "PLR": 1.3380554977116967, "nDTW": 5.746658476934715e-09, "CLS": 0.011693521026201277, "steps": 11, "path_length_cm": 10374.211884858327, "cumulative_reward": -7818.228510219174, "ended_reason": "no_tool_call", "metrics": {"SR": 0.0, "SPL": 0.0, "SoftSPL": 0.0, "PLR": 1.3380554977116967, "nDTW": 5.746658476934715e-09, "CLS": 0.011693521026201277, "path_length_cm": 10374.211884858327, "cumulative_reward": -7818.228510219174}, "token_totals": {"input": 27964, "output": 1946, "calls": 11}, "finished_at": "2026-04-22T22:44:52.704750+00:00"}