{"episode_id": "map_40_B2_open_plaza_obj_on_0019", "episode_idx": 8, "agent_name": "GhostAgent_8", "SR": 1.0, "SPL": 0.8429530835161287, "SoftSPL": 0.8137675282405831, "PLR": 1.186305643285385, "nDTW": 2.9786285168329583e-07, "CLS": 0.21464116733187094, "steps": 22, "path_length_cm": 5665.439860638013, "cumulative_reward": 4539.644500358475, "ended_reason": "success", "metrics": {"SR": 1.0, "SPL": 0.8429530835161287, "SoftSPL": 0.8137675282405831, "PLR": 1.186305643285385, "nDTW": 2.9786285168329583e-07, "CLS": 0.21464116733187094, "path_length_cm": 5665.439860638013, "cumulative_reward": 4539.644500358475}, "token_totals": {"input": 59021, "output": 2075, "calls": 22}, "finished_at": "2026-04-23T14:01:28.768991+00:00"}