{"episode_id": "map_49_courtyard_sunny_packed_on_0009", "episode_idx": 9, "agent_name": "GhostAgent_9", "SR": 0.0, "SPL": 0.0, "SoftSPL": 0.7762638589203954, "PLR": 0.06203139117287855, "nDTW": 0.003112409886655011, "CLS": 0.18115912180022695, "steps": 40, "path_length_cm": 136.6260000000002, "cumulative_reward": 132.8564065478218, "ended_reason": "max_steps", "metrics": {"SR": 0.0, "SPL": 0.0, "SoftSPL": 0.7762638589203954, "PLR": 0.06203139117287855, "nDTW": 0.003112409886655011, "CLS": 0.18115912180022695, "path_length_cm": 136.6260000000002, "cumulative_reward": 132.8564065478218}, "token_totals": {"input": 106906, "output": 4105, "calls": 40}, "finished_at": "2026-04-23T02:05:40.659718+00:00"}