{"episode_id": "map_59_B10_market_plaza_obj_pn_0011", "episode_idx": 9, "agent_name": "GhostAgent_9", "SR": 0.0, "SPL": 0.0, "SoftSPL": 0.0, "PLR": 33.54962817212327, "nDTW": 0.0, "CLS": 0.007453190590961509, "steps": 39, "path_length_cm": 61832.971210068354, "cumulative_reward": -58730.0088967934, "ended_reason": "step_error", "metrics": {"SR": 0.0, "SPL": 0.0, "SoftSPL": 0.0, "PLR": 33.54962817212327, "nDTW": 0.0, "CLS": 0.007453190590961509, "path_length_cm": 61832.971210068354, "cumulative_reward": -58730.0088967934}, "token_totals": {"input": 122790, "output": 5983, "calls": 39}, "finished_at": "2026-04-23T19:32:42.156243+00:00"}