{"episode_id": "map_67_B12_construction_site_pn_0006", "episode_idx": 6, "agent_name": "GhostAgent_6", "SR": 0.0, "SPL": 0.0, "SoftSPL": 0.2013069978745604, "PLR": 0.10635932867258989, "nDTW": 3.663797960536653e-17, "CLS": 0.13625130554271297, "steps": 40, "path_length_cm": 789.0490152166293, "cumulative_reward": 707.5582439231748, "ended_reason": "max_steps", "metrics": {"SR": 0.0, "SPL": 0.0, "SoftSPL": 0.2013069978745604, "PLR": 0.10635932867258989, "nDTW": 3.663797960536653e-17, "CLS": 0.13625130554271297, "path_length_cm": 789.0490152166293, "cumulative_reward": 707.5582439231748}, "token_totals": {"input": 106527, "output": 3823, "calls": 40}, "finished_at": "2026-04-23T05:13:06.560738+00:00"}