{"episode_id": "map_57_gothic_day_invasion_obj_on_0010", "episode_idx": 7, "agent_name": "GhostAgent_7", "SR": 0.0, "SPL": 0.0, "SoftSPL": 0.0, "PLR": 0.3873053310013882, "nDTW": 1.524662264544326e-28, "CLS": 0.07927224191894486, "steps": 40, "path_length_cm": 2039.5460000000003, "cumulative_reward": -327.90773436283246, "ended_reason": "max_steps", "metrics": {"SR": 0.0, "SPL": 0.0, "SoftSPL": 0.0, "PLR": 0.3873053310013882, "nDTW": 1.524662264544326e-28, "CLS": 0.07927224191894486, "path_length_cm": 2039.5460000000003, "cumulative_reward": -327.90773436283246}, "token_totals": {"input": 116860, "output": 4555, "calls": 40}, "finished_at": "2026-04-23T19:09:35.072504+00:00"}