{"episode_id": "map_66_middleeast_bazaar_pn_0002", "episode_idx": 2, "agent_name": "GhostAgent_2", "SR": 0.0, "SPL": 0.0, "SoftSPL": 0.0, "PLR": 0.00936011253671142, "nDTW": 0.00013214182311320607, "CLS": 0.1279622109238082, "steps": 40, "path_length_cm": 28.128448588572958, "cumulative_reward": 26.742875983457026, "ended_reason": "max_steps", "metrics": {"SR": 0.0, "SPL": 0.0, "SoftSPL": 0.0, "PLR": 0.00936011253671142, "nDTW": 0.00013214182311320607, "CLS": 0.1279622109238082, "path_length_cm": 28.128448588572958, "cumulative_reward": 26.742875983457026}, "token_totals": {"input": 34257, "output": 2318, "calls": 40}, "finished_at": "2026-04-23T18:41:08.108741+00:00"}