{"episode_id": "map_46_B8_dense_urban_on_0007", "episode_idx": 7, "agent_name": "GhostAgent_7", "SR": 0.0, "SPL": 0.0, "SoftSPL": 0.000847780995672065, "PLR": 0.0, "nDTW": 0.000578137966297002, "CLS": 0.16667533854848923, "steps": 40, "path_length_cm": 0.0, "cumulative_reward": -0.4000000000000002, "ended_reason": "max_steps", "metrics": {"SR": 0.0, "SPL": 0.0, "SoftSPL": 0.000847780995672065, "PLR": 0.0, "nDTW": 0.000578137966297002, "CLS": 0.16667533854848923, "path_length_cm": 0.0, "cumulative_reward": -0.4000000000000002}, "token_totals": {"input": 32958, "output": 1914, "calls": 40}, "finished_at": "2026-04-23T16:05:58.732409+00:00"}