{"episode_id": "map_16_hwaseong_remix_on_0010", "episode_idx": 0, "agent_name": "GhostAgent_0", "SR": 0.0, "SPL": 0.0, "SoftSPL": 4.172795766255177e-06, "PLR": 0.0, "nDTW": 0.0038976680061362894, "CLS": 0.25000379795397154, "steps": 40, "path_length_cm": 0.0, "cumulative_reward": -0.4000000000000002, "ended_reason": "max_steps", "metrics": {"SR": 0.0, "SPL": 0.0, "SoftSPL": 4.172795766255177e-06, "PLR": 0.0, "nDTW": 0.0038976680061362894, "CLS": 0.25000379795397154, "path_length_cm": 0.0, "cumulative_reward": -0.4000000000000002}, "token_totals": {"input": 106211, "output": 2274, "calls": 40}, "finished_at": "2026-04-23T00:15:14.712327+00:00"}