{"episode_id": "map_62_trainstation_cross_remix_on_0019", "episode_idx": 9, "agent_name": "GhostAgent_9", "SR": 0.0, "SPL": 0.0, "SoftSPL": 0.6435420162811812, "PLR": 0.003015367642209149, "nDTW": 0.08211138965839353, "CLS": 0.10528790461307404, "steps": 2, "path_length_cm": 5.028999999999996, "cumulative_reward": 4.554309311659258, "ended_reason": "no_tool_call", "metrics": {"SR": 0.0, "SPL": 0.0, "SoftSPL": 0.6435420162811812, "PLR": 0.003015367642209149, "nDTW": 0.08211138965839353, "CLS": 0.10528790461307404, "path_length_cm": 5.028999999999996, "cumulative_reward": 4.554309311659258}, "token_totals": {"input": 2070, "output": 505, "calls": 2}, "finished_at": "2026-04-23T14:53:16.492174+00:00"}