{"episode_id": "map_19_wintertown_demo02_native_on_0014", "episode_idx": 1, "agent_name": "GhostAgent_1", "SR": 0.0, "SPL": 0.0, "SoftSPL": 2.946432596573345e-06, "PLR": 0.0, "nDTW": 2.946432596573345e-06, "CLS": 2.946432596573345e-06, "steps": 0, "path_length_cm": 0.0, "cumulative_reward": 0.0, "ended_reason": "spawn_blocked", "metrics": {"SR": 0.0, "SPL": 0.0, "SoftSPL": 2.946432596573345e-06, "PLR": 0.0, "nDTW": 2.946432596573345e-06, "CLS": 2.946432596573345e-06, "path_length_cm": 0.0, "cumulative_reward": 0.0}, "token_totals": {"input": 0, "output": 0, "calls": 0}, "finished_at": "2026-04-23T20:03:51.328983+00:00"}