{"episode_id": "map_59_B10_market_plaza_obj_on_0000", "episode_idx": 0, "agent_name": "GhostAgent_0", "SR": 1.0, "SPL": 1.0, "SoftSPL": 0.8896874125212267, "PLR": 0.9351758414653084, "nDTW": 0.011797088513966474, "CLS": 0.44992257179741557, "steps": 5, "path_length_cm": 1545.247153403617, "cumulative_reward": 1472.3887308605579, "ended_reason": "success", "metrics": {"SR": 1.0, "SPL": 1.0, "SoftSPL": 0.8896874125212267, "PLR": 0.9351758414653084, "nDTW": 0.011797088513966474, "CLS": 0.44992257179741557, "path_length_cm": 1545.247153403617, "cumulative_reward": 1472.3887308605579}, "token_totals": {"input": 7682, "output": 402, "calls": 5}, "finished_at": "2026-04-23T03:02:22.958892+00:00"}