{"episode_id": "map_37_dungeon_remix_pn_0003", "episode_idx": 3, "agent_name": "GhostAgent_3", "SR": 0.0, "SPL": 0.0, "SoftSPL": 0.20014021833137188, "PLR": 2.4268564306384963, "nDTW": 4.496336522801954e-28, "CLS": 0.28956749573210805, "steps": 40, "path_length_cm": 3548.5980100082224, "cumulative_reward": 878.3061310114663, "ended_reason": "max_steps", "metrics": {"SR": 0.0, "SPL": 0.0, "SoftSPL": 0.20014021833137188, "PLR": 2.4268564306384963, "nDTW": 4.496336522801954e-28, "CLS": 0.28956749573210805, "path_length_cm": 3548.5980100082224, "cumulative_reward": 878.3061310114663}, "token_totals": {"input": 125955, "output": 7304, "calls": 40}, "finished_at": "2026-04-23T16:14:30.530125+00:00"}