{"episode_id": "map_28_village_night_native_pn_0006", "episode_idx": 5, "agent_name": "GhostAgent_5", "SR": 0.0, "SPL": 0.0, "SoftSPL": 0.0, "PLR": 5.1398276694671585, "nDTW": 2.415934425283963e-104, "CLS": 0.04879605745248871, "steps": 40, "path_length_cm": 7363.060127895178, "cumulative_reward": 2988.482322973726, "ended_reason": "max_steps", "metrics": {"SR": 0.0, "SPL": 0.0, "SoftSPL": 0.0, "PLR": 5.1398276694671585, "nDTW": 2.415934425283963e-104, "CLS": 0.04879605745248871, "path_length_cm": 7363.060127895178, "cumulative_reward": 2988.482322973726}, "token_totals": {"input": 108592, "output": 3552, "calls": 40}, "finished_at": "2026-04-23T00:10:12.689037+00:00"}