{"episode_id": "map_67_B12_construction_site_pn_0016", "episode_idx": 6, "agent_name": "GhostAgent_6", "SR": 0.0, "SPL": 0.0, "SoftSPL": 0.3045111161990867, "PLR": 2.4162526816577348, "nDTW": 1.6350266397380204e-16, "CLS": 0.09393581713994002, "steps": 40, "path_length_cm": 10432.678366120417, "cumulative_reward": 3119.58715600534, "ended_reason": "max_steps", "metrics": {"SR": 0.0, "SPL": 0.0, "SoftSPL": 0.3045111161990867, "PLR": 2.4162526816577348, "nDTW": 1.6350266397380204e-16, "CLS": 0.09393581713994002, "path_length_cm": 10432.678366120417, "cumulative_reward": 3119.58715600534}, "token_totals": {"input": 129337, "output": 7713, "calls": 40}, "finished_at": "2026-04-23T05:39:06.656357+00:00"}