{"episode_id": "map_16_hwaseong_remix_on_0004", "episode_idx": 1, "agent_name": "GhostAgent_1", "SR": 0.0, "SPL": 0.0, "SoftSPL": 0.09167693512667496, "PLR": 0.489705633729115, "nDTW": 0.09167693512667496, "CLS": 0.09167693512667496, "steps": 40, "path_length_cm": 818.7878195950804, "cumulative_reward": 149.12304574717035, "ended_reason": "max_steps", "metrics": {"SR": 0.0, "SPL": 0.0, "SoftSPL": 0.09167693512667496, "PLR": 0.489705633729115, "nDTW": 0.09167693512667496, "CLS": 0.09167693512667496, "path_length_cm": 818.7878195950804, "cumulative_reward": 149.12304574717035}, "token_totals": {"input": 107520, "output": 2417, "calls": 40}, "finished_at": "2026-04-23T20:11:13.522096+00:00"}