{"episode_id": "map_27_courtyard_overcast_remix_on_0014", "episode_idx": 4, "agent_name": "GhostAgent_4", "SR": 0.0, "SPL": 0.0, "SoftSPL": 0.5013080144922394, "PLR": 0.4379361810191925, "nDTW": 4.415976835492776e-10, "CLS": 0.2983662728203165, "steps": 40, "path_length_cm": 1113.610397266464, "cumulative_reward": 1033.9553171317236, "ended_reason": "max_steps", "metrics": {"SR": 0.0, "SPL": 0.0, "SoftSPL": 0.5013080144922394, "PLR": 0.4379361810191925, "nDTW": 4.415976835492776e-10, "CLS": 0.2983662728203165, "path_length_cm": 1113.610397266464, "cumulative_reward": 1033.9553171317236}, "token_totals": {"input": 33955, "output": 1855, "calls": 40}, "finished_at": "2026-04-23T15:36:21.597935+00:00"}