{"episode_id": "map_25_containeryard_day_remix_on_0002", "episode_idx": 2, "agent_name": "GhostAgent_2", "SR": 0.0, "SPL": 0.0, "SoftSPL": 0.02183531447264586, "PLR": 0.1145196094722422, "nDTW": 0.00039967485292086304, "CLS": 0.30365920546188524, "steps": 40, "path_length_cm": 118.34800001689926, "cumulative_reward": 0.37744391747467, "ended_reason": "max_steps", "metrics": {"SR": 0.0, "SPL": 0.0, "SoftSPL": 0.02183531447264586, "PLR": 0.1145196094722422, "nDTW": 0.00039967485292086304, "CLS": 0.30365920546188524, "path_length_cm": 118.34800001689926, "cumulative_reward": 0.37744391747467}, "token_totals": {"input": 104071, "output": 2885, "calls": 40}, "finished_at": "2026-04-23T00:17:54.578935+00:00"}