{"episode_id": "map_50_B9_sparse_wilderness_on_0011", "episode_idx": 1, "agent_name": "GhostAgent_1", "SR": 0.0, "SPL": 0.0, "SoftSPL": 0.10510884737877735, "PLR": 1.1498819642273668, "nDTW": 3.237903894173866e-114, "CLS": 0.09662827582119064, "steps": 38, "path_length_cm": 8547.774068100196, "cumulative_reward": 873.9777075437116, "ended_reason": "no_tool_call", "metrics": {"SR": 0.0, "SPL": 0.0, "SoftSPL": 0.10510884737877735, "PLR": 1.1498819642273668, "nDTW": 3.237903894173866e-114, "CLS": 0.09662827582119064, "path_length_cm": 8547.774068100196, "cumulative_reward": 873.9777075437116}, "token_totals": {"input": 125744, "output": 8044, "calls": 38}, "finished_at": "2026-04-23T14:32:20.754478+00:00"}