{"episode_id": "map_25_containeryard_day_remix_obj_on_0008", "episode_idx": 5, "agent_name": "GhostAgent_5", "SR": 0.0, "SPL": 0.0, "SoftSPL": 0.6216368199441522, "PLR": 0.8625728167106104, "nDTW": 2.9743780665381513e-39, "CLS": 0.11737775300404182, "steps": 40, "path_length_cm": 6405.621000000001, "cumulative_reward": 4168.750578146245, "ended_reason": "max_steps", "metrics": {"SR": 0.0, "SPL": 0.0, "SoftSPL": 0.6216368199441522, "PLR": 0.8625728167106104, "nDTW": 2.9743780665381513e-39, "CLS": 0.11737775300404182, "path_length_cm": 6405.621000000001, "cumulative_reward": 4168.750578146245}, "token_totals": {"input": 114873, "output": 3895, "calls": 40}, "finished_at": "2026-04-23T00:49:02.998801+00:00"}