{"episode_id": "map_45_B7_park_with_paths_obj_pn_0008", "episode_idx": 8, "agent_name": "GhostAgent_8", "SR": 0.0, "SPL": 0.0, "SoftSPL": 0.28553639731818675, "PLR": 1.874571485899045, "nDTW": 4.673424305753775e-58, "CLS": 0.05941320639090285, "steps": 40, "path_length_cm": 12103.901881586686, "cumulative_reward": 3481.4572949114972, "ended_reason": "max_steps", "metrics": {"SR": 0.0, "SPL": 0.0, "SoftSPL": 0.28553639731818675, "PLR": 1.874571485899045, "nDTW": 4.673424305753775e-58, "CLS": 0.05941320639090285, "path_length_cm": 12103.901881586686, "cumulative_reward": 3481.4572949114972}, "token_totals": {"input": 122343, "output": 5555, "calls": 40}, "finished_at": "2026-04-23T19:32:11.781705+00:00"}