{"episode_id": "map_53_courtyard_sanny_big_remix_obj_on_0017", "episode_idx": 7, "agent_name": "GhostAgent_7", "SR": 0.0, "SPL": 0.0, "SoftSPL": 0.007427418322273893, "PLR": 0.12896979144092624, "nDTW": 1.0031044820058971e-10, "CLS": 0.2871129868271701, "steps": 40, "path_length_cm": 203.6639358518531, "cumulative_reward": 11.328702538845718, "ended_reason": "max_steps", "metrics": {"SR": 0.0, "SPL": 0.0, "SoftSPL": 0.007427418322273893, "PLR": 0.12896979144092624, "nDTW": 1.0031044820058971e-10, "CLS": 0.2871129868271701, "path_length_cm": 203.6639358518531, "cumulative_reward": 11.328702538845718}, "token_totals": {"input": 105074, "output": 3256, "calls": 40}, "finished_at": "2026-04-23T15:07:22.247410+00:00"}