{"episode_id": "map_11_wintertown_demo01_remix_on_0007", "episode_idx": 7, "agent_name": "GhostAgent_7", "SR": 0.0, "SPL": 0.0, "SoftSPL": 0.03673675788655384, "PLR": 0.030347101733442457, "nDTW": 2.2614699070122376e-06, "CLS": 0.1746637059558681, "steps": 40, "path_length_cm": 89.77127899278281, "cumulative_reward": 85.85481700482876, "ended_reason": "max_steps", "metrics": {"SR": 0.0, "SPL": 0.0, "SoftSPL": 0.03673675788655384, "PLR": 0.030347101733442457, "nDTW": 2.2614699070122376e-06, "CLS": 0.1746637059558681, "path_length_cm": 89.77127899278281, "cumulative_reward": 85.85481700482876}, "token_totals": {"input": 107231, "output": 3427, "calls": 40}, "finished_at": "2026-04-22T23:10:16.216629+00:00"}