{"episode_id": "map_62_trainstation_cross_remix_obj_on_0010", "episode_idx": 5, "agent_name": "GhostAgent_5", "SR": 0.0, "SPL": 0.0, "SoftSPL": 0.6447027005659702, "PLR": 0.6030803261580556, "nDTW": 0.0002618953921402329, "CLS": 0.059817133626502164, "steps": 40, "path_length_cm": 1207.7949999999996, "cumulative_reward": 405.87340501734127, "ended_reason": "max_steps", "metrics": {"SR": 0.0, "SPL": 0.0, "SoftSPL": 0.6447027005659702, "PLR": 0.6030803261580556, "nDTW": 0.0002618953921402329, "CLS": 0.059817133626502164, "path_length_cm": 1207.7949999999996, "cumulative_reward": 405.87340501734127}, "token_totals": {"input": 114458, "output": 6177, "calls": 40}, "finished_at": "2026-04-23T19:24:19.326773+00:00"}