{"episode_id": "map_64_cave_lost_expedition_pn_0001", "episode_idx": 1, "agent_name": "GhostAgent_1", "SR": 0.0, "SPL": 0.0, "SoftSPL": 0.4085853086269329, "PLR": 1.9155497893505138, "nDTW": 3.3808971657780813e-10, "CLS": 0.13949732694396538, "steps": 40, "path_length_cm": 6094.3024993207655, "cumulative_reward": 2392.9316288685727, "ended_reason": "max_steps", "metrics": {"SR": 0.0, "SPL": 0.0, "SoftSPL": 0.4085853086269329, "PLR": 1.9155497893505138, "nDTW": 3.3808971657780813e-10, "CLS": 0.13949732694396538, "path_length_cm": 6094.3024993207655, "cumulative_reward": 2392.9316288685727}, "token_totals": {"input": 133355, "output": 9069, "calls": 40}, "finished_at": "2026-04-23T19:46:02.402073+00:00"}