{"episode_id": "map_40_B2_open_plaza_pn_0017", "episode_idx": 7, "agent_name": "GhostAgent_7", "SR": 0.0, "SPL": 0.0, "SoftSPL": 0.3042111837099095, "PLR": 1.668742452306452, "nDTW": 2.6396580925904738e-115, "CLS": 0.14981509041823088, "steps": 40, "path_length_cm": 11216.235456659017, "cumulative_reward": 3411.7066068308113, "ended_reason": "max_steps", "metrics": {"SR": 0.0, "SPL": 0.0, "SoftSPL": 0.3042111837099095, "PLR": 1.668742452306452, "nDTW": 2.6396580925904738e-115, "CLS": 0.14981509041823088, "path_length_cm": 11216.235456659017, "cumulative_reward": 3411.7066068308113}, "token_totals": {"input": 126585, "output": 6793, "calls": 40}, "finished_at": "2026-04-23T16:18:24.671113+00:00"}