{"episode_id": "map_61_containeryard_day_big_remix_obj_on_0000", "episode_idx": 0, "agent_name": "GhostAgent_0", "SR": 0.0, "SPL": 0.0, "SoftSPL": 0.0, "PLR": 0.0, "nDTW": 0.0005071328468342754, "CLS": 0.2500000642959311, "steps": 40, "path_length_cm": 0.0, "cumulative_reward": -0.4000000000000002, "ended_reason": "max_steps", "metrics": {"SR": 0.0, "SPL": 0.0, "SoftSPL": 0.0, "PLR": 0.0, "nDTW": 0.0005071328468342754, "CLS": 0.2500000642959311, "path_length_cm": 0.0, "cumulative_reward": -0.4000000000000002}, "token_totals": {"input": 33210, "output": 2047, "calls": 40}, "finished_at": "2026-04-23T16:53:40.266414+00:00"}