{"episode_id": "map_53_courtyard_sanny_big_remix_obj_pn_0007", "episode_idx": 8, "agent_name": "GhostAgent_8", "SR": 0.0, "SPL": 0.0, "SoftSPL": 0.4865917418649572, "PLR": 0.21288348859275302, "nDTW": 0.0001640820324690362, "CLS": 0.03314371828504187, "steps": 3, "path_length_cm": 1305.7890000000002, "cumulative_reward": -1205.8579980017362, "ended_reason": "no_tool_call", "metrics": {"SR": 0.0, "SPL": 0.0, "SoftSPL": 0.4865917418649572, "PLR": 0.21288348859275302, "nDTW": 0.0001640820324690362, "CLS": 0.03314371828504187, "path_length_cm": 1305.7890000000002, "cumulative_reward": -1205.8579980017362}, "token_totals": {"input": 3625, "output": 505, "calls": 3}, "finished_at": "2026-04-23T19:11:53.876729+00:00"}