{"episode_id": "map_53_courtyard_sanny_big_remix_obj_pn_0004", "episode_idx": 6, "agent_name": "GhostAgent_6", "SR": 0.0, "SPL": 0.0, "SoftSPL": 0.0, "PLR": 31.65012675283183, "nDTW": 1.45387739794786e-160, "CLS": 0.002069403322304342, "steps": 14, "path_length_cm": 53080.11107590673, "cumulative_reward": -41033.06077762852, "ended_reason": "step_error", "metrics": {"SR": 0.0, "SPL": 0.0, "SoftSPL": 0.0, "PLR": 31.65012675283183, "nDTW": 1.45387739794786e-160, "CLS": 0.002069403322304342, "path_length_cm": 53080.11107590673, "cumulative_reward": -41033.06077762852}, "token_totals": {"input": 39366, "output": 2323, "calls": 14}, "finished_at": "2026-04-23T19:11:53.876246+00:00"}