{"episode_id": "map_62_trainstation_cross_remix_pn_0005", "episode_idx": 5, "agent_name": "GhostAgent_5", "SR": 0.0, "SPL": 0.0, "SoftSPL": 0.0, "PLR": 0.0100138137358906, "nDTW": 0.03986092004067717, "CLS": 0.2531948773540388, "steps": 40, "path_length_cm": 13.121000000000095, "cumulative_reward": 12.719147476455063, "ended_reason": "max_steps", "metrics": {"SR": 0.0, "SPL": 0.0, "SoftSPL": 0.0, "PLR": 0.0100138137358906, "nDTW": 0.03986092004067717, "CLS": 0.2531948773540388, "path_length_cm": 13.121000000000095, "cumulative_reward": 12.719147476455063}, "token_totals": {"input": 107122, "output": 2788, "calls": 40}, "finished_at": "2026-04-23T04:04:23.642161+00:00"}