{"episode_id": "map_67_B12_construction_site_on_0013", "episode_idx": 3, "agent_name": "GhostAgent_3", "SR": 0.0, "SPL": 0.0, "SoftSPL": 0.26788602339060263, "PLR": 1.248222990292542, "nDTW": 8.450185142704303e-19, "CLS": 0.017822160136767493, "steps": 40, "path_length_cm": 6827.517630072243, "cumulative_reward": 1634.034806809732, "ended_reason": "max_steps", "metrics": {"SR": 0.0, "SPL": 0.0, "SoftSPL": 0.26788602339060263, "PLR": 1.248222990292542, "nDTW": 8.450185142704303e-19, "CLS": 0.017822160136767493, "path_length_cm": 6827.517630072243, "cumulative_reward": 1634.034806809732}, "token_totals": {"input": 133675, "output": 8697, "calls": 40}, "finished_at": "2026-04-23T15:33:28.801601+00:00"}