{"episode_id": "map_53_courtyard_sanny_big_remix_on_0000", "episode_idx": 0, "agent_name": "GhostAgent_0", "SR": 0.0, "SPL": 0.0, "SoftSPL": 0.0, "PLR": 0.3461436923809572, "nDTW": 3.9036565081064164e-17, "CLS": 0.3834591630117545, "steps": 40, "path_length_cm": 352.37081740689064, "cumulative_reward": -352.76522448313506, "ended_reason": "max_steps", "metrics": {"SR": 0.0, "SPL": 0.0, "SoftSPL": 0.0, "PLR": 0.3461436923809572, "nDTW": 3.9036565081064164e-17, "CLS": 0.3834591630117545, "path_length_cm": 352.37081740689064, "cumulative_reward": -352.76522448313506}, "token_totals": {"input": 122331, "output": 6539, "calls": 40}, "finished_at": "2026-04-23T14:20:55.445714+00:00"}