{"episode_id": "map_57_gothic_day_invasion_obj_pn_0001", "episode_idx": 0, "agent_name": "GhostAgent_0", "SR": 0.0, "SPL": 0.0, "SoftSPL": 0.0, "PLR": 1.0398690620874804, "nDTW": 1.9964290881746988e-09, "CLS": 0.16761086388424085, "steps": 40, "path_length_cm": 6749.446925219347, "cumulative_reward": 4886.478685078811, "ended_reason": "max_steps", "metrics": {"SR": 0.0, "SPL": 0.0, "SoftSPL": 0.0, "PLR": 1.0398690620874804, "nDTW": 1.9964290881746988e-09, "CLS": 0.16761086388424085, "path_length_cm": 6749.446925219347, "cumulative_reward": 4886.478685078811}, "token_totals": {"input": 119526, "output": 6439, "calls": 40}, "finished_at": "2026-04-23T03:30:58.512381+00:00"}