{"episode_id": "map_61_containeryard_day_big_remix_obj_on_0003", "episode_idx": 3, "agent_name": "GhostAgent_3", "SR": 0.0, "SPL": 0.0, "SoftSPL": 0.0, "PLR": 0.17127652573672122, "nDTW": 2.3817097095794355e-12, "CLS": 0.3019272998132536, "steps": 40, "path_length_cm": 233.986000104707, "cumulative_reward": -214.09683498986692, "ended_reason": "max_steps", "metrics": {"SR": 0.0, "SPL": 0.0, "SoftSPL": 0.0, "PLR": 0.17127652573672122, "nDTW": 2.3817097095794355e-12, "CLS": 0.3019272998132536, "path_length_cm": 233.986000104707, "cumulative_reward": -214.09683498986692}, "token_totals": {"input": 37978, "output": 3084, "calls": 40}, "finished_at": "2026-04-23T16:53:40.269100+00:00"}