{"episode_id": "map_05_middleeast_native_obj_pn_0019", "episode_idx": 3, "agent_name": "GhostAgent_3", "SR": 0.0, "SPL": 0.0, "SoftSPL": 0.0, "PLR": 6.541381225451569, "nDTW": 1.1108331799314285e-99, "CLS": 0.017886328214950335, "steps": 40, "path_length_cm": 8104.509683085475, "cumulative_reward": 949.2538114943295, "ended_reason": "max_steps", "metrics": {"SR": 0.0, "SPL": 0.0, "SoftSPL": 0.0, "PLR": 6.541381225451569, "nDTW": 1.1108331799314285e-99, "CLS": 0.017886328214950335, "path_length_cm": 8104.509683085475, "cumulative_reward": 949.2538114943295}, "token_totals": {"input": 530380, "output": 9475, "calls": 40}, "finished_at": "2026-04-22T22:02:00.033126+00:00"}