{
  "map": "map_04_courtyard_remix",
  "n": 40,
  "SR": 0.1,
  "SPL": 0.09494046632749953,
  "SoftSPL": 0.5021070301368168,
  "nDTW": 0.00728819818923924,
  "avg_steps": 32.725
}