{"episode_id": "map_05_middleeast_native_obj_on_0013", "episode_idx": 3, "agent_name": "GhostAgent_3", "SR": 0.0, "SPL": 0.0, "SoftSPL": 0.5646524409656263, "PLR": 0.0023752944148339897, "nDTW": 0.00035509305588189255, "CLS": 0.03674553974758603, "steps": 40, "path_length_cm": 12.78727871753804, "cumulative_reward": -13.117546647398186, "ended_reason": "max_steps", "metrics": {"SR": 0.0, "SPL": 0.0, "SoftSPL": 0.5646524409656263, "PLR": 0.0023752944148339897, "nDTW": 0.00035509305588189255, "CLS": 0.03674553974758603, "path_length_cm": 12.78727871753804, "cumulative_reward": -13.117546647398186}, "token_totals": {"input": 107041, "output": 2245, "calls": 40}, "finished_at": "2026-04-23T12:43:39.846564+00:00"}