{"episode_id": "map_10_B1_urban_grid_on_0014", "episode_idx": 4, "agent_name": "GhostAgent_4", "SR": 0.0, "SPL": 0.0, "SoftSPL": 0.15225731033536372, "PLR": 0.7284825607959948, "nDTW": 1.1720144245520701e-25, "CLS": 0.3431791144381978, "steps": 16, "path_length_cm": 3842.293849011179, "cumulative_reward": 802.912018921819, "ended_reason": "no_tool_call", "metrics": {"SR": 0.0, "SPL": 0.0, "SoftSPL": 0.15225731033536372, "PLR": 0.7284825607959948, "nDTW": 1.1720144245520701e-25, "CLS": 0.3431791144381978, "path_length_cm": 3842.293849011179, "cumulative_reward": 802.912018921819}, "token_totals": {"input": 47091, "output": 3246, "calls": 16}, "finished_at": "2026-04-23T13:13:44.057064+00:00"}