{"episode_id": "map_13_watertown_native_pn_0014", "episode_idx": 4, "agent_name": "GhostAgent_4", "SR": 0.0, "SPL": 0.0, "SoftSPL": 0.0, "PLR": 0.1795465062645788, "nDTW": 4.223207347614945e-30, "CLS": 0.23419349104560352, "steps": 40, "path_length_cm": 902.856788611685, "cumulative_reward": -848.8550026584016, "ended_reason": "max_steps", "metrics": {"SR": 0.0, "SPL": 0.0, "SoftSPL": 0.0, "PLR": 0.1795465062645788, "nDTW": 4.223207347614945e-30, "CLS": 0.23419349104560352, "path_length_cm": 902.856788611685, "cumulative_reward": -848.8550026584016}, "token_totals": {"input": 125507, "output": 6690, "calls": 40}, "finished_at": "2026-04-23T18:23:08.744353+00:00"}