{"episode_id": "map_53_courtyard_sanny_big_remix_on_0018", "episode_idx": 2, "agent_name": "GhostAgent_2", "SR": 0.0, "SPL": 0.0, "SoftSPL": 0.0, "PLR": 9.819801341773303, "nDTW": 1.3683362075837215e-63, "CLS": 0.0010595099171729705, "steps": 31, "path_length_cm": 55213.600608361914, "cumulative_reward": -51298.04871234531, "ended_reason": "step_error", "metrics": {"SR": 0.0, "SPL": 0.0, "SoftSPL": 0.0, "PLR": 9.819801341773303, "nDTW": 1.3683362075837215e-63, "CLS": 0.0010595099171729705, "path_length_cm": 55213.600608361914, "cumulative_reward": -51298.04871234531}, "token_totals": {"input": 101932, "output": 6576, "calls": 31}, "finished_at": "2026-04-23T18:49:51.439661+00:00"}