{"episode_id": "map_13_watertown_native_pn_0012", "episode_idx": 2, "agent_name": "GhostAgent_2", "SR": 0.0, "SPL": 0.0, "SoftSPL": 0.2844959585951684, "PLR": 0.2738745746534083, "nDTW": 0.0001226251047860767, "CLS": 0.3364266514914275, "steps": 40, "path_length_cm": 463.8832770564499, "cumulative_reward": 262.9377433516331, "ended_reason": "max_steps", "metrics": {"SR": 0.0, "SPL": 0.0, "SoftSPL": 0.2844959585951684, "PLR": 0.2738745746534083, "nDTW": 0.0001226251047860767, "CLS": 0.3364266514914275, "path_length_cm": 463.8832770564499, "cumulative_reward": 262.9377433516331}, "token_totals": {"input": 106492, "output": 3920, "calls": 40}, "finished_at": "2026-04-23T18:23:08.649972+00:00"}