{"episode_id": "map_08_cave_remix_on_0008", "episode_idx": 8, "agent_name": "GhostAgent_8", "SR": 0.0, "SPL": 0.0, "SoftSPL": 0.1473441414064257, "PLR": 0.0, "nDTW": 1.913083314091485e-08, "CLS": 0.06250007263345787, "steps": 40, "path_length_cm": 0.0, "cumulative_reward": -0.4000000000000002, "ended_reason": "max_steps", "metrics": {"SR": 0.0, "SPL": 0.0, "SoftSPL": 0.1473441414064257, "PLR": 0.0, "nDTW": 1.913083314091485e-08, "CLS": 0.06250007263345787, "path_length_cm": 0.0, "cumulative_reward": -0.4000000000000002}, "token_totals": {"input": 32792, "output": 1705, "calls": 40}, "finished_at": "2026-04-23T14:47:31.348306+00:00"}