{"episode_id": "map_34_temple_plaza_native_pn_0011", "episode_idx": 1, "agent_name": "GhostAgent_1", "SR": 0.0, "SPL": 0.0, "SoftSPL": 0.4470004657653122, "PLR": 0.00011576967896297018, "nDTW": 2.1816269957566795e-05, "CLS": 0.04579099849126229, "steps": 40, "path_length_cm": 0.5791459228897857, "cumulative_reward": 0.1261736341481079, "ended_reason": "max_steps", "metrics": {"SR": 0.0, "SPL": 0.0, "SoftSPL": 0.4470004657653122, "PLR": 0.00011576967896297018, "nDTW": 2.1816269957566795e-05, "CLS": 0.04579099849126229, "path_length_cm": 0.5791459228897857, "cumulative_reward": 0.1261736341481079}, "token_totals": {"input": 32394, "output": 1874, "calls": 40}, "finished_at": "2026-04-23T15:42:13.684329+00:00"}