{"episode_id": "map_13_watertown_native_pn_0007", "episode_idx": 7, "agent_name": "GhostAgent_7", "SR": 0.0, "SPL": 0.0, "SoftSPL": 0.2972857999288105, "PLR": 2.7345532111666624, "nDTW": 7.684549930643951e-36, "CLS": 0.13416781267012803, "steps": 40, "path_length_cm": 9572.002714835673, "cumulative_reward": 2845.2194547437734, "ended_reason": "max_steps", "metrics": {"SR": 0.0, "SPL": 0.0, "SoftSPL": 0.2972857999288105, "PLR": 2.7345532111666624, "nDTW": 7.684549930643951e-36, "CLS": 0.13416781267012803, "path_length_cm": 9572.002714835673, "cumulative_reward": 2845.2194547437734}, "token_totals": {"input": 118239, "output": 4709, "calls": 40}, "finished_at": "2026-04-23T18:06:42.728339+00:00"}