{"episode_id": "map_59_B10_market_plaza_obj_pn_0016", "episode_idx": 0, "agent_name": "GhostAgent_0", "SR": 0.0, "SPL": 0.0, "SoftSPL": 2.969221327697724e-07, "PLR": 0.0, "nDTW": 7.046204340062577e-06, "CLS": 0.25000000001241224, "steps": 40, "path_length_cm": 0.0, "cumulative_reward": -0.4000000000000002, "ended_reason": "max_steps", "metrics": {"SR": 0.0, "SPL": 0.0, "SoftSPL": 2.969221327697724e-07, "PLR": 0.0, "nDTW": 7.046204340062577e-06, "CLS": 0.25000000001241224, "path_length_cm": 0.0, "cumulative_reward": -0.4000000000000002}, "token_totals": {"input": 114607, "output": 4458, "calls": 40}, "finished_at": "2026-04-23T19:42:32.895576+00:00"}