{
  "map": "map_23_containeryard_demo_remix",
  "n": 10,
  "SR": 0.3,
  "SPL": 0.19882302576423552,
  "SoftSPL": 0.40218909401653835,
  "nDTW": 0.000646761562979353,
  "avg_steps": 34.1
}