{"episode_id": "map_50_B9_sparse_wilderness_pn_0009", "episode_idx": 9, "agent_name": "GhostAgent_9", "SR": 1.0, "SPL": 1.0, "SoftSPL": 0.9791043936590097, "PLR": 0.9854571020573969, "nDTW": 5.676127631058712e-17, "CLS": 0.29322200962262074, "steps": 21, "path_length_cm": 7520.949475475929, "cumulative_reward": 7408.91639105992, "ended_reason": "success", "metrics": {"SR": 1.0, "SPL": 1.0, "SoftSPL": 0.9791043936590097, "PLR": 0.9854571020573969, "nDTW": 5.676127631058712e-17, "CLS": 0.29322200962262074, "path_length_cm": 7520.949475475929, "cumulative_reward": 7408.91639105992}, "token_totals": {"input": 51633, "output": 1667, "calls": 21}, "finished_at": "2026-04-23T19:10:54.945711+00:00"}