{"episode_id": "map_37_dungeon_remix_pn_0001", "episode_idx": 1, "agent_name": "GhostAgent_1", "SR": 0.0, "SPL": 0.0, "SoftSPL": 0.0, "PLR": 0.5551636993883958, "nDTW": 2.880424126057465e-53, "CLS": 0.4503334528203588, "steps": 40, "path_length_cm": 1223.6029999999998, "cumulative_reward": -122.98840967828627, "ended_reason": "max_steps", "metrics": {"SR": 0.0, "SPL": 0.0, "SoftSPL": 0.0, "PLR": 0.5551636993883958, "nDTW": 2.880424126057465e-53, "CLS": 0.4503334528203588, "path_length_cm": 1223.6029999999998, "cumulative_reward": -122.98840967828627}, "token_totals": {"input": 130927, "output": 8333, "calls": 40}, "finished_at": "2026-04-23T16:14:30.529293+00:00"}