{"episode_id": "map_42_B4_industrial_yard_on_0003", "episode_idx": 3, "agent_name": "GhostAgent_3", "SR": 0.0, "SPL": 0.0, "SoftSPL": 0.6372330362103522, "PLR": 0.6395324896081979, "nDTW": 2.409009146205574e-48, "CLS": 0.3935301311295774, "steps": 40, "path_length_cm": 2009.8395691169953, "cumulative_reward": 2002.2170170716781, "ended_reason": "max_steps", "metrics": {"SR": 0.0, "SPL": 0.0, "SoftSPL": 0.6372330362103522, "PLR": 0.6395324896081979, "nDTW": 2.409009146205574e-48, "CLS": 0.3935301311295774, "path_length_cm": 2009.8395691169953, "cumulative_reward": 2002.2170170716781}, "token_totals": {"input": 32248, "output": 1603, "calls": 40}, "finished_at": "2026-04-23T15:54:15.639004+00:00"}