{"episode_id": "map_34_temple_plaza_native_on_0006", "episode_idx": 6, "agent_name": "GhostAgent_6", "SR": 0.0, "SPL": 0.0, "SoftSPL": 0.06535055782472887, "PLR": 0.0, "nDTW": 0.012906324008992455, "CLS": 0.10428628310608853, "steps": 40, "path_length_cm": 0.0, "cumulative_reward": -0.4000000000000002, "ended_reason": "max_steps", "metrics": {"SR": 0.0, "SPL": 0.0, "SoftSPL": 0.06535055782472887, "PLR": 0.0, "nDTW": 0.012906324008992455, "CLS": 0.10428628310608853, "path_length_cm": 0.0, "cumulative_reward": -0.4000000000000002}, "token_totals": {"input": 31356, "output": 1472, "calls": 40}, "finished_at": "2026-04-23T15:29:23.957936+00:00"}