{"episode_id": "map_28_village_night_native_on_0018", "episode_idx": 8, "agent_name": "GhostAgent_8", "SR": 0.0, "SPL": 0.0, "SoftSPL": 0.0, "PLR": 0.32053023430754884, "nDTW": 1.6272684576452418e-12, "CLS": 0.3240092721079528, "steps": 40, "path_length_cm": 377.5750001072633, "cumulative_reward": -77.34302777259825, "ended_reason": "max_steps", "metrics": {"SR": 0.0, "SPL": 0.0, "SoftSPL": 0.0, "PLR": 0.32053023430754884, "nDTW": 1.6272684576452418e-12, "CLS": 0.3240092721079528, "path_length_cm": 377.5750001072633, "cumulative_reward": -77.34302777259825}, "token_totals": {"input": 107831, "output": 4031, "calls": 40}, "finished_at": "2026-04-23T00:53:39.826368+00:00"}