{"episode_id": "map_37_dungeon_remix_pn_0000", "episode_idx": 0, "agent_name": "GhostAgent_0", "SR": 0.0, "SPL": 0.0, "SoftSPL": 0.0, "PLR": 0.9284286328445052, "nDTW": 1.8850977446388573e-76, "CLS": 0.26927360480637536, "steps": 40, "path_length_cm": 2389.431782347604, "cumulative_reward": 540.3810350425101, "ended_reason": "max_steps", "metrics": {"SR": 0.0, "SPL": 0.0, "SoftSPL": 0.0, "PLR": 0.9284286328445052, "nDTW": 1.8850977446388573e-76, "CLS": 0.26927360480637536, "path_length_cm": 2389.431782347604, "cumulative_reward": 540.3810350425101}, "token_totals": {"input": 122176, "output": 5699, "calls": 40}, "finished_at": "2026-04-23T16:14:30.528723+00:00"}