{"episode_id": "map_68_B13_suburban_park_pn_0010", "episode_idx": 0, "agent_name": "GhostAgent_0", "SR": 0.0, "SPL": 0.0, "SoftSPL": 0.18410786088147607, "PLR": 1.9144523684848598, "nDTW": 3.6036168306069557e-152, "CLS": 0.130585647484872, "steps": 40, "path_length_cm": 13429.749353255498, "cumulative_reward": 2472.1227107084405, "ended_reason": "max_steps", "metrics": {"SR": 0.0, "SPL": 0.0, "SoftSPL": 0.18410786088147607, "PLR": 1.9144523684848598, "nDTW": 3.6036168306069557e-152, "CLS": 0.130585647484872, "path_length_cm": 13429.749353255498, "cumulative_reward": 2472.1227107084405}, "token_totals": {"input": 127039, "output": 6763, "calls": 40}, "finished_at": "2026-04-23T05:17:29.148347+00:00"}