{"episode_id": "map_53_courtyard_sanny_big_remix_on_0012", "episode_idx": 2, "agent_name": "GhostAgent_2", "SR": 0.0, "SPL": 0.0, "SoftSPL": 0.6622757422036357, "PLR": 0.008515457636445832, "nDTW": 0.0006903864986275878, "CLS": 0.06577025947894818, "steps": 40, "path_length_cm": 34.662000000000035, "cumulative_reward": 32.27950491603082, "ended_reason": "max_steps", "metrics": {"SR": 0.0, "SPL": 0.0, "SoftSPL": 0.6622757422036357, "PLR": 0.008515457636445832, "nDTW": 0.0006903864986275878, "CLS": 0.06577025947894818, "path_length_cm": 34.662000000000035, "cumulative_reward": 32.27950491603082}, "token_totals": {"input": 106921, "output": 3527, "calls": 40}, "finished_at": "2026-04-23T14:35:50.146741+00:00"}