{"episode_id": "map_56_containeryard_settlement_obj_pn_0008", "episode_idx": 5, "agent_name": "GhostAgent_5", "SR": 0.0, "SPL": 0.0, "SoftSPL": 0.0, "PLR": 0.0, "nDTW": 1.4926005396213272e-07, "CLS": 0.25000000000000555, "steps": 40, "path_length_cm": 0.0, "cumulative_reward": -0.4000000000000002, "ended_reason": "max_steps", "metrics": {"SR": 0.0, "SPL": 0.0, "SoftSPL": 0.0, "PLR": 0.0, "nDTW": 1.4926005396213272e-07, "CLS": 0.25000000000000555, "path_length_cm": 0.0, "cumulative_reward": -0.4000000000000002}, "token_totals": {"input": 34709, "output": 2341, "calls": 40}, "finished_at": "2026-04-23T18:59:57.010520+00:00"}