{"episode_id": "map_01_wintertown_native_pn_0009", "episode_idx": 2, "agent_name": "GhostAgent_2", "SR": 0.0, "SPL": 0.0, "SoftSPL": 0.0, "PLR": 1.5381412670036492, "nDTW": 0.004904108501426603, "CLS": 0.4820515591265036, "steps": 40, "path_length_cm": 1684.1416360676358, "cumulative_reward": 1025.1436398523783, "ended_reason": "max_steps", "metrics": {"SR": 0.0, "SPL": 0.0, "SoftSPL": 0.0, "PLR": 1.5381412670036492, "nDTW": 0.004904108501426603, "CLS": 0.4820515591265036, "path_length_cm": 1684.1416360676358, "cumulative_reward": 1025.1436398523783}, "token_totals": {"input": 490838, "output": 8248, "calls": 40}, "finished_at": "2026-04-22T20:01:44.187470+00:00"}