{"episode_id": "map_20_trainstation_native_obj_on_0003", "episode_idx": 3, "agent_name": "GhostAgent_3", "SR": 0.0, "SPL": 0.0, "SoftSPL": 0.10752739218295515, "PLR": 0.10894136237479345, "nDTW": 2.544198554427809e-05, "CLS": 0.30656113704387067, "steps": 40, "path_length_cm": 376.42400000000004, "cumulative_reward": 370.39884572459005, "ended_reason": "max_steps", "metrics": {"SR": 0.0, "SPL": 0.0, "SoftSPL": 0.10752739218295515, "PLR": 0.10894136237479345, "nDTW": 2.544198554427809e-05, "CLS": 0.30656113704387067, "path_length_cm": 376.42400000000004, "cumulative_reward": 370.39884572459005}, "token_totals": {"input": 101913, "output": 3453, "calls": 40}, "finished_at": "2026-04-23T17:39:38.786839+00:00"}