{"episode_id": "map_01_wintertown_native_pn_0018", "episode_idx": 4, "agent_name": "GhostAgent_4", "SR": 0.0, "SPL": 0.0, "SoftSPL": 0.0, "PLR": 0.0, "nDTW": 8.900985310681294e-05, "CLS": 0.2500000019806885, "steps": 40, "path_length_cm": 0.0, "cumulative_reward": -0.4000000000000002, "ended_reason": "max_steps", "metrics": {"SR": 0.0, "SPL": 0.0, "SoftSPL": 0.0, "PLR": 0.0, "nDTW": 8.900985310681294e-05, "CLS": 0.2500000019806885, "path_length_cm": 0.0, "cumulative_reward": -0.4000000000000002}, "token_totals": {"input": 407669, "output": 3555, "calls": 40}, "finished_at": "2026-04-22T20:26:28.689132+00:00"}