{"episode_id": "map_28_village_night_native_on_0010", "episode_idx": 0, "agent_name": "GhostAgent_0", "SR": 1.0, "SPL": 0.3820104778363256, "SoftSPL": 0.33934157493787726, "PLR": 2.61772924571052, "nDTW": 1.2907724874183907e-13, "CLS": 0.23402585131323134, "steps": 24, "path_length_cm": 2672.8062690402694, "cumulative_reward": 909.2021520880958, "ended_reason": "success", "metrics": {"SR": 1.0, "SPL": 0.3820104778363256, "SoftSPL": 0.33934157493787726, "PLR": 2.61772924571052, "nDTW": 1.2907724874183907e-13, "CLS": 0.23402585131323134, "path_length_cm": 2672.8062690402694, "cumulative_reward": 909.2021520880958}, "token_totals": {"input": 73179, "output": 4154, "calls": 24}, "finished_at": "2026-04-23T00:53:39.819989+00:00"}