{"episode_id": "map_22_containeryard_demo_native_obj_on_0017", "episode_idx": 5, "agent_name": "GhostAgent_5", "SR": 0.0, "SPL": 0.0, "SoftSPL": 0.0, "PLR": 4.629228678790477, "nDTW": 1.5963527670146803e-239, "CLS": 0.02407482493948628, "steps": 40, "path_length_cm": 15978.291999999998, "cumulative_reward": -14468.200402961998, "ended_reason": "max_steps", "metrics": {"SR": 0.0, "SPL": 0.0, "SoftSPL": 0.0, "PLR": 4.629228678790477, "nDTW": 1.5963527670146803e-239, "CLS": 0.02407482493948628, "path_length_cm": 15978.291999999998, "cumulative_reward": -14468.200402961998}, "token_totals": {"input": 141761, "output": 9643, "calls": 40}, "finished_at": "2026-04-23T00:32:11.175235+00:00"}