{"episode_id": "map_47_wintertown_demo01_minimal_pn_0005", "episode_idx": 5, "agent_name": "GhostAgent_5", "SR": 1.0, "SPL": 0.9862183800578338, "SoftSPL": 0.9616298773320302, "PLR": 1.013974207154158, "nDTW": 1.1179090954024081e-05, "CLS": 0.32204515828230534, "steps": 13, "path_length_cm": 4078.670689309314, "cumulative_reward": 3875.5377539031415, "ended_reason": "success", "metrics": {"SR": 1.0, "SPL": 0.9862183800578338, "SoftSPL": 0.9616298773320302, "PLR": 1.013974207154158, "nDTW": 1.1179090954024081e-05, "CLS": 0.32204515828230534, "path_length_cm": 4078.670689309314, "cumulative_reward": 3875.5377539031415}, "token_totals": {"input": 31440, "output": 1685, "calls": 13}, "finished_at": "2026-04-23T01:22:40.672479+00:00"}