{"episode_id": "map_66_middleeast_bazaar_pn_0012", "episode_idx": 2, "agent_name": "GhostAgent_2", "SR": 0.0, "SPL": 0.0, "SoftSPL": 0.02339053105943334, "PLR": 0.0, "nDTW": 0.0001068653451910653, "CLS": 0.15433766933553916, "steps": 40, "path_length_cm": 0.0, "cumulative_reward": -0.4000000000000002, "ended_reason": "max_steps", "metrics": {"SR": 0.0, "SPL": 0.0, "SoftSPL": 0.02339053105943334, "PLR": 0.0, "nDTW": 0.0001068653451910653, "CLS": 0.15433766933553916, "path_length_cm": 0.0, "cumulative_reward": -0.4000000000000002}, "token_totals": {"input": 35909, "output": 2761, "calls": 40}, "finished_at": "2026-04-23T18:51:48.323408+00:00"}