{"episode_id": "map_47_wintertown_demo01_minimal_obj_on_0011", "episode_idx": 1, "agent_name": "GhostAgent_1", "SR": 0.0, "SPL": 0.0, "SoftSPL": 0.22819676469187877, "PLR": 0.9558892282314766, "nDTW": 9.78822713818608e-43, "CLS": 0.029061267773778002, "steps": 40, "path_length_cm": 6767.542793602337, "cumulative_reward": 1536.8318520061503, "ended_reason": "max_steps", "metrics": {"SR": 0.0, "SPL": 0.0, "SoftSPL": 0.22819676469187877, "PLR": 0.9558892282314766, "nDTW": 9.78822713818608e-43, "CLS": 0.029061267773778002, "path_length_cm": 6767.542793602337, "cumulative_reward": 1536.8318520061503}, "token_totals": {"input": 135531, "output": 9211, "calls": 40}, "finished_at": "2026-04-23T02:13:36.054374+00:00"}