{"episode_id": "map_60_B11_forest_camp_pn_0017", "episode_idx": 7, "agent_name": "GhostAgent_7", "SR": 0.0, "SPL": 0.0, "SoftSPL": 0.0, "PLR": 4.955717300517454, "nDTW": 8.592714068087206e-70, "CLS": 0.05052723729089198, "steps": 40, "path_length_cm": 11197.889255076236, "cumulative_reward": -12.42646559772904, "ended_reason": "max_steps", "metrics": {"SR": 0.0, "SPL": 0.0, "SoftSPL": 0.0, "PLR": 4.955717300517454, "nDTW": 8.592714068087206e-70, "CLS": 0.05052723729089198, "path_length_cm": 11197.889255076236, "cumulative_reward": -12.42646559772904}, "token_totals": {"input": 129683, "output": 7435, "calls": 40}, "finished_at": "2026-04-23T17:32:07.937064+00:00"}