{"episode_id": "map_20_trainstation_native_obj_on_0017", "episode_idx": 7, "agent_name": "GhostAgent_7", "SR": 0.0, "SPL": 0.0, "SoftSPL": 0.3126378390341913, "PLR": 0.9129122477263809, "nDTW": 1.6386389464071506e-62, "CLS": 0.043815821697089086, "steps": 40, "path_length_cm": 7176.530987091763, "cumulative_reward": 2373.1727825966973, "ended_reason": "max_steps", "metrics": {"SR": 0.0, "SPL": 0.0, "SoftSPL": 0.3126378390341913, "PLR": 0.9129122477263809, "nDTW": 1.6386389464071506e-62, "CLS": 0.043815821697089086, "path_length_cm": 7176.530987091763, "cumulative_reward": 2373.1727825966973}, "token_totals": {"input": 122179, "output": 5724, "calls": 40}, "finished_at": "2026-04-23T17:54:54.512498+00:00"}