{"episode_id": "map_40_B2_open_plaza_pn_0018", "episode_idx": 8, "agent_name": "GhostAgent_8", "SR": 0.0, "SPL": 0.0, "SoftSPL": 0.0, "PLR": 0.0, "nDTW": 3.140117568648706e-07, "CLS": 0.25000000000002465, "steps": 40, "path_length_cm": 0.0, "cumulative_reward": -0.4000000000000002, "ended_reason": "max_steps", "metrics": {"SR": 0.0, "SPL": 0.0, "SoftSPL": 0.0, "PLR": 0.0, "nDTW": 3.140117568648706e-07, "CLS": 0.25000000000002465, "path_length_cm": 0.0, "cumulative_reward": -0.4000000000000002}, "token_totals": {"input": 117828, "output": 5366, "calls": 40}, "finished_at": "2026-04-23T16:18:24.671448+00:00"}