{"episode_id": "map_20_trainstation_native_on_0009", "episode_idx": 9, "agent_name": "GhostAgent_9", "SR": 1.0, "SPL": 0.37712311292894835, "SoftSPL": 0.3712480543865235, "PLR": 2.6516539711221685, "nDTW": 1.6006659913880823e-21, "CLS": 0.09057517164835914, "steps": 23, "path_length_cm": 6100.129960566549, "cumulative_reward": 1946.0366695683463, "ended_reason": "success", "metrics": {"SR": 1.0, "SPL": 0.37712311292894835, "SoftSPL": 0.3712480543865235, "PLR": 2.6516539711221685, "nDTW": 1.6006659913880823e-21, "CLS": 0.09057517164835914, "path_length_cm": 6100.129960566549, "cumulative_reward": 1946.0366695683463}, "token_totals": {"input": 69111, "output": 3898, "calls": 23}, "finished_at": "2026-04-23T17:10:14.552845+00:00"}