{"episode_id": "map_22_containeryard_demo_native_on_0011", "episode_idx": 1, "agent_name": "GhostAgent_1", "SR": 0.0, "SPL": 0.0, "SoftSPL": 0.0, "PLR": 0.04876309170764629, "nDTW": 0.0004324544619633599, "CLS": 0.26402623920754636, "steps": 40, "path_length_cm": 51.95999999999958, "cumulative_reward": -6.816939905938071, "ended_reason": "max_steps", "metrics": {"SR": 0.0, "SPL": 0.0, "SoftSPL": 0.0, "PLR": 0.04876309170764629, "nDTW": 0.0004324544619633599, "CLS": 0.26402623920754636, "path_length_cm": 51.95999999999958, "cumulative_reward": -6.816939905938071}, "token_totals": {"input": 113789, "output": 5086, "calls": 40}, "finished_at": "2026-04-23T00:04:06.395388+00:00"}