{"episode_id": "map_40_B2_open_plaza_obj_pn_0003", "episode_idx": 3, "agent_name": "GhostAgent_3", "SR": 0.0, "SPL": 0.0, "SoftSPL": 0.0, "PLR": 1.7571331457874753, "nDTW": 6.521709890237723e-71, "CLS": 0.015808579030953757, "steps": 40, "path_length_cm": 13298.299931285856, "cumulative_reward": -2906.0005800495137, "ended_reason": "max_steps", "metrics": {"SR": 0.0, "SPL": 0.0, "SoftSPL": 0.0, "PLR": 1.7571331457874753, "nDTW": 6.521709890237723e-71, "CLS": 0.015808579030953757, "path_length_cm": 13298.299931285856, "cumulative_reward": -2906.0005800495137}, "token_totals": {"input": 128627, "output": 7217, "calls": 40}, "finished_at": "2026-04-23T16:36:21.276785+00:00"}