{"episode_id": "map_66_middleeast_bazaar_obj_pn_0002", "episode_idx": 2, "agent_name": "GhostAgent_2", "SR": 0.0, "SPL": 0.0, "SoftSPL": 0.5238522531098128, "PLR": 0.0, "nDTW": 0.09891587512902293, "CLS": 0.14293390750668925, "steps": 40, "path_length_cm": 0.0, "cumulative_reward": -0.4000000000000002, "ended_reason": "max_steps", "metrics": {"SR": 0.0, "SPL": 0.0, "SoftSPL": 0.5238522531098128, "PLR": 0.0, "nDTW": 0.09891587512902293, "CLS": 0.14293390750668925, "path_length_cm": 0.0, "cumulative_reward": -0.4000000000000002}, "token_totals": {"input": 34272, "output": 2497, "calls": 40}, "finished_at": "2026-04-23T19:04:36.074014+00:00"}