{"episode_id": "map_18_cave_native_on_0005", "episode_idx": 5, "agent_name": "GhostAgent_5", "SR": 1.0, "SPL": 0.9035435374717632, "SoftSPL": 0.8681632098062233, "PLR": 1.1067535304365466, "nDTW": 1.1493112906393635e-09, "CLS": 0.5388506204368857, "steps": 12, "path_length_cm": 3436.2372937640853, "cumulative_reward": 2985.5826540129406, "ended_reason": "success", "metrics": {"SR": 1.0, "SPL": 0.9035435374717632, "SoftSPL": 0.8681632098062233, "PLR": 1.1067535304365466, "nDTW": 1.1493112906393635e-09, "CLS": 0.5388506204368857, "path_length_cm": 3436.2372937640853, "cumulative_reward": 2985.5826540129406}, "token_totals": {"input": 29580, "output": 1810, "calls": 12}, "finished_at": "2026-04-23T16:57:38.526586+00:00"}