{"episode_id": "map_04_courtyard_remix_obj_pn_0015", "episode_idx": 7, "agent_name": "GhostAgent_7", "SR": 0.0, "SPL": 0.0, "SoftSPL": 0.07144647701488349, "PLR": 0.8632627994654579, "nDTW": 2.7911360943628525e-25, "CLS": 0.07337846483236363, "steps": 40, "path_length_cm": 1746.3720106906267, "cumulative_reward": 166.41646139319772, "ended_reason": "max_steps", "metrics": {"SR": 0.0, "SPL": 0.0, "SoftSPL": 0.07144647701488349, "PLR": 0.8632627994654579, "nDTW": 2.7911360943628525e-25, "CLS": 0.07337846483236363, "path_length_cm": 1746.3720106906267, "cumulative_reward": 166.41646139319772}, "token_totals": {"input": 115918, "output": 5071, "calls": 40}, "finished_at": "2026-04-23T15:06:05.242735+00:00"}