{"episode_id": "map_47_wintertown_demo01_minimal_obj_on_0003", "episode_idx": 3, "agent_name": "GhostAgent_3", "SR": 0.0, "SPL": 0.0, "SoftSPL": 0.37202873787850504, "PLR": 2.314874054297231, "nDTW": 2.0004535694790998e-12, "CLS": 0.05778179345113133, "steps": 40, "path_length_cm": 7596.5601428034215, "cumulative_reward": 2824.108248441011, "ended_reason": "max_steps", "metrics": {"SR": 0.0, "SPL": 0.0, "SoftSPL": 0.37202873787850504, "PLR": 2.314874054297231, "nDTW": 2.0004535694790998e-12, "CLS": 0.05778179345113133, "path_length_cm": 7596.5601428034215, "cumulative_reward": 2824.108248441011}, "token_totals": {"input": 121772, "output": 5658, "calls": 40}, "finished_at": "2026-04-23T01:57:57.553623+00:00"}