{"episode_id": "map_22_containeryard_demo_native_pn_0015", "episode_idx": 4, "agent_name": "GhostAgent_4", "SR": 1.0, "SPL": 1.0, "SoftSPL": 0.9541401832276567, "PLR": 0.9879866810778449, "nDTW": 0.0029424912643724404, "CLS": 0.3430540402367059, "steps": 13, "path_length_cm": 2532.990373080568, "cumulative_reward": 2442.284013314803, "ended_reason": "success", "metrics": {"SR": 1.0, "SPL": 1.0, "SoftSPL": 0.9541401832276567, "PLR": 0.9879866810778449, "nDTW": 0.0029424912643724404, "CLS": 0.3430540402367059, "path_length_cm": 2532.990373080568, "cumulative_reward": 2442.284013314803}, "token_totals": {"input": 31192, "output": 1416, "calls": 13}, "finished_at": "2026-04-23T00:03:03.490653+00:00"}