{
  "map": "map_68_B13_suburban_park",
  "n": 40,
  "SR": 0.125,
  "SPL": 0.10427283499938252,
  "SoftSPL": 0.25731244311969165,
  "nDTW": 8.303738742520563e-06,
  "avg_steps": 36.425
}