{"episode_id": "map_42_B4_industrial_yard_obj_on_0018", "episode_idx": 8, "agent_name": "GhostAgent_8", "SR": 0.0, "SPL": 0.0, "SoftSPL": 0.0, "PLR": 0.24149472732660643, "nDTW": 6.685858581577477e-66, "CLS": 0.3295955994067936, "steps": 40, "path_length_cm": 1613.576, "cumulative_reward": -102.93382359411002, "ended_reason": "max_steps", "metrics": {"SR": 0.0, "SPL": 0.0, "SoftSPL": 0.0, "PLR": 0.24149472732660643, "nDTW": 6.685858581577477e-66, "CLS": 0.3295955994067936, "path_length_cm": 1613.576, "cumulative_reward": -102.93382359411002}, "token_totals": {"input": 38258, "output": 2985, "calls": 40}, "finished_at": "2026-04-23T16:26:58.479789+00:00"}