{"episode_id": "map_06_hwaseong_native_pn_0013", "episode_idx": 7, "agent_name": "GhostAgent_7", "SR": 0.0, "SPL": 0.0, "SoftSPL": 0.5632598780250282, "PLR": 0.9910472283964253, "nDTW": 1.4574187658625166e-09, "CLS": 0.4544089574162553, "steps": 40, "path_length_cm": 4637.7541623653315, "cumulative_reward": 4555.114034161931, "ended_reason": "max_steps", "metrics": {"SR": 0.0, "SPL": 0.0, "SoftSPL": 0.5632598780250282, "PLR": 0.9910472283964253, "nDTW": 1.4574187658625166e-09, "CLS": 0.4544089574162553, "path_length_cm": 4637.7541623653315, "cumulative_reward": 4555.114034161931}, "token_totals": {"input": 106181, "output": 3635, "calls": 40}, "finished_at": "2026-04-23T13:11:13.576088+00:00"}