{"episode_id": "map_01_wintertown_native_pn_0005", "episode_idx": 0, "agent_name": "GhostAgent_0", "SR": 0.0, "SPL": 0.0, "SoftSPL": 0.0, "PLR": 1.8752056322963386, "nDTW": 5.174648587638531e-139, "CLS": 0.13331871869895282, "steps": 40, "path_length_cm": 6574.13340981715, "cumulative_reward": -3601.537485506072, "ended_reason": "max_steps", "metrics": {"SR": 0.0, "SPL": 0.0, "SoftSPL": 0.0, "PLR": 1.8752056322963386, "nDTW": 5.174648587638531e-139, "CLS": 0.13331871869895282, "path_length_cm": 6574.13340981715, "cumulative_reward": -3601.537485506072}, "token_totals": {"input": 558924, "output": 10116, "calls": 40}, "finished_at": "2026-04-22T21:00:15.489516+00:00"}