{"episode_id": "map_21_hwaseong_remix2_obj_on_0008", "episode_idx": 8, "agent_name": "GhostAgent_8", "SR": 0.0, "SPL": 0.0, "SoftSPL": 0.0, "PLR": 4.76128911784408, "nDTW": 5.401659377320526e-241, "CLS": 0.054829467403430046, "steps": 40, "path_length_cm": 16063.542, "cumulative_reward": -9425.727836140813, "ended_reason": "max_steps", "metrics": {"SR": 0.0, "SPL": 0.0, "SoftSPL": 0.0, "PLR": 4.76128911784408, "nDTW": 5.401659377320526e-241, "CLS": 0.054829467403430046, "path_length_cm": 16063.542, "cumulative_reward": -9425.727836140813}, "token_totals": {"input": 44076, "output": 4608, "calls": 40}, "finished_at": "2026-04-23T18:18:56.955190+00:00"}