{"episode_id": "map_20_trainstation_native_obj_pn_0007", "episode_idx": 6, "agent_name": "GhostAgent_6", "SR": 1.0, "SPL": 0.3245147699733138, "SoftSPL": 0.2862933496727262, "PLR": 3.081523839676802, "nDTW": 1.0278431261057219e-25, "CLS": 0.08183837278636347, "steps": 12, "path_length_cm": 3349.1850003911286, "cumulative_reward": 2505.925005756388, "ended_reason": "success", "metrics": {"SR": 1.0, "SPL": 0.3245147699733138, "SoftSPL": 0.2862933496727262, "PLR": 3.081523839676802, "nDTW": 1.0278431261057219e-25, "CLS": 0.08183837278636347, "path_length_cm": 3349.1850003911286, "cumulative_reward": 2505.925005756388}, "token_totals": {"input": 29043, "output": 1269, "calls": 12}, "finished_at": "2026-04-23T18:51:29.200784+00:00"}