{"episode_id": "map_08_cave_remix_on_0016", "episode_idx": 6, "agent_name": "GhostAgent_6", "SR": 0.0, "SPL": 0.0, "SoftSPL": 0.016662286636656698, "PLR": 0.00021845353415604678, "nDTW": 4.1171241165620305e-08, "CLS": 0.08619875006482042, "steps": 40, "path_length_cm": 1.374153557649172, "cumulative_reward": -1.4586027653198474, "ended_reason": "max_steps", "metrics": {"SR": 0.0, "SPL": 0.0, "SoftSPL": 0.016662286636656698, "PLR": 0.00021845353415604678, "nDTW": 4.1171241165620305e-08, "CLS": 0.08619875006482042, "path_length_cm": 1.374153557649172, "cumulative_reward": -1.4586027653198474}, "token_totals": {"input": 31218, "output": 1483, "calls": 40}, "finished_at": "2026-04-23T14:56:21.004147+00:00"}