{"episode_id": "map_31_gothic_day_remix_on_0018", "episode_idx": 8, "agent_name": "GhostAgent_8", "SR": 1.0, "SPL": 0.7750997949004516, "SoftSPL": 0.7584748617639663, "PLR": 1.2901564502780356, "nDTW": 1.1920018581863517e-26, "CLS": 0.4824045846242514, "steps": 29, "path_length_cm": 6598.4793618180065, "cumulative_reward": 5006.9880058413155, "ended_reason": "success", "metrics": {"SR": 1.0, "SPL": 0.7750997949004516, "SoftSPL": 0.7584748617639663, "PLR": 1.2901564502780356, "nDTW": 1.1920018581863517e-26, "CLS": 0.4824045846242514, "path_length_cm": 6598.4793618180065, "cumulative_reward": 5006.9880058413155}, "token_totals": {"input": 83235, "output": 3743, "calls": 29}, "finished_at": "2026-04-23T18:16:41.368325+00:00"}