{"episode_id": "map_53_courtyard_sanny_big_remix_obj_pn_0012", "episode_idx": 1, "agent_name": "GhostAgent_1", "SR": 0.0, "SPL": 0.0, "SoftSPL": 0.20706303609772725, "PLR": 0.0, "nDTW": 0.0001981128996980518, "CLS": 0.08713920190737907, "steps": 0, "path_length_cm": 0.0, "cumulative_reward": 0.0, "ended_reason": "spawn_blocked", "metrics": {"SR": 0.0, "SPL": 0.0, "SoftSPL": 0.20706303609772725, "PLR": 0.0, "nDTW": 0.0001981128996980518, "CLS": 0.08713920190737907, "path_length_cm": 0.0, "cumulative_reward": 0.0}, "token_totals": {"input": 0, "output": 0, "calls": 0}, "finished_at": "2026-04-23T19:25:24.788800+00:00"}