{"episode_id": "map_01_wintertown_native_obj_on_0013", "episode_idx": 7, "agent_name": "GhostAgent_7", "SR": 0.0, "SPL": 0.0, "SoftSPL": 0.31838511415527654, "PLR": 1.8841023562705779, "nDTW": 8.090571134402709e-70, "CLS": 0.032623907855447755, "steps": 40, "path_length_cm": 13574.524133387573, "cumulative_reward": 4256.078965893501, "ended_reason": "max_steps", "metrics": {"SR": 0.0, "SPL": 0.0, "SoftSPL": 0.31838511415527654, "PLR": 1.8841023562705779, "nDTW": 8.090571134402709e-70, "CLS": 0.032623907855447755, "path_length_cm": 13574.524133387573, "cumulative_reward": 4256.078965893501}, "token_totals": {"input": 127932, "output": 7025, "calls": 40}, "finished_at": "2026-04-22T22:34:39.254680+00:00"}