{"episode_id": "map_36_dungeon_native_on_0003", "episode_idx": 3, "agent_name": "GhostAgent_3", "SR": 0.0, "SPL": 0.0, "SoftSPL": 0.6090491368126008, "PLR": 0.927255072961116, "nDTW": 5.765188419064962e-39, "CLS": 0.27619823097880947, "steps": 40, "path_length_cm": 2092.5643408035394, "cumulative_reward": 1374.0619876638373, "ended_reason": "max_steps", "metrics": {"SR": 0.0, "SPL": 0.0, "SoftSPL": 0.6090491368126008, "PLR": 0.927255072961116, "nDTW": 5.765188419064962e-39, "CLS": 0.27619823097880947, "path_length_cm": 2092.5643408035394, "cumulative_reward": 1374.0619876638373}, "token_totals": {"input": 104448, "output": 3342, "calls": 40}, "finished_at": "2026-04-23T01:09:43.405270+00:00"}