{"episode_id": "map_01_wintertown_native_obj_on_0014", "episode_idx": 8, "agent_name": "GhostAgent_8", "SR": 0.0, "SPL": 0.0, "SoftSPL": 0.1983266169249934, "PLR": 1.4367545838141083, "nDTW": 1.1071936460911117e-79, "CLS": 0.07733497806660858, "steps": 40, "path_length_cm": 6254.322011255356, "cumulative_reward": 1235.9709769509254, "ended_reason": "max_steps", "metrics": {"SR": 0.0, "SPL": 0.0, "SoftSPL": 0.1983266169249934, "PLR": 1.4367545838141083, "nDTW": 1.1071936460911117e-79, "CLS": 0.07733497806660858, "path_length_cm": 6254.322011255356, "cumulative_reward": 1235.9709769509254}, "token_totals": {"input": 129251, "output": 7355, "calls": 40}, "finished_at": "2026-04-22T22:34:39.254972+00:00"}