{"episode_id": "map_11_wintertown_demo01_remix_on_0016", "episode_idx": 6, "agent_name": "GhostAgent_6", "SR": 0.0, "SPL": 0.0, "SoftSPL": 0.0, "PLR": 1.7224964188071397, "nDTW": 2.5327843067953653e-90, "CLS": 0.023222109239990796, "steps": 40, "path_length_cm": 12450.61751427852, "cumulative_reward": -4845.118796210573, "ended_reason": "max_steps", "metrics": {"SR": 0.0, "SPL": 0.0, "SoftSPL": 0.0, "PLR": 1.7224964188071397, "nDTW": 2.5327843067953653e-90, "CLS": 0.023222109239990796, "path_length_cm": 12450.61751427852, "cumulative_reward": -4845.118796210573}, "token_totals": {"input": 128651, "output": 7028, "calls": 40}, "finished_at": "2026-04-22T23:26:58.979422+00:00"}