{"episode_id": "map_61_containeryard_day_big_remix_pn_0003", "episode_idx": 1, "agent_name": "GhostAgent_1", "SR": 0.0, "SPL": 0.0, "SoftSPL": 0.20771132076498508, "PLR": 0.0, "nDTW": 9.028746359554388e-05, "CLS": 0.12545699690638468, "steps": 40, "path_length_cm": 0.0, "cumulative_reward": -0.4000000000000002, "ended_reason": "max_steps", "metrics": {"SR": 0.0, "SPL": 0.0, "SoftSPL": 0.20771132076498508, "PLR": 0.0, "nDTW": 9.028746359554388e-05, "CLS": 0.12545699690638468, "path_length_cm": 0.0, "cumulative_reward": -0.4000000000000002}, "token_totals": {"input": 33299, "output": 2037, "calls": 40}, "finished_at": "2026-04-23T16:22:03.761019+00:00"}