{"episode_id": "map_49_courtyard_sunny_packed_obj_on_0002", "episode_idx": 5, "agent_name": "GhostAgent_5", "SR": 0.0, "SPL": 0.0, "SoftSPL": 0.6713177207875787, "PLR": 0.14429234656618978, "nDTW": 0.0003023348772725891, "CLS": 0.022355676677532924, "steps": 20, "path_length_cm": 923.6730273088071, "cumulative_reward": 919.608746000375, "ended_reason": "success", "metrics": {"SR": 0.0, "SPL": 0.0, "SoftSPL": 0.6713177207875787, "PLR": 0.14429234656618978, "nDTW": 0.0003023348772725891, "CLS": 0.022355676677532924, "path_length_cm": 923.6730273088071, "cumulative_reward": 919.608746000375}, "token_totals": {"input": 52751, "output": 2641, "calls": 20}, "finished_at": "2026-04-23T18:41:59.668530+00:00"}