{"episode_id": "map_27_courtyard_overcast_remix_pn_0018", "episode_idx": 8, "agent_name": "GhostAgent_8", "SR": 0.0, "SPL": 0.0, "SoftSPL": 0.7389177643218302, "PLR": 0.2245709250315407, "nDTW": 3.2522679123266604e-07, "CLS": 0.239635337112175, "steps": 40, "path_length_cm": 352.4461011630006, "cumulative_reward": 328.34947793378564, "ended_reason": "max_steps", "metrics": {"SR": 0.0, "SPL": 0.0, "SoftSPL": 0.7389177643218302, "PLR": 0.2245709250315407, "nDTW": 3.2522679123266604e-07, "CLS": 0.239635337112175, "path_length_cm": 352.4461011630006, "cumulative_reward": 328.34947793378564}, "token_totals": {"input": 31042, "output": 1469, "calls": 40}, "finished_at": "2026-04-23T15:29:16.196802+00:00"}