{"episode_id": "map_65_hwaseong_ceremonial_on_0002", "episode_idx": 2, "agent_name": "GhostAgent_2", "SR": 0.0, "SPL": 0.0, "SoftSPL": 0.0, "PLR": 0.14409661964989148, "nDTW": 7.380663162519159e-13, "CLS": 0.17606389310450993, "steps": 40, "path_length_cm": 409.3540000000012, "cumulative_reward": -317.2353643055476, "ended_reason": "max_steps", "metrics": {"SR": 0.0, "SPL": 0.0, "SoftSPL": 0.0, "PLR": 0.14409661964989148, "nDTW": 7.380663162519159e-13, "CLS": 0.17606389310450993, "path_length_cm": 409.3540000000012, "cumulative_reward": -317.2353643055476}, "token_totals": {"input": 113137, "output": 5145, "calls": 40}, "finished_at": "2026-04-23T03:37:35.461991+00:00"}