{"episode_id": "map_57_gothic_day_invasion_pn_0014", "episode_idx": 3, "agent_name": "GhostAgent_3", "SR": 0.0, "SPL": 0.0, "SoftSPL": 0.1751518650723254, "PLR": 1.0698027772390528, "nDTW": 5.641779173724605e-50, "CLS": 0.2347804638545707, "steps": 40, "path_length_cm": 1595.5252580298682, "cumulative_reward": 278.96540586948566, "ended_reason": "max_steps", "metrics": {"SR": 0.0, "SPL": 0.0, "SoftSPL": 0.1751518650723254, "PLR": 1.0698027772390528, "nDTW": 5.641779173724605e-50, "CLS": 0.2347804638545707, "path_length_cm": 1595.5252580298682, "cumulative_reward": 278.96540586948566}, "token_totals": {"input": 112400, "output": 4080, "calls": 40}, "finished_at": "2026-04-23T03:15:56.375667+00:00"}