{"episode_id": "map_56_containeryard_settlement_obj_pn_0005", "episode_idx": 2, "agent_name": "GhostAgent_2", "SR": 1.0, "SPL": 0.9385940379388199, "SoftSPL": 0.91488538740979, "PLR": 1.0654233455350188, "nDTW": 1.4583388780280652e-20, "CLS": 0.5715171384768588, "steps": 28, "path_length_cm": 5299.809927329032, "cumulative_reward": 4986.341087595103, "ended_reason": "success", "metrics": {"SR": 1.0, "SPL": 0.9385940379388199, "SoftSPL": 0.91488538740979, "PLR": 1.0654233455350188, "nDTW": 1.4583388780280652e-20, "CLS": 0.5715171384768588, "path_length_cm": 5299.809927329032, "cumulative_reward": 4986.341087595103}, "token_totals": {"input": 30916, "output": 3582, "calls": 28}, "finished_at": "2026-04-23T18:59:57.008980+00:00"}