{"episode_id": "map_08_cave_remix_obj_on_0003", "episode_idx": 3, "agent_name": "GhostAgent_3", "SR": 0.0, "SPL": 0.0, "SoftSPL": 0.14871788143474185, "PLR": 0.0, "nDTW": 0.0008234674072073275, "CLS": 0.1087141933674191, "steps": 40, "path_length_cm": 0.0, "cumulative_reward": -0.4000000000000002, "ended_reason": "max_steps", "metrics": {"SR": 0.0, "SPL": 0.0, "SoftSPL": 0.14871788143474185, "PLR": 0.0, "nDTW": 0.0008234674072073275, "CLS": 0.1087141933674191, "path_length_cm": 0.0, "cumulative_reward": -0.4000000000000002}, "token_totals": {"input": 31826, "output": 1540, "calls": 40}, "finished_at": "2026-04-23T15:06:20.569315+00:00"}