{"episode_id": "map_31_gothic_day_remix_on_0016", "episode_idx": 6, "agent_name": "GhostAgent_6", "SR": 0.0, "SPL": 0.0, "SoftSPL": 0.8059859686351032, "PLR": 0.13893598638565255, "nDTW": 2.4259126149282285e-10, "CLS": 0.042699077950994625, "steps": 40, "path_length_cm": 1061.3319999999999, "cumulative_reward": 1059.6734884174666, "ended_reason": "max_steps", "metrics": {"SR": 0.0, "SPL": 0.0, "SoftSPL": 0.8059859686351032, "PLR": 0.13893598638565255, "nDTW": 2.4259126149282285e-10, "CLS": 0.042699077950994625, "path_length_cm": 1061.3319999999999, "cumulative_reward": 1059.6734884174666}, "token_totals": {"input": 115869, "output": 7277, "calls": 40}, "finished_at": "2026-04-23T18:16:41.367543+00:00"}