{
  "map": "map_01_wintertown_native",
  "n": 40,
  "SR": 0.225,
  "SPL": 0.19782832555404434,
  "SoftSPL": 0.4049048366563775,
  "nDTW": 0.00041614868993208236,
  "avg_steps": 34.05
}