{"episode_id": "map_66_middleeast_bazaar_pn_0011", "episode_idx": 1, "agent_name": "GhostAgent_1", "SR": 0.0, "SPL": 0.0, "SoftSPL": 0.010022019838305751, "PLR": 0.0, "nDTW": 2.3500533162989345e-07, "CLS": 0.07144329669247763, "steps": 40, "path_length_cm": 0.0, "cumulative_reward": -0.4000000000000002, "ended_reason": "max_steps", "metrics": {"SR": 0.0, "SPL": 0.0, "SoftSPL": 0.010022019838305751, "PLR": 0.0, "nDTW": 2.3500533162989345e-07, "CLS": 0.07144329669247763, "path_length_cm": 0.0, "cumulative_reward": -0.4000000000000002}, "token_totals": {"input": 32228, "output": 1807, "calls": 40}, "finished_at": "2026-04-23T18:51:48.322865+00:00"}