{"episode_id": "map_59_B10_market_plaza_obj_on_0010", "episode_idx": 0, "agent_name": "GhostAgent_0", "SR": 0.0, "SPL": 0.0, "SoftSPL": 0.0013407609502140705, "PLR": 0.0, "nDTW": 0.00015697817708461114, "CLS": 0.17688621554259462, "steps": 40, "path_length_cm": 0.0, "cumulative_reward": -0.4000000000000002, "ended_reason": "max_steps", "metrics": {"SR": 0.0, "SPL": 0.0, "SoftSPL": 0.0013407609502140705, "PLR": 0.0, "nDTW": 0.00015697817708461114, "CLS": 0.17688621554259462, "path_length_cm": 0.0, "cumulative_reward": -0.4000000000000002}, "token_totals": {"input": 120696, "output": 5118, "calls": 40}, "finished_at": "2026-04-23T03:16:42.616154+00:00"}