{"episode_id": "map_62_trainstation_cross_remix_pn_0012", "episode_idx": 2, "agent_name": "GhostAgent_2", "SR": 0.0, "SPL": 0.0, "SoftSPL": 0.0, "PLR": 26.256677108865425, "nDTW": 9.849760260720982e-146, "CLS": 0.004365969826494029, "steps": 12, "path_length_cm": 43721.043321056175, "cumulative_reward": -35579.14019038865, "ended_reason": "no_tool_call", "metrics": {"SR": 0.0, "SPL": 0.0, "SoftSPL": 0.0, "PLR": 26.256677108865425, "nDTW": 9.849760260720982e-146, "CLS": 0.004365969826494029, "path_length_cm": 43721.043321056175, "cumulative_reward": -35579.14019038865}, "token_totals": {"input": 33989, "output": 2648, "calls": 12}, "finished_at": "2026-04-23T04:17:13.732969+00:00"}