{"episode_id": "map_01_wintertown_native_pn_0012", "episode_idx": 0, "agent_name": "GhostAgent_0", "SR": 0.0, "SPL": 0.0, "SoftSPL": 0.0, "PLR": 1.597778365562065, "nDTW": 4.446720279054849e-45, "CLS": 0.039151674651457004, "steps": 40, "path_length_cm": 6070.982588924245, "cumulative_reward": 3357.774075660236, "ended_reason": "max_steps", "metrics": {"SR": 0.0, "SPL": 0.0, "SoftSPL": 0.0, "PLR": 1.597778365562065, "nDTW": 4.446720279054849e-45, "CLS": 0.039151674651457004, "path_length_cm": 6070.982588924245, "cumulative_reward": 3357.774075660236}, "token_totals": {"input": 444645, "output": 5576, "calls": 40}, "finished_at": "2026-04-22T20:26:28.686708+00:00"}