{"episode_id": "map_27_courtyard_overcast_remix_obj_pn_0005", "episode_idx": 5, "agent_name": "GhostAgent_5", "SR": 0.0, "SPL": 0.0, "SoftSPL": 0.16310492068713578, "PLR": 0.0060207644871700765, "nDTW": 0.0005041011013810409, "CLS": 0.06470594391316292, "steps": 40, "path_length_cm": 15.883679831827738, "cumulative_reward": 7.8816198641762725, "ended_reason": "max_steps", "metrics": {"SR": 0.0, "SPL": 0.0, "SoftSPL": 0.16310492068713578, "PLR": 0.0060207644871700765, "nDTW": 0.0005041011013810409, "CLS": 0.06470594391316292, "path_length_cm": 15.883679831827738, "cumulative_reward": 7.8816198641762725}, "token_totals": {"input": 33051, "output": 1895, "calls": 40}, "finished_at": "2026-04-23T15:37:54.365040+00:00"}