{"episode_id": "map_67_B12_construction_site_obj_on_0009", "episode_idx": 9, "agent_name": "GhostAgent_9", "SR": 0.0, "SPL": 0.0, "SoftSPL": 0.742033141548596, "PLR": 0.9260391399009205, "nDTW": 6.024152947003592e-31, "CLS": 0.12361429657457938, "steps": 40, "path_length_cm": 5830.805444386146, "cumulative_reward": 4536.561682244804, "ended_reason": "max_steps", "metrics": {"SR": 0.0, "SPL": 0.0, "SoftSPL": 0.742033141548596, "PLR": 0.9260391399009205, "nDTW": 6.024152947003592e-31, "CLS": 0.12361429657457938, "path_length_cm": 5830.805444386146, "cumulative_reward": 4536.561682244804}, "token_totals": {"input": 114968, "output": 5193, "calls": 40}, "finished_at": "2026-04-23T15:47:09.095257+00:00"}