{"episode_id": "map_15_middleeast_remix_obj_on_0001", "episode_idx": 1, "agent_name": "GhostAgent_1", "SR": 0.0, "SPL": 0.0, "SoftSPL": 0.6713136695676825, "PLR": 0.6831315420630424, "nDTW": 4.343659789271262e-62, "CLS": 0.36628820807927714, "steps": 40, "path_length_cm": 3207.043, "cumulative_reward": 3150.892266890535, "ended_reason": "max_steps", "metrics": {"SR": 0.0, "SPL": 0.0, "SoftSPL": 0.6713136695676825, "PLR": 0.6831315420630424, "nDTW": 4.343659789271262e-62, "CLS": 0.36628820807927714, "path_length_cm": 3207.043, "cumulative_reward": 3150.892266890535}, "token_totals": {"input": 34465, "output": 2246, "calls": 40}, "finished_at": "2026-04-23T15:06:48.277719+00:00"}