{
  "map": "map_31_gothic_day_remix",
  "n": 39,
  "SR": 0.1794871794871795,
  "SPL": 0.16473582313870627,
  "SoftSPL": 0.3554472750992773,
  "nDTW": 0.017022350926993595,
  "avg_steps": 32.1025641025641
}