{"episode_id": "map_06_hwaseong_native_on_0003", "episode_idx": 3, "agent_name": "GhostAgent_3", "SR": 0.0, "SPL": 0.0, "SoftSPL": 0.4073482660995625, "PLR": 1.7977961663348025, "nDTW": 1.088516794573953e-71, "CLS": 0.14192670597975862, "steps": 40, "path_length_cm": 6151.8607236193975, "cumulative_reward": 2505.554775406837, "ended_reason": "max_steps", "metrics": {"SR": 0.0, "SPL": 0.0, "SoftSPL": 0.4073482660995625, "PLR": 1.7977961663348025, "nDTW": 1.088516794573953e-71, "CLS": 0.14192670597975862, "path_length_cm": 6151.8607236193975, "cumulative_reward": 2505.554775406837}, "token_totals": {"input": 504148, "output": 7724, "calls": 40}, "finished_at": "2026-04-22T19:38:17.565376+00:00"}