{"episode_id": "map_03_watertown_remix_on_0011", "episode_idx": 2, "agent_name": "GhostAgent_2", "SR": 0.0, "SPL": 0.0, "SoftSPL": 0.01606367494177885, "PLR": 0.0, "nDTW": 0.015685307871365215, "CLS": 0.09780586733560274, "steps": 40, "path_length_cm": 0.0, "cumulative_reward": -0.4000000000000002, "ended_reason": "max_steps", "metrics": {"SR": 0.0, "SPL": 0.0, "SoftSPL": 0.01606367494177885, "PLR": 0.0, "nDTW": 0.015685307871365215, "CLS": 0.09780586733560274, "path_length_cm": 0.0, "cumulative_reward": -0.4000000000000002}, "token_totals": {"input": 394041, "output": 3702, "calls": 40}, "finished_at": "2026-04-22T20:29:48.399891+00:00"}