{"episode_id": "map_30_gothic_day_native_pn_0010", "episode_idx": 0, "agent_name": "GhostAgent_0", "SR": 0.0, "SPL": 0.0, "SoftSPL": 0.4781493225959286, "PLR": 0.0, "nDTW": 0.0003462215127805797, "CLS": 0.08440319957053126, "steps": 0, "path_length_cm": 0.0, "cumulative_reward": 0.0, "ended_reason": "reset_error", "metrics": {"SR": 0.0, "SPL": 0.0, "SoftSPL": 0.4781493225959286, "PLR": 0.0, "nDTW": 0.0003462215127805797, "CLS": 0.08440319957053126, "path_length_cm": 0.0, "cumulative_reward": 0.0}, "token_totals": {"input": 0, "output": 0, "calls": 0}, "finished_at": "2026-04-23T18:42:48.433121+00:00"}