{"episode_id": "map_11_wintertown_demo01_remix_on_0017", "episode_idx": 7, "agent_name": "GhostAgent_7", "SR": 0.0, "SPL": 0.0, "SoftSPL": 0.6659949909222359, "PLR": 1.100691196474212, "nDTW": 7.419059763959311e-29, "CLS": 0.058102532716800936, "steps": 40, "path_length_cm": 7174.987647160729, "cumulative_reward": 4707.973774998488, "ended_reason": "max_steps", "metrics": {"SR": 0.0, "SPL": 0.0, "SoftSPL": 0.6659949909222359, "PLR": 1.100691196474212, "nDTW": 7.419059763959311e-29, "CLS": 0.058102532716800936, "path_length_cm": 7174.987647160729, "cumulative_reward": 4707.973774998488}, "token_totals": {"input": 120128, "output": 5105, "calls": 40}, "finished_at": "2026-04-22T23:26:58.979902+00:00"}