{"episode_id": "map_50_B9_sparse_wilderness_pn_0018", "episode_idx": 8, "agent_name": "GhostAgent_8", "SR": 0.0, "SPL": 0.0, "SoftSPL": 0.7291936896572969, "PLR": 1.0973675208677625, "nDTW": 2.032682367253257e-65, "CLS": 0.22980941791549298, "steps": 40, "path_length_cm": 7168.816698273667, "cumulative_reward": 5227.054495764982, "ended_reason": "max_steps", "metrics": {"SR": 0.0, "SPL": 0.0, "SoftSPL": 0.7291936896572969, "PLR": 1.0973675208677625, "nDTW": 2.032682367253257e-65, "CLS": 0.22980941791549298, "path_length_cm": 7168.816698273667, "cumulative_reward": 5227.054495764982}, "token_totals": {"input": 118441, "output": 5276, "calls": 40}, "finished_at": "2026-04-23T19:26:09.222531+00:00"}