{"episode_id": "map_57_gothic_day_invasion_on_0014", "episode_idx": 4, "agent_name": "GhostAgent_4", "SR": 0.0, "SPL": 0.0, "SoftSPL": 0.14190272330377401, "PLR": 2.180564554078414, "nDTW": 9.458666099154804e-55, "CLS": 0.11598330808007573, "steps": 40, "path_length_cm": 3252.137587243629, "cumulative_reward": 460.99336134398663, "ended_reason": "max_steps", "metrics": {"SR": 0.0, "SPL": 0.0, "SoftSPL": 0.14190272330377401, "PLR": 2.180564554078414, "nDTW": 9.458666099154804e-55, "CLS": 0.11598330808007573, "path_length_cm": 3252.137587243629, "cumulative_reward": 460.99336134398663}, "token_totals": {"input": 121432, "output": 5760, "calls": 40}, "finished_at": "2026-04-23T15:09:07.928630+00:00"}