{"episode_id": "map_23_containeryard_demo_remix_obj_pn_0014", "episode_idx": 7, "agent_name": "GhostAgent_7", "SR": 1.0, "SPL": 0.8187338255274094, "SoftSPL": 0.8037844091622608, "PLR": 1.2213981746214322, "nDTW": 2.7046218607090606e-27, "CLS": 0.2288759162654906, "steps": 26, "path_length_cm": 7633.763019347444, "cumulative_reward": 6188.8858703083815, "ended_reason": "success", "metrics": {"SR": 1.0, "SPL": 0.8187338255274094, "SoftSPL": 0.8037844091622608, "PLR": 1.2213981746214322, "nDTW": 2.7046218607090606e-27, "CLS": 0.2288759162654906, "path_length_cm": 7633.763019347444, "cumulative_reward": 6188.8858703083815}, "token_totals": {"input": 75687, "output": 3365, "calls": 26}, "finished_at": "2026-04-23T13:28:20.875592+00:00"}