{"episode_id": "map_50_B9_sparse_wilderness_on_0001", "episode_idx": 1, "agent_name": "GhostAgent_1", "SR": 0.0, "SPL": 0.0, "SoftSPL": 0.0, "PLR": 1.149265759145874, "nDTW": 7.117044863127888e-102, "CLS": 0.21753019093542167, "steps": 40, "path_length_cm": 5475.653724135333, "cumulative_reward": -2650.7708353655953, "ended_reason": "max_steps", "metrics": {"SR": 0.0, "SPL": 0.0, "SoftSPL": 0.0, "PLR": 1.149265759145874, "nDTW": 7.117044863127888e-102, "CLS": 0.21753019093542167, "path_length_cm": 5475.653724135333, "cumulative_reward": -2650.7708353655953}, "token_totals": {"input": 135348, "output": 8738, "calls": 40}, "finished_at": "2026-04-23T14:18:08.220328+00:00"}