{"episode_id": "map_09b_wintertown_demo02_obj_pn_0014", "episode_idx": 3, "agent_name": "GhostAgent_3", "SR": 0.0, "SPL": 0.0, "SoftSPL": 0.0, "PLR": 0.19125722643221862, "nDTW": 4.396505612044072e-25, "CLS": 0.19162599505314631, "steps": 40, "path_length_cm": 1213.835025846983, "cumulative_reward": -303.00664775051985, "ended_reason": "max_steps", "metrics": {"SR": 0.0, "SPL": 0.0, "SoftSPL": 0.0, "PLR": 0.19125722643221862, "nDTW": 4.396505612044072e-25, "CLS": 0.19162599505314631, "path_length_cm": 1213.835025846983, "cumulative_reward": -303.00664775051985}, "token_totals": {"input": 112569, "output": 3680, "calls": 40}, "finished_at": "2026-04-22T23:28:31.876336+00:00"}