{"episode_id": "map_18_cave_native_on_0016", "episode_idx": 6, "agent_name": "GhostAgent_6", "SR": 1.0, "SPL": 0.8215732186413848, "SoftSPL": 0.8099139628937666, "PLR": 1.2171769689056748, "nDTW": 0.0012988067493802699, "CLS": 0.5664489185801171, "steps": 11, "path_length_cm": 2184.8570027250644, "cumulative_reward": 1770.4452555061273, "ended_reason": "success", "metrics": {"SR": 1.0, "SPL": 0.8215732186413848, "SoftSPL": 0.8099139628937666, "PLR": 1.2171769689056748, "nDTW": 0.0012988067493802699, "CLS": 0.5664489185801171, "path_length_cm": 2184.8570027250644, "cumulative_reward": 1770.4452555061273}, "token_totals": {"input": 29390, "output": 2470, "calls": 11}, "finished_at": "2026-04-23T17:14:57.042833+00:00"}