{"episode_id": "map_09b_wintertown_demo02_on_0015", "episode_idx": 7, "agent_name": "GhostAgent_7", "SR": 0.0, "SPL": 0.0, "SoftSPL": 0.7779096825906631, "PLR": 0.698999300568654, "nDTW": 2.384373264015028e-14, "CLS": 0.28798510224942425, "steps": 40, "path_length_cm": 5420.439006210667, "cumulative_reward": 4423.378461786568, "ended_reason": "max_steps", "metrics": {"SR": 0.0, "SPL": 0.0, "SoftSPL": 0.7779096825906631, "PLR": 0.698999300568654, "nDTW": 2.384373264015028e-14, "CLS": 0.28798510224942425, "path_length_cm": 5420.439006210667, "cumulative_reward": 4423.378461786568}, "token_totals": {"input": 113727, "output": 5053, "calls": 40}, "finished_at": "2026-04-22T23:01:43.060860+00:00"}