{"episode_id": "map_04_courtyard_remix_pn_0012", "episode_idx": 0, "agent_name": "GhostAgent_0", "SR": 0.0, "SPL": 0.0, "SoftSPL": 0.8882491256536501, "PLR": 0.39233205636406837, "nDTW": 4.285458666603803e-06, "CLS": 0.08394325101334056, "steps": 40, "path_length_cm": 1949.0781927727464, "cumulative_reward": 1104.5453162427812, "ended_reason": "max_steps", "metrics": {"SR": 0.0, "SPL": 0.0, "SoftSPL": 0.8882491256536501, "PLR": 0.39233205636406837, "nDTW": 4.285458666603803e-06, "CLS": 0.08394325101334056, "path_length_cm": 1949.0781927727464, "cumulative_reward": 1104.5453162427812}, "token_totals": {"input": 452809, "output": 5921, "calls": 40}, "finished_at": "2026-04-22T22:01:28.087268+00:00"}