{"episode_id": "map_53_courtyard_sanny_big_remix_pn_0016", "episode_idx": 6, "agent_name": "GhostAgent_6", "SR": 0.0, "SPL": 0.0, "SoftSPL": 0.70827854581295, "PLR": 0.4604309881034173, "nDTW": 0.012284116472469988, "CLS": 0.273820614864348, "steps": 40, "path_length_cm": 1572.514557979482, "cumulative_reward": -211.3764487302916, "ended_reason": "max_steps", "metrics": {"SR": 0.0, "SPL": 0.0, "SoftSPL": 0.70827854581295, "PLR": 0.4604309881034173, "nDTW": 0.012284116472469988, "CLS": 0.273820614864348, "path_length_cm": 1572.514557979482, "cumulative_reward": -211.3764487302916}, "token_totals": {"input": 118752, "output": 5751, "calls": 40}, "finished_at": "2026-04-23T02:12:37.656448+00:00"}