{"episode_id": "map_57_gothic_day_invasion_on_0009", "episode_idx": 9, "agent_name": "GhostAgent_9", "SR": 0.0, "SPL": 0.0, "SoftSPL": 0.2406359530050175, "PLR": 0.2355970220986557, "nDTW": 6.96682725778169e-29, "CLS": 0.11790377847994238, "steps": 40, "path_length_cm": 1732.2577325932389, "cumulative_reward": 8.073587315987055, "ended_reason": "max_steps", "metrics": {"SR": 0.0, "SPL": 0.0, "SoftSPL": 0.2406359530050175, "PLR": 0.2355970220986557, "nDTW": 6.96682725778169e-29, "CLS": 0.11790377847994238, "path_length_cm": 1732.2577325932389, "cumulative_reward": 8.073587315987055}, "token_totals": {"input": 115852, "output": 4483, "calls": 40}, "finished_at": "2026-04-23T14:56:00.469274+00:00"}