{"episode_id": "map_62_trainstation_cross_remix_obj_on_0017", "episode_idx": 5, "agent_name": "GhostAgent_5", "SR": 1.0, "SPL": 0.36820166847788016, "SoftSPL": 0.3579365787886224, "PLR": 2.715902956480153, "nDTW": 1.7216260962153547e-16, "CLS": 0.2258215624996224, "steps": 16, "path_length_cm": 3500.6631157550937, "cumulative_reward": 1311.6556321461746, "ended_reason": "success", "metrics": {"SR": 1.0, "SPL": 0.36820166847788016, "SoftSPL": 0.3579365787886224, "PLR": 2.715902956480153, "nDTW": 1.7216260962153547e-16, "CLS": 0.2258215624996224, "path_length_cm": 3500.6631157550937, "cumulative_reward": 1311.6556321461746}, "token_totals": {"input": 44672, "output": 2388, "calls": 16}, "finished_at": "2026-04-23T03:38:46.518583+00:00"}