{"episode_id": "map_36_dungeon_native_obj_pn_0019", "episode_idx": 9, "agent_name": "GhostAgent_9", "SR": 0.0, "SPL": 0.0, "SoftSPL": 0.3125396551573402, "PLR": 1.1337756689795553, "nDTW": 2.72434016685454e-13, "CLS": 0.6807215103516945, "steps": 40, "path_length_cm": 2948.5423557749905, "cumulative_reward": 2296.59572917874, "ended_reason": "max_steps", "metrics": {"SR": 0.0, "SPL": 0.0, "SoftSPL": 0.3125396551573402, "PLR": 1.1337756689795553, "nDTW": 2.72434016685454e-13, "CLS": 0.6807215103516945, "path_length_cm": 2948.5423557749905, "cumulative_reward": 2296.59572917874}, "token_totals": {"input": 123427, "output": 7724, "calls": 40}, "finished_at": "2026-04-23T01:38:15.347033+00:00"}