{"episode_id": "map_53_courtyard_sanny_big_remix_pn_0019", "episode_idx": 4, "agent_name": "GhostAgent_4", "SR": 0.0, "SPL": 0.0, "SoftSPL": 0.5828876216531155, "PLR": 0.5356614511260654, "nDTW": 1.676324367762202e-17, "CLS": 0.02891787590950234, "steps": 40, "path_length_cm": 2785.246707733135, "cumulative_reward": -26.045179353435167, "ended_reason": "max_steps", "metrics": {"SR": 0.0, "SPL": 0.0, "SoftSPL": 0.5828876216531155, "PLR": 0.5356614511260654, "nDTW": 1.676324367762202e-17, "CLS": 0.02891787590950234, "path_length_cm": 2785.246707733135, "cumulative_reward": -26.045179353435167}, "token_totals": {"input": 120711, "output": 5558, "calls": 40}, "finished_at": "2026-04-23T19:11:53.875677+00:00"}