{
  "map": "map_67_B12_construction_site",
  "n": 39,
  "SR": 0.02564102564102564,
  "SPL": 0.02256184650061092,
  "SoftSPL": 0.2426452797823876,
  "nDTW": 0.0024979712202376466,
  "avg_steps": 35.02564102564103
}