{"episode_id": "map_68_B13_suburban_park_on_0015", "episode_idx": 5, "agent_name": "GhostAgent_5", "SR": 0.0, "SPL": 0.0, "SoftSPL": 0.17993608519236567, "PLR": 3.7063013678030883, "nDTW": 2.760056923758546e-23, "CLS": 0.015670341544716034, "steps": 40, "path_length_cm": 10396.43477778341, "cumulative_reward": 1836.8494976667196, "ended_reason": "max_steps", "metrics": {"SR": 0.0, "SPL": 0.0, "SoftSPL": 0.17993608519236567, "PLR": 3.7063013678030883, "nDTW": 2.760056923758546e-23, "CLS": 0.015670341544716034, "path_length_cm": 10396.43477778341, "cumulative_reward": 1836.8494976667196}, "token_totals": {"input": 128568, "output": 7416, "calls": 40}, "finished_at": "2026-04-23T04:16:34.436478+00:00"}