{"episode_id": "map_42_B4_industrial_yard_obj_on_0019", "episode_idx": 9, "agent_name": "GhostAgent_9", "SR": 0.0, "SPL": 0.0, "SoftSPL": 0.7359780514587291, "PLR": 0.7388662075750123, "nDTW": 3.7044083671350365e-23, "CLS": 0.16002274668876307, "steps": 40, "path_length_cm": 2403.384, "cumulative_reward": 2392.539045594261, "ended_reason": "max_steps", "metrics": {"SR": 0.0, "SPL": 0.0, "SoftSPL": 0.7359780514587291, "PLR": 0.7388662075750123, "nDTW": 3.7044083671350365e-23, "CLS": 0.16002274668876307, "path_length_cm": 2403.384, "cumulative_reward": 2392.539045594261}, "token_totals": {"input": 33326, "output": 2000, "calls": 40}, "finished_at": "2026-04-23T16:26:58.517810+00:00"}