{"episode_id": "map_31_gothic_day_remix_on_0006", "episode_idx": 6, "agent_name": "GhostAgent_6", "SR": 1.0, "SPL": 0.935362667568772, "SoftSPL": 0.864570913793462, "PLR": 1.0691040327697017, "nDTW": 5.035259407504079e-05, "CLS": 0.549755817528596, "steps": 8, "path_length_cm": 1776.1559848419438, "cumulative_reward": 1537.9849722385302, "ended_reason": "success", "metrics": {"SR": 1.0, "SPL": 0.935362667568772, "SoftSPL": 0.864570913793462, "PLR": 1.0691040327697017, "nDTW": 5.035259407504079e-05, "CLS": 0.549755817528596, "path_length_cm": 1776.1559848419438, "cumulative_reward": 1537.9849722385302}, "token_totals": {"input": 16976, "output": 926, "calls": 8}, "finished_at": "2026-04-23T18:01:42.050253+00:00"}