{"episode_id": "map_67_B12_construction_site_obj_on_0010", "episode_idx": 0, "agent_name": "GhostAgent_0", "SR": 0.0, "SPL": 0.0, "SoftSPL": 0.02593460655414781, "PLR": 0.0, "nDTW": 1.6631740438851875e-12, "CLS": 0.07142857159722008, "steps": 40, "path_length_cm": 0.0, "cumulative_reward": -0.4000000000000002, "ended_reason": "max_steps", "metrics": {"SR": 0.0, "SPL": 0.0, "SoftSPL": 0.02593460655414781, "PLR": 0.0, "nDTW": 1.6631740438851875e-12, "CLS": 0.07142857159722008, "path_length_cm": 0.0, "cumulative_reward": -0.4000000000000002}, "token_totals": {"input": 111221, "output": 3480, "calls": 40}, "finished_at": "2026-04-23T16:01:55.844738+00:00"}