{"episode_id": "map_20_trainstation_native_obj_pn_0006", "episode_idx": 5, "agent_name": "GhostAgent_5", "SR": 0.0, "SPL": 0.0, "SoftSPL": 0.0, "PLR": 2.8490831962421663, "nDTW": 2.1163251146999086e-147, "CLS": 0.08774752637076537, "steps": 40, "path_length_cm": 11718.421640303843, "cumulative_reward": -279.1011010245966, "ended_reason": "max_steps", "metrics": {"SR": 0.0, "SPL": 0.0, "SoftSPL": 0.0, "PLR": 2.8490831962421663, "nDTW": 2.1163251146999086e-147, "CLS": 0.08774752637076537, "path_length_cm": 11718.421640303843, "cumulative_reward": -279.1011010245966}, "token_totals": {"input": 123513, "output": 5723, "calls": 40}, "finished_at": "2026-04-23T18:51:29.200109+00:00"}