{"episode_id": "map_01_wintertown_native_obj_on_0015", "episode_idx": 9, "agent_name": "GhostAgent_9", "SR": 0.0, "SPL": 0.0, "SoftSPL": 0.7591624413416209, "PLR": 1.140649082824344, "nDTW": 1.6691067740422598e-15, "CLS": 0.33847638876729275, "steps": 40, "path_length_cm": 2409.370244668206, "cumulative_reward": 1828.6985826141445, "ended_reason": "max_steps", "metrics": {"SR": 0.0, "SPL": 0.0, "SoftSPL": 0.7591624413416209, "PLR": 1.140649082824344, "nDTW": 1.6691067740422598e-15, "CLS": 0.33847638876729275, "path_length_cm": 2409.370244668206, "cumulative_reward": 1828.6985826141445}, "token_totals": {"input": 105109, "output": 2971, "calls": 40}, "finished_at": "2026-04-22T22:34:39.255239+00:00"}