{"episode_id": "map_01_wintertown_native_on_0010", "episode_idx": 0, "agent_name": "GhostAgent_0", "SR": 0.0, "SPL": 0.0, "SoftSPL": 0.0, "PLR": 0.7826110437269257, "nDTW": 1.5026810284284172e-58, "CLS": 0.3194538707633434, "steps": 40, "path_length_cm": 1767.9339999999997, "cumulative_reward": -284.2247307332024, "ended_reason": "max_steps", "metrics": {"SR": 0.0, "SPL": 0.0, "SoftSPL": 0.0, "PLR": 0.7826110437269257, "nDTW": 1.5026810284284172e-58, "CLS": 0.3194538707633434, "path_length_cm": 1767.9339999999997, "cumulative_reward": -284.2247307332024}, "token_totals": {"input": 483389, "output": 7098, "calls": 40}, "finished_at": "2026-04-22T20:23:53.041984+00:00"}