{"episode_id": "map_20_trainstation_native_pn_0013", "episode_idx": 2, "agent_name": "GhostAgent_2", "SR": 0.0, "SPL": 0.0, "SoftSPL": 0.4150528785451857, "PLR": 1.5639728539498738, "nDTW": 1.6452089869828673e-18, "CLS": 0.0105807976093922, "steps": 40, "path_length_cm": 8620.41505450069, "cumulative_reward": 2321.25670778903, "ended_reason": "max_steps", "metrics": {"SR": 0.0, "SPL": 0.0, "SoftSPL": 0.4150528785451857, "PLR": 1.5639728539498738, "nDTW": 1.6452089869828673e-18, "CLS": 0.0105807976093922, "path_length_cm": 8620.41505450069, "cumulative_reward": 2321.25670778903}, "token_totals": {"input": 119871, "output": 5066, "calls": 40}, "finished_at": "2026-04-23T18:36:47.158444+00:00"}