{"episode_id": "map_08_cave_remix_on_0012", "episode_idx": 2, "agent_name": "GhostAgent_2", "SR": 1.0, "SPL": 0.9398635739014706, "SoftSPL": 0.8744115905632578, "PLR": 1.0639842076748405, "nDTW": 0.0036178722534952537, "CLS": 0.5183187728700797, "steps": 5, "path_length_cm": 1981.4152305845482, "cumulative_reward": 1727.9382987527167, "ended_reason": "success", "metrics": {"SR": 1.0, "SPL": 0.9398635739014706, "SoftSPL": 0.8744115905632578, "PLR": 1.0639842076748405, "nDTW": 0.0036178722534952537, "CLS": 0.5183187728700797, "path_length_cm": 1981.4152305845482, "cumulative_reward": 1727.9382987527167}, "token_totals": {"input": 3206, "output": 381, "calls": 5}, "finished_at": "2026-04-23T14:56:21.002803+00:00"}