{"episode_id": "map_57_gothic_day_invasion_obj_pn_0004", "episode_idx": 2, "agent_name": "GhostAgent_2", "SR": 0.0, "SPL": 0.0, "SoftSPL": 0.0, "PLR": 0.3520594297916318, "nDTW": 4.284160177888705e-19, "CLS": 0.05809555988294981, "steps": 40, "path_length_cm": 1752.3124410904848, "cumulative_reward": -510.2087711047243, "ended_reason": "max_steps", "metrics": {"SR": 0.0, "SPL": 0.0, "SoftSPL": 0.0, "PLR": 0.3520594297916318, "nDTW": 4.284160177888705e-19, "CLS": 0.05809555988294981, "path_length_cm": 1752.3124410904848, "cumulative_reward": -510.2087711047243}, "token_totals": {"input": 122607, "output": 6204, "calls": 40}, "finished_at": "2026-04-23T03:30:58.513461+00:00"}