{"episode_id": "map_11_wintertown_demo01_remix_obj_pn_0015", "episode_idx": 9, "agent_name": "GhostAgent_9", "SR": 0.0, "SPL": 0.0, "SoftSPL": 0.0, "PLR": 0.263172420642669, "nDTW": 1.6411638436385265e-08, "CLS": 0.15003315272586978, "steps": 40, "path_length_cm": 484.59780019879133, "cumulative_reward": 462.20085812753223, "ended_reason": "max_steps", "metrics": {"SR": 0.0, "SPL": 0.0, "SoftSPL": 0.0, "PLR": 0.263172420642669, "nDTW": 1.6411638436385265e-08, "CLS": 0.15003315272586978, "path_length_cm": 484.59780019879133, "cumulative_reward": 462.20085812753223}, "token_totals": {"input": 109860, "output": 3554, "calls": 40}, "finished_at": "2026-04-23T15:11:24.778704+00:00"}