{"episode_id": "map_15_middleeast_remix_pn_0009", "episode_idx": 9, "agent_name": "GhostAgent_9", "SR": 0.0, "SPL": 0.0, "SoftSPL": 0.0, "PLR": 0.0003644737796475336, "nDTW": 0.016809155342536766, "CLS": 0.17023643977493422, "steps": 40, "path_length_cm": 0.6030000000000655, "cumulative_reward": 0.19509305916799313, "ended_reason": "max_steps", "metrics": {"SR": 0.0, "SPL": 0.0, "SoftSPL": 0.0, "PLR": 0.0003644737796475336, "nDTW": 0.016809155342536766, "CLS": 0.17023643977493422, "path_length_cm": 0.6030000000000655, "cumulative_reward": 0.19509305916799313}, "token_totals": {"input": 32246, "output": 1683, "calls": 40}, "finished_at": "2026-04-23T14:44:17.420170+00:00"}