{"episode_id": "map_37_dungeon_remix_on_0001", "episode_idx": 1, "agent_name": "GhostAgent_1", "SR": 1.0, "SPL": 0.5572528123703175, "SoftSPL": 0.5458743806240868, "PLR": 1.794517636880868, "nDTW": 0.5458743806240868, "CLS": 0.5458743806240868, "steps": 34, "path_length_cm": 3955.1886523909084, "cumulative_reward": 2161.192936738999, "ended_reason": "success", "metrics": {"SR": 1.0, "SPL": 0.5572528123703175, "SoftSPL": 0.5458743806240868, "PLR": 1.794517636880868, "nDTW": 0.5458743806240868, "CLS": 0.5458743806240868, "path_length_cm": 3955.1886523909084, "cumulative_reward": 2161.192936738999}, "token_totals": {"input": 108471, "output": 6623, "calls": 34}, "finished_at": "2026-04-23T20:20:58.511655+00:00"}