{"episode_id": "map_09b_wintertown_demo02_pn_0019", "episode_idx": 2, "agent_name": "GhostAgent_2", "SR": 0.0, "SPL": 0.0, "SoftSPL": 0.0, "PLR": 10.103679957517175, "nDTW": 2.1899828404001455e-217, "CLS": 0.010997145400795891, "steps": 10, "path_length_cm": 51751.755999999994, "cumulative_reward": -50796.43958424879, "ended_reason": "step_error", "metrics": {"SR": 0.0, "SPL": 0.0, "SoftSPL": 0.0, "PLR": 10.103679957517175, "nDTW": 2.1899828404001455e-217, "CLS": 0.010997145400795891, "path_length_cm": 51751.755999999994, "cumulative_reward": -50796.43958424879}, "token_totals": {"input": 24784, "output": 1513, "calls": 10}, "finished_at": "2026-04-23T17:57:23.039302+00:00"}