{"episode_id": "map_05_middleeast_native_pn_0014", "episode_idx": 1, "agent_name": "GhostAgent_1", "SR": 0.0, "SPL": 0.0, "SoftSPL": 0.0, "PLR": 0.0, "nDTW": 1.0772988434440265e-05, "CLS": 0.11201864713540885, "steps": 40, "path_length_cm": 0.0, "cumulative_reward": -0.4000000000000002, "ended_reason": "max_steps", "metrics": {"SR": 0.0, "SPL": 0.0, "SoftSPL": 0.0, "PLR": 0.0, "nDTW": 1.0772988434440265e-05, "CLS": 0.11201864713540885, "path_length_cm": 0.0, "cumulative_reward": -0.4000000000000002}, "token_totals": {"input": 536299, "output": 10216, "calls": 40}, "finished_at": "2026-04-22T20:03:22.617215+00:00"}