{"episode_id": "map_06_hwaseong_native_obj_pn_0018", "episode_idx": 1, "agent_name": "GhostAgent_1", "SR": 0.0, "SPL": 0.0, "SoftSPL": 0.7763183041286668, "PLR": 0.0633353931018748, "nDTW": 8.147428632595665e-07, "CLS": 0.09255619331097123, "steps": 40, "path_length_cm": 309.39782878017553, "cumulative_reward": 289.25123429304426, "ended_reason": "max_steps", "metrics": {"SR": 0.0, "SPL": 0.0, "SoftSPL": 0.7763183041286668, "PLR": 0.0633353931018748, "nDTW": 8.147428632595665e-07, "CLS": 0.09255619331097123, "path_length_cm": 309.39782878017553, "cumulative_reward": 289.25123429304426}, "token_totals": {"input": 111338, "output": 5271, "calls": 40}, "finished_at": "2026-04-23T14:28:20.975601+00:00"}