{"episode_id": "map_53_courtyard_sanny_big_remix_obj_pn_0006", "episode_idx": 6, "agent_name": "GhostAgent_6", "SR": 0.0, "SPL": 0.0, "SoftSPL": 0.5328571084238138, "PLR": 1.6433039442405482, "nDTW": 2.177580206654872e-09, "CLS": 0.1694090730518888, "steps": 40, "path_length_cm": 3861.452041215882, "cumulative_reward": 1999.2332502484007, "ended_reason": "max_steps", "metrics": {"SR": 0.0, "SPL": 0.0, "SoftSPL": 0.5328571084238138, "PLR": 1.6433039442405482, "nDTW": 2.177580206654872e-09, "CLS": 0.1694090730518888, "path_length_cm": 3861.452041215882, "cumulative_reward": 1999.2332502484007}, "token_totals": {"input": 115660, "output": 5205, "calls": 40}, "finished_at": "2026-04-23T02:24:25.208290+00:00"}