{"episode_id": "map_66_middleeast_bazaar_obj_pn_0014", "episode_idx": 4, "agent_name": "GhostAgent_4", "SR": 0.0, "SPL": 0.0, "SoftSPL": 0.0, "PLR": 0.00011652156336005813, "nDTW": 5.683383215748889e-08, "CLS": 0.10003875029550101, "steps": 40, "path_length_cm": 0.7352312561361956, "cumulative_reward": 0.29076469607352884, "ended_reason": "max_steps", "metrics": {"SR": 0.0, "SPL": 0.0, "SoftSPL": 0.0, "PLR": 0.00011652156336005813, "nDTW": 5.683383215748889e-08, "CLS": 0.10003875029550101, "path_length_cm": 0.7352312561361956, "cumulative_reward": 0.29076469607352884}, "token_totals": {"input": 31539, "output": 1495, "calls": 40}, "finished_at": "2026-04-23T19:13:48.526695+00:00"}