{"episode_id": "map_26_courtyard_overcast_native_on_0002", "episode_idx": 2, "agent_name": "GhostAgent_2", "SR": 0.0, "SPL": 0.0, "SoftSPL": 0.8206870105739467, "PLR": 0.310945753147816, "nDTW": 7.998175308848234e-10, "CLS": 0.047545657709937406, "steps": 40, "path_length_cm": 1871.9089812375096, "cumulative_reward": 672.6213554864125, "ended_reason": "max_steps", "metrics": {"SR": 0.0, "SPL": 0.0, "SoftSPL": 0.8206870105739467, "PLR": 0.310945753147816, "nDTW": 7.998175308848234e-10, "CLS": 0.047545657709937406, "path_length_cm": 1871.9089812375096, "cumulative_reward": 672.6213554864125}, "token_totals": {"input": 124791, "output": 7502, "calls": 40}, "finished_at": "2026-04-23T17:35:04.514084+00:00"}