{"episode_id": "map_32_gothic_night_native_pn_0017", "episode_idx": 6, "agent_name": "GhostAgent_6", "SR": 0.0, "SPL": 0.0, "SoftSPL": 0.0, "PLR": 0.05773853325625153, "nDTW": 2.952089087029451e-07, "CLS": 0.13406604291657295, "steps": 27, "path_length_cm": 330.62931775593825, "cumulative_reward": 312.2809194123854, "ended_reason": "success", "metrics": {"SR": 0.0, "SPL": 0.0, "SoftSPL": 0.0, "PLR": 0.05773853325625153, "nDTW": 2.952089087029451e-07, "CLS": 0.13406604291657295, "path_length_cm": 330.62931775593825, "cumulative_reward": 312.2809194123854}, "token_totals": {"input": 79968, "output": 4821, "calls": 27}, "finished_at": "2026-04-23T16:31:52.456567+00:00"}