{"episode_id": "map_21_hwaseong_remix2_on_0007", "episode_idx": 7, "agent_name": "GhostAgent_7", "SR": 0.0, "SPL": 0.0, "SoftSPL": 0.0, "PLR": 0.0, "nDTW": 0.0048749264521112026, "CLS": 0.2500059412269784, "steps": 40, "path_length_cm": 0.0, "cumulative_reward": -0.4000000000000002, "ended_reason": "max_steps", "metrics": {"SR": 0.0, "SPL": 0.0, "SoftSPL": 0.0, "PLR": 0.0, "nDTW": 0.0048749264521112026, "CLS": 0.2500059412269784, "path_length_cm": 0.0, "cumulative_reward": -0.4000000000000002}, "token_totals": {"input": 34426, "output": 2265, "calls": 40}, "finished_at": "2026-04-23T17:56:38.480621+00:00"}