{"episode_id": "map_04_courtyard_remix_obj_pn_0010", "episode_idx": 5, "agent_name": "GhostAgent_5", "SR": 0.0, "SPL": 0.0, "SoftSPL": 0.4022785186548661, "PLR": 0.22517735231758726, "nDTW": 5.046196201675878e-11, "CLS": 0.10311663561895022, "steps": 40, "path_length_cm": 1300.1988017905037, "cumulative_reward": 505.27400917875275, "ended_reason": "max_steps", "metrics": {"SR": 0.0, "SPL": 0.0, "SoftSPL": 0.4022785186548661, "PLR": 0.22517735231758726, "nDTW": 5.046196201675878e-11, "CLS": 0.10311663561895022, "path_length_cm": 1300.1988017905037, "cumulative_reward": 505.27400917875275}, "token_totals": {"input": 114045, "output": 4988, "calls": 40}, "finished_at": "2026-04-22T22:44:52.703312+00:00"}