{"episode_id": "map_40_B2_open_plaza_on_0015", "episode_idx": 5, "agent_name": "GhostAgent_5", "SR": 0.0, "SPL": 0.0, "SoftSPL": 0.0, "PLR": 4.630384422354492, "nDTW": 3.2669840865115663e-69, "CLS": 0.03280843704421866, "steps": 40, "path_length_cm": 17011.476721599724, "cumulative_reward": -7897.477556701147, "ended_reason": "max_steps", "metrics": {"SR": 0.0, "SPL": 0.0, "SoftSPL": 0.0, "PLR": 4.630384422354492, "nDTW": 3.2669840865115663e-69, "CLS": 0.03280843704421866, "path_length_cm": 17011.476721599724, "cumulative_reward": -7897.477556701147}, "token_totals": {"input": 129434, "output": 7469, "calls": 40}, "finished_at": "2026-04-23T01:40:54.876157+00:00"}