{"episode_id": "map_06_hwaseong_native_pn_0017", "episode_idx": 1, "agent_name": "GhostAgent_1", "SR": 0.0, "SPL": 0.0, "SoftSPL": 0.8024642414297564, "PLR": 0.7654457884067492, "nDTW": 1.4377957225502813e-06, "CLS": 0.047764092016357534, "steps": 40, "path_length_cm": 4691.945394738966, "cumulative_reward": 2977.994335206289, "ended_reason": "max_steps", "metrics": {"SR": 0.0, "SPL": 0.0, "SoftSPL": 0.8024642414297564, "PLR": 0.7654457884067492, "nDTW": 1.4377957225502813e-06, "CLS": 0.047764092016357534, "path_length_cm": 4691.945394738966, "cumulative_reward": 2977.994335206289}, "token_totals": {"input": 117823, "output": 4962, "calls": 40}, "finished_at": "2026-04-23T13:57:33.012583+00:00"}