{"episode_id": "map_20_trainstation_native_on_0000", "episode_idx": 0, "agent_name": "GhostAgent_0", "SR": 0.0, "SPL": 0.0, "SoftSPL": 0.14808469408715075, "PLR": 1.9499399926043377, "nDTW": 1.84587172081574e-24, "CLS": 0.01599923415164921, "steps": 40, "path_length_cm": 7460.2754177049355, "cumulative_reward": 949.8129262548109, "ended_reason": "max_steps", "metrics": {"SR": 0.0, "SPL": 0.0, "SoftSPL": 0.14808469408715075, "PLR": 1.9499399926043377, "nDTW": 1.84587172081574e-24, "CLS": 0.01599923415164921, "path_length_cm": 7460.2754177049355, "cumulative_reward": 949.8129262548109}, "token_totals": {"input": 129129, "output": 7060, "calls": 40}, "finished_at": "2026-04-23T17:10:14.548260+00:00"}