{"episode_id": "map_30_gothic_day_native_on_0019", "episode_idx": 9, "agent_name": "GhostAgent_9", "SR": 0.0, "SPL": 0.0, "SoftSPL": 0.44721439466825685, "PLR": 0.0, "nDTW": 0.0001988148818736497, "CLS": 0.06373669889995323, "steps": 0, "path_length_cm": 0.0, "cumulative_reward": 0.0, "ended_reason": "reset_error", "metrics": {"SR": 0.0, "SPL": 0.0, "SoftSPL": 0.44721439466825685, "PLR": 0.0, "nDTW": 0.0001988148818736497, "CLS": 0.06373669889995323, "path_length_cm": 0.0, "cumulative_reward": 0.0}, "token_totals": {"input": 0, "output": 0, "calls": 0}, "finished_at": "2026-04-23T17:45:12.760766+00:00"}