{"episode_id": "map_01_wintertown_native_obj_pn_0013", "episode_idx": 4, "agent_name": "GhostAgent_4", "SR": 0.0, "SPL": 0.0, "SoftSPL": 0.2687794162198194, "PLR": 0.8996357161443866, "nDTW": 4.72086282302373e-84, "CLS": 0.06832399480779706, "steps": 40, "path_length_cm": 6481.668418605593, "cumulative_reward": 1927.598686610183, "ended_reason": "max_steps", "metrics": {"SR": 0.0, "SPL": 0.0, "SoftSPL": 0.2687794162198194, "PLR": 0.8996357161443866, "nDTW": 4.72086282302373e-84, "CLS": 0.06832399480779706, "path_length_cm": 6481.668418605593, "cumulative_reward": 1927.598686610183}, "token_totals": {"input": 131914, "output": 8455, "calls": 40}, "finished_at": "2026-04-22T22:38:09.154624+00:00"}