{"episode_id": "map_57_gothic_day_invasion_pn_0011", "episode_idx": 0, "agent_name": "GhostAgent_0", "SR": 0.0, "SPL": 0.0, "SoftSPL": 0.10618068286730431, "PLR": 0.12533603309937377, "nDTW": 1.630585530165636e-06, "CLS": 0.13806733917233935, "steps": 40, "path_length_cm": 414.1089999999999, "cumulative_reward": 413.59965820721345, "ended_reason": "max_steps", "metrics": {"SR": 0.0, "SPL": 0.0, "SoftSPL": 0.10618068286730431, "PLR": 0.12533603309937377, "nDTW": 1.630585530165636e-06, "CLS": 0.13806733917233935, "path_length_cm": 414.1089999999999, "cumulative_reward": 413.59965820721345}, "token_totals": {"input": 105624, "output": 3787, "calls": 40}, "finished_at": "2026-04-23T03:15:56.373737+00:00"}