{"episode_id": "map_09b_wintertown_demo02_obj_pn_0009", "episode_idx": 6, "agent_name": "GhostAgent_6", "SR": 0.0, "SPL": 0.0, "SoftSPL": 0.3489631682506855, "PLR": 0.45210483377019567, "nDTW": 2.234942781789862e-13, "CLS": 0.06591948794643912, "steps": 40, "path_length_cm": 2027.699221556003, "cumulative_reward": 1527.9643877704384, "ended_reason": "max_steps", "metrics": {"SR": 0.0, "SPL": 0.0, "SoftSPL": 0.3489631682506855, "PLR": 0.45210483377019567, "nDTW": 2.234942781789862e-13, "CLS": 0.06591948794643912, "path_length_cm": 2027.699221556003, "cumulative_reward": 1527.9643877704384}, "token_totals": {"input": 122613, "output": 6342, "calls": 40}, "finished_at": "2026-04-23T12:52:26.891483+00:00"}