{"episode_id": "map_57_gothic_day_invasion_pn_0000", "episode_idx": 0, "agent_name": "GhostAgent_0", "SR": 0.0, "SPL": 0.0, "SoftSPL": 0.05420509953743502, "PLR": 0.0, "nDTW": 7.561358339477691e-05, "CLS": 0.1001185444280297, "steps": 40, "path_length_cm": 0.0, "cumulative_reward": -0.4000000000000002, "ended_reason": "max_steps", "metrics": {"SR": 0.0, "SPL": 0.0, "SoftSPL": 0.05420509953743502, "PLR": 0.0, "nDTW": 7.561358339477691e-05, "CLS": 0.1001185444280297, "path_length_cm": 0.0, "cumulative_reward": -0.4000000000000002}, "token_totals": {"input": 116513, "output": 5137, "calls": 40}, "finished_at": "2026-04-23T02:58:47.683970+00:00"}