{"episode_id": "map_27_courtyard_overcast_remix_obj_on_0006", "episode_idx": 6, "agent_name": "GhostAgent_6", "SR": 0.0, "SPL": 0.0, "SoftSPL": 0.6436830943106129, "PLR": 0.09556531583873917, "nDTW": 1.1349268800534101e-06, "CLS": 0.09859762282926754, "steps": 40, "path_length_cm": 396.5635685233824, "cumulative_reward": 171.82210833378232, "ended_reason": "max_steps", "metrics": {"SR": 0.0, "SPL": 0.0, "SoftSPL": 0.6436830943106129, "PLR": 0.09556531583873917, "nDTW": 1.1349268800534101e-06, "CLS": 0.09859762282926754, "path_length_cm": 396.5635685233824, "cumulative_reward": 171.82210833378232}, "token_totals": {"input": 34615, "output": 2262, "calls": 40}, "finished_at": "2026-04-23T15:43:37.281014+00:00"}