{"episode_id": "map_68_B13_suburban_park_obj_pn_0018", "episode_idx": 8, "agent_name": "GhostAgent_8", "SR": 0.0, "SPL": 0.0, "SoftSPL": 0.20481141063329444, "PLR": 0.5469849069954396, "nDTW": 1.6265876514823171e-07, "CLS": 0.11426283382711827, "steps": 8, "path_length_cm": 2399.754063366672, "cumulative_reward": 652.0872789497741, "ended_reason": "no_tool_call", "metrics": {"SR": 0.0, "SPL": 0.0, "SoftSPL": 0.20481141063329444, "PLR": 0.5469849069954396, "nDTW": 1.6265876514823171e-07, "CLS": 0.11426283382711827, "path_length_cm": 2399.754063366672, "cumulative_reward": 652.0872789497741}, "token_totals": {"input": 18131, "output": 1476, "calls": 8}, "finished_at": "2026-04-23T05:49:04.967868+00:00"}