{"episode_id": "map_67_B12_construction_site_obj_on_0000", "episode_idx": 0, "agent_name": "GhostAgent_0", "SR": 0.0, "SPL": 0.0, "SoftSPL": 0.15796581026656603, "PLR": 1.731535523750916, "nDTW": 2.580098485416035e-39, "CLS": 0.011786231409662078, "steps": 40, "path_length_cm": 10805.578174546641, "cumulative_reward": 1539.110190005731, "ended_reason": "max_steps", "metrics": {"SR": 0.0, "SPL": 0.0, "SoftSPL": 0.15796581026656603, "PLR": 1.731535523750916, "nDTW": 2.580098485416035e-39, "CLS": 0.011786231409662078, "path_length_cm": 10805.578174546641, "cumulative_reward": 1539.110190005731}, "token_totals": {"input": 129636, "output": 7455, "calls": 40}, "finished_at": "2026-04-23T15:47:09.092274+00:00"}