{"episode_id": "map_34_temple_plaza_native_on_0007", "episode_idx": 7, "agent_name": "GhostAgent_7", "SR": 0.0, "SPL": 0.0, "SoftSPL": 0.19282770487353507, "PLR": 0.0, "nDTW": 1.1838753718482097e-05, "CLS": 0.08333439934187829, "steps": 40, "path_length_cm": 0.0, "cumulative_reward": -0.4000000000000002, "ended_reason": "max_steps", "metrics": {"SR": 0.0, "SPL": 0.0, "SoftSPL": 0.19282770487353507, "PLR": 0.0, "nDTW": 1.1838753718482097e-05, "CLS": 0.08333439934187829, "path_length_cm": 0.0, "cumulative_reward": -0.4000000000000002}, "token_totals": {"input": 34942, "output": 2402, "calls": 40}, "finished_at": "2026-04-23T15:29:23.958451+00:00"}