{"episode_id": "map_30_gothic_day_native_pn_0015", "episode_idx": 5, "agent_name": "GhostAgent_5", "SR": 0.0, "SPL": 0.0, "SoftSPL": 0.4969596170490842, "PLR": 0.0, "nDTW": 1.610452606942643e-06, "CLS": 0.05559272760988297, "steps": 0, "path_length_cm": 0.0, "cumulative_reward": 0.0, "ended_reason": "reset_error", "metrics": {"SR": 0.0, "SPL": 0.0, "SoftSPL": 0.4969596170490842, "PLR": 0.0, "nDTW": 1.610452606942643e-06, "CLS": 0.05559272760988297, "path_length_cm": 0.0, "cumulative_reward": 0.0}, "token_totals": {"input": 0, "output": 0, "calls": 0}, "finished_at": "2026-04-23T18:44:03.521064+00:00"}