{"episode_id": "map_23_containeryard_demo_remix_pn_0016", "episode_idx": 6, "agent_name": "GhostAgent_6", "SR": 1.0, "SPL": 0.8208701852475514, "SoftSPL": 0.8012587471876187, "PLR": 1.2182194188212938, "nDTW": 7.754833200460131e-39, "CLS": 0.43447431763357486, "steps": 29, "path_length_cm": 8029.710566247736, "cumulative_reward": 6436.083606739102, "ended_reason": "success", "metrics": {"SR": 1.0, "SPL": 0.8208701852475514, "SoftSPL": 0.8012587471876187, "PLR": 1.2182194188212938, "nDTW": 7.754833200460131e-39, "CLS": 0.43447431763357486, "path_length_cm": 8029.710566247736, "cumulative_reward": 6436.083606739102}, "token_totals": {"input": 81143, "output": 3680, "calls": 29}, "finished_at": "2026-04-23T13:14:02.990886+00:00"}