{"episode_id": "map_25_containeryard_day_remix_obj_pn_0006", "episode_idx": 8, "agent_name": "GhostAgent_8", "SR": 0.0, "SPL": 0.0, "SoftSPL": 0.10307370498697266, "PLR": 0.1039352469595317, "nDTW": 3.9253043965168855e-10, "CLS": 0.15748387496762736, "steps": 40, "path_length_cm": 665.989, "cumulative_reward": 664.1432489244289, "ended_reason": "max_steps", "metrics": {"SR": 0.0, "SPL": 0.0, "SoftSPL": 0.10307370498697266, "PLR": 0.1039352469595317, "nDTW": 3.9253043965168855e-10, "CLS": 0.15748387496762736, "path_length_cm": 665.989, "cumulative_reward": 664.1432489244289}, "token_totals": {"input": 104637, "output": 4091, "calls": 40}, "finished_at": "2026-04-23T15:52:14.462470+00:00"}