{"episode_id": "map_59_B10_market_plaza_on_0005", "episode_idx": 5, "agent_name": "GhostAgent_5", "SR": 0.0, "SPL": 0.0, "SoftSPL": 0.34244682235059654, "PLR": 0.4707547389815236, "nDTW": 5.095880072183183e-25, "CLS": 0.08530651225166197, "steps": 40, "path_length_cm": 3111.6229190044132, "cumulative_reward": 2212.7024965868277, "ended_reason": "max_steps", "metrics": {"SR": 0.0, "SPL": 0.0, "SoftSPL": 0.34244682235059654, "PLR": 0.4707547389815236, "nDTW": 5.095880072183183e-25, "CLS": 0.08530651225166197, "path_length_cm": 3111.6229190044132, "cumulative_reward": 2212.7024965868277}, "token_totals": {"input": 128074, "output": 7698, "calls": 40}, "finished_at": "2026-04-23T02:34:34.609223+00:00"}