{"episode_id": "map_19_wintertown_demo02_native_on_0013", "episode_idx": 3, "agent_name": "GhostAgent_3", "SR": 0.0, "SPL": 0.0, "SoftSPL": 0.07448438626346696, "PLR": 4.060151527845095, "nDTW": 5.086561477985961e-63, "CLS": 0.02739690632175914, "steps": 40, "path_length_cm": 12335.795980990639, "cumulative_reward": 911.9475813664067, "ended_reason": "max_steps", "metrics": {"SR": 0.0, "SPL": 0.0, "SoftSPL": 0.07448438626346696, "PLR": 4.060151527845095, "nDTW": 5.086561477985961e-63, "CLS": 0.02739690632175914, "path_length_cm": 12335.795980990639, "cumulative_reward": 911.9475813664067}, "token_totals": {"input": 124302, "output": 6077, "calls": 40}, "finished_at": "2026-04-22T23:58:11.526429+00:00"}