{"episode_id": "map_49_courtyard_sunny_packed_pn_0009", "episode_idx": 9, "agent_name": "GhostAgent_9", "SR": 0.0, "SPL": 0.0, "SoftSPL": 0.7827520495624645, "PLR": 0.13223928845464097, "nDTW": 0.0004827268332233689, "CLS": 0.2058572379091458, "steps": 40, "path_length_cm": 291.2610000000004, "cumulative_reward": 147.1468410826979, "ended_reason": "max_steps", "metrics": {"SR": 0.0, "SPL": 0.0, "SoftSPL": 0.7827520495624645, "PLR": 0.13223928845464097, "nDTW": 0.0004827268332233689, "CLS": 0.2058572379091458, "path_length_cm": 291.2610000000004, "cumulative_reward": 147.1468410826979}, "token_totals": {"input": 118877, "output": 7232, "calls": 40}, "finished_at": "2026-04-23T01:33:00.524548+00:00"}