{"episode_id": "map_66_middleeast_bazaar_pn_0009", "episode_idx": 9, "agent_name": "GhostAgent_9", "SR": 0.0, "SPL": 0.0, "SoftSPL": 0.0, "PLR": 0.0, "nDTW": 0.04823851304197595, "CLS": 0.2505817385351252, "steps": 40, "path_length_cm": 0.0, "cumulative_reward": -0.4000000000000002, "ended_reason": "max_steps", "metrics": {"SR": 0.0, "SPL": 0.0, "SoftSPL": 0.0, "PLR": 0.0, "nDTW": 0.04823851304197595, "CLS": 0.2505817385351252, "path_length_cm": 0.0, "cumulative_reward": -0.4000000000000002}, "token_totals": {"input": 35156, "output": 2616, "calls": 40}, "finished_at": "2026-04-23T18:41:08.111520+00:00"}