{"episode_id": "map_11_wintertown_demo01_remix_pn_0009", "episode_idx": 1, "agent_name": "GhostAgent_1", "SR": 0.0, "SPL": 0.0, "SoftSPL": 0.08357525126151844, "PLR": 0.8791967741609483, "nDTW": 8.741547764848777e-78, "CLS": 0.12647515869207415, "steps": 40, "path_length_cm": 3479.8959999999997, "cumulative_reward": 329.42564812904175, "ended_reason": "max_steps", "metrics": {"SR": 0.0, "SPL": 0.0, "SoftSPL": 0.08357525126151844, "PLR": 0.8791967741609483, "nDTW": 8.741547764848777e-78, "CLS": 0.12647515869207415, "path_length_cm": 3479.8959999999997, "cumulative_reward": 329.42564812904175}, "token_totals": {"input": 132147, "output": 9091, "calls": 40}, "finished_at": "2026-04-23T15:11:24.489788+00:00"}