{"episode_id": "map_47_wintertown_demo01_minimal_obj_on_0010", "episode_idx": 0, "agent_name": "GhostAgent_0", "SR": 0.0, "SPL": 0.0, "SoftSPL": 0.12354947832638258, "PLR": 1.1614805361592822, "nDTW": 1.5820000820318175e-37, "CLS": 0.012007366391635745, "steps": 40, "path_length_cm": 8177.9612254867825, "cumulative_reward": 720.5287173088063, "ended_reason": "max_steps", "metrics": {"SR": 0.0, "SPL": 0.0, "SoftSPL": 0.12354947832638258, "PLR": 1.1614805361592822, "nDTW": 1.5820000820318175e-37, "CLS": 0.012007366391635745, "path_length_cm": 8177.9612254867825, "cumulative_reward": 720.5287173088063}, "token_totals": {"input": 119271, "output": 4732, "calls": 40}, "finished_at": "2026-04-23T02:13:36.046084+00:00"}