{"episode_id": "map_18_cave_native_on_0015", "episode_idx": 5, "agent_name": "GhostAgent_5", "SR": 1.0, "SPL": 0.8463414627065796, "SoftSPL": 0.8022583549071935, "PLR": 1.1815561969539152, "nDTW": 3.1447081566306233e-06, "CLS": 0.35483740304056055, "steps": 15, "path_length_cm": 4385.109513755066, "cumulative_reward": 3519.5293980320803, "ended_reason": "success", "metrics": {"SR": 1.0, "SPL": 0.8463414627065796, "SoftSPL": 0.8022583549071935, "PLR": 1.1815561969539152, "nDTW": 3.1447081566306233e-06, "CLS": 0.35483740304056055, "path_length_cm": 4385.109513755066, "cumulative_reward": 3519.5293980320803}, "token_totals": {"input": 38474, "output": 2064, "calls": 15}, "finished_at": "2026-04-23T17:14:57.005166+00:00"}