{"episode_id": "map_03_watertown_remix_on_0003", "episode_idx": 2, "agent_name": "GhostAgent_2", "SR": 1.0, "SPL": 0.8885918050473713, "SoftSPL": 0.8609815666099149, "PLR": 1.1253761224443088, "nDTW": 1.2421676500340813e-17, "CLS": 0.23195032421151654, "steps": 32, "path_length_cm": 5231.254636376248, "cumulative_reward": 4485.024172903672, "ended_reason": "success", "metrics": {"SR": 1.0, "SPL": 0.8885918050473713, "SoftSPL": 0.8609815666099149, "PLR": 1.1253761224443088, "nDTW": 1.2421676500340813e-17, "CLS": 0.23195032421151654, "path_length_cm": 5231.254636376248, "cumulative_reward": 4485.024172903672}, "token_totals": {"input": 235996, "output": 14722, "calls": 32}, "finished_at": "2026-04-22T15:07:51.402548+00:00"}