{"episode_id": "map_68_B13_suburban_park_on_0016", "episode_idx": 6, "agent_name": "GhostAgent_6", "SR": 0.0, "SPL": 0.0, "SoftSPL": 0.4361489009430886, "PLR": 1.9086464871897646, "nDTW": 5.847000726188561e-48, "CLS": 0.1526312192841329, "steps": 40, "path_length_cm": 8813.4041921772, "cumulative_reward": 3843.552401761018, "ended_reason": "max_steps", "metrics": {"SR": 0.0, "SPL": 0.0, "SoftSPL": 0.4361489009430886, "PLR": 1.9086464871897646, "nDTW": 5.847000726188561e-48, "CLS": 0.1526312192841329, "path_length_cm": 8813.4041921772, "cumulative_reward": 3843.552401761018}, "token_totals": {"input": 121371, "output": 5524, "calls": 40}, "finished_at": "2026-04-23T04:16:34.436771+00:00"}