{"episode_id": "map_09b_wintertown_demo02_obj_pn_0001", "episode_idx": 1, "agent_name": "GhostAgent_1", "SR": 0.0, "SPL": 0.0, "SoftSPL": 0.015483626702614717, "PLR": 0.0, "nDTW": 6.549366807791576e-09, "CLS": 0.12500000020893662, "steps": 40, "path_length_cm": 0.0, "cumulative_reward": -0.4000000000000002, "ended_reason": "max_steps", "metrics": {"SR": 0.0, "SPL": 0.0, "SoftSPL": 0.015483626702614717, "PLR": 0.0, "nDTW": 6.549366807791576e-09, "CLS": 0.12500000020893662, "path_length_cm": 0.0, "cumulative_reward": -0.4000000000000002}, "token_totals": {"input": 107346, "output": 2570, "calls": 40}, "finished_at": "2026-04-22T23:16:35.299832+00:00"}