{"episode_id": "map_50_B9_sparse_wilderness_on_0003", "episode_idx": 3, "agent_name": "GhostAgent_3", "SR": 0.0, "SPL": 0.0, "SoftSPL": 0.0, "PLR": 3.573274373362613, "nDTW": 2.0911330087105856e-121, "CLS": 0.06999063215651276, "steps": 40, "path_length_cm": 14023.95846764878, "cumulative_reward": -1554.0355062857545, "ended_reason": "max_steps", "metrics": {"SR": 0.0, "SPL": 0.0, "SoftSPL": 0.0, "PLR": 3.573274373362613, "nDTW": 2.0911330087105856e-121, "CLS": 0.06999063215651276, "path_length_cm": 14023.95846764878, "cumulative_reward": -1554.0355062857545}, "token_totals": {"input": 133939, "output": 8472, "calls": 40}, "finished_at": "2026-04-23T14:18:08.221385+00:00"}