{"episode_id": "map_40_B2_open_plaza_obj_pn_0013", "episode_idx": 3, "agent_name": "GhostAgent_3", "SR": 0.0, "SPL": 0.0, "SoftSPL": 0.44279074494258625, "PLR": 1.2367784189475988, "nDTW": 1.5514106602360167e-75, "CLS": 0.09004556056173121, "steps": 40, "path_length_cm": 8895.541146064794, "cumulative_reward": 3889.6248597027316, "ended_reason": "max_steps", "metrics": {"SR": 0.0, "SPL": 0.0, "SoftSPL": 0.44279074494258625, "PLR": 1.2367784189475988, "nDTW": 1.5514106602360167e-75, "CLS": 0.09004556056173121, "path_length_cm": 8895.541146064794, "cumulative_reward": 3889.6248597027316}, "token_totals": {"input": 122049, "output": 5553, "calls": 40}, "finished_at": "2026-04-23T16:55:03.723432+00:00"}