{"episode_id": "map_32_gothic_night_native_pn_0012", "episode_idx": 1, "agent_name": "GhostAgent_1", "SR": 0.0, "SPL": 0.0, "SoftSPL": 0.0, "PLR": 1.1823879585262023, "nDTW": 0.0015951865380198112, "CLS": 0.3957040847152969, "steps": 40, "path_length_cm": 1526.675684289862, "cumulative_reward": 808.6863654357958, "ended_reason": "max_steps", "metrics": {"SR": 0.0, "SPL": 0.0, "SoftSPL": 0.0, "PLR": 1.1823879585262023, "nDTW": 0.0015951865380198112, "CLS": 0.3957040847152969, "path_length_cm": 1526.675684289862, "cumulative_reward": 808.6863654357958}, "token_totals": {"input": 116336, "output": 5895, "calls": 40}, "finished_at": "2026-04-23T16:31:51.674024+00:00"}