{"episode_id": "map_47_wintertown_demo01_minimal_on_0014", "episode_idx": 4, "agent_name": "GhostAgent_4", "SR": 0.0, "SPL": 0.0, "SoftSPL": 0.0, "PLR": 0.9571388299728616, "nDTW": 4.703715896297753e-231, "CLS": 0.26119512882691054, "steps": 40, "path_length_cm": 7309.956386151736, "cumulative_reward": -6402.308724976687, "ended_reason": "max_steps", "metrics": {"SR": 0.0, "SPL": 0.0, "SoftSPL": 0.0, "PLR": 0.9571388299728616, "nDTW": 4.703715896297753e-231, "CLS": 0.26119512882691054, "path_length_cm": 7309.956386151736, "cumulative_reward": -6402.308724976687}, "token_totals": {"input": 136465, "output": 8622, "calls": 40}, "finished_at": "2026-04-23T01:44:15.742701+00:00"}