{"episode_id": "map_10_B1_urban_grid_on_0009", "episode_idx": 9, "agent_name": "GhostAgent_9", "SR": 0.0, "SPL": 0.0, "SoftSPL": 0.0, "PLR": 0.19514977283561466, "nDTW": 4.854108947608772e-07, "CLS": 0.23564609118016333, "steps": 3, "path_length_cm": 802.3699999999999, "cumulative_reward": -756.4631542403527, "ended_reason": "no_tool_call", "metrics": {"SR": 0.0, "SPL": 0.0, "SoftSPL": 0.0, "PLR": 0.19514977283561466, "nDTW": 4.854108947608772e-07, "CLS": 0.23564609118016333, "path_length_cm": 802.3699999999999, "cumulative_reward": -756.4631542403527}, "token_totals": {"input": 3993, "output": 768, "calls": 3}, "finished_at": "2026-04-23T12:58:19.919938+00:00"}