{"episode_id": "map_15_middleeast_remix_obj_pn_0019", "episode_idx": 7, "agent_name": "GhostAgent_7", "SR": 0.0, "SPL": 0.0, "SoftSPL": 0.41246591052569814, "PLR": 0.24750993017186704, "nDTW": 3.705363548273396e-08, "CLS": 0.2556278658733207, "steps": 40, "path_length_cm": 1862.7820103671868, "cumulative_reward": 1727.447439702546, "ended_reason": "max_steps", "metrics": {"SR": 0.0, "SPL": 0.0, "SoftSPL": 0.41246591052569814, "PLR": 0.24750993017186704, "nDTW": 3.705363548273396e-08, "CLS": 0.2556278658733207, "path_length_cm": 1862.7820103671868, "cumulative_reward": 1727.447439702546}, "token_totals": {"input": 36171, "output": 2826, "calls": 40}, "finished_at": "2026-04-23T15:09:16.549501+00:00"}