{"episode_id": "map_36_dungeon_native_on_0017", "episode_idx": 5, "agent_name": "GhostAgent_5", "SR": 0.0, "SPL": 0.0, "SoftSPL": 0.0, "PLR": 28.017480731641466, "nDTW": 4.29282e-318, "CLS": 0.008924248519634108, "steps": 23, "path_length_cm": 53615.091652491064, "cumulative_reward": -48686.77224584905, "ended_reason": "step_error", "metrics": {"SR": 0.0, "SPL": 0.0, "SoftSPL": 0.0, "PLR": 28.017480731641466, "nDTW": 4.29282e-318, "CLS": 0.008924248519634108, "path_length_cm": 53615.091652491064, "cumulative_reward": -48686.77224584905}, "token_totals": {"input": 72955, "output": 4898, "calls": 23}, "finished_at": "2026-04-23T18:16:24.099451+00:00"}