{"episode_id": "map_20_trainstation_native_pn_0007", "episode_idx": 6, "agent_name": "GhostAgent_6", "SR": 0.0, "SPL": 0.0, "SoftSPL": 0.0, "PLR": 0.0, "nDTW": 0.056546524497486414, "CLS": 0.2507993773581862, "steps": 40, "path_length_cm": 0.0, "cumulative_reward": -0.4000000000000002, "ended_reason": "max_steps", "metrics": {"SR": 0.0, "SPL": 0.0, "SoftSPL": 0.0, "PLR": 0.0, "nDTW": 0.056546524497486414, "CLS": 0.2507993773581862, "path_length_cm": 0.0, "cumulative_reward": -0.4000000000000002}, "token_totals": {"input": 118663, "output": 4612, "calls": 40}, "finished_at": "2026-04-23T18:21:16.543239+00:00"}