{"episode_id": "map_33_gothic_night_remix_on_0016", "episode_idx": 6, "agent_name": "GhostAgent_6", "SR": 0.0, "SPL": 0.0, "SoftSPL": 0.0, "PLR": 0.24862026907384435, "nDTW": 3.3002826710336313e-18, "CLS": 0.3327907997077603, "steps": 40, "path_length_cm": 401.5640000000012, "cumulative_reward": -35.51607454548486, "ended_reason": "max_steps", "metrics": {"SR": 0.0, "SPL": 0.0, "SoftSPL": 0.0, "PLR": 0.24862026907384435, "nDTW": 3.3002826710336313e-18, "CLS": 0.3327907997077603, "path_length_cm": 401.5640000000012, "cumulative_reward": -35.51607454548486}, "token_totals": {"input": 35756, "output": 2413, "calls": 40}, "finished_at": "2026-04-23T18:16:56.144182+00:00"}