{"episode_id": "map_31_gothic_day_remix_obj_pn_0006", "episode_idx": 5, "agent_name": "GhostAgent_5", "SR": 0.0, "SPL": 0.0, "SoftSPL": 0.0, "PLR": 1.3575136195336308, "nDTW": 3.084311862204997e-35, "CLS": 0.08262786777544683, "steps": 40, "path_length_cm": 1775.5327883966218, "cumulative_reward": 414.35290888862784, "ended_reason": "max_steps", "metrics": {"SR": 0.0, "SPL": 0.0, "SoftSPL": 0.0, "PLR": 1.3575136195336308, "nDTW": 3.084311862204997e-35, "CLS": 0.08262786777544683, "path_length_cm": 1775.5327883966218, "cumulative_reward": 414.35290888862784}, "token_totals": {"input": 118704, "output": 6429, "calls": 40}, "finished_at": "2026-04-23T01:01:10.747563+00:00"}