{"episode_id": "map_28_village_night_native_pn_0010", "episode_idx": 8, "agent_name": "GhostAgent_8", "SR": 0.0, "SPL": 0.0, "SoftSPL": 0.0, "PLR": 3.026804635877794, "nDTW": 1.111185384450212e-26, "CLS": 0.09527340915582704, "steps": 40, "path_length_cm": 3090.4886054166623, "cumulative_reward": 1043.6078613242616, "ended_reason": "max_steps", "metrics": {"SR": 0.0, "SPL": 0.0, "SoftSPL": 0.0, "PLR": 3.026804635877794, "nDTW": 1.111185384450212e-26, "CLS": 0.09527340915582704, "path_length_cm": 3090.4886054166623, "cumulative_reward": 1043.6078613242616}, "token_totals": {"input": 115787, "output": 5786, "calls": 40}, "finished_at": "2026-04-23T00:10:12.690423+00:00"}