{"episode_id": "map_04_courtyard_remix_obj_pn_0009", "episode_idx": 4, "agent_name": "GhostAgent_4", "SR": 0.0, "SPL": 0.0, "SoftSPL": 0.0, "PLR": 8.20308159387082, "nDTW": 1.5099825866587032e-72, "CLS": 0.003511520573326985, "steps": 16, "path_length_cm": 51714.60526142387, "cumulative_reward": -45554.950542533064, "ended_reason": "step_error", "metrics": {"SR": 0.0, "SPL": 0.0, "SoftSPL": 0.0, "PLR": 8.20308159387082, "nDTW": 1.5099825866587032e-72, "CLS": 0.003511520573326985, "path_length_cm": 51714.60526142387, "cumulative_reward": -45554.950542533064}, "token_totals": {"input": 49939, "output": 3705, "calls": 16}, "finished_at": "2026-04-23T17:53:20.323287+00:00"}