{"episode_id": "map_49_courtyard_sunny_packed_obj_on_0011", "episode_idx": 9, "agent_name": "GhostAgent_9", "SR": 0.0, "SPL": 0.0, "SoftSPL": 0.10998012283706649, "PLR": 0.0, "nDTW": 0.0024946975180196937, "CLS": 0.08389564470067518, "steps": 1, "path_length_cm": 0.0, "cumulative_reward": 0.0, "ended_reason": "no_tool_call", "metrics": {"SR": 0.0, "SPL": 0.0, "SoftSPL": 0.10998012283706649, "PLR": 0.0, "nDTW": 0.0024946975180196937, "CLS": 0.08389564470067518, "path_length_cm": 0.0, "cumulative_reward": 0.0}, "token_totals": {"input": 774, "output": 256, "calls": 1}, "finished_at": "2026-04-23T18:41:59.670490+00:00"}