{"episode_id": "map_06_hwaseong_native_obj_on_0014", "episode_idx": 9, "agent_name": "GhostAgent_9", "SR": 0.0, "SPL": 0.0, "SoftSPL": 0.2503427803130349, "PLR": 0.7432335498956241, "nDTW": 4.349505144430182e-51, "CLS": 0.1495411961425209, "steps": 40, "path_length_cm": 2099.2260000026954, "cumulative_reward": 697.5996662172711, "ended_reason": "max_steps", "metrics": {"SR": 0.0, "SPL": 0.0, "SoftSPL": 0.2503427803130349, "PLR": 0.7432335498956241, "nDTW": 4.349505144430182e-51, "CLS": 0.1495411961425209, "path_length_cm": 2099.2260000026954, "cumulative_reward": 697.5996662172711}, "token_totals": {"input": 113455, "output": 3689, "calls": 40}, "finished_at": "2026-04-23T14:20:05.486757+00:00"}