{"episode_id": "map_25_containeryard_day_remix_on_0008", "episode_idx": 8, "agent_name": "GhostAgent_8", "SR": 0.0, "SPL": 0.0, "SoftSPL": 0.4121446287453724, "PLR": 1.4073897045561996, "nDTW": 2.396601573725548e-34, "CLS": 0.035000538636576525, "steps": 40, "path_length_cm": 10246.444448433229, "cumulative_reward": 3485.5040511823236, "ended_reason": "max_steps", "metrics": {"SR": 0.0, "SPL": 0.0, "SoftSPL": 0.4121446287453724, "PLR": 1.4073897045561996, "nDTW": 2.396601573725548e-34, "CLS": 0.035000538636576525, "path_length_cm": 10246.444448433229, "cumulative_reward": 3485.5040511823236}, "token_totals": {"input": 127962, "output": 6848, "calls": 40}, "finished_at": "2026-04-23T00:17:54.581418+00:00"}