{"episode_id": "map_09b_wintertown_demo02_pn_0009", "episode_idx": 9, "agent_name": "GhostAgent_9", "SR": 0.0, "SPL": 0.0, "SoftSPL": 0.07704339360343493, "PLR": 0.0488035577029924, "nDTW": 0.0001826329105209935, "CLS": 0.08802688322124627, "steps": 40, "path_length_cm": 126.78725059218097, "cumulative_reward": 3.8300122227161495, "ended_reason": "max_steps", "metrics": {"SR": 0.0, "SPL": 0.0, "SoftSPL": 0.07704339360343493, "PLR": 0.0488035577029924, "nDTW": 0.0001826329105209935, "CLS": 0.08802688322124627, "path_length_cm": 126.78725059218097, "cumulative_reward": 3.8300122227161495}, "token_totals": {"input": 115348, "output": 4395, "calls": 40}, "finished_at": "2026-04-22T22:49:48.338529+00:00"}