{"episode_id": "map_01_wintertown_native_pn_0007", "episode_idx": 2, "agent_name": "GhostAgent_2", "SR": 0.0, "SPL": 0.0, "SoftSPL": 0.41139138879116544, "PLR": 0.9183739967890542, "nDTW": 9.002215104873658e-19, "CLS": 0.05627314315800448, "steps": 40, "path_length_cm": 6328.193780974496, "cumulative_reward": 5644.908751047615, "ended_reason": "max_steps", "metrics": {"SR": 0.0, "SPL": 0.0, "SoftSPL": 0.41139138879116544, "PLR": 0.9183739967890542, "nDTW": 9.002215104873658e-19, "CLS": 0.05627314315800448, "path_length_cm": 6328.193780974496, "cumulative_reward": 5644.908751047615}, "token_totals": {"input": 347416, "output": 10415, "calls": 40}, "finished_at": "2026-04-22T15:57:47.409815+00:00"}