{"episode_id": "map_01_wintertown_native_pn_0015", "episode_idx": 1, "agent_name": "GhostAgent_1", "SR": 0.0, "SPL": 0.0, "SoftSPL": 0.0, "PLR": 1.4075132075036108, "nDTW": 1.1123115495321453e-161, "CLS": 0.17761822707607977, "steps": 40, "path_length_cm": 5831.9887498949865, "cumulative_reward": -3793.525802893999, "ended_reason": "max_steps", "metrics": {"SR": 0.0, "SPL": 0.0, "SoftSPL": 0.0, "PLR": 1.4075132075036108, "nDTW": 1.1123115495321453e-161, "CLS": 0.17761822707607977, "path_length_cm": 5831.9887498949865, "cumulative_reward": -3793.525802893999}, "token_totals": {"input": 503455, "output": 7322, "calls": 40}, "finished_at": "2026-04-22T20:26:28.687492+00:00"}