{"episode_id": "map_19_wintertown_demo02_native_pn_0010", "episode_idx": 0, "agent_name": "GhostAgent_0", "SR": 1.0, "SPL": 0.766131422016885, "SoftSPL": 0.7442889293950917, "PLR": 1.305259086446869, "nDTW": 3.703027292384954e-07, "CLS": 0.16232150310926008, "steps": 25, "path_length_cm": 6878.493491530304, "cumulative_reward": 5079.770399683416, "ended_reason": "success", "metrics": {"SR": 1.0, "SPL": 0.766131422016885, "SoftSPL": 0.7442889293950917, "PLR": 1.305259086446869, "nDTW": 3.703027292384954e-07, "CLS": 0.16232150310926008, "path_length_cm": 6878.493491530304, "cumulative_reward": 5079.770399683416}, "token_totals": {"input": 68296, "output": 2965, "calls": 25}, "finished_at": "2026-04-22T23:24:24.858076+00:00"}