{"episode_id": "map_40_B2_open_plaza_pn_0006", "episode_idx": 6, "agent_name": "GhostAgent_6", "SR": 0.0, "SPL": 0.0, "SoftSPL": 0.0, "PLR": 0.3587209853711739, "nDTW": 6.220489514363359e-65, "CLS": 0.30974243393405515, "steps": 40, "path_length_cm": 2420.764, "cumulative_reward": -108.96312808766157, "ended_reason": "max_steps", "metrics": {"SR": 0.0, "SPL": 0.0, "SoftSPL": 0.0, "PLR": 0.3587209853711739, "nDTW": 6.220489514363359e-65, "CLS": 0.30974243393405515, "path_length_cm": 2420.764, "cumulative_reward": -108.96312808766157}, "token_totals": {"input": 123783, "output": 6714, "calls": 40}, "finished_at": "2026-04-23T00:55:48.447442+00:00"}