{
  "map": "map_57_gothic_day_invasion",
  "n": 35,
  "SR": 0.02857142857142857,
  "SPL": 0.023882149320894185,
  "SoftSPL": 0.08422543383954269,
  "nDTW": 0.0005017029196673189,
  "avg_steps": 36.51428571428571
}