{"episode_id": "map_40_B2_open_plaza_on_0001", "episode_idx": 1, "agent_name": "GhostAgent_1", "SR": 0.0, "SPL": 0.0, "SoftSPL": 0.06261730498038626, "PLR": 3.381129599269043, "nDTW": 3.1585624099551875e-113, "CLS": 0.07393995421765397, "steps": 40, "path_length_cm": 12357.62294977644, "cumulative_reward": 773.4039040087267, "ended_reason": "max_steps", "metrics": {"SR": 0.0, "SPL": 0.0, "SoftSPL": 0.06261730498038626, "PLR": 3.381129599269043, "nDTW": 3.1585624099551875e-113, "CLS": 0.07393995421765397, "path_length_cm": 12357.62294977644, "cumulative_reward": 773.4039040087267}, "token_totals": {"input": 128994, "output": 7514, "calls": 40}, "finished_at": "2026-04-23T01:22:53.456005+00:00"}