{"episode_id": "map_26_courtyard_overcast_native_on_0018", "episode_idx": 8, "agent_name": "GhostAgent_8", "SR": 0.0, "SPL": 0.0, "SoftSPL": 0.8089681572516733, "PLR": 0.0, "nDTW": 8.283631490272377e-05, "CLS": 0.07163883013435715, "steps": 0, "path_length_cm": 0.0, "cumulative_reward": 0.0, "ended_reason": "spawn_blocked", "metrics": {"SR": 0.0, "SPL": 0.0, "SoftSPL": 0.8089681572516733, "PLR": 0.0, "nDTW": 8.283631490272377e-05, "CLS": 0.07163883013435715, "path_length_cm": 0.0, "cumulative_reward": 0.0}, "token_totals": {"input": 0, "output": 0, "calls": 0}, "finished_at": "2026-04-23T17:47:32.757350+00:00"}