{"episode_id": "map_16_hwaseong_remix_on_0006", "episode_idx": 2, "agent_name": "GhostAgent_2", "SR": 1.0, "SPL": 1.0, "SoftSPL": 0.9760272611461417, "PLR": 0.9738819264245919, "nDTW": 0.9760272611461417, "CLS": 0.9760272611461417, "steps": 17, "path_length_cm": 6480.122689055856, "cumulative_reward": 6138.528598241912, "ended_reason": "success", "metrics": {"SR": 1.0, "SPL": 1.0, "SoftSPL": 0.9760272611461417, "PLR": 0.9738819264245919, "nDTW": 0.9760272611461417, "CLS": 0.9760272611461417, "path_length_cm": 6480.122689055856, "cumulative_reward": 6138.528598241912}, "token_totals": {"input": 39649, "output": 1177, "calls": 17}, "finished_at": "2026-04-23T20:11:13.589177+00:00"}