{"episode_id": "map_01_wintertown_native_pn_0013", "episode_idx": 3, "agent_name": "GhostAgent_3", "SR": 1.0, "SPL": 0.9847099072873214, "SoftSPL": 0.9644989670794702, "PLR": 1.0155275097767624, "nDTW": 1.0469486696885769e-15, "CLS": 0.5601299990407493, "steps": 35, "path_length_cm": 6566.532896792816, "cumulative_reward": 6309.545781075251, "ended_reason": "success", "metrics": {"SR": 1.0, "SPL": 0.9847099072873214, "SoftSPL": 0.9644989670794702, "PLR": 1.0155275097767624, "nDTW": 1.0469486696885769e-15, "CLS": 0.5601299990407493, "path_length_cm": 6566.532896792816, "cumulative_reward": 6309.545781075251}, "token_totals": {"input": 256457, "output": 11759, "calls": 35}, "finished_at": "2026-04-22T16:50:45.958662+00:00"}