{"episode_id": "map_53_courtyard_sanny_big_remix_obj_on_0007", "episode_idx": 7, "agent_name": "GhostAgent_7", "SR": 0.0, "SPL": 0.0, "SoftSPL": 0.7539292387584329, "PLR": 0.06570929697969617, "nDTW": 1.1913495860373091e-05, "CLS": 0.06934258784156251, "steps": 40, "path_length_cm": 403.049, "cumulative_reward": -88.37884868076058, "ended_reason": "max_steps", "metrics": {"SR": 0.0, "SPL": 0.0, "SoftSPL": 0.7539292387584329, "PLR": 0.06570929697969617, "nDTW": 1.1913495860373091e-05, "CLS": 0.06934258784156251, "path_length_cm": 403.049, "cumulative_reward": -88.37884868076058}, "token_totals": {"input": 106843, "output": 2217, "calls": 40}, "finished_at": "2026-04-23T14:53:24.660602+00:00"}