{"episode_id": "map_62_trainstation_cross_remix_on_0008", "episode_idx": 8, "agent_name": "GhostAgent_8", "SR": 0.0, "SPL": 0.0, "SoftSPL": 0.5262958622593923, "PLR": 0.08428876599071276, "nDTW": 0.003518699633763738, "CLS": 0.12767025144130642, "steps": 40, "path_length_cm": 164.1490002162735, "cumulative_reward": -11.940339513197069, "ended_reason": "max_steps", "metrics": {"SR": 0.0, "SPL": 0.0, "SoftSPL": 0.5262958622593923, "PLR": 0.08428876599071276, "nDTW": 0.003518699633763738, "CLS": 0.12767025144130642, "path_length_cm": 164.1490002162735, "cumulative_reward": -11.940339513197069}, "token_totals": {"input": 114777, "output": 4803, "calls": 40}, "finished_at": "2026-04-23T02:58:41.292439+00:00"}