{"episode_id": "map_18_cave_native_on_0019", "episode_idx": 9, "agent_name": "GhostAgent_9", "SR": 1.0, "SPL": 1.0, "SoftSPL": 0.9634052267798898, "PLR": 0.979700057841211, "nDTW": 2.2056188679512566e-09, "CLS": 0.4195997788894809, "steps": 14, "path_length_cm": 5237.4569152179565, "cumulative_reward": 5143.46374694279, "ended_reason": "success", "metrics": {"SR": 1.0, "SPL": 1.0, "SoftSPL": 0.9634052267798898, "PLR": 0.979700057841211, "nDTW": 2.2056188679512566e-09, "CLS": 0.4195997788894809, "path_length_cm": 5237.4569152179565, "cumulative_reward": 5143.46374694279}, "token_totals": {"input": 32504, "output": 1387, "calls": 14}, "finished_at": "2026-04-23T17:14:57.146453+00:00"}