{"episode_id": "map_37_dungeon_remix_on_0002", "episode_idx": 2, "agent_name": "GhostAgent_2", "SR": 1.0, "SPL": 0.962935110148144, "SoftSPL": 0.9112272811733175, "PLR": 1.0384915758717674, "nDTW": 0.9112272811733175, "CLS": 0.9112272811733175, "steps": 3, "path_length_cm": 1140.918, "cumulative_reward": 1042.1072022580465, "ended_reason": "success", "metrics": {"SR": 1.0, "SPL": 0.962935110148144, "SoftSPL": 0.9112272811733175, "PLR": 1.0384915758717674, "nDTW": 0.9112272811733175, "CLS": 0.9112272811733175, "path_length_cm": 1140.918, "cumulative_reward": 1042.1072022580465}, "token_totals": {"input": 3538, "output": 472, "calls": 3}, "finished_at": "2026-04-23T20:20:58.512368+00:00"}