{"episode_id": "map_47_wintertown_demo01_minimal_obj_pn_0007", "episode_idx": 6, "agent_name": "GhostAgent_6", "SR": 0.0, "SPL": 0.0, "SoftSPL": 0.0, "PLR": 0.885528309340048, "nDTW": 3.922233306061998e-67, "CLS": 0.07057933591060829, "steps": 40, "path_length_cm": 5288.127115452152, "cumulative_reward": 2.458302185770467, "ended_reason": "max_steps", "metrics": {"SR": 0.0, "SPL": 0.0, "SoftSPL": 0.0, "PLR": 0.885528309340048, "nDTW": 3.922233306061998e-67, "CLS": 0.07057933591060829, "path_length_cm": 5288.127115452152, "cumulative_reward": 2.458302185770467}, "token_totals": {"input": 126803, "output": 6734, "calls": 40}, "finished_at": "2026-04-23T02:15:46.728464+00:00"}