{"episode_id": "map_68_B13_suburban_park_on_0008", "episode_idx": 8, "agent_name": "GhostAgent_8", "SR": 0.0, "SPL": 0.0, "SoftSPL": 0.0, "PLR": 0.05142554000452148, "nDTW": 2.9512461652245837e-12, "CLS": 0.18059766536401833, "steps": 5, "path_length_cm": 400.35400000000027, "cumulative_reward": -397.2938191488829, "ended_reason": "no_tool_call", "metrics": {"SR": 0.0, "SPL": 0.0, "SoftSPL": 0.0, "PLR": 0.05142554000452148, "nDTW": 2.9512461652245837e-12, "CLS": 0.18059766536401833, "path_length_cm": 400.35400000000027, "cumulative_reward": -397.2938191488829}, "token_totals": {"input": 9744, "output": 1280, "calls": 5}, "finished_at": "2026-04-23T04:00:24.150679+00:00"}