{"episode_id": "map_36_dungeon_native_obj_pn_0012", "episode_idx": 2, "agent_name": "GhostAgent_2", "SR": 0.0, "SPL": 0.0, "SoftSPL": 0.0, "PLR": 0.5551987203149995, "nDTW": 1.5323717786717306e-43, "CLS": 0.4507959582889529, "steps": 40, "path_length_cm": 992.6620000000003, "cumulative_reward": 704.0670562173782, "ended_reason": "max_steps", "metrics": {"SR": 0.0, "SPL": 0.0, "SoftSPL": 0.0, "PLR": 0.5551987203149995, "nDTW": 1.5323717786717306e-43, "CLS": 0.4507959582889529, "path_length_cm": 992.6620000000003, "cumulative_reward": 704.0670562173782}, "token_totals": {"input": 120480, "output": 6193, "calls": 40}, "finished_at": "2026-04-23T01:38:15.032075+00:00"}