{"episode_id": "map_45_B7_park_with_paths_obj_pn_0009", "episode_idx": 9, "agent_name": "GhostAgent_9", "SR": 0.0, "SPL": 0.0, "SoftSPL": 0.021890235947615633, "PLR": 0.0, "nDTW": 3.9227381956304674e-10, "CLS": 0.12500000000011216, "steps": 0, "path_length_cm": 0.0, "cumulative_reward": 0.0, "ended_reason": "spawn_blocked", "metrics": {"SR": 0.0, "SPL": 0.0, "SoftSPL": 0.021890235947615633, "PLR": 0.0, "nDTW": 3.9227381956304674e-10, "CLS": 0.12500000000011216, "path_length_cm": 0.0, "cumulative_reward": 0.0}, "token_totals": {"input": 0, "output": 0, "calls": 0}, "finished_at": "2026-04-23T19:32:11.782063+00:00"}