{"episode_id": "map_57_gothic_day_invasion_on_0012", "episode_idx": 1, "agent_name": "GhostAgent_1", "SR": 0.0, "SPL": 0.0, "SoftSPL": 0.0, "PLR": 0.2203730787273376, "nDTW": 4.9241686340081625e-20, "CLS": 0.3206929387504444, "steps": 40, "path_length_cm": 399.3049999999994, "cumulative_reward": -398.5766535025002, "ended_reason": "max_steps", "metrics": {"SR": 0.0, "SPL": 0.0, "SoftSPL": 0.0, "PLR": 0.2203730787273376, "nDTW": 4.9241686340081625e-20, "CLS": 0.3206929387504444, "path_length_cm": 399.3049999999994, "cumulative_reward": -398.5766535025002}, "token_totals": {"input": 131325, "output": 8744, "calls": 40}, "finished_at": "2026-04-23T19:09:34.530172+00:00"}