{"episode_id": "map_47_wintertown_demo01_minimal_obj_pn_0014", "episode_idx": 3, "agent_name": "GhostAgent_3", "SR": 0.0, "SPL": 0.0, "SoftSPL": 0.11912543707120316, "PLR": 0.9826289710443201, "nDTW": 2.2527853363871397e-68, "CLS": 0.04070712469733168, "steps": 40, "path_length_cm": 7242.388220764478, "cumulative_reward": 908.8138912494768, "ended_reason": "max_steps", "metrics": {"SR": 0.0, "SPL": 0.0, "SoftSPL": 0.11912543707120316, "PLR": 0.9826289710443201, "nDTW": 2.2527853363871397e-68, "CLS": 0.04070712469733168, "path_length_cm": 7242.388220764478, "cumulative_reward": 908.8138912494768}, "token_totals": {"input": 126867, "output": 7279, "calls": 40}, "finished_at": "2026-04-23T02:48:22.847409+00:00"}