{"episode_id": "map_25_containeryard_day_remix_obj_on_0010", "episode_idx": 6, "agent_name": "GhostAgent_6", "SR": 0.0, "SPL": 0.0, "SoftSPL": 0.0, "PLR": 0.07804091356587661, "nDTW": 6.217392939459592e-09, "CLS": 0.2711869732115685, "steps": 40, "path_length_cm": 143.47899999999981, "cumulative_reward": -124.57053407359683, "ended_reason": "max_steps", "metrics": {"SR": 0.0, "SPL": 0.0, "SoftSPL": 0.0, "PLR": 0.07804091356587661, "nDTW": 6.217392939459592e-09, "CLS": 0.2711869732115685, "path_length_cm": 143.47899999999981, "cumulative_reward": -124.57053407359683}, "token_totals": {"input": 116841, "output": 5721, "calls": 40}, "finished_at": "2026-04-23T00:49:02.999156+00:00"}