{"episode_id": "map_67_B12_construction_site_obj_pn_0015", "episode_idx": 4, "agent_name": "GhostAgent_4", "SR": 0.0, "SPL": 0.0, "SoftSPL": 0.0, "PLR": 1.5303071472813605, "nDTW": 7.507939400229543e-88, "CLS": 0.07260707418253962, "steps": 40, "path_length_cm": 7191.510104862553, "cumulative_reward": -2279.450566432294, "ended_reason": "max_steps", "metrics": {"SR": 0.0, "SPL": 0.0, "SoftSPL": 0.0, "PLR": 1.5303071472813605, "nDTW": 7.507939400229543e-88, "CLS": 0.07260707418253962, "path_length_cm": 7191.510104862553, "cumulative_reward": -2279.450566432294}, "token_totals": {"input": 124531, "output": 6524, "calls": 40}, "finished_at": "2026-04-23T17:18:57.446185+00:00"}