{"episode_id": "map_08_cave_remix_obj_on_0005", "episode_idx": 5, "agent_name": "GhostAgent_5", "SR": 0.0, "SPL": 0.0, "SoftSPL": 0.12403266575415595, "PLR": 0.0, "nDTW": 0.000713550291723209, "CLS": 0.12772396681672749, "steps": 40, "path_length_cm": 0.0, "cumulative_reward": -0.4000000000000002, "ended_reason": "max_steps", "metrics": {"SR": 0.0, "SPL": 0.0, "SoftSPL": 0.12403266575415595, "PLR": 0.0, "nDTW": 0.000713550291723209, "CLS": 0.12772396681672749, "path_length_cm": 0.0, "cumulative_reward": -0.4000000000000002}, "token_totals": {"input": 35155, "output": 2364, "calls": 40}, "finished_at": "2026-04-23T15:06:20.570060+00:00"}