{"episode_id": "map_60_B11_forest_camp_pn_0008", "episode_idx": 8, "agent_name": "GhostAgent_8", "SR": 1.0, "SPL": 1.0, "SoftSPL": 0.9347867255599298, "PLR": 0.9558616202689929, "nDTW": 0.00034616183743510455, "CLS": 0.5929345713194257, "steps": 6, "path_length_cm": 1998.8787030741125, "cumulative_reward": 1957.2502281038667, "ended_reason": "success", "metrics": {"SR": 1.0, "SPL": 1.0, "SoftSPL": 0.9347867255599298, "PLR": 0.9558616202689929, "nDTW": 0.00034616183743510455, "CLS": 0.5929345713194257, "path_length_cm": 1998.8787030741125, "cumulative_reward": 1957.2502281038667}, "token_totals": {"input": 10041, "output": 418, "calls": 6}, "finished_at": "2026-04-23T17:13:38.962595+00:00"}