{"episode_id": "map_59_B10_market_plaza_pn_0007", "episode_idx": 6, "agent_name": "GhostAgent_6", "SR": 1.0, "SPL": 0.9694324492820842, "SoftSPL": 0.9483078030920751, "PLR": 1.0315313880204369, "nDTW": 0.0028042525208241322, "CLS": 0.40859791535539924, "steps": 19, "path_length_cm": 4669.37124226883, "cumulative_reward": 4314.8625331587355, "ended_reason": "success", "metrics": {"SR": 1.0, "SPL": 0.9694324492820842, "SoftSPL": 0.9483078030920751, "PLR": 1.0315313880204369, "nDTW": 0.0028042525208241322, "CLS": 0.40859791535539924, "path_length_cm": 4669.37124226883, "cumulative_reward": 4314.8625331587355}, "token_totals": {"input": 51132, "output": 2401, "calls": 19}, "finished_at": "2026-04-23T03:30:47.116044+00:00"}