{"episode_id": "map_31_gothic_day_remix_obj_pn_0005", "episode_idx": 4, "agent_name": "GhostAgent_4", "SR": 0.0, "SPL": 0.0, "SoftSPL": 0.24822888204005622, "PLR": 1.159688345907533, "nDTW": 1.8187094046088215e-37, "CLS": 0.030948301589261568, "steps": 40, "path_length_cm": 7862.895729155337, "cumulative_reward": 1497.1464119722714, "ended_reason": "max_steps", "metrics": {"SR": 0.0, "SPL": 0.0, "SoftSPL": 0.24822888204005622, "PLR": 1.159688345907533, "nDTW": 1.8187094046088215e-37, "CLS": 0.030948301589261568, "path_length_cm": 7862.895729155337, "cumulative_reward": 1497.1464119722714}, "token_totals": {"input": 122487, "output": 5907, "calls": 40}, "finished_at": "2026-04-23T01:01:10.747259+00:00"}