{"episode_id": "map_65_hwaseong_ceremonial_pn_0001", "episode_idx": 1, "agent_name": "GhostAgent_1", "SR": 0.0, "SPL": 0.0, "SoftSPL": 0.0, "PLR": 0.27731676171554465, "nDTW": 1.9687896381365694e-11, "CLS": 0.05285918262095534, "steps": 40, "path_length_cm": 1786.1140671813082, "cumulative_reward": 1759.0589510465652, "ended_reason": "max_steps", "metrics": {"SR": 0.0, "SPL": 0.0, "SoftSPL": 0.0, "PLR": 0.27731676171554465, "nDTW": 1.9687896381365694e-11, "CLS": 0.05285918262095534, "path_length_cm": 1786.1140671813082, "cumulative_reward": 1759.0589510465652}, "token_totals": {"input": 107629, "output": 3959, "calls": 40}, "finished_at": "2026-04-23T13:18:15.742016+00:00"}