{"episode_id": "map_15_middleeast_remix_obj_pn_0012", "episode_idx": 3, "agent_name": "GhostAgent_3", "SR": 0.0, "SPL": 0.0, "SoftSPL": 0.26435239477654726, "PLR": 0.006343567499538123, "nDTW": 0.04320164401868483, "CLS": 0.11309771329914368, "steps": 40, "path_length_cm": 13.302905096256413, "cumulative_reward": 12.25502533226846, "ended_reason": "max_steps", "metrics": {"SR": 0.0, "SPL": 0.0, "SoftSPL": 0.26435239477654726, "PLR": 0.006343567499538123, "nDTW": 0.04320164401868483, "CLS": 0.11309771329914368, "path_length_cm": 13.302905096256413, "cumulative_reward": 12.25502533226846}, "token_totals": {"input": 30898, "output": 1476, "calls": 40}, "finished_at": "2026-04-23T17:52:00.915576+00:00"}