{"episode_id": "map_42_B4_industrial_yard_on_0016", "episode_idx": 6, "agent_name": "GhostAgent_6", "SR": 0.0, "SPL": 0.0, "SoftSPL": 5.722067087821081e-06, "PLR": 0.0, "nDTW": 1.4471061002486232e-06, "CLS": 0.16666667039165836, "steps": 40, "path_length_cm": 0.0, "cumulative_reward": -0.4000000000000002, "ended_reason": "max_steps", "metrics": {"SR": 0.0, "SPL": 0.0, "SoftSPL": 5.722067087821081e-06, "PLR": 0.0, "nDTW": 1.4471061002486232e-06, "CLS": 0.16666667039165836, "path_length_cm": 0.0, "cumulative_reward": -0.4000000000000002}, "token_totals": {"input": 31746, "output": 1474, "calls": 40}, "finished_at": "2026-04-23T16:06:09.556709+00:00"}