{"episode_id": "map_65_hwaseong_ceremonial_pn_0009", "episode_idx": 7, "agent_name": "GhostAgent_7", "SR": 0.0, "SPL": 0.0, "SoftSPL": 0.4637029244753823, "PLR": 0.37005803149924915, "nDTW": 1.1722349716228065e-07, "CLS": 0.12108370543739495, "steps": 40, "path_length_cm": 932.7423701348025, "cumulative_reward": 608.5974324191659, "ended_reason": "max_steps", "metrics": {"SR": 0.0, "SPL": 0.0, "SoftSPL": 0.4637029244753823, "PLR": 0.37005803149924915, "nDTW": 1.1722349716228065e-07, "CLS": 0.12108370543739495, "path_length_cm": 932.7423701348025, "cumulative_reward": 608.5974324191659}, "token_totals": {"input": 105164, "output": 3013, "calls": 40}, "finished_at": "2026-04-23T13:18:15.743721+00:00"}