{"episode_id": "map_25_containeryard_day_remix_on_0019", "episode_idx": 9, "agent_name": "GhostAgent_9", "SR": 0.0, "SPL": 0.0, "SoftSPL": 0.0, "PLR": 0.13092811852111158, "nDTW": 1.2786033292481365e-09, "CLS": 0.2182859932204606, "steps": 40, "path_length_cm": 252.22909248736582, "cumulative_reward": -240.77056190052826, "ended_reason": "max_steps", "metrics": {"SR": 0.0, "SPL": 0.0, "SoftSPL": 0.0, "PLR": 0.13092811852111158, "nDTW": 1.2786033292481365e-09, "CLS": 0.2182859932204606, "path_length_cm": 252.22909248736582, "cumulative_reward": -240.77056190052826}, "token_totals": {"input": 106114, "output": 3276, "calls": 40}, "finished_at": "2026-04-23T00:32:48.464222+00:00"}