{"episode_id": "map_58_dungeon_library_on_0004", "episode_idx": 4, "agent_name": "GhostAgent_4", "SR": 0.0, "SPL": 0.0, "SoftSPL": 0.5859796902112624, "PLR": 0.8987777075781082, "nDTW": 4.6166906055650754e-10, "CLS": 0.08229081012177603, "steps": 40, "path_length_cm": 2939.5423704049604, "cumulative_reward": 1703.3110124931495, "ended_reason": "max_steps", "metrics": {"SR": 0.0, "SPL": 0.0, "SoftSPL": 0.5859796902112624, "PLR": 0.8987777075781082, "nDTW": 4.6166906055650754e-10, "CLS": 0.08229081012177603, "path_length_cm": 2939.5423704049604, "cumulative_reward": 1703.3110124931495}, "token_totals": {"input": 116396, "output": 5259, "calls": 40}, "finished_at": "2026-04-23T02:27:47.691885+00:00"}