{"episode_id": "map_04_courtyard_remix_pn_0004", "episode_idx": 4, "agent_name": "GhostAgent_4", "SR": 0.0, "SPL": 0.0, "SoftSPL": 0.8131954263362702, "PLR": 0.1848227058732907, "nDTW": 9.366797248944088e-12, "CLS": 0.07000165165969294, "steps": 40, "path_length_cm": 1165.34782152639, "cumulative_reward": 842.7766828858742, "ended_reason": "max_steps", "metrics": {"SR": 0.0, "SPL": 0.0, "SoftSPL": 0.8131954263362702, "PLR": 0.1848227058732907, "nDTW": 9.366797248944088e-12, "CLS": 0.07000165165969294, "path_length_cm": 1165.34782152639, "cumulative_reward": 842.7766828858742}, "token_totals": {"input": 192106, "output": 23724, "calls": 40}, "finished_at": "2026-04-22T15:25:46.044021+00:00"}