{"episode_id": "map_04_courtyard_remix_obj_on_0004", "episode_idx": 6, "agent_name": "GhostAgent_6", "SR": 0.0, "SPL": 0.0, "SoftSPL": 0.7546502530505407, "PLR": 0.1307952855828748, "nDTW": 7.668519014145316e-07, "CLS": 0.13152608849508604, "steps": 40, "path_length_cm": 845.2449137864909, "cumulative_reward": 766.3027423785559, "ended_reason": "max_steps", "metrics": {"SR": 0.0, "SPL": 0.0, "SoftSPL": 0.7546502530505407, "PLR": 0.1307952855828748, "nDTW": 7.668519014145316e-07, "CLS": 0.13152608849508604, "path_length_cm": 845.2449137864909, "cumulative_reward": 766.3027423785559}, "token_totals": {"input": 105714, "output": 3519, "calls": 40}, "finished_at": "2026-04-22T22:39:55.500964+00:00"}