{"episode_id": "map_32_gothic_night_native_on_0006", "episode_idx": 6, "agent_name": "GhostAgent_6", "SR": 0.0, "SPL": 0.0, "SoftSPL": 0.17104170303509802, "PLR": 0.7885709881255194, "nDTW": 1.1833747395430123e-70, "CLS": 0.14090441360389006, "steps": 40, "path_length_cm": 5071.031910499252, "cumulative_reward": 976.1961249443166, "ended_reason": "max_steps", "metrics": {"SR": 0.0, "SPL": 0.0, "SoftSPL": 0.17104170303509802, "PLR": 0.7885709881255194, "nDTW": 1.1833747395430123e-70, "CLS": 0.14090441360389006, "path_length_cm": 5071.031910499252, "cumulative_reward": 976.1961249443166}, "token_totals": {"input": 124723, "output": 7277, "calls": 40}, "finished_at": "2026-04-23T01:12:41.474385+00:00"}