{"episode_id": "map_31_gothic_day_remix_obj_pn_0011", "episode_idx": 0, "agent_name": "GhostAgent_0", "SR": 0.0, "SPL": 0.0, "SoftSPL": 0.0, "PLR": 0.15802434919547695, "nDTW": 1.8355379281848803e-07, "CLS": 0.187766899378246, "steps": 40, "path_length_cm": 260.24397971606317, "cumulative_reward": 17.34124150343772, "ended_reason": "max_steps", "metrics": {"SR": 0.0, "SPL": 0.0, "SoftSPL": 0.0, "PLR": 0.15802434919547695, "nDTW": 1.8355379281848803e-07, "CLS": 0.187766899378246, "path_length_cm": 260.24397971606317, "cumulative_reward": 17.34124150343772}, "token_totals": {"input": 122625, "output": 6602, "calls": 40}, "finished_at": "2026-04-23T01:13:29.678864+00:00"}