{"episode_id": "map_22_containeryard_demo_native_obj_on_0019", "episode_idx": 7, "agent_name": "GhostAgent_7", "SR": 0.0, "SPL": 0.0, "SoftSPL": 0.0, "PLR": 0.050243968520190974, "nDTW": 8.804316252075083e-15, "CLS": 0.07822060887242695, "steps": 40, "path_length_cm": 389.44100000000026, "cumulative_reward": -375.5702345850359, "ended_reason": "max_steps", "metrics": {"SR": 0.0, "SPL": 0.0, "SoftSPL": 0.0, "PLR": 0.050243968520190974, "nDTW": 8.804316252075083e-15, "CLS": 0.07822060887242695, "path_length_cm": 389.44100000000026, "cumulative_reward": -375.5702345850359}, "token_totals": {"input": 127388, "output": 7786, "calls": 40}, "finished_at": "2026-04-23T00:32:11.270879+00:00"}