{"episode_id": "map_57_gothic_day_invasion_obj_pn_0019", "episode_idx": 4, "agent_name": "GhostAgent_4", "SR": 0.0, "SPL": 0.0, "SoftSPL": 0.0, "PLR": 0.37026541598517776, "nDTW": 1.3332327208042336e-26, "CLS": 0.04220018955389605, "steps": 40, "path_length_cm": 2634.8457266921237, "cumulative_reward": -301.07914970415004, "ended_reason": "max_steps", "metrics": {"SR": 0.0, "SPL": 0.0, "SoftSPL": 0.0, "PLR": 0.37026541598517776, "nDTW": 1.3332327208042336e-26, "CLS": 0.04220018955389605, "path_length_cm": 2634.8457266921237, "cumulative_reward": -301.07914970415004}, "token_totals": {"input": 121134, "output": 5564, "calls": 40}, "finished_at": "2026-04-23T03:42:47.452480+00:00"}