{"episode_id": "map_16_hwaseong_remix_on_0015", "episode_idx": 5, "agent_name": "GhostAgent_5", "SR": 0.0, "SPL": 0.0, "SoftSPL": 0.0, "PLR": 3.0229428775161677, "nDTW": 0.0, "CLS": 0.0, "steps": 40, "path_length_cm": 7197.475844222119, "cumulative_reward": -1741.6490052521958, "ended_reason": "max_steps", "metrics": {"SR": 0.0, "SPL": 0.0, "SoftSPL": 0.0, "PLR": 3.0229428775161677, "nDTW": 0.0, "CLS": 0.0, "path_length_cm": 7197.475844222119, "cumulative_reward": -1741.6490052521958}, "token_totals": {"input": 137081, "output": 9410, "calls": 40}, "finished_at": "2026-04-23T20:11:13.783400+00:00"}