{"episode_id": "map_68_B13_suburban_park_on_0001", "episode_idx": 1, "agent_name": "GhostAgent_1", "SR": 0.0, "SPL": 0.0, "SoftSPL": 0.0, "PLR": 6.117645297872991, "nDTW": 7.167356219009503e-293, "CLS": 0.04086623905515624, "steps": 40, "path_length_cm": 14445.412312508557, "cumulative_reward": -11701.378616571053, "ended_reason": "max_steps", "metrics": {"SR": 0.0, "SPL": 0.0, "SoftSPL": 0.0, "PLR": 6.117645297872991, "nDTW": 7.167356219009503e-293, "CLS": 0.04086623905515624, "path_length_cm": 14445.412312508557, "cumulative_reward": -11701.378616571053}, "token_totals": {"input": 124359, "output": 5149, "calls": 40}, "finished_at": "2026-04-23T04:00:24.145734+00:00"}