{"episode_id": "map_28_village_night_native_on_0006", "episode_idx": 6, "agent_name": "GhostAgent_6", "SR": 0.0, "SPL": 0.0, "SoftSPL": 0.0, "PLR": 1.9657540750484241, "nDTW": 1.6895705130282053e-26, "CLS": 0.12758489727925462, "steps": 40, "path_length_cm": 2816.04100021062, "cumulative_reward": -283.66326628881825, "ended_reason": "max_steps", "metrics": {"SR": 0.0, "SPL": 0.0, "SoftSPL": 0.0, "PLR": 1.9657540750484241, "nDTW": 1.6895705130282053e-26, "CLS": 0.12758489727925462, "path_length_cm": 2816.04100021062, "cumulative_reward": -283.66326628881825}, "token_totals": {"input": 122496, "output": 6550, "calls": 40}, "finished_at": "2026-04-23T00:37:31.659998+00:00"}