{"episode_id": "map_21_hwaseong_remix2_obj_on_0001", "episode_idx": 1, "agent_name": "GhostAgent_1", "SR": 1.0, "SPL": 1.0, "SoftSPL": 0.9278693071056008, "PLR": 0.946423287562988, "nDTW": 0.001924333183890039, "CLS": 0.6081727328601831, "steps": 6, "path_length_cm": 1729.4276660624748, "cumulative_reward": 1697.9657310983157, "ended_reason": "success", "metrics": {"SR": 1.0, "SPL": 1.0, "SoftSPL": 0.9278693071056008, "PLR": 0.946423287562988, "nDTW": 0.001924333183890039, "CLS": 0.6081727328601831, "path_length_cm": 1729.4276660624748, "cumulative_reward": 1697.9657310983157}, "token_totals": {"input": 4041, "output": 330, "calls": 6}, "finished_at": "2026-04-23T18:18:56.952180+00:00"}