{"episode_id": "map_49_courtyard_sunny_packed_on_0010", "episode_idx": 0, "agent_name": "GhostAgent_0", "SR": 0.0, "SPL": 0.0, "SoftSPL": 0.542513837439127, "PLR": 0.15822832197418948, "nDTW": 3.46838262544546e-06, "CLS": 0.16787463393509586, "steps": 40, "path_length_cm": 626.1553562652402, "cumulative_reward": 315.5590487089895, "ended_reason": "max_steps", "metrics": {"SR": 0.0, "SPL": 0.0, "SoftSPL": 0.542513837439127, "PLR": 0.15822832197418948, "nDTW": 3.46838262544546e-06, "CLS": 0.16787463393509586, "path_length_cm": 626.1553562652402, "cumulative_reward": 315.5590487089895}, "token_totals": {"input": 111290, "output": 4131, "calls": 40}, "finished_at": "2026-04-23T02:41:35.958698+00:00"}