{"episode_id": "map_42_B4_industrial_yard_pn_0012", "episode_idx": 2, "agent_name": "GhostAgent_2", "SR": 0.0, "SPL": 0.0, "SoftSPL": 0.883012334272289, "PLR": 0.884490796721019, "nDTW": 4.2028756702351563e-47, "CLS": 0.29652862693497095, "steps": 40, "path_length_cm": 5623.459811932731, "cumulative_reward": 5613.661258567967, "ended_reason": "max_steps", "metrics": {"SR": 0.0, "SPL": 0.0, "SoftSPL": 0.883012334272289, "PLR": 0.884490796721019, "nDTW": 4.2028756702351563e-47, "CLS": 0.29652862693497095, "path_length_cm": 5623.459811932731, "cumulative_reward": 5613.661258567967}, "token_totals": {"input": 32737, "output": 1933, "calls": 40}, "finished_at": "2026-04-23T16:02:10.874870+00:00"}