{"episode_id": "map_56_containeryard_settlement_pn_0010", "episode_idx": 9, "agent_name": "GhostAgent_9", "SR": 0.0, "SPL": 0.0, "SoftSPL": 0.0, "PLR": 0.0, "nDTW": 2.3114950897323351e-07, "CLS": 0.2500000000000134, "steps": 40, "path_length_cm": 0.0, "cumulative_reward": -0.4000000000000002, "ended_reason": "max_steps", "metrics": {"SR": 0.0, "SPL": 0.0, "SoftSPL": 0.0, "PLR": 0.0, "nDTW": 2.3114950897323351e-07, "CLS": 0.2500000000000134, "path_length_cm": 0.0, "cumulative_reward": -0.4000000000000002}, "token_totals": {"input": 32138, "output": 1754, "calls": 40}, "finished_at": "2026-04-23T18:37:28.012036+00:00"}