{"episode_id": "map_37_dungeon_remix_obj_pn_0001", "episode_idx": 1, "agent_name": "GhostAgent_1", "SR": 0.0, "SPL": 0.0, "SoftSPL": 0.0, "PLR": 0.1667668841510831, "nDTW": 1.799351517891514e-14, "CLS": 0.22399683965425832, "steps": 40, "path_length_cm": 401.03600000000006, "cumulative_reward": -264.9004154507452, "ended_reason": "max_steps", "metrics": {"SR": 0.0, "SPL": 0.0, "SoftSPL": 0.0, "PLR": 0.1667668841510831, "nDTW": 1.799351517891514e-14, "CLS": 0.22399683965425832, "path_length_cm": 401.03600000000006, "cumulative_reward": -264.9004154507452}, "token_totals": {"input": 112702, "output": 3581, "calls": 40}, "finished_at": "2026-04-23T16:40:12.918384+00:00"}