{"episode_id": "map_03_watertown_remix_obj_pn_0000", "episode_idx": 1, "agent_name": "GhostAgent_1", "SR": 0.0, "SPL": 0.0, "SoftSPL": 0.0, "PLR": 1.6254212778334225, "nDTW": 1.7148096700630286e-76, "CLS": 0.03582528047694606, "steps": 40, "path_length_cm": 7935.5830000000005, "cumulative_reward": -7915.783937319257, "ended_reason": "max_steps", "metrics": {"SR": 0.0, "SPL": 0.0, "SoftSPL": 0.0, "PLR": 1.6254212778334225, "nDTW": 1.7148096700630286e-76, "CLS": 0.03582528047694606, "path_length_cm": 7935.5830000000005, "cumulative_reward": -7915.783937319257}, "token_totals": {"input": 519068, "output": 7692, "calls": 40}, "finished_at": "2026-04-22T20:59:56.164548+00:00"}