{
  "map": "map_34_temple_plaza_native",
  "n": 17,
  "SR": 0.0,
  "SPL": 0.0,
  "SoftSPL": 0.3992406567582735,
  "nDTW": 0.001124773665394298,
  "avg_steps": 36.23529411764706
}