{"episode_id": "map_19_wintertown_demo02_native_on_0010", "episode_idx": 1, "agent_name": "GhostAgent_1", "SR": 0.0, "SPL": 0.0, "SoftSPL": 0.008003112813583901, "PLR": 3.005636215693825e-05, "nDTW": 4.822858075787348e-08, "CLS": 0.10000752035002029, "steps": 40, "path_length_cm": 0.1583919189854979, "cumulative_reward": -0.29111298037096284, "ended_reason": "max_steps", "metrics": {"SR": 0.0, "SPL": 0.0, "SoftSPL": 0.008003112813583901, "PLR": 3.005636215693825e-05, "nDTW": 4.822858075787348e-08, "CLS": 0.10000752035002029, "path_length_cm": 0.1583919189854979, "cumulative_reward": -0.29111298037096284}, "token_totals": {"input": 127869, "output": 7710, "calls": 40}, "finished_at": "2026-04-23T13:18:36.416831+00:00"}