{"episode_id": "map_57_gothic_day_invasion_obj_pn_0009", "episode_idx": 7, "agent_name": "GhostAgent_7", "SR": 0.0, "SPL": 0.0, "SoftSPL": 0.0, "PLR": 0.08802922147592375, "nDTW": 2.09003095427444e-13, "CLS": 0.11700060184465716, "steps": 40, "path_length_cm": 463.5609999999997, "cumulative_reward": -398.65382545025477, "ended_reason": "max_steps", "metrics": {"SR": 0.0, "SPL": 0.0, "SoftSPL": 0.0, "PLR": 0.08802922147592375, "nDTW": 2.09003095427444e-13, "CLS": 0.11700060184465716, "path_length_cm": 463.5609999999997, "cumulative_reward": -398.65382545025477}, "token_totals": {"input": 114682, "output": 4527, "calls": 40}, "finished_at": "2026-04-23T03:30:58.515449+00:00"}