{"episode_id": "map_11_wintertown_demo01_remix_on_0008", "episode_idx": 8, "agent_name": "GhostAgent_8", "SR": 0.0, "SPL": 0.0, "SoftSPL": 0.21967132445673604, "PLR": 1.9884030245648925, "nDTW": 1.4385374351178354e-10, "CLS": 0.18288716328662116, "steps": 19, "path_length_cm": 2106.2159037703623, "cumulative_reward": 462.4963594759989, "ended_reason": "no_tool_call", "metrics": {"SR": 0.0, "SPL": 0.0, "SoftSPL": 0.21967132445673604, "PLR": 1.9884030245648925, "nDTW": 1.4385374351178354e-10, "CLS": 0.18288716328662116, "path_length_cm": 2106.2159037703623, "cumulative_reward": 462.4963594759989}, "token_totals": {"input": 52539, "output": 2688, "calls": 19}, "finished_at": "2026-04-22T23:10:16.216968+00:00"}