{"episode_id": "map_11_wintertown_demo01_remix_pn_0010", "episode_idx": 7, "agent_name": "GhostAgent_7", "SR": 1.0, "SPL": 0.8695883017994566, "SoftSPL": 0.8464846894698226, "PLR": 1.149969471680656, "nDTW": 9.340264855898338e-14, "CLS": 0.5780834549331846, "steps": 18, "path_length_cm": 3990.359567647726, "cumulative_reward": 3380.09321360999, "ended_reason": "success", "metrics": {"SR": 1.0, "SPL": 0.8695883017994566, "SoftSPL": 0.8464846894698226, "PLR": 1.149969471680656, "nDTW": 9.340264855898338e-14, "CLS": 0.5780834549331846, "path_length_cm": 3990.359567647726, "cumulative_reward": 3380.09321360999}, "token_totals": {"input": 52682, "output": 3781, "calls": 18}, "finished_at": "2026-04-22T23:07:56.954739+00:00"}