{"episode_id": "map_47_wintertown_demo01_minimal_obj_on_0018", "episode_idx": 8, "agent_name": "GhostAgent_8", "SR": 0.0, "SPL": 0.0, "SoftSPL": 0.5327353890696774, "PLR": 0.8911208888066046, "nDTW": 3.887550993863422e-31, "CLS": 0.019540785832076267, "steps": 40, "path_length_cm": 6721.020878766061, "cumulative_reward": 3472.468482295118, "ended_reason": "max_steps", "metrics": {"SR": 0.0, "SPL": 0.0, "SoftSPL": 0.5327353890696774, "PLR": 0.8911208888066046, "nDTW": 3.887550993863422e-31, "CLS": 0.019540785832076267, "path_length_cm": 6721.020878766061, "cumulative_reward": 3472.468482295118}, "token_totals": {"input": 123262, "output": 6622, "calls": 40}, "finished_at": "2026-04-23T02:13:36.299520+00:00"}