{"episode_id": "map_27_courtyard_overcast_remix_on_0011", "episode_idx": 1, "agent_name": "GhostAgent_1", "SR": 1.0, "SPL": 0.9219554538418706, "SoftSPL": 0.833988495422382, "PLR": 1.0846511030797754, "nDTW": 0.011155290179783103, "CLS": 0.5968103081250209, "steps": 7, "path_length_cm": 1127.039268188133, "cumulative_reward": 942.3649439750407, "ended_reason": "success", "metrics": {"SR": 1.0, "SPL": 0.9219554538418706, "SoftSPL": 0.833988495422382, "PLR": 1.0846511030797754, "nDTW": 0.011155290179783103, "CLS": 0.5968103081250209, "path_length_cm": 1127.039268188133, "cumulative_reward": 942.3649439750407}, "token_totals": {"input": 4958, "output": 483, "calls": 7}, "finished_at": "2026-04-23T15:36:21.595771+00:00"}