{"episode_id": "map_08_cave_remix_pn_0016", "episode_idx": 2, "agent_name": "GhostAgent_2", "SR": 0.0, "SPL": 0.0, "SoftSPL": 0.0, "PLR": 0.00021845353415604678, "nDTW": 4.1171241165620305e-08, "CLS": 0.08619875006482042, "steps": 40, "path_length_cm": 1.374153557649172, "cumulative_reward": -1.536381226208869, "ended_reason": "max_steps", "metrics": {"SR": 0.0, "SPL": 0.0, "SoftSPL": 0.0, "PLR": 0.00021845353415604678, "nDTW": 4.1171241165620305e-08, "CLS": 0.08619875006482042, "path_length_cm": 1.374153557649172, "cumulative_reward": -1.536381226208869}, "token_totals": {"input": 33269, "output": 2061, "calls": 40}, "finished_at": "2026-04-23T17:51:24.030272+00:00"}