{"episode_id": "map_43_B5_residential_courtyard_pn_0002", "episode_idx": 2, "agent_name": "GhostAgent_2", "SR": 1.0, "SPL": 1.0, "SoftSPL": 0.9841023488215022, "PLR": 0.8859972715896409, "nDTW": 0.9841023488215022, "CLS": 0.9841023488215022, "steps": 14, "path_length_cm": 4383.18798206284, "cumulative_reward": 4185.735250303896, "ended_reason": "success", "metrics": {"SR": 1.0, "SPL": 1.0, "SoftSPL": 0.9841023488215022, "PLR": 0.8859972715896409, "nDTW": 0.9841023488215022, "CLS": 0.9841023488215022, "path_length_cm": 4383.18798206284, "cumulative_reward": 4185.735250303896}, "token_totals": {"input": 14997, "output": 1879, "calls": 14}, "finished_at": "2026-04-23T20:02:01.244332+00:00"}