{"episode_id": "map_23_containeryard_demo_remix_pn_0015", "episode_idx": 5, "agent_name": "GhostAgent_5", "SR": 0.0, "SPL": 0.0, "SoftSPL": 0.6966833154825492, "PLR": 0.7161011799177697, "nDTW": 6.54240905386642e-16, "CLS": 0.27661511816502315, "steps": 40, "path_length_cm": 2400.7864937687164, "cumulative_reward": 2334.7998021778753, "ended_reason": "max_steps", "metrics": {"SR": 0.0, "SPL": 0.0, "SoftSPL": 0.6966833154825492, "PLR": 0.7161011799177697, "nDTW": 6.54240905386642e-16, "CLS": 0.27661511816502315, "path_length_cm": 2400.7864937687164, "cumulative_reward": 2334.7998021778753}, "token_totals": {"input": 103980, "output": 2966, "calls": 40}, "finished_at": "2026-04-23T13:14:02.990522+00:00"}