{"episode_id": "map_42_B4_industrial_yard_pn_0017", "episode_idx": 7, "agent_name": "GhostAgent_7", "SR": 0.0, "SPL": 0.0, "SoftSPL": 0.0001257398398621934, "PLR": 0.0, "nDTW": 1.797433167963543e-06, "CLS": 0.23769716634653074, "steps": 40, "path_length_cm": 0.0, "cumulative_reward": -0.4000000000000002, "ended_reason": "max_steps", "metrics": {"SR": 0.0, "SPL": 0.0, "SoftSPL": 0.0001257398398621934, "PLR": 0.0, "nDTW": 1.797433167963543e-06, "CLS": 0.23769716634653074, "path_length_cm": 0.0, "cumulative_reward": -0.4000000000000002}, "token_totals": {"input": 31040, "output": 1461, "calls": 40}, "finished_at": "2026-04-23T16:02:10.877207+00:00"}