{"episode_id": "map_45_B7_park_with_paths_obj_on_0009", "episode_idx": 9, "agent_name": "GhostAgent_9", "SR": 0.0, "SPL": 0.0, "SoftSPL": 0.5816607248366282, "PLR": 1.4555144472743677, "nDTW": 1.9880839725006907e-22, "CLS": 0.13614460468586634, "steps": 40, "path_length_cm": 8570.389278729877, "cumulative_reward": 4912.691446763029, "ended_reason": "max_steps", "metrics": {"SR": 0.0, "SPL": 0.0, "SoftSPL": 0.5816607248366282, "PLR": 1.4555144472743677, "nDTW": 1.9880839725006907e-22, "CLS": 0.13614460468586634, "path_length_cm": 8570.389278729877, "cumulative_reward": 4912.691446763029}, "token_totals": {"input": 128522, "output": 8220, "calls": 40}, "finished_at": "2026-04-23T14:26:19.760974+00:00"}