{"episode_id": "map_42_B4_industrial_yard_obj_pn_0003", "episode_idx": 3, "agent_name": "GhostAgent_3", "SR": 0.0, "SPL": 0.0, "SoftSPL": 0.0, "PLR": 0.0, "nDTW": 2.2378457569709907e-07, "CLS": 0.25000000000001255, "steps": 40, "path_length_cm": 0.0, "cumulative_reward": -0.4000000000000002, "ended_reason": "max_steps", "metrics": {"SR": 0.0, "SPL": 0.0, "SoftSPL": 0.0, "PLR": 0.0, "nDTW": 2.2378457569709907e-07, "CLS": 0.25000000000001255, "path_length_cm": 0.0, "cumulative_reward": -0.4000000000000002}, "token_totals": {"input": 36352, "output": 2776, "calls": 40}, "finished_at": "2026-04-23T16:10:19.030683+00:00"}