{"episode_id": "map_04_courtyard_remix_obj_on_0014", "episode_idx": 3, "agent_name": "GhostAgent_3", "SR": 0.0, "SPL": 0.0, "SoftSPL": 0.0, "PLR": 6.48514674093678, "nDTW": 2.6863429455500313e-65, "CLS": 0.0024112750769357083, "steps": 13, "path_length_cm": 50280.63971183104, "cumulative_reward": -35908.79287694036, "ended_reason": "step_error", "metrics": {"SR": 0.0, "SPL": 0.0, "SoftSPL": 0.0, "PLR": 6.48514674093678, "nDTW": 2.6863429455500313e-65, "CLS": 0.0024112750769357083, "path_length_cm": 50280.63971183104, "cumulative_reward": -35908.79287694036}, "token_totals": {"input": 36560, "output": 2415, "calls": 13}, "finished_at": "2026-04-23T16:37:21.772937+00:00"}