{"episode_id": "map_11_wintertown_demo01_remix_on_0000", "episode_idx": 0, "agent_name": "GhostAgent_0", "SR": 1.0, "SPL": 0.8032185734205438, "SoftSPL": 0.7889473620847623, "PLR": 1.244991130797005, "nDTW": 4.794146774467196e-25, "CLS": 0.2156410482442336, "steps": 31, "path_length_cm": 9044.07622082784, "cumulative_reward": 7134.387770128729, "ended_reason": "success", "metrics": {"SR": 1.0, "SPL": 0.8032185734205438, "SoftSPL": 0.7889473620847623, "PLR": 1.244991130797005, "nDTW": 4.794146774467196e-25, "CLS": 0.2156410482442336, "path_length_cm": 9044.07622082784, "cumulative_reward": 7134.387770128729}, "token_totals": {"input": 83791, "output": 2494, "calls": 31}, "finished_at": "2026-04-22T23:10:16.213764+00:00"}