{"episode_id": "map_45_B7_park_with_paths_obj_pn_0002", "episode_idx": 2, "agent_name": "GhostAgent_2", "SR": 0.0, "SPL": 0.0, "SoftSPL": 0.0, "PLR": 0.08626328382857097, "nDTW": 2.204724237109487e-15, "CLS": 0.19238744391780266, "steps": 40, "path_length_cm": 378.1859999999997, "cumulative_reward": -226.91061794828875, "ended_reason": "max_steps", "metrics": {"SR": 0.0, "SPL": 0.0, "SoftSPL": 0.0, "PLR": 0.08626328382857097, "nDTW": 2.204724237109487e-15, "CLS": 0.19238744391780266, "path_length_cm": 378.1859999999997, "cumulative_reward": -226.91061794828875}, "token_totals": {"input": 108191, "output": 2893, "calls": 40}, "finished_at": "2026-04-23T19:32:11.779254+00:00"}