{"episode_id": "map_01_wintertown_native_obj_pn_0003", "episode_idx": 1, "agent_name": "GhostAgent_1", "SR": 0.0, "SPL": 0.0, "SoftSPL": 0.5422977653397477, "PLR": 1.7712433772988447, "nDTW": 1.125552132364635e-12, "CLS": 0.173237362062986, "steps": 40, "path_length_cm": 9231.189109468389, "cumulative_reward": 4839.64922082439, "ended_reason": "max_steps", "metrics": {"SR": 0.0, "SPL": 0.0, "SoftSPL": 0.5422977653397477, "PLR": 1.7712433772988447, "nDTW": 1.125552132364635e-12, "CLS": 0.173237362062986, "path_length_cm": 9231.189109468389, "cumulative_reward": 4839.64922082439}, "token_totals": {"input": 441197, "output": 4523, "calls": 40}, "finished_at": "2026-04-22T21:49:18.963848+00:00"}