{"episode_id": "map_08_cave_remix_obj_pn_0002", "episode_idx": 2, "agent_name": "GhostAgent_2", "SR": 0.0, "SPL": 0.0, "SoftSPL": 0.0, "PLR": 0.14221584218249267, "nDTW": 1.5969783170869221e-09, "CLS": 0.16667762191070648, "steps": 40, "path_length_cm": 417.5371796972675, "cumulative_reward": 412.22035490789585, "ended_reason": "max_steps", "metrics": {"SR": 0.0, "SPL": 0.0, "SoftSPL": 0.0, "PLR": 0.14221584218249267, "nDTW": 1.5969783170869221e-09, "CLS": 0.16667762191070648, "path_length_cm": 417.5371796972675, "cumulative_reward": 412.22035490789585}, "token_totals": {"input": 37253, "output": 3145, "calls": 40}, "finished_at": "2026-04-23T15:07:42.543103+00:00"}