{"episode_id": "map_47_wintertown_demo01_minimal_pn_0015", "episode_idx": 4, "agent_name": "GhostAgent_4", "SR": 0.0, "SPL": 0.0, "SoftSPL": 0.007884978047529745, "PLR": 0.8085473791407508, "nDTW": 3.487494879001158e-72, "CLS": 0.07729959382353019, "steps": 40, "path_length_cm": 5059.444797604291, "cumulative_reward": -201.69320516287576, "ended_reason": "max_steps", "metrics": {"SR": 0.0, "SPL": 0.0, "SoftSPL": 0.007884978047529745, "PLR": 0.8085473791407508, "nDTW": 3.487494879001158e-72, "CLS": 0.07729959382353019, "path_length_cm": 5059.444797604291, "cumulative_reward": -201.69320516287576}, "token_totals": {"input": 124228, "output": 6417, "calls": 40}, "finished_at": "2026-04-23T01:45:27.563781+00:00"}