{"episode_id": "map_19_wintertown_demo02_native_pn_0005", "episode_idx": 5, "agent_name": "GhostAgent_5", "SR": 1.0, "SPL": 0.966566117420881, "SoftSPL": 0.9392999567408346, "PLR": 1.0345903730500419, "nDTW": 7.983750922532742e-16, "CLS": 0.21230087427198566, "steps": 19, "path_length_cm": 6817.040118871492, "cumulative_reward": 6318.531392478649, "ended_reason": "success", "metrics": {"SR": 1.0, "SPL": 0.966566117420881, "SoftSPL": 0.9392999567408346, "PLR": 1.0345903730500419, "nDTW": 7.983750922532742e-16, "CLS": 0.21230087427198566, "path_length_cm": 6817.040118871492, "cumulative_reward": 6318.531392478649}, "token_totals": {"input": 48310, "output": 2183, "calls": 19}, "finished_at": "2026-04-22T23:11:42.267262+00:00"}