{"episode_id": "map_62_trainstation_cross_remix_obj_on_0001", "episode_idx": 9, "agent_name": "GhostAgent_9", "SR": 0.0, "SPL": 0.0, "SoftSPL": 0.01119459623235819, "PLR": 0.0, "nDTW": 3.633103390612636e-07, "CLS": 0.10000083935263519, "steps": 0, "path_length_cm": 0.0, "cumulative_reward": 0.0, "ended_reason": "spawn_blocked", "metrics": {"SR": 0.0, "SPL": 0.0, "SoftSPL": 0.01119459623235819, "PLR": 0.0, "nDTW": 3.633103390612636e-07, "CLS": 0.10000083935263519, "path_length_cm": 0.0, "cumulative_reward": 0.0}, "token_totals": {"input": 0, "output": 0, "calls": 0}, "finished_at": "2026-04-23T19:10:29.284348+00:00"}