{"episode_id": "map_13_watertown_native_pn_0017", "episode_idx": 7, "agent_name": "GhostAgent_7", "SR": 0.0, "SPL": 0.0, "SoftSPL": 8.371571170728842e-07, "PLR": 0.0, "nDTW": 1.6197708673889754e-05, "CLS": 0.2500000000655914, "steps": 40, "path_length_cm": 0.0, "cumulative_reward": -0.4000000000000002, "ended_reason": "max_steps", "metrics": {"SR": 0.0, "SPL": 0.0, "SoftSPL": 8.371571170728842e-07, "PLR": 0.0, "nDTW": 1.6197708673889754e-05, "CLS": 0.2500000000655914, "path_length_cm": 0.0, "cumulative_reward": -0.4000000000000002}, "token_totals": {"input": 113017, "output": 4394, "calls": 40}, "finished_at": "2026-04-23T18:23:08.911708+00:00"}