{
  "map": "map_58_dungeon_library",
  "n": 17,
  "SR": 0.7058823529411765,
  "SPL": 0.5583436212888353,
  "SoftSPL": 0.5900661607132324,
  "nDTW": 0.0035817842260314724,
  "avg_steps": 20.294117647058822
}