{"episode_id": "map_16_hwaseong_remix_on_0008", "episode_idx": 4, "agent_name": "GhostAgent_4", "SR": 0.0, "SPL": 0.0, "SoftSPL": 0.435276476210427, "PLR": 0.8892876884988499, "nDTW": 1.86428558985296e-29, "CLS": 0.1319626088543661, "steps": 40, "path_length_cm": 3108.798580084934, "cumulative_reward": 1490.8601248033372, "ended_reason": "max_steps", "metrics": {"SR": 0.0, "SPL": 0.0, "SoftSPL": 0.435276476210427, "PLR": 0.8892876884988499, "nDTW": 1.86428558985296e-29, "CLS": 0.1319626088543661, "path_length_cm": 3108.798580084934, "cumulative_reward": 1490.8601248033372}, "token_totals": {"input": 111553, "output": 4326, "calls": 40}, "finished_at": "2026-04-23T13:13:23.570431+00:00"}