{"episode_id": "map_58_dungeon_library_on_0006", "episode_idx": 6, "agent_name": "GhostAgent_6", "SR": 1.0, "SPL": 0.8701962797992425, "SoftSPL": 0.7581595364596173, "PLR": 1.1491660251991698, "nDTW": 2.172538569488107e-06, "CLS": 0.41329085300718993, "steps": 16, "path_length_cm": 1735.1832397494863, "cumulative_reward": 1317.5830925598354, "ended_reason": "success", "metrics": {"SR": 1.0, "SPL": 0.8701962797992425, "SoftSPL": 0.7581595364596173, "PLR": 1.1491660251991698, "nDTW": 2.172538569488107e-06, "CLS": 0.41329085300718993, "path_length_cm": 1735.1832397494863, "cumulative_reward": 1317.5830925598354}, "token_totals": {"input": 41225, "output": 1554, "calls": 16}, "finished_at": "2026-04-23T02:27:47.692646+00:00"}