{"episode_id": "map_19_wintertown_demo02_native_on_0004", "episode_idx": 4, "agent_name": "GhostAgent_4", "SR": 0.0, "SPL": 0.0, "SoftSPL": 0.27832144086218896, "PLR": 1.0307983566038998, "nDTW": 2.2976058404188573e-09, "CLS": 0.24436398792052608, "steps": 11, "path_length_cm": 1613.158196150839, "cumulative_reward": 447.8704493858838, "ended_reason": "no_tool_call", "metrics": {"SR": 0.0, "SPL": 0.0, "SoftSPL": 0.27832144086218896, "PLR": 1.0307983566038998, "nDTW": 2.2976058404188573e-09, "CLS": 0.24436398792052608, "path_length_cm": 1613.158196150839, "cumulative_reward": 447.8704493858838}, "token_totals": {"input": 28259, "output": 1975, "calls": 11}, "finished_at": "2026-04-22T23:37:15.218233+00:00"}