{"episode_id": "map_31_gothic_day_remix_on_0009", "episode_idx": 9, "agent_name": "GhostAgent_9", "SR": 0.0, "SPL": 0.0, "SoftSPL": 0.06503793816700332, "PLR": 0.22541360339234368, "nDTW": 0.015899602008322387, "CLS": 0.3228107413784675, "steps": 3, "path_length_cm": 399.39233076262235, "cumulative_reward": 115.20582787536475, "ended_reason": "no_tool_call", "metrics": {"SR": 0.0, "SPL": 0.0, "SoftSPL": 0.06503793816700332, "PLR": 0.22541360339234368, "nDTW": 0.015899602008322387, "CLS": 0.3228107413784675, "path_length_cm": 399.39233076262235, "cumulative_reward": 115.20582787536475}, "token_totals": {"input": 3734, "output": 614, "calls": 3}, "finished_at": "2026-04-23T18:01:42.051316+00:00"}