{"episode_id": "map_05_middleeast_native_obj_pn_0002", "episode_idx": 4, "agent_name": "GhostAgent_4", "SR": 0.0, "SPL": 0.0, "SoftSPL": 0.0, "PLR": 0.6975885159405645, "nDTW": 8.2286870904003e-34, "CLS": 0.01243584856726418, "steps": 40, "path_length_cm": 4804.613, "cumulative_reward": -2696.6123272198765, "ended_reason": "max_steps", "metrics": {"SR": 0.0, "SPL": 0.0, "SoftSPL": 0.0, "PLR": 0.6975885159405645, "nDTW": 8.2286870904003e-34, "CLS": 0.01243584856726418, "path_length_cm": 4804.613, "cumulative_reward": -2696.6123272198765}, "token_totals": {"input": 481334, "output": 5701, "calls": 40}, "finished_at": "2026-04-22T20:23:45.535662+00:00"}