{"episode_id": "map_57_gothic_day_invasion_on_0000", "episode_idx": 0, "agent_name": "GhostAgent_0", "SR": 0.0, "SPL": 0.0, "SoftSPL": 0.38664004220105624, "PLR": 2.290999950606702, "nDTW": 1.7355484611018493e-26, "CLS": 0.02578576676284834, "steps": 40, "path_length_cm": 9321.20821903744, "cumulative_reward": 3383.012387093468, "ended_reason": "max_steps", "metrics": {"SR": 0.0, "SPL": 0.0, "SoftSPL": 0.38664004220105624, "PLR": 2.290999950606702, "nDTW": 1.7355484611018493e-26, "CLS": 0.02578576676284834, "path_length_cm": 9321.20821903744, "cumulative_reward": 3383.012387093468}, "token_totals": {"input": 127694, "output": 7466, "calls": 40}, "finished_at": "2026-04-23T14:56:00.461338+00:00"}