{"episode_id": "map_61_containeryard_day_big_remix_obj_on_0013", "episode_idx": 2, "agent_name": "GhostAgent_2", "SR": 1.0, "SPL": 1.0, "SoftSPL": 0.9615059703244199, "PLR": 0.9619963490938788, "nDTW": 3.00728187484938e-08, "CLS": 0.6057511911997263, "steps": 11, "path_length_cm": 3204.102, "cumulative_reward": 3204.8442171311185, "ended_reason": "success", "metrics": {"SR": 1.0, "SPL": 1.0, "SoftSPL": 0.9615059703244199, "PLR": 0.9619963490938788, "nDTW": 3.00728187484938e-08, "CLS": 0.6057511911997263, "path_length_cm": 3204.102, "cumulative_reward": 3204.8442171311185}, "token_totals": {"input": 8452, "output": 590, "calls": 11}, "finished_at": "2026-04-23T17:03:17.589280+00:00"}