{"episode_id": "map_22_containeryard_demo_native_obj_on_0005", "episode_idx": 4, "agent_name": "GhostAgent_4", "SR": 1.0, "SPL": 0.4350599928927335, "SoftSPL": 0.40849707440482647, "PLR": 2.2985335731537964, "nDTW": 1.061874546154298e-25, "CLS": 0.22508380671634598, "steps": 30, "path_length_cm": 6206.1096035224455, "cumulative_reward": 2537.3810887486175, "ended_reason": "success", "metrics": {"SR": 1.0, "SPL": 0.4350599928927335, "SoftSPL": 0.40849707440482647, "PLR": 2.2985335731537964, "nDTW": 1.061874546154298e-25, "CLS": 0.22508380671634598, "path_length_cm": 6206.1096035224455, "cumulative_reward": 2537.3810887486175}, "token_totals": {"input": 92091, "output": 5112, "calls": 30}, "finished_at": "2026-04-23T00:17:52.847074+00:00"}