{"episode_id": "map_40_B2_open_plaza_on_0011", "episode_idx": 1, "agent_name": "GhostAgent_1", "SR": 0.0, "SPL": 0.0, "SoftSPL": 0.0, "PLR": 1.825248760460072, "nDTW": 1.6121083490358953e-80, "CLS": 0.03424191228028523, "steps": 40, "path_length_cm": 10314.243463021006, "cumulative_reward": -286.91332946195325, "ended_reason": "max_steps", "metrics": {"SR": 0.0, "SPL": 0.0, "SoftSPL": 0.0, "PLR": 1.825248760460072, "nDTW": 1.6121083490358953e-80, "CLS": 0.03424191228028523, "path_length_cm": 10314.243463021006, "cumulative_reward": -286.91332946195325}, "token_totals": {"input": 129015, "output": 7466, "calls": 40}, "finished_at": "2026-04-23T01:40:54.874243+00:00"}