{"episode_id": "map_32_gothic_night_native_on_0019", "episode_idx": 9, "agent_name": "GhostAgent_9", "SR": 1.0, "SPL": 1.0, "SoftSPL": 0.8515990166952911, "PLR": 0.8565335429756342, "nDTW": 0.3521963611017375, "CLS": 0.2701402268366893, "steps": 4, "path_length_cm": 1105.4593212352129, "cumulative_reward": 989.0146525774524, "ended_reason": "success", "metrics": {"SR": 1.0, "SPL": 1.0, "SoftSPL": 0.8515990166952911, "PLR": 0.8565335429756342, "nDTW": 0.3521963611017375, "CLS": 0.2701402268366893, "path_length_cm": 1105.4593212352129, "cumulative_reward": 989.0146525774524}, "token_totals": {"input": 5436, "output": 440, "calls": 4}, "finished_at": "2026-04-23T01:35:02.736299+00:00"}