{"episode_id": "map_15_middleeast_remix_on_0002", "episode_idx": 1, "agent_name": "GhostAgent_1", "SR": 0.0, "SPL": 0.0, "SoftSPL": 0.004852771747055895, "PLR": 0.0, "nDTW": 0.004852771747055895, "CLS": 0.004852771747055895, "steps": 0, "path_length_cm": 0.0, "cumulative_reward": 0.0, "ended_reason": "spawn_blocked", "metrics": {"SR": 0.0, "SPL": 0.0, "SoftSPL": 0.004852771747055895, "PLR": 0.0, "nDTW": 0.004852771747055895, "CLS": 0.004852771747055895, "path_length_cm": 0.0, "cumulative_reward": 0.0}, "token_totals": {"input": 0, "output": 0, "calls": 0}, "finished_at": "2026-04-23T19:51:25.075137+00:00"}