{"episode_id": "map_15_middleeast_remix_obj_on_0018", "episode_idx": 6, "agent_name": "GhostAgent_6", "SR": 0.0, "SPL": 0.0, "SoftSPL": 0.32005217968056443, "PLR": 0.0, "nDTW": 0.0017874693825404237, "CLS": 0.058670249393107964, "steps": 40, "path_length_cm": 0.0, "cumulative_reward": -0.4000000000000002, "ended_reason": "max_steps", "metrics": {"SR": 0.0, "SPL": 0.0, "SoftSPL": 0.32005217968056443, "PLR": 0.0, "nDTW": 0.0017874693825404237, "CLS": 0.058670249393107964, "path_length_cm": 0.0, "cumulative_reward": -0.4000000000000002}, "token_totals": {"input": 35063, "output": 2281, "calls": 40}, "finished_at": "2026-04-23T15:14:50.580608+00:00"}