{"episode_id": "map_53_courtyard_sanny_big_remix_pn_0009", "episode_idx": 9, "agent_name": "GhostAgent_9", "SR": 0.0, "SPL": 0.0, "SoftSPL": 0.0, "PLR": 0.8222614939288778, "nDTW": 1.8907476116135303e-25, "CLS": 0.13839554292641296, "steps": 40, "path_length_cm": 899.9816503350353, "cumulative_reward": -273.06771647162196, "ended_reason": "max_steps", "metrics": {"SR": 0.0, "SPL": 0.0, "SoftSPL": 0.0, "PLR": 0.8222614939288778, "nDTW": 1.8907476116135303e-25, "CLS": 0.13839554292641296, "path_length_cm": 899.9816503350353, "cumulative_reward": -273.06771647162196}, "token_totals": {"input": 112950, "output": 4197, "calls": 40}, "finished_at": "2026-04-23T02:00:37.955016+00:00"}