{"episode_id": "map_45_B7_park_with_paths_on_0005", "episode_idx": 5, "agent_name": "GhostAgent_5", "SR": 0.0, "SPL": 0.0, "SoftSPL": 0.21066307865935416, "PLR": 3.688607610914748, "nDTW": 4.093842763462828e-44, "CLS": 0.09595055787694089, "steps": 40, "path_length_cm": 9998.856195211043, "cumulative_reward": 2105.986318930742, "ended_reason": "max_steps", "metrics": {"SR": 0.0, "SPL": 0.0, "SoftSPL": 0.21066307865935416, "PLR": 3.688607610914748, "nDTW": 4.093842763462828e-44, "CLS": 0.09595055787694089, "path_length_cm": 9998.856195211043, "cumulative_reward": 2105.986318930742}, "token_totals": {"input": 116398, "output": 4121, "calls": 40}, "finished_at": "2026-04-23T13:56:48.690391+00:00"}