{"episode_id": "map_36_dungeon_native_on_0014", "episode_idx": 3, "agent_name": "GhostAgent_3", "SR": 0.0, "SPL": 0.0, "SoftSPL": 0.34711553515898974, "PLR": 0.8148593095029246, "nDTW": 3.0929416561517294e-68, "CLS": 0.3069922810309765, "steps": 40, "path_length_cm": 2015.856, "cumulative_reward": 858.3162016561337, "ended_reason": "max_steps", "metrics": {"SR": 0.0, "SPL": 0.0, "SoftSPL": 0.34711553515898974, "PLR": 0.8148593095029246, "nDTW": 3.0929416561517294e-68, "CLS": 0.3069922810309765, "path_length_cm": 2015.856, "cumulative_reward": 858.3162016561337}, "token_totals": {"input": 114001, "output": 3949, "calls": 40}, "finished_at": "2026-04-23T18:16:24.098640+00:00"}