{"episode_id": "map_19_wintertown_demo02_native_obj_on_0011", "episode_idx": 1, "agent_name": "GhostAgent_1", "SR": 0.0, "SPL": 0.0, "SoftSPL": 0.17411637151701773, "PLR": 1.268726957000508, "nDTW": 3.3836404774203644e-117, "CLS": 0.1970480668762067, "steps": 40, "path_length_cm": 4932.087234452484, "cumulative_reward": 857.2658228320083, "ended_reason": "max_steps", "metrics": {"SR": 0.0, "SPL": 0.0, "SoftSPL": 0.17411637151701773, "PLR": 1.268726957000508, "nDTW": 3.3836404774203644e-117, "CLS": 0.1970480668762067, "path_length_cm": 4932.087234452484, "cumulative_reward": 857.2658228320083}, "token_totals": {"input": 135435, "output": 9578, "calls": 40}, "finished_at": "2026-04-23T00:41:02.907513+00:00"}