{"episode_id": "map_40_B2_open_plaza_obj_pn_0015", "episode_idx": 5, "agent_name": "GhostAgent_5", "SR": 0.0, "SPL": 0.0, "SoftSPL": 0.0, "PLR": 23.43953467504843, "nDTW": 0.0, "CLS": 0.010667381266823062, "steps": 40, "path_length_cm": 44408.308000000005, "cumulative_reward": -41596.1807248265, "ended_reason": "max_steps", "metrics": {"SR": 0.0, "SPL": 0.0, "SoftSPL": 0.0, "PLR": 23.43953467504843, "nDTW": 0.0, "CLS": 0.010667381266823062, "path_length_cm": 44408.308000000005, "cumulative_reward": -41596.1807248265}, "token_totals": {"input": 142744, "output": 9996, "calls": 40}, "finished_at": "2026-04-23T16:55:03.786089+00:00"}