{"episode_id": "map_26_courtyard_overcast_native_obj_pn_0011", "episode_idx": 3, "agent_name": "GhostAgent_3", "SR": 0.0, "SPL": 0.0, "SoftSPL": 0.8309775414762803, "PLR": 0.46891818492145054, "nDTW": 9.296796050745896e-08, "CLS": 0.031549066499575916, "steps": 40, "path_length_cm": 2521.706012233934, "cumulative_reward": 462.3737778185141, "ended_reason": "max_steps", "metrics": {"SR": 0.0, "SPL": 0.0, "SoftSPL": 0.8309775414762803, "PLR": 0.46891818492145054, "nDTW": 9.296796050745896e-08, "CLS": 0.031549066499575916, "path_length_cm": 2521.706012233934, "cumulative_reward": 462.3737778185141}, "token_totals": {"input": 115139, "output": 4805, "calls": 40}, "finished_at": "2026-04-23T18:44:24.052310+00:00"}