{"episode_id": "map_03_watertown_remix_obj_pn_0010", "episode_idx": 1, "agent_name": "GhostAgent_1", "SR": 0.0, "SPL": 0.0, "SoftSPL": 0.41711221560566314, "PLR": 0.29612918080556827, "nDTW": 1.2423801307781436e-08, "CLS": 0.03650016828008327, "steps": 40, "path_length_cm": 2353.6140000000005, "cumulative_reward": 1879.0444970735816, "ended_reason": "max_steps", "metrics": {"SR": 0.0, "SPL": 0.0, "SoftSPL": 0.41711221560566314, "PLR": 0.29612918080556827, "nDTW": 1.2423801307781436e-08, "CLS": 0.03650016828008327, "path_length_cm": 2353.6140000000005, "cumulative_reward": 1879.0444970735816}, "token_totals": {"input": 111125, "output": 4584, "calls": 40}, "finished_at": "2026-04-22T22:42:08.212962+00:00"}