{"episode_id": "map_26_courtyard_overcast_native_pn_0004", "episode_idx": 4, "agent_name": "GhostAgent_4", "SR": 0.0, "SPL": 0.0, "SoftSPL": 0.3130032864590073, "PLR": 0.6123747388212368, "nDTW": 5.704695656134327e-30, "CLS": 0.4156079201715739, "steps": 40, "path_length_cm": 840.2638741261719, "cumulative_reward": 429.062401988744, "ended_reason": "max_steps", "metrics": {"SR": 0.0, "SPL": 0.0, "SoftSPL": 0.3130032864590073, "PLR": 0.6123747388212368, "nDTW": 5.704695656134327e-30, "CLS": 0.4156079201715739, "path_length_cm": 840.2638741261719, "cumulative_reward": 429.062401988744}, "token_totals": {"input": 115024, "output": 4318, "calls": 40}, "finished_at": "2026-04-23T00:09:03.476680+00:00"}