{"episode_id": "map_04_courtyard_remix_obj_on_0009", "episode_idx": 2, "agent_name": "GhostAgent_2", "SR": 0.0, "SPL": 0.0, "SoftSPL": 0.0, "PLR": 8.186998995089338, "nDTW": 9.599568569528804e-69, "CLS": 0.003198587924666988, "steps": 14, "path_length_cm": 51613.21589475176, "cumulative_reward": -50205.90908389859, "ended_reason": "step_error", "metrics": {"SR": 0.0, "SPL": 0.0, "SoftSPL": 0.0, "PLR": 8.186998995089338, "nDTW": 9.599568569528804e-69, "CLS": 0.003198587924666988, "path_length_cm": 51613.21589475176, "cumulative_reward": -50205.90908389859}, "token_totals": {"input": 38969, "output": 2298, "calls": 14}, "finished_at": "2026-04-23T16:37:21.737548+00:00"}