{"episode_id": "map_26_courtyard_overcast_native_obj_on_0010", "episode_idx": 0, "agent_name": "GhostAgent_0", "SR": 0.0, "SPL": 0.0, "SoftSPL": 0.0, "PLR": 9.90380469987681, "nDTW": 7.704576827189474e-65, "CLS": 0.007950437876035473, "steps": 20, "path_length_cm": 53579.38535023954, "cumulative_reward": -50594.92288246484, "ended_reason": "step_error", "metrics": {"SR": 0.0, "SPL": 0.0, "SoftSPL": 0.0, "PLR": 9.90380469987681, "nDTW": 7.704576827189474e-65, "CLS": 0.007950437876035473, "path_length_cm": 53579.38535023954, "cumulative_reward": -50594.92288246484}, "token_totals": {"input": 65637, "output": 4837, "calls": 20}, "finished_at": "2026-04-23T18:11:24.922711+00:00"}