{"episode_id": "map_59_B10_market_plaza_pn_0012", "episode_idx": 2, "agent_name": "GhostAgent_2", "SR": 0.0, "SPL": 0.0, "SoftSPL": 0.05891543241503271, "PLR": 0.036766952491521156, "nDTW": 8.936456518254556e-09, "CLS": 0.11210060496304781, "steps": 40, "path_length_cm": 175.88023228606517, "cumulative_reward": 146.9585604021113, "ended_reason": "max_steps", "metrics": {"SR": 0.0, "SPL": 0.0, "SoftSPL": 0.05891543241503271, "PLR": 0.036766952491521156, "nDTW": 8.936456518254556e-09, "CLS": 0.11210060496304781, "path_length_cm": 175.88023228606517, "cumulative_reward": 146.9585604021113}, "token_totals": {"input": 114324, "output": 5715, "calls": 40}, "finished_at": "2026-04-23T19:32:42.153406+00:00"}