{"episode_id": "map_15_middleeast_remix_obj_on_0012", "episode_idx": 1, "agent_name": "GhostAgent_1", "SR": 0.0, "SPL": 0.0, "SoftSPL": 0.3043827607336216, "PLR": 0.006343567499538123, "nDTW": 0.04320164401868483, "CLS": 0.11309771329914368, "steps": 40, "path_length_cm": 13.302905096256413, "cumulative_reward": 12.316952815107342, "ended_reason": "max_steps", "metrics": {"SR": 0.0, "SPL": 0.0, "SoftSPL": 0.3043827607336216, "PLR": 0.006343567499538123, "nDTW": 0.04320164401868483, "CLS": 0.11309771329914368, "path_length_cm": 13.302905096256413, "cumulative_reward": 12.316952815107342}, "token_totals": {"input": 32935, "output": 1963, "calls": 40}, "finished_at": "2026-04-23T15:14:50.321383+00:00"}