{"episode_id": "map_49_courtyard_sunny_packed_pn_0007", "episode_idx": 7, "agent_name": "GhostAgent_7", "SR": 0.0, "SPL": 0.0, "SoftSPL": 0.5949349256125871, "PLR": 0.04963992310883496, "nDTW": 0.0005528909221715665, "CLS": 0.07075650388702968, "steps": 40, "path_length_cm": 323.1420002600451, "cumulative_reward": 72.28597225303874, "ended_reason": "max_steps", "metrics": {"SR": 0.0, "SPL": 0.0, "SoftSPL": 0.5949349256125871, "PLR": 0.04963992310883496, "nDTW": 0.0005528909221715665, "CLS": 0.07075650388702968, "path_length_cm": 323.1420002600451, "cumulative_reward": 72.28597225303874}, "token_totals": {"input": 117931, "output": 5280, "calls": 40}, "finished_at": "2026-04-23T01:33:00.524079+00:00"}