{"episode_id": "map_01_wintertown_native_on_0005", "episode_idx": 2, "agent_name": "GhostAgent_2", "SR": 0.0, "SPL": 0.0, "SoftSPL": 0.0, "PLR": 0.3866300213705192, "nDTW": 4.586819232248991e-46, "CLS": 0.4075843470731719, "steps": 40, "path_length_cm": 1355.4552615211937, "cumulative_reward": -337.41499383617474, "ended_reason": "max_steps", "metrics": {"SR": 0.0, "SPL": 0.0, "SoftSPL": 0.0, "PLR": 0.3866300213705192, "nDTW": 4.586819232248991e-46, "CLS": 0.4075843470731719, "path_length_cm": 1355.4552615211937, "cumulative_reward": -337.41499383617474}, "token_totals": {"input": 482778, "output": 6494, "calls": 40}, "finished_at": "2026-04-22T20:00:32.462479+00:00"}