{"episode_id": "map_31_gothic_day_remix_pn_0008", "episode_idx": 8, "agent_name": "GhostAgent_8", "SR": 1.0, "SPL": 0.744512007688933, "SoftSPL": 0.7173872858417579, "PLR": 1.3431616813060365, "nDTW": 5.231267260534709e-12, "CLS": 0.2867296488706508, "steps": 21, "path_length_cm": 6357.157374387844, "cumulative_reward": 4549.173499946105, "ended_reason": "success", "metrics": {"SR": 1.0, "SPL": 0.744512007688933, "SoftSPL": 0.7173872858417579, "PLR": 1.3431616813060365, "nDTW": 5.231267260534709e-12, "CLS": 0.2867296488706508, "path_length_cm": 6357.157374387844, "cumulative_reward": 4549.173499946105}, "token_totals": {"input": 56116, "output": 2488, "calls": 21}, "finished_at": "2026-04-23T00:28:54.988321+00:00"}