{"episode_id": "map_10_B1_urban_grid_obj_on_0007", "episode_idx": 4, "agent_name": "GhostAgent_4", "SR": 0.0, "SPL": 0.0, "SoftSPL": 0.007619482507223996, "PLR": 0.0, "nDTW": 4.7319520534028927e-11, "CLS": 0.10000000128465977, "steps": 40, "path_length_cm": 0.0, "cumulative_reward": -0.4000000000000002, "ended_reason": "max_steps", "metrics": {"SR": 0.0, "SPL": 0.0, "SoftSPL": 0.007619482507223996, "PLR": 0.0, "nDTW": 4.7319520534028927e-11, "CLS": 0.10000000128465977, "path_length_cm": 0.0, "cumulative_reward": -0.4000000000000002}, "token_totals": {"input": 107227, "output": 2245, "calls": 40}, "finished_at": "2026-04-23T13:30:39.578795+00:00"}