{"episode_id": "map_68_B13_suburban_park_obj_on_0012", "episode_idx": 2, "agent_name": "GhostAgent_2", "SR": 0.0, "SPL": 0.0, "SoftSPL": 0.0, "PLR": 4.0138333239472805, "nDTW": 5.832099151436274e-80, "CLS": 0.015609058519173553, "steps": 40, "path_length_cm": 12778.801015117717, "cumulative_reward": -6911.254799280939, "ended_reason": "max_steps", "metrics": {"SR": 0.0, "SPL": 0.0, "SoftSPL": 0.0, "PLR": 4.0138333239472805, "nDTW": 5.832099151436274e-80, "CLS": 0.015609058519173553, "path_length_cm": 12778.801015117717, "cumulative_reward": -6911.254799280939}, "token_totals": {"input": 137581, "output": 9055, "calls": 40}, "finished_at": "2026-04-23T04:48:21.674270+00:00"}