{
  "map": "map_59_B10_market_plaza",
  "n": 40,
  "SR": 0.25,
  "SPL": 0.21678340021021966,
  "SoftSPL": 0.3787837273899721,
  "nDTW": 0.0010814383365008707,
  "avg_steps": 33.8
}