{"episode_id": "map_05_middleeast_native_pn_0003", "episode_idx": 3, "agent_name": "GhostAgent_3", "SR": 0.0, "SPL": 0.0, "SoftSPL": 0.3953770409985973, "PLR": 0.37823885286437336, "nDTW": 0.00013166460831370974, "CLS": 0.32090825169924686, "steps": 40, "path_length_cm": 1645.3654866797244, "cumulative_reward": 1620.1187058652004, "ended_reason": "max_steps", "metrics": {"SR": 0.0, "SPL": 0.0, "SoftSPL": 0.3953770409985973, "PLR": 0.37823885286437336, "nDTW": 0.00013166460831370974, "CLS": 0.32090825169924686, "path_length_cm": 1645.3654866797244, "cumulative_reward": 1620.1187058652004}, "token_totals": {"input": 192798, "output": 31378, "calls": 40}, "finished_at": "2026-04-22T15:14:54.464523+00:00"}