{"episode_id": "map_42_B4_industrial_yard_obj_on_0000", "episode_idx": 0, "agent_name": "GhostAgent_0", "SR": 0.0, "SPL": 0.0, "SoftSPL": 0.005241098390482812, "PLR": 0.0, "nDTW": 2.1759576891969452e-10, "CLS": 0.1250000000326414, "steps": 40, "path_length_cm": 0.0, "cumulative_reward": -0.4000000000000002, "ended_reason": "max_steps", "metrics": {"SR": 0.0, "SPL": 0.0, "SoftSPL": 0.005241098390482812, "PLR": 0.0, "nDTW": 2.1759576891969452e-10, "CLS": 0.1250000000326414, "path_length_cm": 0.0, "cumulative_reward": -0.4000000000000002}, "token_totals": {"input": 35017, "output": 2167, "calls": 40}, "finished_at": "2026-04-23T16:17:04.742102+00:00"}