{"episode_id": "map_45_B7_park_with_paths_obj_on_0014", "episode_idx": 5, "agent_name": "GhostAgent_5", "SR": 0.0, "SPL": 0.0, "SoftSPL": 0.25087634035390016, "PLR": 0.6587470518118363, "nDTW": 0.25087634035390016, "CLS": 0.25087634035390016, "steps": 40, "path_length_cm": 4404.5869999999995, "cumulative_reward": 1600.5188836721827, "ended_reason": "max_steps", "metrics": {"SR": 0.0, "SPL": 0.0, "SoftSPL": 0.25087634035390016, "PLR": 0.6587470518118363, "nDTW": 0.25087634035390016, "CLS": 0.25087634035390016, "path_length_cm": 4404.5869999999995, "cumulative_reward": 1600.5188836721827}, "token_totals": {"input": 115712, "output": 3785, "calls": 40}, "finished_at": "2026-04-23T20:21:23.744220+00:00"}