{"episode_id": "map_20_trainstation_native_obj_pn_0018", "episode_idx": 7, "agent_name": "GhostAgent_7", "SR": 0.0, "SPL": 0.0, "SoftSPL": 0.13039007199441355, "PLR": 0.06256115708378863, "nDTW": 2.745209527626575e-06, "CLS": 0.14575617072940097, "steps": 40, "path_length_cm": 227.864, "cumulative_reward": 223.10961231817328, "ended_reason": "max_steps", "metrics": {"SR": 0.0, "SPL": 0.0, "SoftSPL": 0.13039007199441355, "PLR": 0.06256115708378863, "nDTW": 2.745209527626575e-06, "CLS": 0.14575617072940097, "path_length_cm": 227.864, "cumulative_reward": 223.10961231817328}, "token_totals": {"input": 111595, "output": 5661, "calls": 40}, "finished_at": "2026-04-23T19:08:33.511312+00:00"}