{"episode_id": "map_40_B2_open_plaza_pn_0008", "episode_idx": 8, "agent_name": "GhostAgent_8", "SR": 0.0, "SPL": 0.0, "SoftSPL": 0.0, "PLR": 3.1220634966963767, "nDTW": 7.944563333395371e-190, "CLS": 0.08007531908978904, "steps": 40, "path_length_cm": 10400.62378844954, "cumulative_reward": -3464.320463367225, "ended_reason": "max_steps", "metrics": {"SR": 0.0, "SPL": 0.0, "SoftSPL": 0.0, "PLR": 3.1220634966963767, "nDTW": 7.944563333395371e-190, "CLS": 0.08007531908978904, "path_length_cm": 10400.62378844954, "cumulative_reward": -3464.320463367225}, "token_totals": {"input": 132993, "output": 8361, "calls": 40}, "finished_at": "2026-04-23T00:55:48.448165+00:00"}