{"episode_id": "map_36_dungeon_native_obj_on_0009", "episode_idx": 9, "agent_name": "GhostAgent_9", "SR": 0.0, "SPL": 0.0, "SoftSPL": 0.0, "PLR": 0.3842279195691341, "nDTW": 7.560615571367047e-19, "CLS": 0.4068502764773867, "steps": 40, "path_length_cm": 398.794, "cumulative_reward": -99.99259992163672, "ended_reason": "max_steps", "metrics": {"SR": 0.0, "SPL": 0.0, "SoftSPL": 0.0, "PLR": 0.3842279195691341, "nDTW": 7.560615571367047e-19, "CLS": 0.4068502764773867, "path_length_cm": 398.794, "cumulative_reward": -99.99259992163672}, "token_totals": {"input": 109980, "output": 3498, "calls": 40}, "finished_at": "2026-04-23T01:34:21.899789+00:00"}