{"episode_id": "map_31_gothic_day_remix_obj_on_0008", "episode_idx": 7, "agent_name": "GhostAgent_7", "SR": 0.0, "SPL": 0.0, "SoftSPL": 0.07108942414079722, "PLR": 0.0007682324504860076, "nDTW": 4.803328038481593e-06, "CLS": 0.10020477766849475, "steps": 40, "path_length_cm": 4.470966897662972, "cumulative_reward": 4.046672320799743, "ended_reason": "max_steps", "metrics": {"SR": 0.0, "SPL": 0.0, "SoftSPL": 0.07108942414079722, "PLR": 0.0007682324504860076, "nDTW": 4.803328038481593e-06, "CLS": 0.10020477766849475, "path_length_cm": 4.470966897662972, "cumulative_reward": 4.046672320799743}, "token_totals": {"input": 122399, "output": 6210, "calls": 40}, "finished_at": "2026-04-23T18:32:30.169692+00:00"}