{"episode_id": "map_61_containeryard_day_big_remix_obj_on_0014", "episode_idx": 3, "agent_name": "GhostAgent_3", "SR": 0.0, "SPL": 0.0, "SoftSPL": 0.12305923955448794, "PLR": 0.0, "nDTW": 3.8114340420404997e-07, "CLS": 0.0801815190144696, "steps": 40, "path_length_cm": 0.0, "cumulative_reward": -0.4000000000000002, "ended_reason": "max_steps", "metrics": {"SR": 0.0, "SPL": 0.0, "SoftSPL": 0.12305923955448794, "PLR": 0.0, "nDTW": 3.8114340420404997e-07, "CLS": 0.0801815190144696, "path_length_cm": 0.0, "cumulative_reward": -0.4000000000000002}, "token_totals": {"input": 33334, "output": 1971, "calls": 40}, "finished_at": "2026-04-23T17:03:17.665462+00:00"}