{"episode_id": "map_46_B8_dense_urban_on_0001", "episode_idx": 1, "agent_name": "GhostAgent_1", "SR": 0.0, "SPL": 0.0, "SoftSPL": 0.06312812614843899, "PLR": 0.12452678804802764, "nDTW": 1.3674484260815635e-17, "CLS": 0.1454218337788891, "steps": 40, "path_length_cm": 752.7470000000003, "cumulative_reward": -27.19358226240771, "ended_reason": "max_steps", "metrics": {"SR": 0.0, "SPL": 0.0, "SoftSPL": 0.06312812614843899, "PLR": 0.12452678804802764, "nDTW": 1.3674484260815635e-17, "CLS": 0.1454218337788891, "path_length_cm": 752.7470000000003, "cumulative_reward": -27.19358226240771}, "token_totals": {"input": 35364, "output": 2486, "calls": 40}, "finished_at": "2026-04-23T16:05:58.728978+00:00"}