{"episode_id": "map_15_middleeast_remix_on_0017", "episode_idx": 8, "agent_name": "GhostAgent_8", "SR": 0.0, "SPL": 0.0, "SoftSPL": 0.20883810486057253, "PLR": 0.0, "nDTW": 0.20883810486057253, "CLS": 0.20883810486057253, "steps": 0, "path_length_cm": 0.0, "cumulative_reward": 0.0, "ended_reason": "spawn_blocked", "metrics": {"SR": 0.0, "SPL": 0.0, "SoftSPL": 0.20883810486057253, "PLR": 0.0, "nDTW": 0.20883810486057253, "CLS": 0.20883810486057253, "path_length_cm": 0.0, "cumulative_reward": 0.0}, "token_totals": {"input": 0, "output": 0, "calls": 0}, "finished_at": "2026-04-23T19:51:25.086189+00:00"}