{"episode_id": "map_68_B13_suburban_park_obj_on_0009", "episode_idx": 9, "agent_name": "GhostAgent_9", "SR": 0.0, "SPL": 0.0, "SoftSPL": 0.0, "PLR": 9.614804224423805, "nDTW": 2.85206005443271e-78, "CLS": 0.004789634578568534, "steps": 40, "path_length_cm": 21932.426064375388, "cumulative_reward": -16646.34363360823, "ended_reason": "max_steps", "metrics": {"SR": 0.0, "SPL": 0.0, "SoftSPL": 0.0, "PLR": 9.614804224423805, "nDTW": 2.85206005443271e-78, "CLS": 0.004789634578568534, "path_length_cm": 21932.426064375388, "cumulative_reward": -16646.34363360823}, "token_totals": {"input": 138781, "output": 9115, "calls": 40}, "finished_at": "2026-04-23T04:32:19.349387+00:00"}