{"episode_id": "map_21_hwaseong_remix2_obj_on_0005", "episode_idx": 5, "agent_name": "GhostAgent_5", "SR": 0.0, "SPL": 0.0, "SoftSPL": 0.006900775181514995, "PLR": 0.22439411126831563, "nDTW": 1.0261546804791573e-49, "CLS": 0.2512276869882517, "steps": 40, "path_length_cm": 1616.1380000000008, "cumulative_reward": -29.949989141699422, "ended_reason": "max_steps", "metrics": {"SR": 0.0, "SPL": 0.0, "SoftSPL": 0.006900775181514995, "PLR": 0.22439411126831563, "nDTW": 1.0261546804791573e-49, "CLS": 0.2512276869882517, "path_length_cm": 1616.1380000000008, "cumulative_reward": -29.949989141699422}, "token_totals": {"input": 41176, "output": 3779, "calls": 40}, "finished_at": "2026-04-23T18:18:56.954027+00:00"}