{"episode_id": "map_45_B7_park_with_paths_obj_on_0003", "episode_idx": 3, "agent_name": "GhostAgent_3", "SR": 0.0, "SPL": 0.0, "SoftSPL": 0.3541893395222546, "PLR": 1.5689561901139764, "nDTW": 8.336685176304606e-93, "CLS": 0.07082813294891538, "steps": 40, "path_length_cm": 10866.057127624761, "cumulative_reward": 3808.2023083568984, "ended_reason": "max_steps", "metrics": {"SR": 0.0, "SPL": 0.0, "SoftSPL": 0.3541893395222546, "PLR": 1.5689561901139764, "nDTW": 8.336685176304606e-93, "CLS": 0.07082813294891538, "path_length_cm": 10866.057127624761, "cumulative_reward": 3808.2023083568984}, "token_totals": {"input": 128558, "output": 6758, "calls": 40}, "finished_at": "2026-04-23T14:26:19.758097+00:00"}