{"episode_id": "map_65_hwaseong_ceremonial_on_0018", "episode_idx": 8, "agent_name": "GhostAgent_8", "SR": 1.0, "SPL": 0.7261879114444177, "SoftSPL": 0.7115723884389246, "PLR": 1.3770540437818066, "nDTW": 1.758975679325319e-16, "CLS": 0.17197485733580872, "steps": 31, "path_length_cm": 8108.314538434282, "cumulative_reward": 5710.892947262856, "ended_reason": "success", "metrics": {"SR": 1.0, "SPL": 0.7261879114444177, "SoftSPL": 0.7115723884389246, "PLR": 1.3770540437818066, "nDTW": 1.758975679325319e-16, "CLS": 0.17197485733580872, "path_length_cm": 8108.314538434282, "cumulative_reward": 5710.892947262856}, "token_totals": {"input": 98832, "output": 5872, "calls": 31}, "finished_at": "2026-04-23T03:56:44.212321+00:00"}