{"episode_id": "map_43_B5_residential_courtyard_on_0017", "episode_idx": 7, "agent_name": "GhostAgent_7", "SR": 0.0, "SPL": 0.0, "SoftSPL": 0.01113652899142692, "PLR": 0.0, "nDTW": 0.01113652899142692, "CLS": 0.01113652899142692, "steps": 40, "path_length_cm": 0.0, "cumulative_reward": -0.4000000000000002, "ended_reason": "max_steps", "metrics": {"SR": 0.0, "SPL": 0.0, "SoftSPL": 0.01113652899142692, "PLR": 0.0, "nDTW": 0.01113652899142692, "CLS": 0.01113652899142692, "path_length_cm": 0.0, "cumulative_reward": -0.4000000000000002}, "token_totals": {"input": 33427, "output": 2118, "calls": 40}, "finished_at": "2026-04-23T20:16:36.255203+00:00"}