{"episode_id": "map_46_B8_dense_urban_on_0015", "episode_idx": 5, "agent_name": "GhostAgent_5", "SR": 0.0, "SPL": 0.0, "SoftSPL": 0.0014700828375465713, "PLR": 0.0, "nDTW": 3.150560453069612e-08, "CLS": 0.16666666689749318, "steps": 40, "path_length_cm": 0.0, "cumulative_reward": -0.4000000000000002, "ended_reason": "max_steps", "metrics": {"SR": 0.0, "SPL": 0.0, "SoftSPL": 0.0014700828375465713, "PLR": 0.0, "nDTW": 3.150560453069612e-08, "CLS": 0.16666666689749318, "path_length_cm": 0.0, "cumulative_reward": -0.4000000000000002}, "token_totals": {"input": 34375, "output": 2168, "calls": 40}, "finished_at": "2026-04-23T16:16:03.480597+00:00"}