{"episode_id": "map_40_B2_open_plaza_pn_0001", "episode_idx": 1, "agent_name": "GhostAgent_1", "SR": 0.0, "SPL": 0.0, "SoftSPL": 0.06422359100185768, "PLR": 3.4656467066464054, "nDTW": 1.4119618014819744e-117, "CLS": 0.07213673651766808, "steps": 40, "path_length_cm": 12666.522835187814, "cumulative_reward": 813.0924409127482, "ended_reason": "max_steps", "metrics": {"SR": 0.0, "SPL": 0.0, "SoftSPL": 0.06422359100185768, "PLR": 3.4656467066464054, "nDTW": 1.4119618014819744e-117, "CLS": 0.07213673651766808, "path_length_cm": 12666.522835187814, "cumulative_reward": 813.0924409127482}, "token_totals": {"input": 121347, "output": 5572, "calls": 40}, "finished_at": "2026-04-23T00:55:48.445122+00:00"}