{"episode_id": "map_68_B13_suburban_park_on_0014", "episode_idx": 0, "agent_name": "GhostAgent_0", "SR": 0.0, "SPL": 0.0, "SoftSPL": 0.0, "PLR": 14.615489359721964, "nDTW": 0.0, "CLS": 0.017105141160213312, "steps": 36, "path_length_cm": 57497.335141146206, "cumulative_reward": -49946.76898979731, "ended_reason": "step_error", "metrics": {"SR": 0.0, "SPL": 0.0, "SoftSPL": 0.0, "PLR": 14.615489359721964, "nDTW": 0.0, "CLS": 0.017105141160213312, "path_length_cm": 57497.335141146206, "cumulative_reward": -49946.76898979731}, "token_totals": {"input": 122228, "output": 7626, "calls": 36}, "finished_at": "2026-04-23T19:22:21.693949+00:00"}