{"episode_id": "map_67_B12_construction_site_pn_0004", "episode_idx": 4, "agent_name": "GhostAgent_4", "SR": 0.0, "SPL": 0.0, "SoftSPL": 0.7806045739148285, "PLR": 1.0938192417792016, "nDTW": 5.362630797049517e-16, "CLS": 0.17902867486515406, "steps": 40, "path_length_cm": 5609.137886420999, "cumulative_reward": 4354.05780160937, "ended_reason": "max_steps", "metrics": {"SR": 0.0, "SPL": 0.0, "SoftSPL": 0.7806045739148285, "PLR": 1.0938192417792016, "nDTW": 5.362630797049517e-16, "CLS": 0.17902867486515406, "path_length_cm": 5609.137886420999, "cumulative_reward": 4354.05780160937}, "token_totals": {"input": 116045, "output": 5090, "calls": 40}, "finished_at": "2026-04-23T05:13:06.560147+00:00"}