{"episode_id": "map_61_containeryard_day_big_remix_on_0010", "episode_idx": 0, "agent_name": "GhostAgent_0", "SR": 0.0, "SPL": 0.0, "SoftSPL": 0.0, "PLR": 0.272519907778886, "nDTW": 1.2648377223372675e-16, "CLS": 0.3154949955880373, "steps": 40, "path_length_cm": 499.99500000099994, "cumulative_reward": -425.8481040684203, "ended_reason": "max_steps", "metrics": {"SR": 0.0, "SPL": 0.0, "SoftSPL": 0.0, "PLR": 0.272519907778886, "nDTW": 1.2648377223372675e-16, "CLS": 0.3154949955880373, "path_length_cm": 499.99500000099994, "cumulative_reward": -425.8481040684203}, "token_totals": {"input": 31943, "output": 1568, "calls": 40}, "finished_at": "2026-04-23T16:41:39.317941+00:00"}