{"episode_id": "map_16_hwaseong_remix_pn_0003", "episode_idx": 3, "agent_name": "GhostAgent_3", "SR": 0.0, "SPL": 0.0, "SoftSPL": 0.18301868926753362, "PLR": 0.337215419023163, "nDTW": 2.7938146736034596e-41, "CLS": 0.37719651531792736, "steps": 40, "path_length_cm": 1259.5704052895087, "cumulative_reward": 683.2082714529624, "ended_reason": "max_steps", "metrics": {"SR": 0.0, "SPL": 0.0, "SoftSPL": 0.18301868926753362, "PLR": 0.337215419023163, "nDTW": 2.7938146736034596e-41, "CLS": 0.37719651531792736, "path_length_cm": 1259.5704052895087, "cumulative_reward": 683.2082714529624}, "token_totals": {"input": 117320, "output": 5429, "calls": 40}, "finished_at": "2026-04-22T23:27:14.602736+00:00"}