{"episode_id": "map_10_B1_urban_grid_on_0011", "episode_idx": 1, "agent_name": "GhostAgent_1", "SR": 0.0, "SPL": 0.0, "SoftSPL": 0.41582366075476773, "PLR": 0.9978914183615983, "nDTW": 5.099978279799724e-57, "CLS": 0.06263220655431867, "steps": 40, "path_length_cm": 6698.196462039475, "cumulative_reward": 1929.9292786493402, "ended_reason": "max_steps", "metrics": {"SR": 0.0, "SPL": 0.0, "SoftSPL": 0.41582366075476773, "PLR": 0.9978914183615983, "nDTW": 5.099978279799724e-57, "CLS": 0.06263220655431867, "path_length_cm": 6698.196462039475, "cumulative_reward": 1929.9292786493402}, "token_totals": {"input": 131173, "output": 7908, "calls": 40}, "finished_at": "2026-04-23T13:13:44.055678+00:00"}