{"episode_id": "map_03_watertown_remix_pn_0007", "episode_idx": 2, "agent_name": "GhostAgent_2", "SR": 0.0, "SPL": 0.0, "SoftSPL": 0.8492002392104759, "PLR": 0.9595230127651339, "nDTW": 6.475165971941336e-54, "CLS": 0.11640605302885638, "steps": 40, "path_length_cm": 7608.4993488006185, "cumulative_reward": 6675.875147942076, "ended_reason": "max_steps", "metrics": {"SR": 0.0, "SPL": 0.0, "SoftSPL": 0.8492002392104759, "PLR": 0.9595230127651339, "nDTW": 6.475165971941336e-54, "CLS": 0.11640605302885638, "path_length_cm": 7608.4993488006185, "cumulative_reward": 6675.875147942076}, "token_totals": {"input": 363051, "output": 17458, "calls": 40}, "finished_at": "2026-04-22T16:23:12.926582+00:00"}