{"episode_id": "map_25_containeryard_day_remix_on_0014", "episode_idx": 4, "agent_name": "GhostAgent_4", "SR": 0.0, "SPL": 0.0, "SoftSPL": 0.0, "PLR": 0.4646017194490746, "nDTW": 2.3655695328812342e-18, "CLS": 0.14268096479217973, "steps": 16, "path_length_cm": 3177.5970000000007, "cumulative_reward": -978.7056209303894, "ended_reason": "no_tool_call", "metrics": {"SR": 0.0, "SPL": 0.0, "SoftSPL": 0.0, "PLR": 0.4646017194490746, "nDTW": 2.3655695328812342e-18, "CLS": 0.14268096479217973, "path_length_cm": 3177.5970000000007, "cumulative_reward": -978.7056209303894}, "token_totals": {"input": 47687, "output": 3303, "calls": 16}, "finished_at": "2026-04-23T00:32:48.462501+00:00"}