{"episode_id": "map_20_trainstation_native_pn_0010", "episode_idx": 9, "agent_name": "GhostAgent_9", "SR": 0.0, "SPL": 0.0, "SoftSPL": 0.0, "PLR": 2.120091933007865, "nDTW": 5.5719812453862265e-183, "CLS": 0.11791941484484753, "steps": 40, "path_length_cm": 14859.024728114235, "cumulative_reward": -1671.8324485777994, "ended_reason": "max_steps", "metrics": {"SR": 0.0, "SPL": 0.0, "SoftSPL": 0.0, "PLR": 2.120091933007865, "nDTW": 5.5719812453862265e-183, "CLS": 0.11791941484484753, "path_length_cm": 14859.024728114235, "cumulative_reward": -1671.8324485777994}, "token_totals": {"input": 126361, "output": 6375, "calls": 40}, "finished_at": "2026-04-23T18:21:16.544632+00:00"}