{"episode_id": "map_11_wintertown_demo01_remix_obj_pn_0003", "episode_idx": 9, "agent_name": "GhostAgent_9", "SR": 0.0, "SPL": 0.0, "SoftSPL": 0.06598482053432975, "PLR": 0.007325457917995646, "nDTW": 7.302690264897497e-10, "CLS": 0.057569275557762735, "steps": 40, "path_length_cm": 56.18333204785941, "cumulative_reward": 22.932303342940518, "ended_reason": "max_steps", "metrics": {"SR": 0.0, "SPL": 0.0, "SoftSPL": 0.06598482053432975, "PLR": 0.007325457917995646, "nDTW": 7.302690264897497e-10, "CLS": 0.057569275557762735, "path_length_cm": 56.18333204785941, "cumulative_reward": 22.932303342940518}, "token_totals": {"input": 118112, "output": 5516, "calls": 40}, "finished_at": "2026-04-22T23:26:47.550820+00:00"}