{"episode_id": "map_26_courtyard_overcast_native_obj_pn_0005", "episode_idx": 5, "agent_name": "GhostAgent_5", "SR": 0.0, "SPL": 0.0, "SoftSPL": 0.8050922692018782, "PLR": 1.0801819478279007, "nDTW": 9.095208769668178e-08, "CLS": 0.7831775312916985, "steps": 40, "path_length_cm": 2629.3356901247626, "cumulative_reward": 2352.6533755692303, "ended_reason": "max_steps", "metrics": {"SR": 0.0, "SPL": 0.0, "SoftSPL": 0.8050922692018782, "PLR": 1.0801819478279007, "nDTW": 9.095208769668178e-08, "CLS": 0.7831775312916985, "path_length_cm": 2629.3356901247626, "cumulative_reward": 2352.6533755692303}, "token_totals": {"input": 108511, "output": 4328, "calls": 40}, "finished_at": "2026-04-23T00:42:03.066031+00:00"}