{"episode_id": "map_18_cave_native_pn_0006", "episode_idx": 6, "agent_name": "GhostAgent_6", "SR": 1.0, "SPL": 0.9469794201637969, "SoftSPL": 0.9146318549643099, "PLR": 1.0559891574275524, "nDTW": 0.000543737737726484, "CLS": 0.24857350440741735, "steps": 11, "path_length_cm": 4046.751089202292, "cumulative_reward": 3702.9749846244576, "ended_reason": "success", "metrics": {"SR": 1.0, "SPL": 0.9469794201637969, "SoftSPL": 0.9146318549643099, "PLR": 1.0559891574275524, "nDTW": 0.000543737737726484, "CLS": 0.24857350440741735, "path_length_cm": 4046.751089202292, "cumulative_reward": 3702.9749846244576}, "token_totals": {"input": 24224, "output": 992, "calls": 11}, "finished_at": "2026-04-23T18:10:13.632366+00:00"}