{"episode_id": "map_09b_wintertown_demo02_on_0006", "episode_idx": 1, "agent_name": "GhostAgent_1", "SR": 0.0, "SPL": 0.0, "SoftSPL": 0.3054485533446485, "PLR": 0.7738418538923737, "nDTW": 4.7232140478391336e-60, "CLS": 0.1435865825620078, "steps": 40, "path_length_cm": 3943.4516569243024, "cumulative_reward": 1545.8810704792165, "ended_reason": "max_steps", "metrics": {"SR": 0.0, "SPL": 0.0, "SoftSPL": 0.3054485533446485, "PLR": 0.7738418538923737, "nDTW": 4.7232140478391336e-60, "CLS": 0.1435865825620078, "path_length_cm": 3943.4516569243024, "cumulative_reward": 1545.8810704792165}, "token_totals": {"input": 438656, "output": 4097, "calls": 40}, "finished_at": "2026-04-22T19:35:00.251523+00:00"}