{"episode_id": "map_23_containeryard_demo_remix_pn_0009", "episode_idx": 9, "agent_name": "GhostAgent_9", "SR": 0.0, "SPL": 0.0, "SoftSPL": 0.4666277787843828, "PLR": 1.6274943831364028, "nDTW": 7.226127776543388e-09, "CLS": 0.24897700874545686, "steps": 40, "path_length_cm": 6799.280934091938, "cumulative_reward": 3834.8728203628552, "ended_reason": "max_steps", "metrics": {"SR": 0.0, "SPL": 0.0, "SoftSPL": 0.4666277787843828, "PLR": 1.6274943831364028, "nDTW": 7.226127776543388e-09, "CLS": 0.24897700874545686, "path_length_cm": 6799.280934091938, "cumulative_reward": 3834.8728203628552}, "token_totals": {"input": 121632, "output": 7041, "calls": 40}, "finished_at": "2026-04-23T12:58:35.694558+00:00"}