{"episode_id": "map_46_B8_dense_urban_on_0000", "episode_idx": 0, "agent_name": "GhostAgent_0", "SR": 0.0, "SPL": 0.0, "SoftSPL": 0.12837360201473602, "PLR": 0.0, "nDTW": 1.7632342112502085e-07, "CLS": 0.1250052725150858, "steps": 40, "path_length_cm": 0.0, "cumulative_reward": -0.4000000000000002, "ended_reason": "max_steps", "metrics": {"SR": 0.0, "SPL": 0.0, "SoftSPL": 0.12837360201473602, "PLR": 0.0, "nDTW": 1.7632342112502085e-07, "CLS": 0.1250052725150858, "path_length_cm": 0.0, "cumulative_reward": -0.4000000000000002}, "token_totals": {"input": 34157, "output": 2243, "calls": 40}, "finished_at": "2026-04-23T16:05:58.727527+00:00"}