{"episode_id": "map_31_gothic_day_remix_obj_on_0000", "episode_idx": 0, "agent_name": "GhostAgent_0", "SR": 0.0, "SPL": 0.0, "SoftSPL": 2.193569111907934e-07, "PLR": 0.0, "nDTW": 1.2577544395088669e-05, "CLS": 0.25000000003954864, "steps": 1, "path_length_cm": 0.0, "cumulative_reward": 0.0, "ended_reason": "no_tool_call", "metrics": {"SR": 0.0, "SPL": 0.0, "SoftSPL": 2.193569111907934e-07, "PLR": 0.0, "nDTW": 1.2577544395088669e-05, "CLS": 0.25000000003954864, "path_length_cm": 0.0, "cumulative_reward": 0.0}, "token_totals": {"input": 770, "output": 256, "calls": 1}, "finished_at": "2026-04-23T18:32:30.166476+00:00"}