{"episode_id": "map_57_gothic_day_invasion_on_0011", "episode_idx": 1, "agent_name": "GhostAgent_1", "SR": 0.0, "SPL": 0.0, "SoftSPL": 0.2571839966959928, "PLR": 0.18786981800792385, "nDTW": 9.187583733174885e-06, "CLS": 0.19310440408161672, "steps": 40, "path_length_cm": 620.7200000000003, "cumulative_reward": 420.25926583999535, "ended_reason": "max_steps", "metrics": {"SR": 0.0, "SPL": 0.0, "SoftSPL": 0.2571839966959928, "PLR": 0.18786981800792385, "nDTW": 9.187583733174885e-06, "CLS": 0.19310440408161672, "path_length_cm": 620.7200000000003, "cumulative_reward": 420.25926583999535}, "token_totals": {"input": 109216, "output": 4635, "calls": 40}, "finished_at": "2026-04-23T15:09:07.927200+00:00"}