{"episode_id": "map_20_trainstation_native_pn_0001", "episode_idx": 1, "agent_name": "GhostAgent_1", "SR": 0.0, "SPL": 0.0, "SoftSPL": 0.8079543039206755, "PLR": 0.9469837442765944, "nDTW": 1.514153303147738e-14, "CLS": 0.016898440525849955, "steps": 40, "path_length_cm": 7261.651278024337, "cumulative_reward": 5435.357515683501, "ended_reason": "max_steps", "metrics": {"SR": 0.0, "SPL": 0.0, "SoftSPL": 0.8079543039206755, "PLR": 0.9469837442765944, "nDTW": 1.514153303147738e-14, "CLS": 0.016898440525849955, "path_length_cm": 7261.651278024337, "cumulative_reward": 5435.357515683501}, "token_totals": {"input": 127035, "output": 6793, "calls": 40}, "finished_at": "2026-04-23T18:21:16.541307+00:00"}