{"episode_id": "map_13_watertown_native_on_0009", "episode_idx": 9, "agent_name": "GhostAgent_9", "SR": 0.0, "SPL": 0.0, "SoftSPL": 0.0, "PLR": 0.0, "nDTW": 0.00020570682077853373, "CLS": 0.25000001057882404, "steps": 1, "path_length_cm": 0.0, "cumulative_reward": 0.0, "ended_reason": "no_tool_call", "metrics": {"SR": 0.0, "SPL": 0.0, "SoftSPL": 0.0, "PLR": 0.0, "nDTW": 0.00020570682077853373, "CLS": 0.25000001057882404, "path_length_cm": 0.0, "cumulative_reward": 0.0}, "token_totals": {"input": 769, "output": 256, "calls": 1}, "finished_at": "2026-04-23T16:49:28.257878+00:00"}