{"episode_id": "map_53_courtyard_sanny_big_remix_pn_0012", "episode_idx": 2, "agent_name": "GhostAgent_2", "SR": 0.0, "SPL": 0.0, "SoftSPL": 0.6622755109276939, "PLR": 0.008515211965173655, "nDTW": 0.0006906540070647526, "CLS": 0.06577019645845544, "steps": 40, "path_length_cm": 34.66100000000006, "cumulative_reward": 32.27856351193526, "ended_reason": "max_steps", "metrics": {"SR": 0.0, "SPL": 0.0, "SoftSPL": 0.6622755109276939, "PLR": 0.008515211965173655, "nDTW": 0.0006906540070647526, "CLS": 0.06577019645845544, "path_length_cm": 34.66100000000006, "cumulative_reward": 32.27856351193526}, "token_totals": {"input": 113493, "output": 5314, "calls": 40}, "finished_at": "2026-04-23T02:12:37.654014+00:00"}