{"episode_id": "map_47_wintertown_demo01_minimal_obj_pn_0016", "episode_idx": 5, "agent_name": "GhostAgent_5", "SR": 0.0, "SPL": 0.0, "SoftSPL": 0.7462159634608871, "PLR": 1.1622111204259307, "nDTW": 0.12756441391091355, "CLS": 0.3403695909185999, "steps": 40, "path_length_cm": 3876.9503439616365, "cumulative_reward": 1185.4587923930046, "ended_reason": "max_steps", "metrics": {"SR": 0.0, "SPL": 0.0, "SoftSPL": 0.7462159634608871, "PLR": 1.1622111204259307, "nDTW": 0.12756441391091355, "CLS": 0.3403695909185999, "path_length_cm": 3876.9503439616365, "cumulative_reward": 1185.4587923930046}, "token_totals": {"input": 119503, "output": 6298, "calls": 40}, "finished_at": "2026-04-23T02:48:22.899998+00:00"}