{"episode_id": "map_19_wintertown_demo02_native_pn_0015", "episode_idx": 5, "agent_name": "GhostAgent_5", "SR": 0.0, "SPL": 0.0, "SoftSPL": 0.30494737367340724, "PLR": 1.2588354728400817, "nDTW": 1.3035113891122894e-21, "CLS": 0.059153557933699134, "steps": 40, "path_length_cm": 3183.33055536327, "cumulative_reward": -738.6530234944933, "ended_reason": "max_steps", "metrics": {"SR": 0.0, "SPL": 0.0, "SoftSPL": 0.30494737367340724, "PLR": 1.2588354728400817, "nDTW": 1.3035113891122894e-21, "CLS": 0.059153557933699134, "path_length_cm": 3183.33055536327, "cumulative_reward": -738.6530234944933}, "token_totals": {"input": 128224, "output": 7348, "calls": 40}, "finished_at": "2026-04-22T23:24:24.860848+00:00"}