{"episode_id": "map_42_B4_industrial_yard_pn_0004", "episode_idx": 4, "agent_name": "GhostAgent_4", "SR": 0.0, "SPL": 0.0, "SoftSPL": 1.4528930767143677e-05, "PLR": 0.0, "nDTW": 9.63872617175793e-06, "CLS": 0.1666667016454574, "steps": 40, "path_length_cm": 0.0, "cumulative_reward": -0.4000000000000002, "ended_reason": "max_steps", "metrics": {"SR": 0.0, "SPL": 0.0, "SoftSPL": 1.4528930767143677e-05, "PLR": 0.0, "nDTW": 9.63872617175793e-06, "CLS": 0.1666667016454574, "path_length_cm": 0.0, "cumulative_reward": -0.4000000000000002}, "token_totals": {"input": 33734, "output": 2106, "calls": 40}, "finished_at": "2026-04-23T15:55:15.200039+00:00"}