{"episode_id": "map_53_courtyard_sanny_big_remix_obj_on_0019", "episode_idx": 9, "agent_name": "GhostAgent_9", "SR": 0.0, "SPL": 0.0, "SoftSPL": 0.3455681983311429, "PLR": 0.7052057902748657, "nDTW": 0.000532476301737169, "CLS": 0.05958648260144693, "steps": 11, "path_length_cm": 2455.315, "cumulative_reward": 296.3521642538967, "ended_reason": "no_tool_call", "metrics": {"SR": 0.0, "SPL": 0.0, "SoftSPL": 0.3455681983311429, "PLR": 0.7052057902748657, "nDTW": 0.000532476301737169, "CLS": 0.05958648260144693, "path_length_cm": 2455.315, "cumulative_reward": 296.3521642538967}, "token_totals": {"input": 30073, "output": 2488, "calls": 11}, "finished_at": "2026-04-23T15:07:22.323836+00:00"}