{"episode_id": "map_09b_wintertown_demo02_obj_on_0012", "episode_idx": 3, "agent_name": "GhostAgent_3", "SR": 0.0, "SPL": 0.0, "SoftSPL": 0.6247118703536201, "PLR": 1.1373013778414875, "nDTW": 2.6797660151659474e-16, "CLS": 0.010942816992730737, "steps": 40, "path_length_cm": 8865.025406985049, "cumulative_reward": 4721.210517279831, "ended_reason": "max_steps", "metrics": {"SR": 0.0, "SPL": 0.0, "SoftSPL": 0.6247118703536201, "PLR": 1.1373013778414875, "nDTW": 2.6797660151659474e-16, "CLS": 0.010942816992730737, "path_length_cm": 8865.025406985049, "cumulative_reward": 4721.210517279831}, "token_totals": {"input": 120338, "output": 5102, "calls": 40}, "finished_at": "2026-04-22T23:26:48.644530+00:00"}