{
  "map": "map_32_gothic_night_native",
  "n": 19,
  "SR": 0.21052631578947367,
  "SPL": 0.20164395495108137,
  "SoftSPL": 0.49781657820258035,
  "nDTW": 0.03222803917244561,
  "avg_steps": 32.89473684210526
}