{"episode_id": "map_15_middleeast_remix_obj_on_0003", "episode_idx": 3, "agent_name": "GhostAgent_3", "SR": 0.0, "SPL": 0.0, "SoftSPL": 0.2796941466448746, "PLR": 0.2640228785820809, "nDTW": 6.218923289751168e-09, "CLS": 0.12065344164279862, "steps": 40, "path_length_cm": 2082.8976109643227, "cumulative_reward": 1988.0459028054738, "ended_reason": "max_steps", "metrics": {"SR": 0.0, "SPL": 0.0, "SoftSPL": 0.2796941466448746, "PLR": 0.2640228785820809, "nDTW": 6.218923289751168e-09, "CLS": 0.12065344164279862, "path_length_cm": 2082.8976109643227, "cumulative_reward": 1988.0459028054738}, "token_totals": {"input": 35678, "output": 2661, "calls": 40}, "finished_at": "2026-04-23T15:06:48.278720+00:00"}