{"episode_id": "map_11_wintertown_demo01_remix_obj_on_0017", "episode_idx": 7, "agent_name": "GhostAgent_7", "SR": 0.0, "SPL": 0.0, "SoftSPL": 0.23060190888225243, "PLR": 2.735360003813077, "nDTW": 9.582946083693581e-128, "CLS": 0.09142818705622668, "steps": 40, "path_length_cm": 12792.567544232768, "cumulative_reward": 2949.5912511163338, "ended_reason": "max_steps", "metrics": {"SR": 0.0, "SPL": 0.0, "SoftSPL": 0.23060190888225243, "PLR": 2.735360003813077, "nDTW": 9.582946083693581e-128, "CLS": 0.09142818705622668, "path_length_cm": 12792.567544232768, "cumulative_reward": 2949.5912511163338}, "token_totals": {"input": 124414, "output": 5992, "calls": 40}, "finished_at": "2026-04-22T23:56:13.624490+00:00"}