{"episode_id": "map_31_gothic_day_remix_on_0019", "episode_idx": 9, "agent_name": "GhostAgent_9", "SR": 0.0, "SPL": 0.0, "SoftSPL": 0.16209548183593803, "PLR": 0.0838643003413794, "nDTW": 1.9060334119767098e-09, "CLS": 0.09614992832657898, "steps": 40, "path_length_cm": 401.74606028435414, "cumulative_reward": 392.5361147734461, "ended_reason": "max_steps", "metrics": {"SR": 0.0, "SPL": 0.0, "SoftSPL": 0.16209548183593803, "PLR": 0.0838643003413794, "nDTW": 1.9060334119767098e-09, "CLS": 0.09614992832657898, "path_length_cm": 401.74606028435414, "cumulative_reward": 392.5361147734461}, "token_totals": {"input": 104020, "output": 2754, "calls": 40}, "finished_at": "2026-04-23T18:16:41.368706+00:00"}