{"episode_id": "map_53_courtyard_sanny_big_remix_on_0005", "episode_idx": 0, "agent_name": "GhostAgent_0", "SR": 0.0, "SPL": 0.0, "SoftSPL": 0.0, "PLR": 18.20467470685021, "nDTW": 1.9200956103520338e-87, "CLS": 0.013741496199159488, "steps": 9, "path_length_cm": 29312.074932487798, "cumulative_reward": -23897.459432750285, "ended_reason": "no_tool_call", "metrics": {"SR": 0.0, "SPL": 0.0, "SoftSPL": 0.0, "PLR": 18.20467470685021, "nDTW": 1.9200956103520338e-87, "CLS": 0.013741496199159488, "path_length_cm": 29312.074932487798, "cumulative_reward": -23897.459432750285}, "token_totals": {"input": 24149, "output": 2260, "calls": 9}, "finished_at": "2026-04-23T18:49:51.438036+00:00"}