{
  "map": "map_64_cave_lost_expedition",
  "n": 20,
  "SR": 0.05,
  "SPL": 0.05,
  "SoftSPL": 0.17423025369520667,
  "nDTW": 0.0009151194881746779,
  "avg_steps": 28.25
}