{"episode_id": "map_49_courtyard_sunny_packed_pn_0004", "episode_idx": 0, "agent_name": "GhostAgent_0", "SR": 0.0, "SPL": 0.0, "SoftSPL": 0.3196994752466801, "PLR": 0.38946894540329724, "nDTW": 1.7275153990359382e-06, "CLS": 0.3924204702477813, "steps": 40, "path_length_cm": 580.7098816646783, "cumulative_reward": 445.4430139625668, "ended_reason": "max_steps", "metrics": {"SR": 0.0, "SPL": 0.0, "SoftSPL": 0.3196994752466801, "PLR": 0.38946894540329724, "nDTW": 1.7275153990359382e-06, "CLS": 0.3924204702477813, "path_length_cm": 580.7098816646783, "cumulative_reward": 445.4430139625668}, "token_totals": {"input": 123568, "output": 6795, "calls": 40}, "finished_at": "2026-04-23T16:29:25.344341+00:00"}