{"episode_id": "map_15_middleeast_remix_obj_pn_0010", "episode_idx": 9, "agent_name": "GhostAgent_9", "SR": 0.0, "SPL": 0.0, "SoftSPL": 0.6898348510590313, "PLR": 0.7372497213879088, "nDTW": 3.448305348133012e-15, "CLS": 0.1065038646154712, "steps": 40, "path_length_cm": 4154.262102573803, "cumulative_reward": 4018.5505403109837, "ended_reason": "max_steps", "metrics": {"SR": 0.0, "SPL": 0.0, "SoftSPL": 0.6898348510590313, "PLR": 0.7372497213879088, "nDTW": 3.448305348133012e-15, "CLS": 0.1065038646154712, "path_length_cm": 4154.262102573803, "cumulative_reward": 4018.5505403109837}, "token_totals": {"input": 35676, "output": 2697, "calls": 40}, "finished_at": "2026-04-23T15:00:14.683134+00:00"}