{"episode_id": "map_67_B12_construction_site_pn_0017", "episode_idx": 7, "agent_name": "GhostAgent_7", "SR": 0.0, "SPL": 0.0, "SoftSPL": 0.32910840178470185, "PLR": 1.9258738391334889, "nDTW": 1.76958997240718e-26, "CLS": 0.06441584322468823, "steps": 40, "path_length_cm": 9190.539582682488, "cumulative_reward": 3023.182498972099, "ended_reason": "max_steps", "metrics": {"SR": 0.0, "SPL": 0.0, "SoftSPL": 0.32910840178470185, "PLR": 1.9258738391334889, "nDTW": 1.76958997240718e-26, "CLS": 0.06441584322468823, "path_length_cm": 9190.539582682488, "cumulative_reward": 3023.182498972099}, "token_totals": {"input": 119034, "output": 5016, "calls": 40}, "finished_at": "2026-04-23T05:39:06.656663+00:00"}