{"episode_id": "map_40_B2_open_plaza_on_0004", "episode_idx": 4, "agent_name": "GhostAgent_4", "SR": 0.0, "SPL": 0.0, "SoftSPL": 0.1781841846066642, "PLR": 2.883115121817882, "nDTW": 1.7170038656715773e-68, "CLS": 0.09171178112249564, "steps": 40, "path_length_cm": 12001.946953708353, "cumulative_reward": 2138.1579109746267, "ended_reason": "max_steps", "metrics": {"SR": 0.0, "SPL": 0.0, "SoftSPL": 0.1781841846066642, "PLR": 2.883115121817882, "nDTW": 1.7170038656715773e-68, "CLS": 0.09171178112249564, "path_length_cm": 12001.946953708353, "cumulative_reward": 2138.1579109746267}, "token_totals": {"input": 116723, "output": 4113, "calls": 40}, "finished_at": "2026-04-23T01:22:53.457336+00:00"}