{"episode_id": "map_57_gothic_day_invasion_pn_0001", "episode_idx": 1, "agent_name": "GhostAgent_1", "SR": 0.0, "SPL": 0.0, "SoftSPL": 0.0, "PLR": 0.05617849711669013, "nDTW": 0.002133855033820778, "CLS": 0.1882551242559983, "steps": 40, "path_length_cm": 87.90698871825438, "cumulative_reward": 71.61736537582271, "ended_reason": "max_steps", "metrics": {"SR": 0.0, "SPL": 0.0, "SoftSPL": 0.0, "PLR": 0.05617849711669013, "nDTW": 0.002133855033820778, "CLS": 0.1882551242559983, "path_length_cm": 87.90698871825438, "cumulative_reward": 71.61736537582271}, "token_totals": {"input": 108898, "output": 4178, "calls": 40}, "finished_at": "2026-04-23T02:58:47.684365+00:00"}