{"episode_id": "map_43_B5_residential_courtyard_on_0018", "episode_idx": 8, "agent_name": "GhostAgent_8", "SR": 0.0, "SPL": 0.0, "SoftSPL": 0.0007879040901047629, "PLR": 0.0, "nDTW": 0.0007879040901047629, "CLS": 0.0007879040901047629, "steps": 40, "path_length_cm": 0.0, "cumulative_reward": -0.4000000000000002, "ended_reason": "max_steps", "metrics": {"SR": 0.0, "SPL": 0.0, "SoftSPL": 0.0007879040901047629, "PLR": 0.0, "nDTW": 0.0007879040901047629, "CLS": 0.0007879040901047629, "path_length_cm": 0.0, "cumulative_reward": -0.4000000000000002}, "token_totals": {"input": 32743, "output": 1768, "calls": 40}, "finished_at": "2026-04-23T20:16:36.302531+00:00"}