{"episode_id": "map_20_trainstation_native_obj_pn_0000", "episode_idx": 9, "agent_name": "GhostAgent_9", "SR": 0.0, "SPL": 0.0, "SoftSPL": 0.027513854855486075, "PLR": 0.027439822527999744, "nDTW": 5.40414585689032e-09, "CLS": 0.09206484543775323, "steps": 40, "path_length_cm": 213.61599999999993, "cumulative_reward": 68.24322792905457, "ended_reason": "max_steps", "metrics": {"SR": 0.0, "SPL": 0.0, "SoftSPL": 0.027513854855486075, "PLR": 0.027439822527999744, "nDTW": 5.40414585689032e-09, "CLS": 0.09206484543775323, "path_length_cm": 213.61599999999993, "cumulative_reward": 68.24322792905457}, "token_totals": {"input": 118693, "output": 5644, "calls": 40}, "finished_at": "2026-04-23T18:36:47.161874+00:00"}