{"episode_id": "map_46_B8_dense_urban_pn_0001", "episode_idx": 1, "agent_name": "GhostAgent_1", "SR": 0.0, "SPL": 0.0, "SoftSPL": 0.06673023623152552, "PLR": 0.019891610392961986, "nDTW": 9.483739683836173e-09, "CLS": 0.10546870774353866, "steps": 40, "path_length_cm": 120.24200000000019, "cumulative_reward": -5.419331105561825, "ended_reason": "max_steps", "metrics": {"SR": 0.0, "SPL": 0.0, "SoftSPL": 0.06673023623152552, "PLR": 0.019891610392961986, "nDTW": 9.483739683836173e-09, "CLS": 0.10546870774353866, "path_length_cm": 120.24200000000019, "cumulative_reward": -5.419331105561825}, "token_totals": {"input": 38888, "output": 3470, "calls": 40}, "finished_at": "2026-04-23T15:59:39.498965+00:00"}