{"episode_id": "map_37_dungeon_remix_obj_pn_0010", "episode_idx": 0, "agent_name": "GhostAgent_0", "SR": 0.0, "SPL": 0.0, "SoftSPL": 0.0, "PLR": 3.526500536869176, "nDTW": 3.9867235642030164e-54, "CLS": 0.2560925926305117, "steps": 40, "path_length_cm": 5774.820954150119, "cumulative_reward": -147.90265889183456, "ended_reason": "max_steps", "metrics": {"SR": 0.0, "SPL": 0.0, "SoftSPL": 0.0, "PLR": 3.526500536869176, "nDTW": 3.9867235642030164e-54, "CLS": 0.2560925926305117, "path_length_cm": 5774.820954150119, "cumulative_reward": -147.90265889183456}, "token_totals": {"input": 120298, "output": 6055, "calls": 40}, "finished_at": "2026-04-23T16:52:57.825728+00:00"}