{"episode_id": "map_56_containeryard_settlement_obj_pn_0006", "episode_idx": 3, "agent_name": "GhostAgent_3", "SR": 0.0, "SPL": 0.0, "SoftSPL": 0.003426869555060885, "PLR": 0.0, "nDTW": 2.185180131984396e-06, "CLS": 0.10015695166190992, "steps": 40, "path_length_cm": 0.0, "cumulative_reward": -0.4000000000000002, "ended_reason": "max_steps", "metrics": {"SR": 0.0, "SPL": 0.0, "SoftSPL": 0.003426869555060885, "PLR": 0.0, "nDTW": 2.185180131984396e-06, "CLS": 0.10015695166190992, "path_length_cm": 0.0, "cumulative_reward": -0.4000000000000002}, "token_totals": {"input": 33630, "output": 2092, "calls": 40}, "finished_at": "2026-04-23T18:59:57.009608+00:00"}