{"episode_id": "map_50_B9_sparse_wilderness_pn_0005", "episode_idx": 5, "agent_name": "GhostAgent_5", "SR": 0.0, "SPL": 0.0, "SoftSPL": 0.24057996281659133, "PLR": 2.819923551022748, "nDTW": 1.3984307493828037e-66, "CLS": 0.0890939884259392, "steps": 40, "path_length_cm": 10755.808806781986, "cumulative_reward": 2587.2360567801, "ended_reason": "max_steps", "metrics": {"SR": 0.0, "SPL": 0.0, "SoftSPL": 0.24057996281659133, "PLR": 2.819923551022748, "nDTW": 1.3984307493828037e-66, "CLS": 0.0890939884259392, "path_length_cm": 10755.808806781986, "cumulative_reward": 2587.2360567801}, "token_totals": {"input": 123973, "output": 6051, "calls": 40}, "finished_at": "2026-04-23T19:10:54.943940+00:00"}