{"episode_id": "map_27_courtyard_overcast_remix_obj_on_0002", "episode_idx": 2, "agent_name": "GhostAgent_2", "SR": 0.0, "SPL": 0.0, "SoftSPL": 0.5745864465765096, "PLR": 0.0, "nDTW": 0.00024323765219052445, "CLS": 0.0575112004504276, "steps": 40, "path_length_cm": 0.0, "cumulative_reward": -0.4000000000000002, "ended_reason": "max_steps", "metrics": {"SR": 0.0, "SPL": 0.0, "SoftSPL": 0.5745864465765096, "PLR": 0.0, "nDTW": 0.00024323765219052445, "CLS": 0.0575112004504276, "path_length_cm": 0.0, "cumulative_reward": -0.4000000000000002}, "token_totals": {"input": 34579, "output": 2051, "calls": 40}, "finished_at": "2026-04-23T15:43:37.279064+00:00"}