{"episode_id": "map_62_trainstation_cross_remix_obj_on_0016", "episode_idx": 4, "agent_name": "GhostAgent_4", "SR": 0.0, "SPL": 0.0, "SoftSPL": 0.5469229029209541, "PLR": 0.5332646866820059, "nDTW": 0.002351280756719652, "CLS": 0.2836583449921781, "steps": 40, "path_length_cm": 989.6592687788007, "cumulative_reward": 973.7327334953459, "ended_reason": "max_steps", "metrics": {"SR": 0.0, "SPL": 0.0, "SoftSPL": 0.5469229029209541, "PLR": 0.5332646866820059, "nDTW": 0.002351280756719652, "CLS": 0.2836583449921781, "path_length_cm": 989.6592687788007, "cumulative_reward": 973.7327334953459}, "token_totals": {"input": 103775, "output": 2903, "calls": 40}, "finished_at": "2026-04-23T03:38:46.444046+00:00"}