{"episode_id": "map_05_middleeast_native_obj_on_0016", "episode_idx": 7, "agent_name": "GhostAgent_7", "SR": 0.0, "SPL": 0.0, "SoftSPL": 0.3762016721025456, "PLR": 1.9459831300351857, "nDTW": 3.5315530772073046e-09, "CLS": 0.13268053144601655, "steps": 40, "path_length_cm": 3727.8031232206035, "cumulative_reward": 1381.846917616573, "ended_reason": "max_steps", "metrics": {"SR": 0.0, "SPL": 0.0, "SoftSPL": 0.3762016721025456, "PLR": 1.9459831300351857, "nDTW": 3.5315530772073046e-09, "CLS": 0.13268053144601655, "path_length_cm": 3727.8031232206035, "cumulative_reward": 1381.846917616573}, "token_totals": {"input": 112175, "output": 4229, "calls": 40}, "finished_at": "2026-04-22T22:51:30.504356+00:00"}