{"episode_id": "map_45_B7_park_with_paths_on_0014", "episode_idx": 4, "agent_name": "GhostAgent_4", "SR": 0.0, "SPL": 0.0, "SoftSPL": 0.3746135916378715, "PLR": 1.44609245571124, "nDTW": 7.990180815852137e-57, "CLS": 0.043714141481194256, "steps": 40, "path_length_cm": 10982.247928427112, "cumulative_reward": 4036.9915980187448, "ended_reason": "max_steps", "metrics": {"SR": 0.0, "SPL": 0.0, "SoftSPL": 0.3746135916378715, "PLR": 1.44609245571124, "nDTW": 7.990180815852137e-57, "CLS": 0.043714141481194256, "path_length_cm": 10982.247928427112, "cumulative_reward": 4036.9915980187448}, "token_totals": {"input": 129101, "output": 7213, "calls": 40}, "finished_at": "2026-04-23T14:11:50.109159+00:00"}