{"episode_id": "map_47_wintertown_demo01_minimal_pn_0013", "episode_idx": 2, "agent_name": "GhostAgent_2", "SR": 0.0, "SPL": 0.0, "SoftSPL": 0.0, "PLR": 3.9907583262817368, "nDTW": 3.8961363477586834e-224, "CLS": 0.06264483570496464, "steps": 40, "path_length_cm": 11205.650304366489, "cumulative_reward": -3198.80804882948, "ended_reason": "max_steps", "metrics": {"SR": 0.0, "SPL": 0.0, "SoftSPL": 0.0, "PLR": 3.9907583262817368, "nDTW": 3.8961363477586834e-224, "CLS": 0.06264483570496464, "path_length_cm": 11205.650304366489, "cumulative_reward": -3198.80804882948}, "token_totals": {"input": 137922, "output": 9173, "calls": 40}, "finished_at": "2026-04-23T01:45:27.562867+00:00"}