{"episode_id": "map_47_wintertown_demo01_minimal_on_0000", "episode_idx": 0, "agent_name": "GhostAgent_0", "SR": 0.0, "SPL": 0.0, "SoftSPL": 0.08743041221908676, "PLR": 0.2928496610312122, "nDTW": 7.347924312429805e-51, "CLS": 0.29723397097399445, "steps": 40, "path_length_cm": 1869.9095126097168, "cumulative_reward": 525.3250886679161, "ended_reason": "max_steps", "metrics": {"SR": 0.0, "SPL": 0.0, "SoftSPL": 0.08743041221908676, "PLR": 0.2928496610312122, "nDTW": 7.347924312429805e-51, "CLS": 0.29723397097399445, "path_length_cm": 1869.9095126097168, "cumulative_reward": 525.3250886679161}, "token_totals": {"input": 119724, "output": 5707, "calls": 40}, "finished_at": "2026-04-23T01:28:57.256804+00:00"}