{"episode_id": "map_40_B2_open_plaza_obj_on_0006", "episode_idx": 6, "agent_name": "GhostAgent_6", "SR": 0.0, "SPL": 0.0, "SoftSPL": 0.23131257564019794, "PLR": 1.875393508233178, "nDTW": 1.2818939527501667e-60, "CLS": 0.021333221687648878, "steps": 40, "path_length_cm": 14383.705590096006, "cumulative_reward": 3259.6608451905568, "ended_reason": "max_steps", "metrics": {"SR": 0.0, "SPL": 0.0, "SoftSPL": 0.23131257564019794, "PLR": 1.875393508233178, "nDTW": 1.2818939527501667e-60, "CLS": 0.021333221687648878, "path_length_cm": 14383.705590096006, "cumulative_reward": 3259.6608451905568}, "token_totals": {"input": 131624, "output": 7989, "calls": 40}, "finished_at": "2026-04-23T01:57:51.041757+00:00"}