{"episode_id": "map_15_middleeast_remix_on_0016", "episode_idx": 7, "agent_name": "GhostAgent_7", "SR": 0.0, "SPL": 0.0, "SoftSPL": 0.02780251606652051, "PLR": 0.0, "nDTW": 0.02780251606652051, "CLS": 0.02780251606652051, "steps": 0, "path_length_cm": 0.0, "cumulative_reward": 0.0, "ended_reason": "spawn_blocked", "metrics": {"SR": 0.0, "SPL": 0.0, "SoftSPL": 0.02780251606652051, "PLR": 0.0, "nDTW": 0.02780251606652051, "CLS": 0.02780251606652051, "path_length_cm": 0.0, "cumulative_reward": 0.0}, "token_totals": {"input": 0, "output": 0, "calls": 0}, "finished_at": "2026-04-23T19:51:25.085517+00:00"}