{"episode_id": "map_46_B8_dense_urban_on_0016", "episode_idx": 6, "agent_name": "GhostAgent_6", "SR": 1.0, "SPL": 1.0, "SoftSPL": 0.9499009454933997, "PLR": 0.9760776573251366, "nDTW": 0.013524902320711591, "CLS": 0.7089391895625283, "steps": 7, "path_length_cm": 1597.2730000000001, "cumulative_reward": 1556.8710532067323, "ended_reason": "success", "metrics": {"SR": 1.0, "SPL": 1.0, "SoftSPL": 0.9499009454933997, "PLR": 0.9760776573251366, "nDTW": 0.013524902320711591, "CLS": 0.7089391895625283, "path_length_cm": 1597.2730000000001, "cumulative_reward": 1556.8710532067323}, "token_totals": {"input": 4596, "output": 309, "calls": 7}, "finished_at": "2026-04-23T16:16:03.521017+00:00"}