{"episode_id": "map_08_cave_remix_pn_0004", "episode_idx": 0, "agent_name": "GhostAgent_0", "SR": 0.0, "SPL": 0.0, "SoftSPL": 0.6647629070083938, "PLR": 0.798907424947808, "nDTW": 0.6647629070083938, "CLS": 0.6647629070083938, "steps": 40, "path_length_cm": 1321.5446732744144, "cumulative_reward": 1263.6151933625524, "ended_reason": "max_steps", "metrics": {"SR": 0.0, "SPL": 0.0, "SoftSPL": 0.6647629070083938, "PLR": 0.798907424947808, "nDTW": 0.6647629070083938, "CLS": 0.6647629070083938, "path_length_cm": 1321.5446732744144, "cumulative_reward": 1263.6151933625524}, "token_totals": {"input": 32795, "output": 1969, "calls": 40}, "finished_at": "2026-04-23T19:45:37.994080+00:00"}