{"episode_id": "map_65_hwaseong_ceremonial_pn_0017", "episode_idx": 5, "agent_name": "GhostAgent_5", "SR": 0.0, "SPL": 0.0, "SoftSPL": 0.0, "PLR": 0.9013190371909279, "nDTW": 1.0190340900635593e-23, "CLS": 0.017336127239089876, "steps": 40, "path_length_cm": 4434.778085071266, "cumulative_reward": -1808.012619404075, "ended_reason": "max_steps", "metrics": {"SR": 0.0, "SPL": 0.0, "SoftSPL": 0.0, "PLR": 0.9013190371909279, "nDTW": 1.0190340900635593e-23, "CLS": 0.017336127239089876, "path_length_cm": 4434.778085071266, "cumulative_reward": -1808.012619404075}, "token_totals": {"input": 131793, "output": 8325, "calls": 40}, "finished_at": "2026-04-23T13:35:17.334367+00:00"}