{"episode_id": "map_66_middleeast_bazaar_obj_pn_0018", "episode_idx": 8, "agent_name": "GhostAgent_8", "SR": 0.0, "SPL": 0.0, "SoftSPL": 0.0, "PLR": 1.3245875234138766e-07, "nDTW": 1.6567283094250878e-08, "CLS": 0.06364157944579683, "steps": 40, "path_length_cm": 0.0009999999999763531, "cumulative_reward": -0.40019483820869955, "ended_reason": "max_steps", "metrics": {"SR": 0.0, "SPL": 0.0, "SoftSPL": 0.0, "PLR": 1.3245875234138766e-07, "nDTW": 1.6567283094250878e-08, "CLS": 0.06364157944579683, "path_length_cm": 0.0009999999999763531, "cumulative_reward": -0.40019483820869955}, "token_totals": {"input": 33553, "output": 2133, "calls": 40}, "finished_at": "2026-04-23T19:13:48.782320+00:00"}