{"episode_id": "map_32_gothic_night_native_on_0008", "episode_idx": 8, "agent_name": "GhostAgent_8", "SR": 0.0, "SPL": 0.0, "SoftSPL": 0.6315595015984199, "PLR": 0.7467352476362209, "nDTW": 4.5495472245727095e-11, "CLS": 0.11029873834904504, "steps": 40, "path_length_cm": 2423.7308647202167, "cumulative_reward": 1915.740735946566, "ended_reason": "max_steps", "metrics": {"SR": 0.0, "SPL": 0.0, "SoftSPL": 0.6315595015984199, "PLR": 0.7467352476362209, "nDTW": 4.5495472245727095e-11, "CLS": 0.11029873834904504, "path_length_cm": 2423.7308647202167, "cumulative_reward": 1915.740735946566}, "token_totals": {"input": 111069, "output": 4802, "calls": 40}, "finished_at": "2026-04-23T01:12:41.474952+00:00"}