{"episode_id": "map_65_hwaseong_ceremonial_on_0000", "episode_idx": 0, "agent_name": "GhostAgent_0", "SR": 0.0, "SPL": 0.0, "SoftSPL": 0.04944476062263978, "PLR": 1.6138804276016177, "nDTW": 2.4561956907343423e-141, "CLS": 0.15490616702714316, "steps": 40, "path_length_cm": 10627.644697820791, "cumulative_reward": 525.0856391667658, "ended_reason": "max_steps", "metrics": {"SR": 0.0, "SPL": 0.0, "SoftSPL": 0.04944476062263978, "PLR": 1.6138804276016177, "nDTW": 2.4561956907343423e-141, "CLS": 0.15490616702714316, "path_length_cm": 10627.644697820791, "cumulative_reward": 525.0856391667658}, "token_totals": {"input": 127176, "output": 6607, "calls": 40}, "finished_at": "2026-04-23T03:37:35.460793+00:00"}