{"episode_id": "map_23_containeryard_demo_remix_obj_pn_0002", "episode_idx": 0, "agent_name": "GhostAgent_0", "SR": 0.0, "SPL": 0.0, "SoftSPL": 0.10787767195037279, "PLR": 0.9828926112691857, "nDTW": 1.8318840982293268e-56, "CLS": 0.25513457692675373, "steps": 40, "path_length_cm": 1678.5545147471773, "cumulative_reward": 229.5527295978365, "ended_reason": "max_steps", "metrics": {"SR": 0.0, "SPL": 0.0, "SoftSPL": 0.10787767195037279, "PLR": 0.9828926112691857, "nDTW": 1.8318840982293268e-56, "CLS": 0.25513457692675373, "path_length_cm": 1678.5545147471773, "cumulative_reward": 229.5527295978365}, "token_totals": {"input": 120720, "output": 5565, "calls": 40}, "finished_at": "2026-04-23T13:28:20.450100+00:00"}