{"episode_id": "map_23_containeryard_demo_remix_obj_pn_0017", "episode_idx": 8, "agent_name": "GhostAgent_8", "SR": 0.0, "SPL": 0.0, "SoftSPL": 0.0, "PLR": 2.6586051241745188, "nDTW": 1.104434763275939e-168, "CLS": 0.041793034144697004, "steps": 40, "path_length_cm": 14050.967355723507, "cumulative_reward": -7171.343809801427, "ended_reason": "max_steps", "metrics": {"SR": 0.0, "SPL": 0.0, "SoftSPL": 0.0, "PLR": 2.6586051241745188, "nDTW": 1.104434763275939e-168, "CLS": 0.041793034144697004, "path_length_cm": 14050.967355723507, "cumulative_reward": -7171.343809801427}, "token_totals": {"input": 136496, "output": 8965, "calls": 40}, "finished_at": "2026-04-23T13:28:20.931677+00:00"}