{"episode_id": "map_06_hwaseong_native_on_0017", "episode_idx": 2, "agent_name": "GhostAgent_2", "SR": 1.0, "SPL": 0.7454210090621457, "SoftSPL": 0.7294421886632995, "PLR": 1.3415237668953734, "nDTW": 6.428683911042408e-05, "CLS": 0.16674812774772985, "steps": 30, "path_length_cm": 8223.1248187009, "cumulative_reward": 4278.349855332352, "ended_reason": "success", "metrics": {"SR": 1.0, "SPL": 0.7454210090621457, "SoftSPL": 0.7294421886632995, "PLR": 1.3415237668953734, "nDTW": 6.428683911042408e-05, "CLS": 0.16674812774772985, "path_length_cm": 8223.1248187009, "cumulative_reward": 4278.349855332352}, "token_totals": {"input": 84172, "output": 2762, "calls": 30}, "finished_at": "2026-04-23T13:55:46.452221+00:00"}