{"episode_id": "map_19_wintertown_demo02_native_obj_pn_0015", "episode_idx": 5, "agent_name": "GhostAgent_5", "SR": 0.0, "SPL": 0.0, "SoftSPL": 0.06271220424327924, "PLR": 1.1454725647486552, "nDTW": 1.0713456772395511e-41, "CLS": 0.02425190402323307, "steps": 40, "path_length_cm": 8824.892459708351, "cumulative_reward": -109.01910961199627, "ended_reason": "max_steps", "metrics": {"SR": 0.0, "SPL": 0.0, "SoftSPL": 0.06271220424327924, "PLR": 1.1454725647486552, "nDTW": 1.0713456772395511e-41, "CLS": 0.02425190402323307, "path_length_cm": 8824.892459708351, "cumulative_reward": -109.01910961199627}, "token_totals": {"input": 126978, "output": 7158, "calls": 40}, "finished_at": "2026-04-22T23:49:44.999103+00:00"}