{"episode_id": "map_22_containeryard_demo_native_obj_on_0004", "episode_idx": 3, "agent_name": "GhostAgent_3", "SR": 0.0, "SPL": 0.0, "SoftSPL": 0.0, "PLR": 0.0, "nDTW": 3.851522754654131e-06, "CLS": 0.25000000000370853, "steps": 40, "path_length_cm": 0.0, "cumulative_reward": -0.4000000000000002, "ended_reason": "max_steps", "metrics": {"SR": 0.0, "SPL": 0.0, "SoftSPL": 0.0, "PLR": 0.0, "nDTW": 3.851522754654131e-06, "CLS": 0.25000000000370853, "path_length_cm": 0.0, "cumulative_reward": -0.4000000000000002}, "token_totals": {"input": 111607, "output": 3660, "calls": 40}, "finished_at": "2026-04-23T00:17:52.846795+00:00"}