{"episode_id": "map_25_containeryard_day_remix_obj_on_0002", "episode_idx": 1, "agent_name": "GhostAgent_1", "SR": 0.0, "SPL": 0.0, "SoftSPL": 0.0, "PLR": 1.2517897613954905, "nDTW": 6.044414536596991e-11, "CLS": 0.19973636877731304, "steps": 8, "path_length_cm": 2451.5801761026123, "cumulative_reward": -825.1992879897964, "ended_reason": "no_tool_call", "metrics": {"SR": 0.0, "SPL": 0.0, "SoftSPL": 0.0, "PLR": 1.2517897613954905, "nDTW": 6.044414536596991e-11, "CLS": 0.19973636877731304, "path_length_cm": 2451.5801761026123, "cumulative_reward": -825.1992879897964}, "token_totals": {"input": 19215, "output": 1792, "calls": 8}, "finished_at": "2026-04-23T00:49:02.993432+00:00"}