{"episode_id": "map_26_courtyard_overcast_native_obj_on_0001", "episode_idx": 1, "agent_name": "GhostAgent_1", "SR": 0.0, "SPL": 0.0, "SoftSPL": 0.5647281177253557, "PLR": 0.0, "nDTW": 4.627047261675768e-05, "CLS": 0.050316689339598784, "steps": 0, "path_length_cm": 0.0, "cumulative_reward": 0.0, "ended_reason": "spawn_blocked", "metrics": {"SR": 0.0, "SPL": 0.0, "SoftSPL": 0.5647281177253557, "PLR": 0.0, "nDTW": 4.627047261675768e-05, "CLS": 0.050316689339598784, "path_length_cm": 0.0, "cumulative_reward": 0.0}, "token_totals": {"input": 0, "output": 0, "calls": 0}, "finished_at": "2026-04-23T17:59:48.209765+00:00"}