{"episode_id": "map_26_courtyard_overcast_native_on_0005", "episode_idx": 5, "agent_name": "GhostAgent_5", "SR": 0.0, "SPL": 0.0, "SoftSPL": 0.9454489135400045, "PLR": 0.4900277069178423, "nDTW": 4.6077604847001666e-05, "CLS": 0.0660154447733699, "steps": 40, "path_length_cm": 1915.856425459619, "cumulative_reward": 1051.4969771023118, "ended_reason": "max_steps", "metrics": {"SR": 0.0, "SPL": 0.0, "SoftSPL": 0.9454489135400045, "PLR": 0.4900277069178423, "nDTW": 4.6077604847001666e-05, "CLS": 0.0660154447733699, "path_length_cm": 1915.856425459619, "cumulative_reward": 1051.4969771023118}, "token_totals": {"input": 112672, "output": 4676, "calls": 40}, "finished_at": "2026-04-23T17:35:04.515571+00:00"}