{"episode_id": "map_68_B13_suburban_park_pn_0012", "episode_idx": 2, "agent_name": "GhostAgent_2", "SR": 0.0, "SPL": 0.0, "SoftSPL": 0.0, "PLR": 0.9948752697025839, "nDTW": 2.0830956179446935e-109, "CLS": 0.2512877821123862, "steps": 40, "path_length_cm": 5219.633000000001, "cumulative_reward": -2439.9636825042026, "ended_reason": "max_steps", "metrics": {"SR": 0.0, "SPL": 0.0, "SoftSPL": 0.0, "PLR": 0.9948752697025839, "nDTW": 2.0830956179446935e-109, "CLS": 0.2512877821123862, "path_length_cm": 5219.633000000001, "cumulative_reward": -2439.9636825042026}, "token_totals": {"input": 124942, "output": 6520, "calls": 40}, "finished_at": "2026-04-23T05:17:29.149829+00:00"}