{"episode_id": "map_25_containeryard_day_remix_pn_0014", "episode_idx": 3, "agent_name": "GhostAgent_3", "SR": 0.0, "SPL": 0.0, "SoftSPL": 0.0, "PLR": 0.0, "nDTW": 2.1327037113850772e-08, "CLS": 0.12873404908482797, "steps": 40, "path_length_cm": 0.0, "cumulative_reward": -0.4000000000000002, "ended_reason": "max_steps", "metrics": {"SR": 0.0, "SPL": 0.0, "SoftSPL": 0.0, "PLR": 0.0, "nDTW": 2.1327037113850772e-08, "CLS": 0.12873404908482797, "path_length_cm": 0.0, "cumulative_reward": -0.4000000000000002}, "token_totals": {"input": 111851, "output": 2850, "calls": 40}, "finished_at": "2026-04-23T15:52:14.460817+00:00"}