{"episode_id": "map_59_B10_market_plaza_pn_0011", "episode_idx": 9, "agent_name": "GhostAgent_9", "SR": 0.0, "SPL": 0.0, "SoftSPL": 0.0, "PLR": 0.9917548379124719, "nDTW": 4.6496784058572595e-35, "CLS": 0.2683469626342582, "steps": 40, "path_length_cm": 4209.69184293869, "cumulative_reward": 4165.2451363837, "ended_reason": "max_steps", "metrics": {"SR": 0.0, "SPL": 0.0, "SoftSPL": 0.0, "PLR": 0.9917548379124719, "nDTW": 4.6496784058572595e-35, "CLS": 0.2683469626342582, "path_length_cm": 4209.69184293869, "cumulative_reward": 4165.2451363837}, "token_totals": {"input": 106182, "output": 4203, "calls": 40}, "finished_at": "2026-04-23T03:30:47.117755+00:00"}