{"episode_id": "map_56_containeryard_settlement_obj_pn_0012", "episode_idx": 9, "agent_name": "GhostAgent_9", "SR": 1.0, "SPL": 0.9860921609416031, "SoftSPL": 0.9420014028122958, "PLR": 1.0141039951530662, "nDTW": 0.0023865349357760583, "CLS": 0.7420200853169578, "steps": 10, "path_length_cm": 1994.6715711864204, "cumulative_reward": 1993.8919921739546, "ended_reason": "success", "metrics": {"SR": 1.0, "SPL": 0.9860921609416031, "SoftSPL": 0.9420014028122958, "PLR": 1.0141039951530662, "nDTW": 0.0023865349357760583, "CLS": 0.7420200853169578, "path_length_cm": 1994.6715711864204, "cumulative_reward": 1993.8919921739546}, "token_totals": {"input": 7775, "output": 629, "calls": 10}, "finished_at": "2026-04-23T18:59:57.012310+00:00"}