{"episode_id": "map_47_wintertown_demo01_minimal_obj_pn_0003", "episode_idx": 2, "agent_name": "GhostAgent_2", "SR": 0.0, "SPL": 0.0, "SoftSPL": 0.5970337465928287, "PLR": 1.343120756996435, "nDTW": 1.18524939237942e-12, "CLS": 0.31138296959358447, "steps": 40, "path_length_cm": 4407.625369782211, "cumulative_reward": 2629.470654394373, "ended_reason": "max_steps", "metrics": {"SR": 0.0, "SPL": 0.0, "SoftSPL": 0.5970337465928287, "PLR": 1.343120756996435, "nDTW": 1.18524939237942e-12, "CLS": 0.31138296959358447, "path_length_cm": 4407.625369782211, "cumulative_reward": 2629.470654394373}, "token_totals": {"input": 109330, "output": 3439, "calls": 40}, "finished_at": "2026-04-23T02:15:46.726505+00:00"}