{"episode_id": "map_40_B2_open_plaza_on_0006", "episode_idx": 6, "agent_name": "GhostAgent_6", "SR": 0.0, "SPL": 0.0, "SoftSPL": 0.0, "PLR": 0.5943000628304528, "nDTW": 2.7439059924487403e-48, "CLS": 0.18696129793913346, "steps": 28, "path_length_cm": 4010.527000000001, "cumulative_reward": -627.6111260962739, "ended_reason": "no_tool_call", "metrics": {"SR": 0.0, "SPL": 0.0, "SoftSPL": 0.0, "PLR": 0.5943000628304528, "nDTW": 2.7439059924487403e-48, "CLS": 0.18696129793913346, "path_length_cm": 4010.527000000001, "cumulative_reward": -627.6111260962739}, "token_totals": {"input": 83884, "output": 4558, "calls": 28}, "finished_at": "2026-04-23T01:22:53.458031+00:00"}