{"episode_id": "map_56_containeryard_settlement_obj_pn_0000", "episode_idx": 8, "agent_name": "GhostAgent_8", "SR": 0.0, "SPL": 0.0, "SoftSPL": 0.6673650508233244, "PLR": 0.6974075431502867, "nDTW": 2.152551312532802e-33, "CLS": 0.16891576057734614, "steps": 40, "path_length_cm": 4814.7133778729285, "cumulative_reward": 4656.364769642724, "ended_reason": "max_steps", "metrics": {"SR": 0.0, "SPL": 0.0, "SoftSPL": 0.6673650508233244, "PLR": 0.6974075431502867, "nDTW": 2.152551312532802e-33, "CLS": 0.16891576057734614, "path_length_cm": 4814.7133778729285, "cumulative_reward": 4656.364769642724}, "token_totals": {"input": 36384, "output": 2737, "calls": 40}, "finished_at": "2026-04-23T18:48:14.314817+00:00"}