{"episode_id": "map_01_wintertown_native_obj_on_0017", "episode_idx": 0, "agent_name": "GhostAgent_0", "SR": 0.0, "SPL": 0.0, "SoftSPL": 0.0, "PLR": 0.11024581623381861, "nDTW": 5.6136871982003545e-11, "CLS": 0.16084371992631527, "steps": 6, "path_length_cm": 793.5560000000005, "cumulative_reward": -780.7121159114001, "ended_reason": "no_tool_call", "metrics": {"SR": 0.0, "SPL": 0.0, "SoftSPL": 0.0, "PLR": 0.11024581623381861, "nDTW": 5.6136871982003545e-11, "CLS": 0.16084371992631527, "path_length_cm": 793.5560000000005, "cumulative_reward": -780.7121159114001}, "token_totals": {"input": 12858, "output": 1346, "calls": 6}, "finished_at": "2026-04-23T12:39:33.978127+00:00"}