{"episode_id": "map_22_containeryard_demo_native_obj_pn_0011", "episode_idx": 8, "agent_name": "GhostAgent_8", "SR": 0.0, "SPL": 0.0, "SoftSPL": 0.0, "PLR": 2.8625799914445347, "nDTW": 0.0, "CLS": 0.08733380404797385, "steps": 40, "path_length_cm": 13249.795000000002, "cumulative_reward": -12359.851857549362, "ended_reason": "max_steps", "metrics": {"SR": 0.0, "SPL": 0.0, "SoftSPL": 0.0, "PLR": 2.8625799914445347, "nDTW": 0.0, "CLS": 0.08733380404797385, "path_length_cm": 13249.795000000002, "cumulative_reward": -12359.851857549362}, "token_totals": {"input": 132997, "output": 7116, "calls": 40}, "finished_at": "2026-04-23T00:19:23.158293+00:00"}