{"episode_id": "map_26_courtyard_overcast_native_on_0003", "episode_idx": 3, "agent_name": "GhostAgent_3", "SR": 0.0, "SPL": 0.0, "SoftSPL": 0.591917166952152, "PLR": 0.014260254951747807, "nDTW": 0.00738852396757699, "CLS": 0.08624005356985776, "steps": 40, "path_length_cm": 65.9340000000002, "cumulative_reward": -58.85190807000191, "ended_reason": "max_steps", "metrics": {"SR": 0.0, "SPL": 0.0, "SoftSPL": 0.591917166952152, "PLR": 0.014260254951747807, "nDTW": 0.00738852396757699, "CLS": 0.08624005356985776, "path_length_cm": 65.9340000000002, "cumulative_reward": -58.85190807000191}, "token_totals": {"input": 119004, "output": 5390, "calls": 40}, "finished_at": "2026-04-23T17:35:04.514540+00:00"}