{"episode_id": "map_31_gothic_day_remix_on_0000", "episode_idx": 0, "agent_name": "GhostAgent_0", "SR": 0.0, "SPL": 0.0, "SoftSPL": 0.07302350665852797, "PLR": 0.1538398741907319, "nDTW": 0.00028469712342154473, "CLS": 0.2169739101187326, "steps": 40, "path_length_cm": 474.1652602306738, "cumulative_reward": 72.95497990989531, "ended_reason": "max_steps", "metrics": {"SR": 0.0, "SPL": 0.0, "SoftSPL": 0.07302350665852797, "PLR": 0.1538398741907319, "nDTW": 0.00028469712342154473, "CLS": 0.2169739101187326, "path_length_cm": 474.1652602306738, "cumulative_reward": 72.95497990989531}, "token_totals": {"input": 100045, "output": 2880, "calls": 40}, "finished_at": "2026-04-23T18:01:42.046839+00:00"}