{"episode_id": "map_22_containeryard_demo_native_obj_on_0000", "episode_idx": 0, "agent_name": "GhostAgent_0", "SR": 1.0, "SPL": 0.9972358032248316, "SoftSPL": 0.9621088916273273, "PLR": 1.0027718587381536, "nDTW": 6.062860618226779e-19, "CLS": 0.4913393024446249, "steps": 13, "path_length_cm": 5162.4400000000005, "cumulative_reward": 4969.1946579124115, "ended_reason": "success", "metrics": {"SR": 1.0, "SPL": 0.9972358032248316, "SoftSPL": 0.9621088916273273, "PLR": 1.0027718587381536, "nDTW": 6.062860618226779e-19, "CLS": 0.4913393024446249, "path_length_cm": 5162.4400000000005, "cumulative_reward": 4969.1946579124115}, "token_totals": {"input": 31277, "output": 1879, "calls": 13}, "finished_at": "2026-04-23T00:17:52.845690+00:00"}