{"episode_id": "map_21_hwaseong_remix2_on_0012", "episode_idx": 2, "agent_name": "GhostAgent_2", "SR": 0.0, "SPL": 0.0, "SoftSPL": 0.0, "PLR": 0.0, "nDTW": 1.9835277153566504e-06, "CLS": 0.2500000000009836, "steps": 40, "path_length_cm": 0.0, "cumulative_reward": -0.4000000000000002, "ended_reason": "max_steps", "metrics": {"SR": 0.0, "SPL": 0.0, "SoftSPL": 0.0, "PLR": 0.0, "nDTW": 1.9835277153566504e-06, "CLS": 0.2500000000009836, "path_length_cm": 0.0, "cumulative_reward": -0.4000000000000002}, "token_totals": {"input": 33761, "output": 1837, "calls": 40}, "finished_at": "2026-04-23T18:05:53.276445+00:00"}