{"episode_id": "map_04_courtyard_remix_obj_pn_0005", "episode_idx": 2, "agent_name": "GhostAgent_2", "SR": 0.0, "SPL": 0.0, "SoftSPL": 0.0, "PLR": 7.61812178266915, "nDTW": 2.055031080751809e-67, "CLS": 0.004297709007348623, "steps": 19, "path_length_cm": 53341.86017859591, "cumulative_reward": -42881.06054811078, "ended_reason": "step_error", "metrics": {"SR": 0.0, "SPL": 0.0, "SoftSPL": 0.0, "PLR": 7.61812178266915, "nDTW": 2.055031080751809e-67, "CLS": 0.004297709007348623, "path_length_cm": 53341.86017859591, "cumulative_reward": -42881.06054811078}, "token_totals": {"input": 60781, "output": 4362, "calls": 19}, "finished_at": "2026-04-23T17:53:20.247807+00:00"}