{"episode_id": "map_43_B5_residential_courtyard_on_0000", "episode_idx": 0, "agent_name": "GhostAgent_0", "SR": 1.0, "SPL": 1.0, "SoftSPL": 0.9905917818894783, "PLR": 0.8082045650380604, "nDTW": 0.9905917818894783, "CLS": 0.9905917818894783, "steps": 16, "path_length_cm": 5361.928120151557, "cumulative_reward": 5271.3585476388635, "ended_reason": "success", "metrics": {"SR": 1.0, "SPL": 1.0, "SoftSPL": 0.9905917818894783, "PLR": 0.8082045650380604, "nDTW": 0.9905917818894783, "CLS": 0.9905917818894783, "path_length_cm": 5361.928120151557, "cumulative_reward": 5271.3585476388635}, "token_totals": {"input": 13955, "output": 1157, "calls": 16}, "finished_at": "2026-04-23T20:06:22.238564+00:00"}