{"episode_id": "map_06_hwaseong_native_obj_pn_0017", "episode_idx": 0, "agent_name": "GhostAgent_0", "SR": 0.0, "SPL": 0.0, "SoftSPL": 0.7926123115996286, "PLR": 0.5798119803025592, "nDTW": 1.7819231536527e-15, "CLS": 0.049271796708798214, "steps": 40, "path_length_cm": 3090.513817408701, "cumulative_reward": 2946.7582917894333, "ended_reason": "max_steps", "metrics": {"SR": 0.0, "SPL": 0.0, "SoftSPL": 0.7926123115996286, "PLR": 0.5798119803025592, "nDTW": 1.7819231536527e-15, "CLS": 0.049271796708798214, "path_length_cm": 3090.513817408701, "cumulative_reward": 2946.7582917894333}, "token_totals": {"input": 109920, "output": 4135, "calls": 40}, "finished_at": "2026-04-23T14:28:19.466906+00:00"}