{"episode_id": "map_61_containeryard_day_big_remix_on_0012", "episode_idx": 2, "agent_name": "GhostAgent_2", "SR": 0.0, "SPL": 0.0, "SoftSPL": 0.587423582015193, "PLR": 0.5541089778498709, "nDTW": 2.02821399362172e-10, "CLS": 0.09699900106408532, "steps": 40, "path_length_cm": 2046.656920586283, "cumulative_reward": 1901.4822852150587, "ended_reason": "max_steps", "metrics": {"SR": 0.0, "SPL": 0.0, "SoftSPL": 0.587423582015193, "PLR": 0.5541089778498709, "nDTW": 2.02821399362172e-10, "CLS": 0.09699900106408532, "path_length_cm": 2046.656920586283, "cumulative_reward": 1901.4822852150587}, "token_totals": {"input": 32542, "output": 1598, "calls": 40}, "finished_at": "2026-04-23T16:41:39.319154+00:00"}