{"episode_id": "map_05_middleeast_native_obj_pn_0017", "episode_idx": 1, "agent_name": "GhostAgent_1", "SR": 0.0, "SPL": 0.0, "SoftSPL": 0.3635437338011112, "PLR": 1.2623385630117174, "nDTW": 3.2112335389650436e-40, "CLS": 0.17987555152973658, "steps": 40, "path_length_cm": 7627.112714644948, "cumulative_reward": 3993.3968520727585, "ended_reason": "max_steps", "metrics": {"SR": 0.0, "SPL": 0.0, "SoftSPL": 0.3635437338011112, "PLR": 1.2623385630117174, "nDTW": 3.2112335389650436e-40, "CLS": 0.17987555152973658, "path_length_cm": 7627.112714644948, "cumulative_reward": 3993.3968520727585}, "token_totals": {"input": 415215, "output": 5404, "calls": 40}, "finished_at": "2026-04-22T22:01:59.956757+00:00"}