{"episode_id": "map_60_B11_forest_camp_pn_0013", "episode_idx": 3, "agent_name": "GhostAgent_3", "SR": 0.0, "SPL": 0.0, "SoftSPL": 0.0, "PLR": 3.441239429443031, "nDTW": 5.01152902045677e-137, "CLS": 0.07264847982717311, "steps": 40, "path_length_cm": 22018.323128165404, "cumulative_reward": -5808.440764714145, "ended_reason": "max_steps", "metrics": {"SR": 0.0, "SPL": 0.0, "SoftSPL": 0.0, "PLR": 3.441239429443031, "nDTW": 5.01152902045677e-137, "CLS": 0.07264847982717311, "path_length_cm": 22018.323128165404, "cumulative_reward": -5808.440764714145}, "token_totals": {"input": 129615, "output": 7456, "calls": 40}, "finished_at": "2026-04-23T17:32:07.845681+00:00"}