{"episode_id": "map_23_containeryard_demo_remix_pn_0001", "episode_idx": 1, "agent_name": "GhostAgent_1", "SR": 0.0, "SPL": 0.0, "SoftSPL": 0.23187474068445074, "PLR": 1.046272563091366, "nDTW": 2.7385629314078694e-62, "CLS": 0.10620203053575539, "steps": 40, "path_length_cm": 3564.4622933909277, "cumulative_reward": 782.0759896628465, "ended_reason": "max_steps", "metrics": {"SR": 0.0, "SPL": 0.0, "SoftSPL": 0.23187474068445074, "PLR": 1.046272563091366, "nDTW": 2.7385629314078694e-62, "CLS": 0.10620203053575539, "path_length_cm": 3564.4622933909277, "cumulative_reward": 782.0759896628465}, "token_totals": {"input": 123435, "output": 6075, "calls": 40}, "finished_at": "2026-04-23T12:58:35.691551+00:00"}