{"episode_id": "map_11_wintertown_demo01_remix_obj_pn_0012", "episode_idx": 8, "agent_name": "GhostAgent_8", "SR": 0.0, "SPL": 0.0, "SoftSPL": 0.0, "PLR": 0.8327371691704325, "nDTW": 2.7712681697480467e-23, "CLS": 0.04920511599462605, "steps": 40, "path_length_cm": 2597.390504359496, "cumulative_reward": 2359.2612277259614, "ended_reason": "max_steps", "metrics": {"SR": 0.0, "SPL": 0.0, "SoftSPL": 0.0, "PLR": 0.8327371691704325, "nDTW": 2.7712681697480467e-23, "CLS": 0.04920511599462605, "path_length_cm": 2597.390504359496, "cumulative_reward": 2359.2612277259614}, "token_totals": {"input": 110736, "output": 5139, "calls": 40}, "finished_at": "2026-04-23T15:11:24.733611+00:00"}