{"episode_id": "map_67_B12_construction_site_pn_0002", "episode_idx": 2, "agent_name": "GhostAgent_2", "SR": 0.0, "SPL": 0.0, "SoftSPL": 0.21643452347345318, "PLR": 2.472148166355563, "nDTW": 8.078027279438979e-48, "CLS": 0.04585951337044681, "steps": 40, "path_length_cm": 12386.772551969538, "cumulative_reward": 2679.817910943344, "ended_reason": "max_steps", "metrics": {"SR": 0.0, "SPL": 0.0, "SoftSPL": 0.21643452347345318, "PLR": 2.472148166355563, "nDTW": 8.078027279438979e-48, "CLS": 0.04585951337044681, "path_length_cm": 12386.772551969538, "cumulative_reward": 2679.817910943344}, "token_totals": {"input": 115580, "output": 3655, "calls": 40}, "finished_at": "2026-04-23T05:13:06.558876+00:00"}