{"episode_id": "map_57_gothic_day_invasion_on_0008", "episode_idx": 8, "agent_name": "GhostAgent_8", "SR": 1.0, "SPL": 0.962674259505762, "SoftSPL": 0.919246687347589, "PLR": 1.0387729703226936, "nDTW": 9.350717257498046e-07, "CLS": 0.5693674103552593, "steps": 14, "path_length_cm": 2853.9352463942714, "cumulative_reward": 2625.821218830175, "ended_reason": "success", "metrics": {"SR": 1.0, "SPL": 0.962674259505762, "SoftSPL": 0.919246687347589, "PLR": 1.0387729703226936, "nDTW": 9.350717257498046e-07, "CLS": 0.5693674103552593, "path_length_cm": 2853.9352463942714, "cumulative_reward": 2625.821218830175}, "token_totals": {"input": 35490, "output": 1751, "calls": 14}, "finished_at": "2026-04-23T14:56:00.468825+00:00"}