{"episode_id": "map_49_courtyard_sunny_packed_obj_on_0017", "episode_idx": 3, "agent_name": "GhostAgent_3", "SR": 0.0, "SPL": 0.0, "SoftSPL": 0.001295733606823668, "PLR": 0.0, "nDTW": 0.0024056889055650323, "CLS": 0.1255333387389181, "steps": 40, "path_length_cm": 0.0, "cumulative_reward": -0.4000000000000002, "ended_reason": "max_steps", "metrics": {"SR": 0.0, "SPL": 0.0, "SoftSPL": 0.001295733606823668, "PLR": 0.0, "nDTW": 0.0024056889055650323, "CLS": 0.1255333387389181, "path_length_cm": 0.0, "cumulative_reward": -0.4000000000000002}, "token_totals": {"input": 106598, "output": 2445, "calls": 40}, "finished_at": "2026-04-23T18:51:21.278147+00:00"}