{"episode_id": "map_06_hwaseong_native_on_0006", "episode_idx": 1, "agent_name": "GhostAgent_1", "SR": 0.0, "SPL": 0.0, "SoftSPL": 0.5453514847329575, "PLR": 0.04667779544896284, "nDTW": 3.443651991931231e-06, "CLS": 0.09734938389518333, "steps": 40, "path_length_cm": 243.54746586837197, "cumulative_reward": -106.0639903928369, "ended_reason": "max_steps", "metrics": {"SR": 0.0, "SPL": 0.0, "SoftSPL": 0.5453514847329575, "PLR": 0.04667779544896284, "nDTW": 3.443651991931231e-06, "CLS": 0.09734938389518333, "path_length_cm": 243.54746586837197, "cumulative_reward": -106.0639903928369}, "token_totals": {"input": 123968, "output": 6318, "calls": 40}, "finished_at": "2026-04-23T13:11:52.809511+00:00"}