{"episode_id": "map_22_containeryard_demo_native_obj_pn_0017", "episode_idx": 4, "agent_name": "GhostAgent_4", "SR": 0.0, "SPL": 0.0, "SoftSPL": 0.33726546819033576, "PLR": 1.0530816053957428, "nDTW": 1.6720711144062016e-52, "CLS": 0.10597482767850284, "steps": 40, "path_length_cm": 3634.8269999999998, "cumulative_reward": 1214.5296535833504, "ended_reason": "max_steps", "metrics": {"SR": 0.0, "SPL": 0.0, "SoftSPL": 0.33726546819033576, "PLR": 1.0530816053957428, "nDTW": 1.6720711144062016e-52, "CLS": 0.10597482767850284, "path_length_cm": 3634.8269999999998, "cumulative_reward": 1214.5296535833504}, "token_totals": {"input": 123308, "output": 6088, "calls": 40}, "finished_at": "2026-04-23T00:32:39.766504+00:00"}