{"episode_id": "map_31_gothic_day_remix_obj_pn_0000", "episode_idx": 0, "agent_name": "GhostAgent_0", "SR": 0.0, "SPL": 0.0, "SoftSPL": 0.017627057665242418, "PLR": 0.9688711889553245, "nDTW": 6.257873292958928e-124, "CLS": 0.2580322369317754, "steps": 40, "path_length_cm": 4372.94197907852, "cumulative_reward": 1039.8682263495666, "ended_reason": "max_steps", "metrics": {"SR": 0.0, "SPL": 0.0, "SoftSPL": 0.017627057665242418, "PLR": 0.9688711889553245, "nDTW": 6.257873292958928e-124, "CLS": 0.2580322369317754, "path_length_cm": 4372.94197907852, "cumulative_reward": 1039.8682263495666}, "token_totals": {"input": 125730, "output": 6918, "calls": 40}, "finished_at": "2026-04-23T01:01:10.745485+00:00"}