{"episode_id": "map_19_wintertown_demo02_native_obj_on_0009", "episode_idx": 9, "agent_name": "GhostAgent_9", "SR": 0.0, "SPL": 0.0, "SoftSPL": 0.26027085227280866, "PLR": 0.20843114286924366, "nDTW": 2.6084511708025656e-05, "CLS": 0.21901833710161722, "steps": 40, "path_length_cm": 861.6251642614516, "cumulative_reward": 840.6700804641309, "ended_reason": "max_steps", "metrics": {"SR": 0.0, "SPL": 0.0, "SoftSPL": 0.26027085227280866, "PLR": 0.20843114286924366, "nDTW": 2.6084511708025656e-05, "CLS": 0.21901833710161722, "path_length_cm": 861.6251642614516, "cumulative_reward": 840.6700804641309}, "token_totals": {"input": 105460, "output": 3661, "calls": 40}, "finished_at": "2026-04-23T00:19:58.729223+00:00"}