{
  "map": "map_25_containeryard_day_remix",
  "n": 33,
  "SR": 0.06060606060606061,
  "SPL": 0.052256393590987486,
  "SoftSPL": 0.122528131489951,
  "nDTW": 0.009836950004888734,
  "avg_steps": 34.696969696969695
}