{"episode_id": "map_62_trainstation_cross_remix_obj_pn_0017", "episode_idx": 6, "agent_name": "GhostAgent_6", "SR": 1.0, "SPL": 0.815076383996049, "SoftSPL": 0.7666737480474697, "PLR": 1.2268788786362965, "nDTW": 0.035008587326737256, "CLS": 0.39644326889224335, "steps": 5, "path_length_cm": 1581.3855306182545, "cumulative_reward": 1508.2044011391995, "ended_reason": "success", "metrics": {"SR": 1.0, "SPL": 0.815076383996049, "SoftSPL": 0.7666737480474697, "PLR": 1.2268788786362965, "nDTW": 0.035008587326737256, "CLS": 0.39644326889224335, "path_length_cm": 1581.3855306182545, "cumulative_reward": 1508.2044011391995}, "token_totals": {"input": 7326, "output": 343, "calls": 5}, "finished_at": "2026-04-23T17:18:24.900914+00:00"}