{"episode_id": "map_22_containeryard_demo_native_on_0009", "episode_idx": 9, "agent_name": "GhostAgent_9", "SR": 0.0, "SPL": 0.0, "SoftSPL": 0.09634857668290957, "PLR": 1.8969446479174157, "nDTW": 4.9846445526626566e-105, "CLS": 0.13179090501513843, "steps": 33, "path_length_cm": 11003.45506360272, "cumulative_reward": 1059.843746757992, "ended_reason": "no_tool_call", "metrics": {"SR": 0.0, "SPL": 0.0, "SoftSPL": 0.09634857668290957, "PLR": 1.8969446479174157, "nDTW": 4.9846445526626566e-105, "CLS": 0.13179090501513843, "path_length_cm": 11003.45506360272, "cumulative_reward": 1059.843746757992}, "token_totals": {"input": 108308, "output": 6805, "calls": 33}, "finished_at": "2026-04-22T23:47:44.150520+00:00"}