{
  "map": "map_57_gothic_day_invasion",
  "n": 37,
  "SR": 0.21621621621621623,
  "SPL": 0.1453299724195805,
  "SoftSPL": 0.26881747890514623,
  "nDTW": 0.0013646412548134208,
  "avg_steps": 31.81081081081081
}