{"episode_id": "map_49_courtyard_sunny_packed_obj_pn_0008", "episode_idx": 6, "agent_name": "GhostAgent_6", "SR": 0.0, "SPL": 0.0, "SoftSPL": 0.4753351118757003, "PLR": 0.19583377570977664, "nDTW": 0.0010426728363896198, "CLS": 0.22875054679095405, "steps": 40, "path_length_cm": 395.707602212446, "cumulative_reward": 93.09406235517908, "ended_reason": "max_steps", "metrics": {"SR": 0.0, "SPL": 0.0, "SoftSPL": 0.4753351118757003, "PLR": 0.19583377570977664, "nDTW": 0.0010426728363896198, "CLS": 0.22875054679095405, "path_length_cm": 395.707602212446, "cumulative_reward": 93.09406235517908}, "token_totals": {"input": 106664, "output": 4173, "calls": 40}, "finished_at": "2026-04-23T16:41:05.341629+00:00"}