{"episode_id": "map_32_gothic_night_native_on_0010", "episode_idx": 0, "agent_name": "GhostAgent_0", "SR": 1.0, "SPL": 0.831235144070546, "SoftSPL": 0.8138671993934684, "PLR": 1.2030290190847985, "nDTW": 0.00011431044948378027, "CLS": 0.5850763592487194, "steps": 15, "path_length_cm": 1416.9396089682664, "cumulative_reward": 1155.3630410380194, "ended_reason": "success", "metrics": {"SR": 1.0, "SPL": 0.831235144070546, "SoftSPL": 0.8138671993934684, "PLR": 1.2030290190847985, "nDTW": 0.00011431044948378027, "CLS": 0.5850763592487194, "path_length_cm": 1416.9396089682664, "cumulative_reward": 1155.3630410380194}, "token_totals": {"input": 44482, "output": 3515, "calls": 15}, "finished_at": "2026-04-23T01:35:01.274589+00:00"}