{"episode_id": "map_59_B10_market_plaza_obj_pn_0006", "episode_idx": 2, "agent_name": "GhostAgent_2", "SR": 0.0, "SPL": 0.0, "SoftSPL": 0.09584641788571258, "PLR": 0.0, "nDTW": 9.025195155737496e-07, "CLS": 0.09621609609609286, "steps": 40, "path_length_cm": 0.0, "cumulative_reward": -0.4000000000000002, "ended_reason": "max_steps", "metrics": {"SR": 0.0, "SPL": 0.0, "SoftSPL": 0.09584641788571258, "PLR": 0.0, "nDTW": 9.025195155737496e-07, "CLS": 0.09621609609609286, "path_length_cm": 0.0, "cumulative_reward": -0.4000000000000002}, "token_totals": {"input": 105958, "output": 2432, "calls": 40}, "finished_at": "2026-04-23T04:27:10.911980+00:00"}