{"episode_id": "map_11_wintertown_demo01_remix_pn_0015", "episode_idx": 2, "agent_name": "GhostAgent_2", "SR": 0.0, "SPL": 0.0, "SoftSPL": 0.0, "PLR": 0.7002664511189602, "nDTW": 7.814309575999887e-44, "CLS": 0.15866982516725434, "steps": 40, "path_length_cm": 2537.478509610153, "cumulative_reward": -24.535342764115143, "ended_reason": "max_steps", "metrics": {"SR": 0.0, "SPL": 0.0, "SoftSPL": 0.0, "PLR": 0.7002664511189602, "nDTW": 7.814309575999887e-44, "CLS": 0.15866982516725434, "path_length_cm": 2537.478509610153, "cumulative_reward": -24.535342764115143}, "token_totals": {"input": 108887, "output": 4078, "calls": 40}, "finished_at": "2026-04-22T23:26:47.547946+00:00"}