{"episode_id": "map_42_B4_industrial_yard_on_0018", "episode_idx": 8, "agent_name": "GhostAgent_8", "SR": 0.0, "SPL": 0.0, "SoftSPL": 0.0021144609569968553, "PLR": 0.0, "nDTW": 2.557761360840578e-10, "CLS": 0.12500000010191892, "steps": 40, "path_length_cm": 0.0, "cumulative_reward": -0.4000000000000002, "ended_reason": "max_steps", "metrics": {"SR": 0.0, "SPL": 0.0, "SoftSPL": 0.0021144609569968553, "PLR": 0.0, "nDTW": 2.557761360840578e-10, "CLS": 0.12500000010191892, "path_length_cm": 0.0, "cumulative_reward": -0.4000000000000002}, "token_totals": {"input": 34393, "output": 2229, "calls": 40}, "finished_at": "2026-04-23T16:06:09.557217+00:00"}