{"episode_id": "map_04_courtyard_remix_pn_0006", "episode_idx": 1, "agent_name": "GhostAgent_1", "SR": 0.0, "SPL": 0.0, "SoftSPL": 0.4952759951863846, "PLR": 0.06590143933333716, "nDTW": 5.579609191889395e-05, "CLS": 0.10019774511309631, "steps": 40, "path_length_cm": 229.02199999999993, "cumulative_reward": -164.99381145651705, "ended_reason": "max_steps", "metrics": {"SR": 0.0, "SPL": 0.0, "SoftSPL": 0.4952759951863846, "PLR": 0.06590143933333716, "nDTW": 5.579609191889395e-05, "CLS": 0.10019774511309631, "path_length_cm": 229.02199999999993, "cumulative_reward": -164.99381145651705}, "token_totals": {"input": 443698, "output": 5201, "calls": 40}, "finished_at": "2026-04-22T21:44:56.377192+00:00"}