{"episode_id": "map_08_cave_remix_on_0014", "episode_idx": 4, "agent_name": "GhostAgent_4", "SR": 0.0, "SPL": 0.0, "SoftSPL": 0.6863341471658042, "PLR": 0.6907152695206237, "nDTW": 0.0018018353129893722, "CLS": 0.5032143833911696, "steps": 40, "path_length_cm": 1206.0372106518753, "cumulative_reward": 1197.7773687155693, "ended_reason": "max_steps", "metrics": {"SR": 0.0, "SPL": 0.0, "SoftSPL": 0.6863341471658042, "PLR": 0.6907152695206237, "nDTW": 0.0018018353129893722, "CLS": 0.5032143833911696, "path_length_cm": 1206.0372106518753, "cumulative_reward": 1197.7773687155693}, "token_totals": {"input": 30707, "output": 1401, "calls": 40}, "finished_at": "2026-04-23T14:56:21.003448+00:00"}