{"episode_id": "map_36_dungeon_native_on_0010", "episode_idx": 0, "agent_name": "GhostAgent_0", "SR": 1.0, "SPL": 0.8035937518832706, "SoftSPL": 0.7784585639562748, "PLR": 1.2444098745870527, "nDTW": 1.6390873939527535e-10, "CLS": 0.2655161957929045, "steps": 18, "path_length_cm": 3235.7270000000003, "cumulative_reward": 2500.578692577748, "ended_reason": "success", "metrics": {"SR": 1.0, "SPL": 0.8035937518832706, "SoftSPL": 0.7784585639562748, "PLR": 1.2444098745870527, "nDTW": 1.6390873939527535e-10, "CLS": 0.2655161957929045, "path_length_cm": 3235.7270000000003, "cumulative_reward": 2500.578692577748}, "token_totals": {"input": 50727, "output": 2886, "calls": 18}, "finished_at": "2026-04-23T01:23:21.952127+00:00"}