{"episode_id": "map_23_containeryard_demo_remix_pn_0005", "episode_idx": 5, "agent_name": "GhostAgent_5", "SR": 1.0, "SPL": 0.9125284935273585, "SoftSPL": 0.8837299029129323, "PLR": 1.0958561919908083, "nDTW": 2.3318943814898536e-10, "CLS": 0.22365572786668927, "steps": 16, "path_length_cm": 5148.102260172499, "cumulative_reward": 4523.817750045524, "ended_reason": "success", "metrics": {"SR": 1.0, "SPL": 0.9125284935273585, "SoftSPL": 0.8837299029129323, "PLR": 1.0958561919908083, "nDTW": 2.3318943814898536e-10, "CLS": 0.22365572786668927, "path_length_cm": 5148.102260172499, "cumulative_reward": 4523.817750045524}, "token_totals": {"input": 42917, "output": 2109, "calls": 16}, "finished_at": "2026-04-23T12:58:35.693125+00:00"}