{
  "map": "map_32_gothic_night_native",
  "n": 16,
  "SR": 0.1875,
  "SPL": 0.13711323181384538,
  "SoftSPL": 0.13126951236639053,
  "nDTW": 0.0014217619681090605,
  "avg_steps": 35.375
}