{"episode_id": "map_04_courtyard_remix_obj_pn_0018", "episode_idx": 3, "agent_name": "GhostAgent_3", "SR": 0.0, "SPL": 0.0, "SoftSPL": 0.2952251575785674, "PLR": 3.579866828950707e-05, "nDTW": 0.0197555862450137, "CLS": 0.10725378557660979, "steps": 40, "path_length_cm": 0.07999999999992724, "cumulative_reward": -0.4799911391718527, "ended_reason": "max_steps", "metrics": {"SR": 0.0, "SPL": 0.0, "SoftSPL": 0.2952251575785674, "PLR": 3.579866828950707e-05, "nDTW": 0.0197555862450137, "CLS": 0.10725378557660979, "path_length_cm": 0.07999999999992724, "cumulative_reward": -0.4799911391718527}, "token_totals": {"input": 105848, "output": 2228, "calls": 40}, "finished_at": "2026-04-22T22:51:20.379304+00:00"}