{"episode_id": "map_67_B12_construction_site_pn_0009", "episode_idx": 0, "agent_name": "GhostAgent_0", "SR": 0.0, "SPL": 0.0, "SoftSPL": 0.0, "PLR": 1.6344814061566184, "nDTW": 1.0123612421357839e-136, "CLS": 0.15295372022155662, "steps": 40, "path_length_cm": 5743.616695676542, "cumulative_reward": -130.68332283225487, "ended_reason": "max_steps", "metrics": {"SR": 0.0, "SPL": 0.0, "SoftSPL": 0.0, "PLR": 1.6344814061566184, "nDTW": 1.0123612421357839e-136, "CLS": 0.15295372022155662, "path_length_cm": 5743.616695676542, "cumulative_reward": -130.68332283225487}, "token_totals": {"input": 124824, "output": 6473, "calls": 40}, "finished_at": "2026-04-23T17:18:57.304149+00:00"}