{"episode_id": "map_40_B2_open_plaza_pn_0015", "episode_idx": 5, "agent_name": "GhostAgent_5", "SR": 1.0, "SPL": 0.9179804662859156, "SoftSPL": 0.883888880015929, "PLR": 1.089347798484133, "nDTW": 3.791524469407733e-06, "CLS": 0.34119458254851, "steps": 12, "path_length_cm": 4002.133089894887, "cumulative_reward": 3507.715396189479, "ended_reason": "success", "metrics": {"SR": 1.0, "SPL": 0.9179804662859156, "SoftSPL": 0.883888880015929, "PLR": 1.089347798484133, "nDTW": 3.791524469407733e-06, "CLS": 0.34119458254851, "path_length_cm": 4002.133089894887, "cumulative_reward": 3507.715396189479}, "token_totals": {"input": 27625, "output": 1058, "calls": 12}, "finished_at": "2026-04-23T16:18:24.670414+00:00"}