{"episode_id": "map_05_middleeast_native_obj_pn_0015", "episode_idx": 4, "agent_name": "GhostAgent_4", "SR": 0.0, "SPL": 0.0, "SoftSPL": 0.5266862639027201, "PLR": 0.7249651451106738, "nDTW": 2.2563459914389686e-30, "CLS": 0.15803645074747205, "steps": 40, "path_length_cm": 4248.303, "cumulative_reward": 4244.40748187419, "ended_reason": "max_steps", "metrics": {"SR": 0.0, "SPL": 0.0, "SoftSPL": 0.5266862639027201, "PLR": 0.7249651451106738, "nDTW": 2.2563459914389686e-30, "CLS": 0.15803645074747205, "path_length_cm": 4248.303, "cumulative_reward": 4244.40748187419}, "token_totals": {"input": 392138, "output": 3860, "calls": 40}, "finished_at": "2026-04-22T21:43:05.018342+00:00"}