{"episode_id": "map_62_trainstation_cross_remix_obj_on_0004", "episode_idx": 4, "agent_name": "GhostAgent_4", "SR": 0.0, "SPL": 0.0, "SoftSPL": 0.038320189279355654, "PLR": 0.1921801777697336, "nDTW": 1.4234305947010748e-18, "CLS": 0.309476113487726, "steps": 40, "path_length_cm": 488.4240000000002, "cumulative_reward": 96.9950906928347, "ended_reason": "max_steps", "metrics": {"SR": 0.0, "SPL": 0.0, "SoftSPL": 0.038320189279355654, "PLR": 0.1921801777697336, "nDTW": 1.4234305947010748e-18, "CLS": 0.309476113487726, "path_length_cm": 488.4240000000002, "cumulative_reward": 96.9950906928347}, "token_totals": {"input": 122817, "output": 7733, "calls": 40}, "finished_at": "2026-04-23T03:27:17.423452+00:00"}