{
  "map": "map_49_courtyard_sunny_packed",
  "n": 23,
  "SR": 0.0,
  "SPL": 0.0,
  "SoftSPL": 0.41219439020434917,
  "nDTW": 0.0003419834890111965,
  "avg_steps": 35.43478260869565
}