{"episode_id": "map_28_village_night_native_pn_0016", "episode_idx": 1, "agent_name": "GhostAgent_1", "SR": 1.0, "SPL": 0.9486092755697276, "SoftSPL": 0.9283234202451324, "PLR": 1.054174807008299, "nDTW": 1.414322665354005e-15, "CLS": 0.28007042121044007, "steps": 25, "path_length_cm": 5237.393443170911, "cumulative_reward": 4849.243287339751, "ended_reason": "success", "metrics": {"SR": 1.0, "SPL": 0.9486092755697276, "SoftSPL": 0.9283234202451324, "PLR": 1.054174807008299, "nDTW": 1.414322665354005e-15, "CLS": 0.28007042121044007, "path_length_cm": 5237.393443170911, "cumulative_reward": 4849.243287339751}, "token_totals": {"input": 78312, "output": 4871, "calls": 25}, "finished_at": "2026-04-23T00:25:13.781737+00:00"}