{"episode_id": "map_20_trainstation_native_obj_pn_0017", "episode_idx": 6, "agent_name": "GhostAgent_6", "SR": 0.0, "SPL": 0.0, "SoftSPL": 0.1089539118568977, "PLR": 1.0342024934884984, "nDTW": 1.188692383459478e-59, "CLS": 0.03867714545904318, "steps": 40, "path_length_cm": 8130.0105896621735, "cumulative_reward": 731.8229702777735, "ended_reason": "max_steps", "metrics": {"SR": 0.0, "SPL": 0.0, "SoftSPL": 0.1089539118568977, "PLR": 1.0342024934884984, "nDTW": 1.188692383459478e-59, "CLS": 0.03867714545904318, "path_length_cm": 8130.0105896621735, "cumulative_reward": 731.8229702777735}, "token_totals": {"input": 132959, "output": 8221, "calls": 40}, "finished_at": "2026-04-23T19:08:33.441561+00:00"}