{"episode_id": "map_42_B4_industrial_yard_pn_0002", "episode_idx": 2, "agent_name": "GhostAgent_2", "SR": 0.0, "SPL": 0.0, "SoftSPL": 0.0, "PLR": 0.0, "nDTW": 0.0008540369450678874, "CLS": 0.2500001823447759, "steps": 40, "path_length_cm": 0.0, "cumulative_reward": -0.4000000000000002, "ended_reason": "max_steps", "metrics": {"SR": 0.0, "SPL": 0.0, "SoftSPL": 0.0, "PLR": 0.0, "nDTW": 0.0008540369450678874, "CLS": 0.2500001823447759, "path_length_cm": 0.0, "cumulative_reward": -0.4000000000000002}, "token_totals": {"input": 38339, "output": 3374, "calls": 40}, "finished_at": "2026-04-23T15:55:15.199661+00:00"}