{"episode_id": "map_65_hwaseong_ceremonial_on_0017", "episode_idx": 7, "agent_name": "GhostAgent_7", "SR": 0.0, "SPL": 0.0, "SoftSPL": 0.4534062843248968, "PLR": 0.56415817924496, "nDTW": 2.378653945115945e-12, "CLS": 0.028826374541212382, "steps": 40, "path_length_cm": 2775.8387725025614, "cumulative_reward": 2067.7290303054524, "ended_reason": "max_steps", "metrics": {"SR": 0.0, "SPL": 0.0, "SoftSPL": 0.4534062843248968, "PLR": 0.56415817924496, "nDTW": 2.378653945115945e-12, "CLS": 0.028826374541212382, "path_length_cm": 2775.8387725025614, "cumulative_reward": 2067.7290303054524}, "token_totals": {"input": 108058, "output": 3573, "calls": 40}, "finished_at": "2026-04-23T03:56:44.161416+00:00"}