{
  "map": "map_05_middleeast_native",
  "n": 40,
  "SR": 0.025,
  "SPL": 0.025,
  "SoftSPL": 0.3681529111087295,
  "nDTW": 0.00030870049108118946,
  "avg_steps": 37.85
}