{"episode_id": "map_59_B10_market_plaza_obj_pn_0017", "episode_idx": 1, "agent_name": "GhostAgent_1", "SR": 0.0, "SPL": 0.0, "SoftSPL": 0.0, "PLR": 5.7573520149093484, "nDTW": 2.5045612123588293e-184, "CLS": 0.019298996024139117, "steps": 40, "path_length_cm": 25155.25271762252, "cumulative_reward": -17329.702757823492, "ended_reason": "max_steps", "metrics": {"SR": 0.0, "SPL": 0.0, "SoftSPL": 0.0, "PLR": 5.7573520149093484, "nDTW": 2.5045612123588293e-184, "CLS": 0.019298996024139117, "path_length_cm": 25155.25271762252, "cumulative_reward": -17329.702757823492}, "token_totals": {"input": 141929, "output": 10015, "calls": 40}, "finished_at": "2026-04-23T19:42:32.923291+00:00"}