{"episode_id": "map_58_dungeon_library_on_0017", "episode_idx": 7, "agent_name": "GhostAgent_7", "SR": 1.0, "SPL": 0.6225312801616565, "SoftSPL": 0.6084828328679336, "PLR": 1.606344985171386, "nDTW": 2.6785802989316084e-12, "CLS": 0.48971453588090297, "steps": 15, "path_length_cm": 3649.599742859537, "cumulative_reward": 2223.0664311807077, "ended_reason": "success", "metrics": {"SR": 1.0, "SPL": 0.6225312801616565, "SoftSPL": 0.6084828328679336, "PLR": 1.606344985171386, "nDTW": 2.6785802989316084e-12, "CLS": 0.48971453588090297, "path_length_cm": 3649.599742859537, "cumulative_reward": 2223.0664311807077}, "token_totals": {"input": 40024, "output": 2136, "calls": 15}, "finished_at": "2026-04-23T02:38:07.261336+00:00"}