{
  "map": "map_33_gothic_night_remix",
  "n": 17,
  "SR": 0.0,
  "SPL": 0.0,
  "SoftSPL": 0.03978918797873925,
  "nDTW": 0.0003432761538775434,
  "avg_steps": 37.64705882352941
}