{"episode_id": "map_19_wintertown_demo02_native_on_0017", "episode_idx": 7, "agent_name": "GhostAgent_7", "SR": 0.0, "SPL": 0.0, "SoftSPL": 0.6534519932678657, "PLR": 1.362326864396451, "nDTW": 6.987782273400649e-08, "CLS": 0.05442926626652823, "steps": 40, "path_length_cm": 7736.32730445999, "cumulative_reward": 4253.440476653729, "ended_reason": "max_steps", "metrics": {"SR": 0.0, "SPL": 0.0, "SoftSPL": 0.6534519932678657, "PLR": 1.362326864396451, "nDTW": 6.987782273400649e-08, "CLS": 0.05442926626652823, "path_length_cm": 7736.32730445999, "cumulative_reward": 4253.440476653729}, "token_totals": {"input": 125939, "output": 7503, "calls": 40}, "finished_at": "2026-04-22T23:58:11.528032+00:00"}