{"episode_id": "map_42_B4_industrial_yard_pn_0014", "episode_idx": 4, "agent_name": "GhostAgent_4", "SR": 1.0, "SPL": 0.9847920025568325, "SoftSPL": 0.9758199889652888, "PLR": 1.0154428523014836, "nDTW": 1.6409215979119268e-13, "CLS": 0.4275308981563641, "steps": 17, "path_length_cm": 6083.629826851941, "cumulative_reward": 5922.9304036104395, "ended_reason": "success", "metrics": {"SR": 1.0, "SPL": 0.9847920025568325, "SoftSPL": 0.9758199889652888, "PLR": 1.0154428523014836, "nDTW": 1.6409215979119268e-13, "CLS": 0.4275308981563641, "path_length_cm": 6083.629826851941, "cumulative_reward": 5922.9304036104395}, "token_totals": {"input": 14193, "output": 1067, "calls": 17}, "finished_at": "2026-04-23T16:02:10.875842+00:00"}