{"episode_id": "map_34_temple_plaza_native_on_0003", "episode_idx": 3, "agent_name": "GhostAgent_3", "SR": 0.0, "SPL": 0.0, "SoftSPL": 0.16169579638118647, "PLR": 0.0, "nDTW": 0.0008911067816738708, "CLS": 0.06926602891590751, "steps": 40, "path_length_cm": 0.0, "cumulative_reward": -0.4000000000000002, "ended_reason": "max_steps", "metrics": {"SR": 0.0, "SPL": 0.0, "SoftSPL": 0.16169579638118647, "PLR": 0.0, "nDTW": 0.0008911067816738708, "CLS": 0.06926602891590751, "path_length_cm": 0.0, "cumulative_reward": -0.4000000000000002}, "token_totals": {"input": 34377, "output": 2203, "calls": 40}, "finished_at": "2026-04-23T15:29:23.956692+00:00"}