{"episode_id": "map_09b_wintertown_demo02_obj_pn_0019", "episode_idx": 8, "agent_name": "GhostAgent_8", "SR": 0.0, "SPL": 0.0, "SoftSPL": 0.3135900341743053, "PLR": 0.6910573559946083, "nDTW": 4.1504701571812696e-15, "CLS": 0.041017556853466856, "steps": 40, "path_length_cm": 2780.8908168314633, "cumulative_reward": 1122.1982214834024, "ended_reason": "max_steps", "metrics": {"SR": 0.0, "SPL": 0.0, "SoftSPL": 0.3135900341743053, "PLR": 0.6910573559946083, "nDTW": 4.1504701571812696e-15, "CLS": 0.041017556853466856, "path_length_cm": 2780.8908168314633, "cumulative_reward": 1122.1982214834024}, "token_totals": {"input": 118820, "output": 6321, "calls": 40}, "finished_at": "2026-04-23T17:57:23.439557+00:00"}