{"episode_id": "map_47_wintertown_demo01_minimal_obj_pn_0011", "episode_idx": 0, "agent_name": "GhostAgent_0", "SR": 0.0, "SPL": 0.0, "SoftSPL": 0.0, "PLR": 0.0013685911007800303, "nDTW": 4.636705918846104e-10, "CLS": 0.08367738556866358, "steps": 40, "path_length_cm": 9.68940601894649, "cumulative_reward": 2.670459808232053, "ended_reason": "max_steps", "metrics": {"SR": 0.0, "SPL": 0.0, "SoftSPL": 0.0, "PLR": 0.0013685911007800303, "nDTW": 4.636705918846104e-10, "CLS": 0.08367738556866358, "path_length_cm": 9.68940601894649, "cumulative_reward": 2.670459808232053}, "token_totals": {"input": 109321, "output": 3088, "calls": 40}, "finished_at": "2026-04-23T02:48:22.698715+00:00"}