{"episode_id": "map_36_dungeon_native_obj_pn_0003", "episode_idx": 3, "agent_name": "GhostAgent_3", "SR": 0.0, "SPL": 0.0, "SoftSPL": 0.0, "PLR": 1.910224619186636, "nDTW": 3.4948559911932416e-13, "CLS": 0.1905254009593587, "steps": 40, "path_length_cm": 2062.1447831505493, "cumulative_reward": 674.37194809529, "ended_reason": "max_steps", "metrics": {"SR": 0.0, "SPL": 0.0, "SoftSPL": 0.0, "PLR": 1.910224619186636, "nDTW": 3.4948559911932416e-13, "CLS": 0.1905254009593587, "path_length_cm": 2062.1447831505493, "cumulative_reward": 674.37194809529}, "token_totals": {"input": 121529, "output": 6668, "calls": 40}, "finished_at": "2026-04-23T01:20:30.558306+00:00"}