{"episode_id": "map_49_courtyard_sunny_packed_on_0012", "episode_idx": 2, "agent_name": "GhostAgent_2", "SR": 1.0, "SPL": 0.38532517882731415, "SoftSPL": 0.3518175141763154, "PLR": 2.5952106297423043, "nDTW": 2.3500042361324198e-17, "CLS": 0.15850731485392447, "steps": 40, "path_length_cm": 3047.2184651245216, "cumulative_reward": 1057.498972585884, "ended_reason": "success", "metrics": {"SR": 1.0, "SPL": 0.38532517882731415, "SoftSPL": 0.3518175141763154, "PLR": 2.5952106297423043, "nDTW": 2.3500042361324198e-17, "CLS": 0.15850731485392447, "path_length_cm": 3047.2184651245216, "cumulative_reward": 1057.498972585884}, "token_totals": {"input": 113505, "output": 4561, "calls": 40}, "finished_at": "2026-04-23T02:41:35.960342+00:00"}