{"episode_id": "map_45_B7_park_with_paths_obj_pn_0001", "episode_idx": 1, "agent_name": "GhostAgent_1", "SR": 0.0, "SPL": 0.0, "SoftSPL": 0.6490666067049489, "PLR": 0.7874448585047822, "nDTW": 2.560560420366605e-13, "CLS": 0.02953211563516014, "steps": 40, "path_length_cm": 5988.644140106229, "cumulative_reward": 3813.735301705693, "ended_reason": "max_steps", "metrics": {"SR": 0.0, "SPL": 0.0, "SoftSPL": 0.6490666067049489, "PLR": 0.7874448585047822, "nDTW": 2.560560420366605e-13, "CLS": 0.02953211563516014, "path_length_cm": 5988.644140106229, "cumulative_reward": 3813.735301705693}, "token_totals": {"input": 133604, "output": 8602, "calls": 40}, "finished_at": "2026-04-23T19:32:11.778824+00:00"}