{"episode_id": "map_09b_wintertown_demo02_obj_pn_0018", "episode_idx": 7, "agent_name": "GhostAgent_7", "SR": 0.0, "SPL": 0.0, "SoftSPL": 0.2591949771435819, "PLR": 1.0983559956210103, "nDTW": 2.499783169322003e-68, "CLS": 0.056919729250553636, "steps": 40, "path_length_cm": 7316.92911958844, "cumulative_reward": 1537.675662142683, "ended_reason": "max_steps", "metrics": {"SR": 0.0, "SPL": 0.0, "SoftSPL": 0.2591949771435819, "PLR": 1.0983559956210103, "nDTW": 2.499783169322003e-68, "CLS": 0.056919729250553636, "path_length_cm": 7316.92911958844, "cumulative_reward": 1537.675662142683}, "token_totals": {"input": 119503, "output": 5997, "calls": 40}, "finished_at": "2026-04-22T23:28:32.110507+00:00"}