{"episode_id": "map_22_containeryard_demo_native_obj_pn_0005", "episode_idx": 3, "agent_name": "GhostAgent_3", "SR": 1.0, "SPL": 0.40069659727832074, "SoftSPL": 0.3746044938832356, "PLR": 2.4956538358258324, "nDTW": 1.01936662448094e-35, "CLS": 0.27396806303088017, "steps": 31, "path_length_cm": 6738.340226344823, "cumulative_reward": 2481.756681313467, "ended_reason": "success", "metrics": {"SR": 1.0, "SPL": 0.40069659727832074, "SoftSPL": 0.3746044938832356, "PLR": 2.4956538358258324, "nDTW": 1.01936662448094e-35, "CLS": 0.27396806303088017, "path_length_cm": 6738.340226344823, "cumulative_reward": 2481.756681313467}, "token_totals": {"input": 93513, "output": 4645, "calls": 31}, "finished_at": "2026-04-23T00:19:23.155678+00:00"}