{
  "map": "map_11_wintertown_demo01_remix",
  "n": 40,
  "SR": 0.275,
  "SPL": 0.22800019407134306,
  "SoftSPL": 0.40227569380476413,
  "nDTW": 0.00046204979704885196,
  "avg_steps": 32.75
}