{"episode_id": "map_09b_wintertown_demo02_obj_on_0018", "episode_idx": 9, "agent_name": "GhostAgent_9", "SR": 0.0, "SPL": 0.0, "SoftSPL": 0.16671748149225485, "PLR": 0.4645394631747167, "nDTW": 6.781584098775215e-33, "CLS": 0.13488166259833045, "steps": 40, "path_length_cm": 3094.627187225642, "cumulative_reward": 740.353918799402, "ended_reason": "max_steps", "metrics": {"SR": 0.0, "SPL": 0.0, "SoftSPL": 0.16671748149225485, "PLR": 0.4645394631747167, "nDTW": 6.781584098775215e-33, "CLS": 0.13488166259833045, "path_length_cm": 3094.627187225642, "cumulative_reward": 740.353918799402}, "token_totals": {"input": 129376, "output": 8172, "calls": 40}, "finished_at": "2026-04-22T23:26:48.648546+00:00"}