{"episode_id": "map_08_cave_remix_obj_pn_0010", "episode_idx": 8, "agent_name": "GhostAgent_8", "SR": 0.0, "SPL": 0.0, "SoftSPL": 0.0, "PLR": 0.0, "nDTW": 0.004989366990807961, "CLS": 0.09352272212558362, "steps": 40, "path_length_cm": 0.0, "cumulative_reward": -0.4000000000000002, "ended_reason": "max_steps", "metrics": {"SR": 0.0, "SPL": 0.0, "SoftSPL": 0.0, "PLR": 0.0, "nDTW": 0.004989366990807961, "CLS": 0.09352272212558362, "path_length_cm": 0.0, "cumulative_reward": -0.4000000000000002}, "token_totals": {"input": 32587, "output": 1894, "calls": 40}, "finished_at": "2026-04-23T15:07:42.546152+00:00"}