{"episode_id": "map_31_gothic_day_remix_obj_pn_0007", "episode_idx": 6, "agent_name": "GhostAgent_6", "SR": 0.0, "SPL": 0.0, "SoftSPL": 0.393443760388691, "PLR": 0.026271565830460388, "nDTW": 0.0001398960279110661, "CLS": 0.08126319356423696, "steps": 40, "path_length_cm": 158.91328640489692, "cumulative_reward": -60.23770945473854, "ended_reason": "max_steps", "metrics": {"SR": 0.0, "SPL": 0.0, "SoftSPL": 0.393443760388691, "PLR": 0.026271565830460388, "nDTW": 0.0001398960279110661, "CLS": 0.08126319356423696, "path_length_cm": 158.91328640489692, "cumulative_reward": -60.23770945473854}, "token_totals": {"input": 122782, "output": 7520, "calls": 40}, "finished_at": "2026-04-23T01:01:10.747900+00:00"}