{"episode_id": "map_62_trainstation_cross_remix_on_0015", "episode_idx": 5, "agent_name": "GhostAgent_5", "SR": 0.0, "SPL": 0.0, "SoftSPL": 0.0, "PLR": 0.2147192119962335, "nDTW": 8.415310773015376e-13, "CLS": 0.30509958462740316, "steps": 40, "path_length_cm": 269.2879525329563, "cumulative_reward": -104.06235393158192, "ended_reason": "max_steps", "metrics": {"SR": 0.0, "SPL": 0.0, "SoftSPL": 0.0, "PLR": 0.2147192119962335, "nDTW": 8.415310773015376e-13, "CLS": 0.30509958462740316, "path_length_cm": 269.2879525329563, "cumulative_reward": -104.06235393158192}, "token_totals": {"input": 113892, "output": 5073, "calls": 40}, "finished_at": "2026-04-23T03:15:10.649490+00:00"}