{"episode_id": "map_40_B2_open_plaza_obj_pn_0017", "episode_idx": 7, "agent_name": "GhostAgent_7", "SR": 0.0, "SPL": 0.0, "SoftSPL": 0.0, "PLR": 1.5638273905679445, "nDTW": 2.146523477622835e-59, "CLS": 0.01776268785176418, "steps": 40, "path_length_cm": 10458.252057162186, "cumulative_reward": -54.15027453335751, "ended_reason": "max_steps", "metrics": {"SR": 0.0, "SPL": 0.0, "SoftSPL": 0.0, "PLR": 1.5638273905679445, "nDTW": 2.146523477622835e-59, "CLS": 0.01776268785176418, "path_length_cm": 10458.252057162186, "cumulative_reward": -54.15027453335751}, "token_totals": {"input": 123655, "output": 6207, "calls": 40}, "finished_at": "2026-04-23T16:55:03.843800+00:00"}