{"episode_id": "map_21_hwaseong_remix2_obj_on_0014", "episode_idx": 4, "agent_name": "GhostAgent_4", "SR": 0.0, "SPL": 0.0, "SoftSPL": 0.010389627477849439, "PLR": 0.0, "nDTW": 1.1952222553536812e-08, "CLS": 0.1666666667133877, "steps": 40, "path_length_cm": 0.0, "cumulative_reward": -0.4000000000000002, "ended_reason": "max_steps", "metrics": {"SR": 0.0, "SPL": 0.0, "SoftSPL": 0.010389627477849439, "PLR": 0.0, "nDTW": 1.1952222553536812e-08, "CLS": 0.1666666667133877, "path_length_cm": 0.0, "cumulative_reward": -0.4000000000000002}, "token_totals": {"input": 31950, "output": 1427, "calls": 40}, "finished_at": "2026-04-23T18:27:43.934076+00:00"}