{
  "map": "map_33_gothic_night_remix",
  "n": 17,
  "SR": 0.17647058823529413,
  "SPL": 0.1720008877617276,
  "SoftSPL": 0.27326443935467504,
  "nDTW": 0.003952263084591847,
  "avg_steps": 35.94117647058823
}