{"episode_id": "map_61_containeryard_day_big_remix_obj_pn_0014", "episode_idx": 8, "agent_name": "GhostAgent_8", "SR": 0.0, "SPL": 0.0, "SoftSPL": 0.1243655939715409, "PLR": 0.0, "nDTW": 3.8114340420404997e-07, "CLS": 0.0801815190144696, "steps": 40, "path_length_cm": 0.0, "cumulative_reward": -0.4000000000000002, "ended_reason": "max_steps", "metrics": {"SR": 0.0, "SPL": 0.0, "SoftSPL": 0.1243655939715409, "PLR": 0.0, "nDTW": 3.8114340420404997e-07, "CLS": 0.0801815190144696, "path_length_cm": 0.0, "cumulative_reward": -0.4000000000000002}, "token_totals": {"input": 33106, "output": 1964, "calls": 40}, "finished_at": "2026-04-23T16:30:51.501225+00:00"}