{"episode_id": "map_61_containeryard_day_big_remix_obj_on_0002", "episode_idx": 2, "agent_name": "GhostAgent_2", "SR": 1.0, "SPL": 0.9820472008841202, "SoftSPL": 0.9632179586827866, "PLR": 1.018280994131155, "nDTW": 6.33711112363017e-15, "CLS": 0.682914649170338, "steps": 15, "path_length_cm": 4288.531138023124, "cumulative_reward": 4133.143192326667, "ended_reason": "success", "metrics": {"SR": 1.0, "SPL": 0.9820472008841202, "SoftSPL": 0.9632179586827866, "PLR": 1.018280994131155, "nDTW": 6.33711112363017e-15, "CLS": 0.682914649170338, "path_length_cm": 4288.531138023124, "cumulative_reward": 4133.143192326667}, "token_totals": {"input": 12248, "output": 895, "calls": 15}, "finished_at": "2026-04-23T16:53:40.268355+00:00"}