{"episode_id": "map_15_middleeast_remix_pn_0006", "episode_idx": 4, "agent_name": "GhostAgent_4", "SR": 0.0, "SPL": 0.0, "SoftSPL": 0.03172900780217158, "PLR": 0.0, "nDTW": 0.03172900780217158, "CLS": 0.03172900780217158, "steps": 0, "path_length_cm": 0.0, "cumulative_reward": 0.0, "ended_reason": "spawn_blocked", "metrics": {"SR": 0.0, "SPL": 0.0, "SoftSPL": 0.03172900780217158, "PLR": 0.0, "nDTW": 0.03172900780217158, "CLS": 0.03172900780217158, "path_length_cm": 0.0, "cumulative_reward": 0.0}, "token_totals": {"input": 0, "output": 0, "calls": 0}, "finished_at": "2026-04-23T19:44:32.571365+00:00"}