{"episode_id": "map_16_hwaseong_remix_on_0018", "episode_idx": 8, "agent_name": "GhostAgent_8", "SR": 0.0, "SPL": 0.0, "SoftSPL": 0.0611663702707298, "PLR": 0.15798004153995504, "nDTW": 9.647483198166573e-15, "CLS": 0.1827546134708528, "steps": 40, "path_length_cm": 514.0654753705983, "cumulative_reward": -77.65841122301173, "ended_reason": "max_steps", "metrics": {"SR": 0.0, "SPL": 0.0, "SoftSPL": 0.0611663702707298, "PLR": 0.15798004153995504, "nDTW": 9.647483198166573e-15, "CLS": 0.1827546134708528, "path_length_cm": 514.0654753705983, "cumulative_reward": -77.65841122301173}, "token_totals": {"input": 123399, "output": 6435, "calls": 40}, "finished_at": "2026-04-23T00:15:20.858573+00:00"}