{"episode_id": "map_40_B2_open_plaza_obj_pn_0019", "episode_idx": 9, "agent_name": "GhostAgent_9", "SR": 0.0, "SPL": 0.0, "SoftSPL": 0.7508909043865686, "PLR": 0.7932589986808218, "nDTW": 6.456593387839546e-17, "CLS": 0.05417181515959065, "steps": 40, "path_length_cm": 3788.3670000000006, "cumulative_reward": 3456.7283431611995, "ended_reason": "max_steps", "metrics": {"SR": 0.0, "SPL": 0.0, "SoftSPL": 0.7508909043865686, "PLR": 0.7932589986808218, "nDTW": 6.456593387839546e-17, "CLS": 0.05417181515959065, "path_length_cm": 3788.3670000000006, "cumulative_reward": 3456.7283431611995}, "token_totals": {"input": 117958, "output": 5539, "calls": 40}, "finished_at": "2026-04-23T16:55:03.902979+00:00"}