{"episode_id": "map_09b_wintertown_demo02_obj_pn_0016", "episode_idx": 6, "agent_name": "GhostAgent_6", "SR": 0.0, "SPL": 0.0, "SoftSPL": 0.0, "PLR": 6.350533379677767, "nDTW": 1.0150951295437841e-138, "CLS": 0.006298683867525907, "steps": 13, "path_length_cm": 50624.292921442066, "cumulative_reward": -46056.323328728984, "ended_reason": "step_error", "metrics": {"SR": 0.0, "SPL": 0.0, "SoftSPL": 0.0, "PLR": 6.350533379677767, "nDTW": 1.0150951295437841e-138, "CLS": 0.006298683867525907, "path_length_cm": 50624.292921442066, "cumulative_reward": -46056.323328728984}, "token_totals": {"input": 35912, "output": 2130, "calls": 13}, "finished_at": "2026-04-23T17:57:23.284153+00:00"}