{"episode_id": "map_31_gothic_day_remix_on_0005", "episode_idx": 5, "agent_name": "GhostAgent_5", "SR": 0.0, "SPL": 0.0, "SoftSPL": 0.4716824527136304, "PLR": 0.4460608685961277, "nDTW": 4.0784995508181696e-07, "CLS": 0.41261812916575746, "steps": 40, "path_length_cm": 2275.2583573177562, "cumulative_reward": 2264.146042689423, "ended_reason": "max_steps", "metrics": {"SR": 0.0, "SPL": 0.0, "SoftSPL": 0.4716824527136304, "PLR": 0.4460608685961277, "nDTW": 4.0784995508181696e-07, "CLS": 0.41261812916575746, "path_length_cm": 2275.2583573177562, "cumulative_reward": 2264.146042689423}, "token_totals": {"input": 107375, "output": 3924, "calls": 40}, "finished_at": "2026-04-23T18:01:42.049873+00:00"}