{"episode_id": "map_67_B12_construction_site_obj_pn_0019", "episode_idx": 5, "agent_name": "GhostAgent_5", "SR": 0.0, "SPL": 0.0, "SoftSPL": 0.03290611543850386, "PLR": 0.6642563809515097, "nDTW": 5.074007466503021e-66, "CLS": 0.041817856197189744, "steps": 40, "path_length_cm": 5206.401658515076, "cumulative_reward": 98.49661061952754, "ended_reason": "max_steps", "metrics": {"SR": 0.0, "SPL": 0.0, "SoftSPL": 0.03290611543850386, "PLR": 0.6642563809515097, "nDTW": 5.074007466503021e-66, "CLS": 0.041817856197189744, "path_length_cm": 5206.401658515076, "cumulative_reward": 98.49661061952754}, "token_totals": {"input": 127927, "output": 7229, "calls": 40}, "finished_at": "2026-04-23T17:18:57.474486+00:00"}