{"episode_id": "map_03_watertown_remix_pn_0011", "episode_idx": 1, "agent_name": "GhostAgent_1", "SR": 0.0, "SPL": 0.0, "SoftSPL": 0.0, "PLR": 0.0, "nDTW": 0.015685307871365215, "CLS": 0.09780586733560274, "steps": 40, "path_length_cm": 0.0, "cumulative_reward": -0.4000000000000002, "ended_reason": "max_steps", "metrics": {"SR": 0.0, "SPL": 0.0, "SoftSPL": 0.0, "PLR": 0.0, "nDTW": 0.015685307871365215, "CLS": 0.09780586733560274, "path_length_cm": 0.0, "cumulative_reward": -0.4000000000000002}, "token_totals": {"input": 399008, "output": 3923, "calls": 40}, "finished_at": "2026-04-22T20:04:07.225685+00:00"}