{"episode_id": "map_22_containeryard_demo_native_on_0001", "episode_idx": 1, "agent_name": "GhostAgent_1", "SR": 0.0, "SPL": 0.0, "SoftSPL": 0.7158644981132585, "PLR": 0.7927556526952085, "nDTW": 1.2309918740158194e-72, "CLS": 0.31537618003345186, "steps": 40, "path_length_cm": 5766.67902394854, "cumulative_reward": 5206.960483287234, "ended_reason": "max_steps", "metrics": {"SR": 0.0, "SPL": 0.0, "SoftSPL": 0.7158644981132585, "PLR": 0.7927556526952085, "nDTW": 1.2309918740158194e-72, "CLS": 0.31537618003345186, "path_length_cm": 5766.67902394854, "cumulative_reward": 5206.960483287234}, "token_totals": {"input": 131786, "output": 8242, "calls": 40}, "finished_at": "2026-04-22T23:47:44.146167+00:00"}