{"episode_id": "map_53_courtyard_sanny_big_remix_on_0006", "episode_idx": 6, "agent_name": "GhostAgent_6", "SR": 1.0, "SPL": 1.0, "SoftSPL": 0.9326626144169878, "PLR": 0.7359781257677867, "nDTW": 0.2286971751265711, "CLS": 0.26092067634604416, "steps": 8, "path_length_cm": 1330.9870013260115, "cumulative_reward": 1150.0751192573227, "ended_reason": "success", "metrics": {"SR": 1.0, "SPL": 1.0, "SoftSPL": 0.9326626144169878, "PLR": 0.7359781257677867, "nDTW": 0.2286971751265711, "CLS": 0.26092067634604416, "path_length_cm": 1330.9870013260115, "cumulative_reward": 1150.0751192573227}, "token_totals": {"input": 15606, "output": 638, "calls": 8}, "finished_at": "2026-04-23T14:20:55.448295+00:00"}