{"episode_id": "map_10_B1_urban_grid_on_0004", "episode_idx": 4, "agent_name": "GhostAgent_4", "SR": 1.0, "SPL": 0.5320858478092655, "SoftSPL": 0.5029840240285197, "PLR": 1.8793959736333103, "nDTW": 1.8007306569217132e-22, "CLS": 0.2672626157281233, "steps": 27, "path_length_cm": 6003.655261932665, "cumulative_reward": 3021.9767595826916, "ended_reason": "success", "metrics": {"SR": 1.0, "SPL": 0.5320858478092655, "SoftSPL": 0.5029840240285197, "PLR": 1.8793959736333103, "nDTW": 1.8007306569217132e-22, "CLS": 0.2672626157281233, "path_length_cm": 6003.655261932665, "cumulative_reward": 3021.9767595826916}, "token_totals": {"input": 80516, "output": 3890, "calls": 27}, "finished_at": "2026-04-23T12:58:19.918038+00:00"}