{"episode_id": "map_26_courtyard_overcast_native_obj_pn_0008", "episode_idx": 1, "agent_name": "GhostAgent_1", "SR": 0.0, "SPL": 0.0, "SoftSPL": 0.24875387847379526, "PLR": 0.0, "nDTW": 0.004619111324071043, "CLS": 0.11732074786353179, "steps": 0, "path_length_cm": 0.0, "cumulative_reward": 0.0, "ended_reason": "spawn_blocked", "metrics": {"SR": 0.0, "SPL": 0.0, "SoftSPL": 0.24875387847379526, "PLR": 0.0, "nDTW": 0.004619111324071043, "CLS": 0.11732074786353179, "path_length_cm": 0.0, "cumulative_reward": 0.0}, "token_totals": {"input": 0, "output": 0, "calls": 0}, "finished_at": "2026-04-23T18:44:23.974691+00:00"}