{"episode_id": "map_47_wintertown_demo01_minimal_obj_on_0016", "episode_idx": 6, "agent_name": "GhostAgent_6", "SR": 1.0, "SPL": 0.5771978213533984, "SoftSPL": 0.5501200749558072, "PLR": 1.7325082718698177, "nDTW": 0.0004037201692301531, "CLS": 0.06555639066035604, "steps": 25, "path_length_cm": 5779.370393634213, "cumulative_reward": 1883.462348035107, "ended_reason": "success", "metrics": {"SR": 1.0, "SPL": 0.5771978213533984, "SoftSPL": 0.5501200749558072, "PLR": 1.7325082718698177, "nDTW": 0.0004037201692301531, "CLS": 0.06555639066035604, "path_length_cm": 5779.370393634213, "cumulative_reward": 1883.462348035107}, "token_totals": {"input": 72584, "output": 3482, "calls": 25}, "finished_at": "2026-04-23T02:13:36.228398+00:00"}