{"episode_id": "map_05_middleeast_native_on_0019", "episode_idx": 3, "agent_name": "GhostAgent_3", "SR": 0.0, "SPL": 0.0, "SoftSPL": 0.3966829039746008, "PLR": 0.3280813146544977, "nDTW": 2.108952233488052e-39, "CLS": 0.12192102445372359, "steps": 40, "path_length_cm": 2200.694, "cumulative_reward": 2198.7980728844814, "ended_reason": "max_steps", "metrics": {"SR": 0.0, "SPL": 0.0, "SoftSPL": 0.3966829039746008, "PLR": 0.3280813146544977, "nDTW": 2.108952233488052e-39, "CLS": 0.12192102445372359, "path_length_cm": 2200.694, "cumulative_reward": 2198.7980728844814}, "token_totals": {"input": 434969, "output": 6845, "calls": 40}, "finished_at": "2026-04-22T21:47:32.324864+00:00"}