{"episode_id": "map_34_temple_plaza_native_pn_0004", "episode_idx": 4, "agent_name": "GhostAgent_4", "SR": 0.0, "SPL": 0.0, "SoftSPL": 0.5844362065733159, "PLR": 0.034812599392349174, "nDTW": 3.421813938275632e-05, "CLS": 0.07396614044448288, "steps": 40, "path_length_cm": 139.44499999999994, "cumulative_reward": -14.360712360626977, "ended_reason": "max_steps", "metrics": {"SR": 0.0, "SPL": 0.0, "SoftSPL": 0.5844362065733159, "PLR": 0.034812599392349174, "nDTW": 3.421813938275632e-05, "CLS": 0.07396614044448288, "path_length_cm": 139.44499999999994, "cumulative_reward": -14.360712360626977}, "token_totals": {"input": 36470, "output": 2881, "calls": 40}, "finished_at": "2026-04-23T15:33:32.934869+00:00"}