{"episode_id": "map_09b_wintertown_demo02_pn_0000", "episode_idx": 0, "agent_name": "GhostAgent_0", "SR": 0.0, "SPL": 0.0, "SoftSPL": 0.0, "PLR": 11.546012029353383, "nDTW": 9.859856049034908e-226, "CLS": 0.021039903899358833, "steps": 9, "path_length_cm": 49543.12939711331, "cumulative_reward": -29939.958894848223, "ended_reason": "step_error", "metrics": {"SR": 0.0, "SPL": 0.0, "SoftSPL": 0.0, "PLR": 11.546012029353383, "nDTW": 9.859856049034908e-226, "CLS": 0.021039903899358833, "path_length_cm": 49543.12939711331, "cumulative_reward": -29939.958894848223}, "token_totals": {"input": 20027, "output": 924, "calls": 9}, "finished_at": "2026-04-23T17:57:22.950690+00:00"}