{"episode_id": "map_56_containeryard_settlement_pn_0019", "episode_idx": 7, "agent_name": "GhostAgent_7", "SR": 0.0, "SPL": 0.0, "SoftSPL": 0.6512007243302441, "PLR": 1.0625547881649238, "nDTW": 8.663692882695398e-16, "CLS": 0.42395609828678515, "steps": 40, "path_length_cm": 3164.320035798788, "cumulative_reward": 2972.2342175874696, "ended_reason": "max_steps", "metrics": {"SR": 0.0, "SPL": 0.0, "SoftSPL": 0.6512007243302441, "PLR": 1.0625547881649238, "nDTW": 8.663692882695398e-16, "CLS": 0.42395609828678515, "path_length_cm": 3164.320035798788, "cumulative_reward": 2972.2342175874696}, "token_totals": {"input": 33590, "output": 2195, "calls": 40}, "finished_at": "2026-04-23T18:48:14.314263+00:00"}