{"episode_id": "map_13_watertown_native_pn_0006", "episode_idx": 6, "agent_name": "GhostAgent_6", "SR": 1.0, "SPL": 0.38353851464365385, "SoftSPL": 0.3304243360988488, "PLR": 2.607300080225584, "nDTW": 3.049913550980063e-13, "CLS": 0.19547591526373337, "steps": 19, "path_length_cm": 3197.123504374216, "cumulative_reward": 1058.717682354262, "ended_reason": "success", "metrics": {"SR": 1.0, "SPL": 0.38353851464365385, "SoftSPL": 0.3304243360988488, "PLR": 2.607300080225584, "nDTW": 3.049913550980063e-13, "CLS": 0.19547591526373337, "path_length_cm": 3197.123504374216, "cumulative_reward": 1058.717682354262}, "token_totals": {"input": 52234, "output": 2492, "calls": 19}, "finished_at": "2026-04-23T18:06:42.727654+00:00"}