{"episode_id": "map_21_hwaseong_remix2_on_0009", "episode_idx": 9, "agent_name": "GhostAgent_9", "SR": 0.0, "SPL": 0.0, "SoftSPL": 0.0, "PLR": 0.20347741943698167, "nDTW": 7.583735437069551e-36, "CLS": 0.3138642979535094, "steps": 40, "path_length_cm": 799.0659999999989, "cumulative_reward": -55.08094769986685, "ended_reason": "max_steps", "metrics": {"SR": 0.0, "SPL": 0.0, "SoftSPL": 0.0, "PLR": 0.20347741943698167, "nDTW": 7.583735437069551e-36, "CLS": 0.3138642979535094, "path_length_cm": 799.0659999999989, "cumulative_reward": -55.08094769986685}, "token_totals": {"input": 35315, "output": 2297, "calls": 40}, "finished_at": "2026-04-23T17:56:38.481737+00:00"}