{"episode_id": "map_56_containeryard_settlement_obj_pn_0019", "episode_idx": 4, "agent_name": "GhostAgent_4", "SR": 0.0, "SPL": 0.0, "SoftSPL": 0.0, "PLR": 0.08226199050058752, "nDTW": 7.769669995873832e-06, "CLS": 0.27343821807587, "steps": 40, "path_length_cm": 90.23399999999947, "cumulative_reward": -83.53920181022806, "ended_reason": "max_steps", "metrics": {"SR": 0.0, "SPL": 0.0, "SoftSPL": 0.0, "PLR": 0.08226199050058752, "nDTW": 7.769669995873832e-06, "CLS": 0.27343821807587, "path_length_cm": 90.23399999999947, "cumulative_reward": -83.53920181022806}, "token_totals": {"input": 30783, "output": 1418, "calls": 40}, "finished_at": "2026-04-23T19:07:23.231970+00:00"}