{"episode_id": "map_16_hwaseong_remix_on_0005", "episode_idx": 5, "agent_name": "GhostAgent_5", "SR": 0.0, "SPL": 0.0, "SoftSPL": 0.4326603064337591, "PLR": 0.13678932516300055, "nDTW": 0.003017381957148439, "CLS": 0.1771360087610385, "steps": 40, "path_length_cm": 566.6251574092004, "cumulative_reward": 551.1537040796406, "ended_reason": "max_steps", "metrics": {"SR": 0.0, "SPL": 0.0, "SoftSPL": 0.4326603064337591, "PLR": 0.13678932516300055, "nDTW": 0.003017381957148439, "CLS": 0.1771360087610385, "path_length_cm": 566.6251574092004, "cumulative_reward": 551.1537040796406}, "token_totals": {"input": 106939, "output": 3638, "calls": 40}, "finished_at": "2026-04-22T23:35:41.080687+00:00"}