{"episode_id": "map_28_village_night_native_obj_pn_0017", "episode_idx": 7, "agent_name": "GhostAgent_7", "SR": 1.0, "SPL": 0.9161753166904328, "SoftSPL": 0.9069333739310117, "PLR": 1.0914941515913934, "nDTW": 2.7740178677504755e-26, "CLS": 0.33048398226089715, "steps": 26, "path_length_cm": 8534.491005766748, "cumulative_reward": 7735.011975797371, "ended_reason": "success", "metrics": {"SR": 1.0, "SPL": 0.9161753166904328, "SoftSPL": 0.9069333739310117, "PLR": 1.0914941515913934, "nDTW": 2.7740178677504755e-26, "CLS": 0.33048398226089715, "path_length_cm": 8534.491005766748, "cumulative_reward": 7735.011975797371}, "token_totals": {"input": 70062, "output": 2672, "calls": 26}, "finished_at": "2026-04-23T00:25:14.177218+00:00"}