{"episode_id": "map_22_containeryard_demo_native_on_0003", "episode_idx": 3, "agent_name": "GhostAgent_3", "SR": 0.0, "SPL": 0.0, "SoftSPL": 0.42589095914345465, "PLR": 0.9741387601694731, "nDTW": 8.925629002488509e-29, "CLS": 0.021026393082561497, "steps": 40, "path_length_cm": 5474.192245547558, "cumulative_reward": 2143.326097855159, "ended_reason": "max_steps", "metrics": {"SR": 0.0, "SPL": 0.0, "SoftSPL": 0.42589095914345465, "PLR": 0.9741387601694731, "nDTW": 8.925629002488509e-29, "CLS": 0.021026393082561497, "path_length_cm": 5474.192245547558, "cumulative_reward": 2143.326097855159}, "token_totals": {"input": 127870, "output": 7336, "calls": 40}, "finished_at": "2026-04-22T23:47:44.147399+00:00"}