{"episode_id": "map_01_wintertown_native_obj_pn_0012", "episode_idx": 3, "agent_name": "GhostAgent_3", "SR": 1.0, "SPL": 0.9475409829011612, "SoftSPL": 0.9218224301665798, "PLR": 1.0553633225849726, "nDTW": 1.8509788930107116e-16, "CLS": 0.23571035852253833, "steps": 19, "path_length_cm": 7174.243776967159, "cumulative_reward": 6607.156094607325, "ended_reason": "success", "metrics": {"SR": 1.0, "SPL": 0.9475409829011612, "SoftSPL": 0.9218224301665798, "PLR": 1.0553633225849726, "nDTW": 1.8509788930107116e-16, "CLS": 0.23571035852253833, "path_length_cm": 7174.243776967159, "cumulative_reward": 6607.156094607325}, "token_totals": {"input": 47194, "output": 1576, "calls": 19}, "finished_at": "2026-04-22T22:38:09.154241+00:00"}