{"episode_id": "map_15_middleeast_remix_obj_on_0010", "episode_idx": 9, "agent_name": "GhostAgent_9", "SR": 0.0, "SPL": 0.0, "SoftSPL": 0.7332603782049142, "PLR": 0.6796626153768448, "nDTW": 3.0979148281464985e-10, "CLS": 0.12421462945705998, "steps": 40, "path_length_cm": 3829.7697017515993, "cumulative_reward": 3822.655037440895, "ended_reason": "max_steps", "metrics": {"SR": 0.0, "SPL": 0.0, "SoftSPL": 0.7332603782049142, "PLR": 0.6796626153768448, "nDTW": 3.0979148281464985e-10, "CLS": 0.12421462945705998, "path_length_cm": 3829.7697017515993, "cumulative_reward": 3822.655037440895}, "token_totals": {"input": 36544, "output": 2900, "calls": 40}, "finished_at": "2026-04-23T15:06:48.280986+00:00"}