{"episode_id": "map_19_wintertown_demo02_native_pn_0008", "episode_idx": 8, "agent_name": "GhostAgent_8", "SR": 0.0, "SPL": 0.0, "SoftSPL": 0.46048277420464984, "PLR": 1.6197965759467796, "nDTW": 4.291120983263552e-21, "CLS": 0.19749764593773766, "steps": 40, "path_length_cm": 6309.561206353972, "cumulative_reward": 2666.0246175183015, "ended_reason": "max_steps", "metrics": {"SR": 0.0, "SPL": 0.0, "SoftSPL": 0.46048277420464984, "PLR": 1.6197965759467796, "nDTW": 4.291120983263552e-21, "CLS": 0.19749764593773766, "path_length_cm": 6309.561206353972, "cumulative_reward": 2666.0246175183015}, "token_totals": {"input": 112531, "output": 3617, "calls": 40}, "finished_at": "2026-04-22T23:11:42.268388+00:00"}