{"episode_id": "map_09b_wintertown_demo02_on_0002", "episode_idx": 2, "agent_name": "GhostAgent_2", "SR": 0.0, "SPL": 0.0, "SoftSPL": 0.02398972991683035, "PLR": 0.03130100405759598, "nDTW": 1.5561788411026295e-07, "CLS": 0.20007574090722707, "steps": 40, "path_length_cm": 176.33358033838576, "cumulative_reward": 127.71211683615955, "ended_reason": "max_steps", "metrics": {"SR": 0.0, "SPL": 0.0, "SoftSPL": 0.02398972991683035, "PLR": 0.03130100405759598, "nDTW": 1.5561788411026295e-07, "CLS": 0.20007574090722707, "path_length_cm": 176.33358033838576, "cumulative_reward": 127.71211683615955}, "token_totals": {"input": 471661, "output": 6820, "calls": 40}, "finished_at": "2026-04-22T19:16:22.889585+00:00"}