{"episode_id": "map_40_B2_open_plaza_on_0018", "episode_idx": 1, "agent_name": "GhostAgent_1", "SR": 0.0, "SPL": 0.0, "SoftSPL": 0.0, "PLR": 1.026867097568947, "nDTW": 9.42496685028372e-112, "CLS": 0.24345896425341795, "steps": 40, "path_length_cm": 6150.451286902135, "cumulative_reward": -2540.001579505354, "ended_reason": "max_steps", "metrics": {"SR": 0.0, "SPL": 0.0, "SoftSPL": 0.0, "PLR": 1.026867097568947, "nDTW": 9.42496685028372e-112, "CLS": 0.24345896425341795, "path_length_cm": 6150.451286902135, "cumulative_reward": -2540.001579505354}, "token_totals": {"input": 122407, "output": 5579, "calls": 40}, "finished_at": "2026-04-23T14:01:28.521403+00:00"}