{"episode_id": "map_05_middleeast_native_obj_pn_0004", "episode_idx": 2, "agent_name": "GhostAgent_2", "SR": 0.0, "SPL": 0.0, "SoftSPL": 0.3833088695682696, "PLR": 0.9379819338754769, "nDTW": 8.584416776731838e-35, "CLS": 0.07446020013918751, "steps": 40, "path_length_cm": 5998.385087314336, "cumulative_reward": 3257.3364457399466, "ended_reason": "max_steps", "metrics": {"SR": 0.0, "SPL": 0.0, "SoftSPL": 0.3833088695682696, "PLR": 0.9379819338754769, "nDTW": 8.584416776731838e-35, "CLS": 0.07446020013918751, "path_length_cm": 5998.385087314336, "cumulative_reward": 3257.3364457399466}, "token_totals": {"input": 440070, "output": 4790, "calls": 40}, "finished_at": "2026-04-22T20:54:32.754511+00:00"}