{"episode_id": "map_49_courtyard_sunny_packed_on_0018", "episode_idx": 8, "agent_name": "GhostAgent_8", "SR": 0.0, "SPL": 0.0, "SoftSPL": 0.027487182021864398, "PLR": 0.008467604937763216, "nDTW": 0.008870140051127361, "CLS": 0.12207587764153312, "steps": 40, "path_length_cm": 16.44900000000007, "cumulative_reward": 2.419773753443323, "ended_reason": "max_steps", "metrics": {"SR": 0.0, "SPL": 0.0, "SoftSPL": 0.027487182021864398, "PLR": 0.008467604937763216, "nDTW": 0.008870140051127361, "CLS": 0.12207587764153312, "path_length_cm": 16.44900000000007, "cumulative_reward": 2.419773753443323}, "token_totals": {"input": 121041, "output": 6233, "calls": 40}, "finished_at": "2026-04-23T02:41:35.962453+00:00"}