{"episode_id": "map_27_courtyard_overcast_remix_obj_on_0004", "episode_idx": 4, "agent_name": "GhostAgent_4", "SR": 1.0, "SPL": 0.995930923528289, "SoftSPL": 0.963351384188145, "PLR": 1.0040857015035696, "nDTW": 0.18828545586910192, "CLS": 0.8477295220145736, "steps": 6, "path_length_cm": 1032.4210000000003, "cumulative_reward": 997.0235691993927, "ended_reason": "success", "metrics": {"SR": 1.0, "SPL": 0.995930923528289, "SoftSPL": 0.963351384188145, "PLR": 1.0040857015035696, "nDTW": 0.18828545586910192, "CLS": 0.8477295220145736, "path_length_cm": 1032.4210000000003, "cumulative_reward": 997.0235691993927}, "token_totals": {"input": 3955, "output": 375, "calls": 6}, "finished_at": "2026-04-23T15:43:37.279995+00:00"}