{"episode_id": "map_45_B7_park_with_paths_pn_0010", "episode_idx": 0, "agent_name": "GhostAgent_0", "SR": 0.0, "SPL": 0.0, "SoftSPL": 0.0004045812779633895, "PLR": 0.0, "nDTW": 6.340492756776845e-11, "CLS": 0.1666666666666676, "steps": 0, "path_length_cm": 0.0, "cumulative_reward": 0.0, "ended_reason": "spawn_blocked", "metrics": {"SR": 0.0, "SPL": 0.0, "SoftSPL": 0.0004045812779633895, "PLR": 0.0, "nDTW": 6.340492756776845e-11, "CLS": 0.1666666666666676, "path_length_cm": 0.0, "cumulative_reward": 0.0}, "token_totals": {"input": 0, "output": 0, "calls": 0}, "finished_at": "2026-04-23T19:18:31.265745+00:00"}