{"episode_id": "map_66_middleeast_bazaar_pn_0001", "episode_idx": 1, "agent_name": "GhostAgent_1", "SR": 0.0, "SPL": 0.0, "SoftSPL": 0.0, "PLR": 0.002839044095596594, "nDTW": 0.0032921459428166817, "CLS": 0.07909670723216244, "steps": 40, "path_length_cm": 12.136090185887717, "cumulative_reward": 8.702456921094935, "ended_reason": "max_steps", "metrics": {"SR": 0.0, "SPL": 0.0, "SoftSPL": 0.0, "PLR": 0.002839044095596594, "nDTW": 0.0032921459428166817, "CLS": 0.07909670723216244, "path_length_cm": 12.136090185887717, "cumulative_reward": 8.702456921094935}, "token_totals": {"input": 33646, "output": 2030, "calls": 40}, "finished_at": "2026-04-23T18:41:08.108131+00:00"}