{"episode_id": "map_47_wintertown_demo01_minimal_on_0003", "episode_idx": 3, "agent_name": "GhostAgent_3", "SR": 0.0, "SPL": 0.0, "SoftSPL": 0.0013693212203417238, "PLR": 0.003837555115961925, "nDTW": 6.702155195506838e-07, "CLS": 0.2509630846740587, "steps": 40, "path_length_cm": 19.003265929834175, "cumulative_reward": 6.2559941947071, "ended_reason": "max_steps", "metrics": {"SR": 0.0, "SPL": 0.0, "SoftSPL": 0.0013693212203417238, "PLR": 0.003837555115961925, "nDTW": 6.702155195506838e-07, "CLS": 0.2509630846740587, "path_length_cm": 19.003265929834175, "cumulative_reward": 6.2559941947071}, "token_totals": {"input": 105864, "output": 2163, "calls": 40}, "finished_at": "2026-04-23T01:28:57.258054+00:00"}