{"episode_id": "map_61_containeryard_day_big_remix_on_0014", "episode_idx": 4, "agent_name": "GhostAgent_4", "SR": 0.0, "SPL": 0.0, "SoftSPL": 0.0, "PLR": 0.377427508616141, "nDTW": 1.6832844363646155e-19, "CLS": 0.29554297697518694, "steps": 40, "path_length_cm": 579.3550000008626, "cumulative_reward": -547.7288612822242, "ended_reason": "max_steps", "metrics": {"SR": 0.0, "SPL": 0.0, "SoftSPL": 0.0, "PLR": 0.377427508616141, "nDTW": 1.6832844363646155e-19, "CLS": 0.29554297697518694, "path_length_cm": 579.3550000008626, "cumulative_reward": -547.7288612822242}, "token_totals": {"input": 35172, "output": 2395, "calls": 40}, "finished_at": "2026-04-23T16:41:39.320244+00:00"}