{"episode_id": "map_68_B13_suburban_park_obj_on_0003", "episode_idx": 3, "agent_name": "GhostAgent_3", "SR": 0.0, "SPL": 0.0, "SoftSPL": 0.0062007762045854335, "PLR": 1.8177347451285344, "nDTW": 1.4118091417439827e-37, "CLS": 0.01126150184088362, "steps": 40, "path_length_cm": 13651.297000000002, "cumulative_reward": 0.2141654372130688, "ended_reason": "max_steps", "metrics": {"SR": 0.0, "SPL": 0.0, "SoftSPL": 0.0062007762045854335, "PLR": 1.8177347451285344, "nDTW": 1.4118091417439827e-37, "CLS": 0.01126150184088362, "path_length_cm": 13651.297000000002, "cumulative_reward": 0.2141654372130688}, "token_totals": {"input": 130076, "output": 7256, "calls": 40}, "finished_at": "2026-04-23T04:32:19.347183+00:00"}