{"episode_id": "map_09b_wintertown_demo02_obj_pn_0006", "episode_idx": 6, "agent_name": "GhostAgent_6", "SR": 0.0, "SPL": 0.0, "SoftSPL": 0.9521682182949639, "PLR": 1.0015399060056842, "nDTW": 1.3183348169091424e-39, "CLS": 0.8991924743203806, "steps": 40, "path_length_cm": 7568.4267463046945, "cumulative_reward": 7567.70576499522, "ended_reason": "max_steps", "metrics": {"SR": 0.0, "SPL": 0.0, "SoftSPL": 0.9521682182949639, "PLR": 1.0015399060056842, "nDTW": 1.3183348169091424e-39, "CLS": 0.8991924743203806, "path_length_cm": 7568.4267463046945, "cumulative_reward": 7567.70576499522}, "token_totals": {"input": 108222, "output": 4979, "calls": 40}, "finished_at": "2026-04-22T23:16:35.302161+00:00"}