{"episode_id": "map_10_B1_urban_grid_obj_on_0016", "episode_idx": 0, "agent_name": "GhostAgent_0", "SR": 0.0, "SPL": 0.0, "SoftSPL": 0.001764559720483838, "PLR": 0.0, "nDTW": 2.622761268052009e-10, "CLS": 0.16666666666667385, "steps": 40, "path_length_cm": 0.0, "cumulative_reward": -0.4000000000000002, "ended_reason": "max_steps", "metrics": {"SR": 0.0, "SPL": 0.0, "SoftSPL": 0.001764559720483838, "PLR": 0.0, "nDTW": 2.622761268052009e-10, "CLS": 0.16666666666667385, "path_length_cm": 0.0, "cumulative_reward": -0.4000000000000002}, "token_totals": {"input": 105823, "output": 2326, "calls": 40}, "finished_at": "2026-04-23T13:38:36.511146+00:00"}