{"episode_id": "map_11_wintertown_demo01_remix_on_0018", "episode_idx": 8, "agent_name": "GhostAgent_8", "SR": 0.0, "SPL": 0.0, "SoftSPL": 0.3249913276881141, "PLR": 0.47337146211745296, "nDTW": 4.89680399937587e-11, "CLS": 0.09812139022316453, "steps": 40, "path_length_cm": 3431.450794030932, "cumulative_reward": 1687.8077005547075, "ended_reason": "max_steps", "metrics": {"SR": 0.0, "SPL": 0.0, "SoftSPL": 0.3249913276881141, "PLR": 0.47337146211745296, "nDTW": 4.89680399937587e-11, "CLS": 0.09812139022316453, "path_length_cm": 3431.450794030932, "cumulative_reward": 1687.8077005547075}, "token_totals": {"input": 123506, "output": 5958, "calls": 40}, "finished_at": "2026-04-22T23:26:58.980330+00:00"}