{"episode_id": "map_59_B10_market_plaza_obj_on_0015", "episode_idx": 5, "agent_name": "GhostAgent_5", "SR": 0.0, "SPL": 0.0, "SoftSPL": 0.5363792256646288, "PLR": 0.9882242768931292, "nDTW": 6.838899930412232e-10, "CLS": 0.06441052569915279, "steps": 40, "path_length_cm": 1811.978387382935, "cumulative_reward": 972.9350630751633, "ended_reason": "max_steps", "metrics": {"SR": 0.0, "SPL": 0.0, "SoftSPL": 0.5363792256646288, "PLR": 0.9882242768931292, "nDTW": 6.838899930412232e-10, "CLS": 0.06441052569915279, "path_length_cm": 1811.978387382935, "cumulative_reward": 972.9350630751633}, "token_totals": {"input": 127768, "output": 8474, "calls": 40}, "finished_at": "2026-04-23T03:16:42.802569+00:00"}