{"episode_id": "map_40_B2_open_plaza_obj_pn_0005", "episode_idx": 5, "agent_name": "GhostAgent_5", "SR": 0.0, "SPL": 0.0, "SoftSPL": 0.2875091084893307, "PLR": 1.7952103885252244, "nDTW": 1.766891646157793e-61, "CLS": 0.061903770859891516, "steps": 40, "path_length_cm": 7395.405099737433, "cumulative_reward": 2072.389358257943, "ended_reason": "max_steps", "metrics": {"SR": 0.0, "SPL": 0.0, "SoftSPL": 0.2875091084893307, "PLR": 1.7952103885252244, "nDTW": 1.766891646157793e-61, "CLS": 0.061903770859891516, "path_length_cm": 7395.405099737433, "cumulative_reward": 2072.389358257943}, "token_totals": {"input": 128262, "output": 8166, "calls": 40}, "finished_at": "2026-04-23T16:36:21.277458+00:00"}