{"episode_id": "map_01_wintertown_native_obj_on_0005", "episode_idx": 4, "agent_name": "GhostAgent_4", "SR": 0.0, "SPL": 0.0, "SoftSPL": 0.0, "PLR": 0.11557441039686643, "nDTW": 5.966801616877284e-29, "CLS": 0.20467727979483608, "steps": 40, "path_length_cm": 797.1710284800744, "cumulative_reward": -728.0157744972284, "ended_reason": "max_steps", "metrics": {"SR": 0.0, "SPL": 0.0, "SoftSPL": 0.0, "PLR": 0.11557441039686643, "nDTW": 5.966801616877284e-29, "CLS": 0.20467727979483608, "path_length_cm": 797.1710284800744, "cumulative_reward": -728.0157744972284}, "token_totals": {"input": 465118, "output": 5607, "calls": 40}, "finished_at": "2026-04-22T21:49:33.549706+00:00"}