{"episode_id": "map_06_hwaseong_native_obj_on_0016", "episode_idx": 1, "agent_name": "GhostAgent_1", "SR": 1.0, "SPL": 1.0, "SoftSPL": 0.9920352285873308, "PLR": 0.9504785953227869, "nDTW": 4.1797417312674895e-05, "CLS": 0.36798435870187474, "steps": 15, "path_length_cm": 5178.502035683094, "cumulative_reward": 5095.678432725411, "ended_reason": "success", "metrics": {"SR": 1.0, "SPL": 1.0, "SoftSPL": 0.9920352285873308, "PLR": 0.9504785953227869, "nDTW": 4.1797417312674895e-05, "CLS": 0.36798435870187474, "path_length_cm": 5178.502035683094, "cumulative_reward": 5095.678432725411}, "token_totals": {"input": 34236, "output": 1118, "calls": 15}, "finished_at": "2026-04-23T14:36:47.964474+00:00"}