{"episode_id": "map_59_B10_market_plaza_on_0015", "episode_idx": 5, "agent_name": "GhostAgent_5", "SR": 0.0, "SPL": 0.0, "SoftSPL": 0.0, "PLR": 1.9409042028389814, "nDTW": 5.600884954336516e-40, "CLS": 0.01462635909443089, "steps": 40, "path_length_cm": 5714.856561965182, "cumulative_reward": -476.6906788975325, "ended_reason": "max_steps", "metrics": {"SR": 0.0, "SPL": 0.0, "SoftSPL": 0.0, "PLR": 1.9409042028389814, "nDTW": 5.600884954336516e-40, "CLS": 0.01462635909443089, "path_length_cm": 5714.856561965182, "cumulative_reward": -476.6906788975325}, "token_totals": {"input": 123436, "output": 6034, "calls": 40}, "finished_at": "2026-04-23T02:47:45.598813+00:00"}