{"episode_id": "map_25_containeryard_day_remix_pn_0018", "episode_idx": 6, "agent_name": "GhostAgent_6", "SR": 0.0, "SPL": 0.0, "SoftSPL": 0.0, "PLR": 3.198517190507336, "nDTW": 1.5294601967800006e-48, "CLS": 0.07841229820667028, "steps": 25, "path_length_cm": 4941.8370000214545, "cumulative_reward": 1869.6864238347605, "ended_reason": "no_tool_call", "metrics": {"SR": 0.0, "SPL": 0.0, "SoftSPL": 0.0, "PLR": 3.198517190507336, "nDTW": 1.5294601967800006e-48, "CLS": 0.07841229820667028, "path_length_cm": 4941.8370000214545, "cumulative_reward": 1869.6864238347605}, "token_totals": {"input": 71602, "output": 4747, "calls": 25}, "finished_at": "2026-04-23T15:52:14.461815+00:00"}