{"episode_id": "map_23_containeryard_demo_remix_on_0007", "episode_idx": 7, "agent_name": "GhostAgent_7", "SR": 1.0, "SPL": 0.5326267485284566, "SoftSPL": 0.5146814780080843, "PLR": 1.8774873826048055, "nDTW": 4.8938199727920236e-15, "CLS": 0.24023663620090924, "steps": 26, "path_length_cm": 5068.314739089325, "cumulative_reward": 2526.5105373209917, "ended_reason": "success", "metrics": {"SR": 1.0, "SPL": 0.5326267485284566, "SoftSPL": 0.5146814780080843, "PLR": 1.8774873826048055, "nDTW": 4.8938199727920236e-15, "CLS": 0.24023663620090924, "path_length_cm": 5068.314739089325, "cumulative_reward": 2526.5105373209917}, "token_totals": {"input": 79170, "output": 4626, "calls": 26}, "finished_at": "2026-04-23T17:30:07.823519+00:00"}