{"episode_id": "map_03_watertown_remix_obj_pn_0014", "episode_idx": 4, "agent_name": "GhostAgent_4", "SR": 1.0, "SPL": 0.9765340416150198, "SoftSPL": 0.9255338338439307, "PLR": 1.024029841649116, "nDTW": 1.247807120925537e-07, "CLS": 0.5160684128080917, "steps": 11, "path_length_cm": 3097.393302334498, "cumulative_reward": 2869.1317555834157, "ended_reason": "success", "metrics": {"SR": 1.0, "SPL": 0.9765340416150198, "SoftSPL": 0.9255338338439307, "PLR": 1.024029841649116, "nDTW": 1.247807120925537e-07, "CLS": 0.5160684128080917, "path_length_cm": 3097.393302334498, "cumulative_reward": 2869.1317555834157}, "token_totals": {"input": 26621, "output": 1752, "calls": 11}, "finished_at": "2026-04-22T22:42:08.497125+00:00"}