{"episode_id": "map_05_middleeast_native_obj_pn_0011", "episode_idx": 4, "agent_name": "GhostAgent_4", "SR": 0.0, "SPL": 0.0, "SoftSPL": 0.20939801959476256, "PLR": 0.1418912778060625, "nDTW": 1.2436275436615414e-05, "CLS": 0.1706942282583076, "steps": 40, "path_length_cm": 1117.8280000328289, "cumulative_reward": 891.941972106997, "ended_reason": "max_steps", "metrics": {"SR": 0.0, "SPL": 0.0, "SoftSPL": 0.20939801959476256, "PLR": 0.1418912778060625, "nDTW": 1.2436275436615414e-05, "CLS": 0.1706942282583076, "path_length_cm": 1117.8280000328289, "cumulative_reward": 891.941972106997}, "token_totals": {"input": 443506, "output": 5045, "calls": 40}, "finished_at": "2026-04-22T21:09:53.117191+00:00"}