{"episode_id": "map_56_containeryard_settlement_pn_0009", "episode_idx": 8, "agent_name": "GhostAgent_8", "SR": 0.0, "SPL": 0.0, "SoftSPL": 0.4433628884270118, "PLR": 0.5053543024693482, "nDTW": 3.4669384697768096e-06, "CLS": 0.35912038328546736, "steps": 40, "path_length_cm": 3324.468225251582, "cumulative_reward": 3085.0309703677476, "ended_reason": "max_steps", "metrics": {"SR": 0.0, "SPL": 0.0, "SoftSPL": 0.4433628884270118, "PLR": 0.5053543024693482, "nDTW": 3.4669384697768096e-06, "CLS": 0.35912038328546736, "path_length_cm": 3324.468225251582, "cumulative_reward": 3085.0309703677476}, "token_totals": {"input": 32052, "output": 1748, "calls": 40}, "finished_at": "2026-04-23T18:37:28.011596+00:00"}