{"episode_id": "map_59_B10_market_plaza_obj_on_0016", "episode_idx": 6, "agent_name": "GhostAgent_6", "SR": 0.0, "SPL": 0.0, "SoftSPL": 0.0, "PLR": 0.4197567652432663, "nDTW": 1.732544255756104e-79, "CLS": 0.4308537954947371, "steps": 40, "path_length_cm": 1991.8339999999998, "cumulative_reward": -56.490949088233116, "ended_reason": "max_steps", "metrics": {"SR": 0.0, "SPL": 0.0, "SoftSPL": 0.0, "PLR": 0.4197567652432663, "nDTW": 1.732544255756104e-79, "CLS": 0.4308537954947371, "path_length_cm": 1991.8339999999998, "cumulative_reward": -56.490949088233116}, "token_totals": {"input": 118388, "output": 5056, "calls": 40}, "finished_at": "2026-04-23T03:16:42.854935+00:00"}