{"episode_id": "map_67_B12_construction_site_pn_0014", "episode_idx": 4, "agent_name": "GhostAgent_4", "SR": 0.0, "SPL": 0.0, "SoftSPL": 0.0, "PLR": 0.8227576583224082, "nDTW": 4.521466517750967e-42, "CLS": 0.07605209304209333, "steps": 40, "path_length_cm": 2934.4145538663684, "cumulative_reward": -1147.0915397464012, "ended_reason": "max_steps", "metrics": {"SR": 0.0, "SPL": 0.0, "SoftSPL": 0.0, "PLR": 0.8227576583224082, "nDTW": 4.521466517750967e-42, "CLS": 0.07605209304209333, "path_length_cm": 2934.4145538663684, "cumulative_reward": -1147.0915397464012}, "token_totals": {"input": 121715, "output": 5902, "calls": 40}, "finished_at": "2026-04-23T05:39:06.655840+00:00"}