{"episode_id": "map_19_wintertown_demo02_native_pn_0001", "episode_idx": 1, "agent_name": "GhostAgent_1", "SR": 0.0, "SPL": 0.0, "SoftSPL": 0.0, "PLR": 0.8373341505771712, "nDTW": 4.357536454807843e-19, "CLS": 0.15648448058756345, "steps": 40, "path_length_cm": 5545.295652246351, "cumulative_reward": -3163.0270998077394, "ended_reason": "max_steps", "metrics": {"SR": 0.0, "SPL": 0.0, "SoftSPL": 0.0, "PLR": 0.8373341505771712, "nDTW": 4.357536454807843e-19, "CLS": 0.15648448058756345, "path_length_cm": 5545.295652246351, "cumulative_reward": -3163.0270998077394}, "token_totals": {"input": 125522, "output": 6988, "calls": 40}, "finished_at": "2026-04-22T23:11:42.265649+00:00"}