{"episode_id": "map_62_trainstation_cross_remix_obj_on_0019", "episode_idx": 7, "agent_name": "GhostAgent_7", "SR": 0.0, "SPL": 0.0, "SoftSPL": 0.2081920605044778, "PLR": 0.03152010187547815, "nDTW": 3.6030126162104865e-11, "CLS": 0.010064340596937435, "steps": 40, "path_length_cm": 66.33500000000004, "cumulative_reward": 64.10565645445024, "ended_reason": "max_steps", "metrics": {"SR": 0.0, "SPL": 0.0, "SoftSPL": 0.2081920605044778, "PLR": 0.03152010187547815, "nDTW": 3.6030126162104865e-11, "CLS": 0.010064340596937435, "path_length_cm": 66.33500000000004, "cumulative_reward": 64.10565645445024}, "token_totals": {"input": 122984, "output": 6367, "calls": 40}, "finished_at": "2026-04-23T03:38:46.726523+00:00"}