{"episode_id": "map_40_B2_open_plaza_on_0003", "episode_idx": 3, "agent_name": "GhostAgent_3", "SR": 0.0, "SPL": 0.0, "SoftSPL": 0.0, "PLR": 2.1242404043746763, "nDTW": 3.806580498799328e-112, "CLS": 0.052306895021916246, "steps": 40, "path_length_cm": 10429.170689317913, "cumulative_reward": -1023.0472429632455, "ended_reason": "max_steps", "metrics": {"SR": 0.0, "SPL": 0.0, "SoftSPL": 0.0, "PLR": 2.1242404043746763, "nDTW": 3.806580498799328e-112, "CLS": 0.052306895021916246, "path_length_cm": 10429.170689317913, "cumulative_reward": -1023.0472429632455}, "token_totals": {"input": 132124, "output": 8280, "calls": 40}, "finished_at": "2026-04-23T01:22:53.456918+00:00"}