{"episode_id": "map_26_courtyard_overcast_native_pn_0016", "episode_idx": 6, "agent_name": "GhostAgent_6", "SR": 0.0, "SPL": 0.0, "SoftSPL": 0.7616743120030464, "PLR": 0.07677961523800042, "nDTW": 2.8087640409081314e-07, "CLS": 0.10665370639988658, "steps": 40, "path_length_cm": 400.8180000000002, "cumulative_reward": -390.070190620121, "ended_reason": "max_steps", "metrics": {"SR": 0.0, "SPL": 0.0, "SoftSPL": 0.7616743120030464, "PLR": 0.07677961523800042, "nDTW": 2.8087640409081314e-07, "CLS": 0.10665370639988658, "path_length_cm": 400.8180000000002, "cumulative_reward": -390.070190620121}, "token_totals": {"input": 105238, "output": 3074, "calls": 40}, "finished_at": "2026-04-23T00:25:20.957289+00:00"}