{"episode_id": "map_27_courtyard_overcast_remix_obj_pn_0010", "episode_idx": 0, "agent_name": "GhostAgent_0", "SR": 0.0, "SPL": 0.0, "SoftSPL": 0.0, "PLR": 0.13626706181841852, "nDTW": 6.179576825122316e-07, "CLS": 0.17646938010713586, "steps": 40, "path_length_cm": 270.0826791947237, "cumulative_reward": -255.69428671493665, "ended_reason": "max_steps", "metrics": {"SR": 0.0, "SPL": 0.0, "SoftSPL": 0.0, "PLR": 0.13626706181841852, "nDTW": 6.179576825122316e-07, "CLS": 0.17646938010713586, "path_length_cm": 270.0826791947237, "cumulative_reward": -255.69428671493665}, "token_totals": {"input": 26332, "output": 120, "calls": 40}, "finished_at": "2026-04-23T15:45:51.400436+00:00"}