{"episode_id": "map_23_containeryard_demo_remix_obj_pn_0018", "episode_idx": 9, "agent_name": "GhostAgent_9", "SR": 1.0, "SPL": 0.9441685818971408, "SoftSPL": 0.9059139730237106, "PLR": 1.0591328912795168, "nDTW": 2.583519770671354e-15, "CLS": 0.4877121721357195, "steps": 14, "path_length_cm": 4396.036978544763, "cumulative_reward": 4024.17407418433, "ended_reason": "success", "metrics": {"SR": 1.0, "SPL": 0.9441685818971408, "SoftSPL": 0.9059139730237106, "PLR": 1.0591328912795168, "nDTW": 2.583519770671354e-15, "CLS": 0.4877121721357195, "path_length_cm": 4396.036978544763, "cumulative_reward": 4024.17407418433}, "token_totals": {"input": 37396, "output": 2327, "calls": 14}, "finished_at": "2026-04-23T13:28:20.999455+00:00"}