{"episode_id": "map_42_B4_industrial_yard_on_0015", "episode_idx": 5, "agent_name": "GhostAgent_5", "SR": 0.0, "SPL": 0.0, "SoftSPL": 0.004376543113107978, "PLR": 0.0, "nDTW": 7.891611969087282e-06, "CLS": 0.16666822502437587, "steps": 40, "path_length_cm": 0.0, "cumulative_reward": -0.4000000000000002, "ended_reason": "max_steps", "metrics": {"SR": 0.0, "SPL": 0.0, "SoftSPL": 0.004376543113107978, "PLR": 0.0, "nDTW": 7.891611969087282e-06, "CLS": 0.16666822502437587, "path_length_cm": 0.0, "cumulative_reward": -0.4000000000000002}, "token_totals": {"input": 36780, "output": 2841, "calls": 40}, "finished_at": "2026-04-23T16:06:09.556465+00:00"}