{"episode_id": "map_50_B9_sparse_wilderness_on_0010", "episode_idx": 0, "agent_name": "GhostAgent_0", "SR": 0.0, "SPL": 0.0, "SoftSPL": 0.0, "PLR": 0.7573699550713386, "nDTW": 1.2558007817949003e-34, "CLS": 0.14670655230209842, "steps": 22, "path_length_cm": 3570.3480000000004, "cumulative_reward": -645.524207866262, "ended_reason": "no_tool_call", "metrics": {"SR": 0.0, "SPL": 0.0, "SoftSPL": 0.0, "PLR": 0.7573699550713386, "nDTW": 1.2558007817949003e-34, "CLS": 0.14670655230209842, "path_length_cm": 3570.3480000000004, "cumulative_reward": -645.524207866262}, "token_totals": {"input": 68682, "output": 4658, "calls": 22}, "finished_at": "2026-04-23T14:32:20.710922+00:00"}