{"episode_id": "map_31_gothic_day_remix_on_0017", "episode_idx": 7, "agent_name": "GhostAgent_7", "SR": 0.0, "SPL": 0.0, "SoftSPL": 0.10382668183809776, "PLR": 1.4447512839368428, "nDTW": 4.885322340000696e-10, "CLS": 0.10313278979013743, "steps": 40, "path_length_cm": 1976.5353365283158, "cumulative_reward": 63.545551740664344, "ended_reason": "max_steps", "metrics": {"SR": 0.0, "SPL": 0.0, "SoftSPL": 0.10382668183809776, "PLR": 1.4447512839368428, "nDTW": 4.885322340000696e-10, "CLS": 0.10313278979013743, "path_length_cm": 1976.5353365283158, "cumulative_reward": 63.545551740664344}, "token_totals": {"input": 117322, "output": 5454, "calls": 40}, "finished_at": "2026-04-23T18:16:41.367946+00:00"}