{"episode_id": "map_25_containeryard_day_remix_pn_0007", "episode_idx": 6, "agent_name": "GhostAgent_6", "SR": 0.0, "SPL": 0.0, "SoftSPL": 0.0, "PLR": 6.539470384657529, "nDTW": 2.5579221644311246e-168, "CLS": 0.038495427571782224, "steps": 40, "path_length_cm": 7406.0810000323445, "cumulative_reward": 4892.275644185931, "ended_reason": "max_steps", "metrics": {"SR": 0.0, "SPL": 0.0, "SoftSPL": 0.0, "PLR": 6.539470384657529, "nDTW": 2.5579221644311246e-168, "CLS": 0.038495427571782224, "path_length_cm": 7406.0810000323445, "cumulative_reward": 4892.275644185931}, "token_totals": {"input": 125724, "output": 7029, "calls": 40}, "finished_at": "2026-04-23T15:37:25.614844+00:00"}