{"episode_id": "map_31_gothic_day_remix_pn_0006", "episode_idx": 6, "agent_name": "GhostAgent_6", "SR": 1.0, "SPL": 0.9828648715486269, "SoftSPL": 0.8757321106397085, "PLR": 1.017433859879817, "nDTW": 0.0001077548340939898, "CLS": 0.48461090157564146, "steps": 7, "path_length_cm": 1690.313743111334, "cumulative_reward": 1482.6441912821992, "ended_reason": "success", "metrics": {"SR": 1.0, "SPL": 0.9828648715486269, "SoftSPL": 0.8757321106397085, "PLR": 1.017433859879817, "nDTW": 0.0001077548340939898, "CLS": 0.48461090157564146, "path_length_cm": 1690.313743111334, "cumulative_reward": 1482.6441912821992}, "token_totals": {"input": 13793, "output": 782, "calls": 7}, "finished_at": "2026-04-23T00:28:54.987723+00:00"}