{"episode_id": "map_30_gothic_day_native_on_0013", "episode_idx": 3, "agent_name": "GhostAgent_3", "SR": 0.0, "SPL": 0.0, "SoftSPL": 0.5758417915062823, "PLR": 0.0, "nDTW": 2.44659383653671e-05, "CLS": 0.05000491492376321, "steps": 0, "path_length_cm": 0.0, "cumulative_reward": 0.0, "ended_reason": "reset_error", "metrics": {"SR": 0.0, "SPL": 0.0, "SoftSPL": 0.5758417915062823, "PLR": 0.0, "nDTW": 2.44659383653671e-05, "CLS": 0.05000491492376321, "path_length_cm": 0.0, "cumulative_reward": 0.0}, "token_totals": {"input": 0, "output": 0, "calls": 0}, "finished_at": "2026-04-23T17:43:42.663591+00:00"}