{"episode_id": "map_50_B9_sparse_wilderness_pn_0011", "episode_idx": 1, "agent_name": "GhostAgent_1", "SR": 0.0, "SPL": 0.0, "SoftSPL": 0.0, "PLR": 2.420931206967067, "nDTW": 3.108773791231385e-152, "CLS": 0.04589602229372368, "steps": 40, "path_length_cm": 17996.258429422458, "cumulative_reward": -5647.996524205303, "ended_reason": "max_steps", "metrics": {"SR": 0.0, "SPL": 0.0, "SoftSPL": 0.0, "PLR": 2.420931206967067, "nDTW": 3.108773791231385e-152, "CLS": 0.04589602229372368, "path_length_cm": 17996.258429422458, "cumulative_reward": -5647.996524205303}, "token_totals": {"input": 135377, "output": 8695, "calls": 40}, "finished_at": "2026-04-23T19:26:09.030803+00:00"}