{"episode_id": "map_26_courtyard_overcast_native_on_0013", "episode_idx": 3, "agent_name": "GhostAgent_3", "SR": 0.0, "SPL": 0.0, "SoftSPL": 0.8962294145697006, "PLR": 0.5094936038382977, "nDTW": 6.589846232644566e-08, "CLS": 0.0384815876245631, "steps": 40, "path_length_cm": 2915.4854391159674, "cumulative_reward": 906.4044526116511, "ended_reason": "max_steps", "metrics": {"SR": 0.0, "SPL": 0.0, "SoftSPL": 0.8962294145697006, "PLR": 0.5094936038382977, "nDTW": 6.589846232644566e-08, "CLS": 0.0384815876245631, "path_length_cm": 2915.4854391159674, "cumulative_reward": 906.4044526116511}, "token_totals": {"input": 110227, "output": 4031, "calls": 40}, "finished_at": "2026-04-23T17:47:32.755055+00:00"}