{"episode_id": "map_31_gothic_day_remix_obj_on_0005", "episode_idx": 4, "agent_name": "GhostAgent_4", "SR": 0.0, "SPL": 0.0, "SoftSPL": 0.5242528434913414, "PLR": 0.2702927241047852, "nDTW": 1.6406722241019863e-20, "CLS": 0.15958247812805237, "steps": 40, "path_length_cm": 1832.6333221207826, "cumulative_reward": 1657.0857298743754, "ended_reason": "max_steps", "metrics": {"SR": 0.0, "SPL": 0.0, "SoftSPL": 0.5242528434913414, "PLR": 0.2702927241047852, "nDTW": 1.6406722241019863e-20, "CLS": 0.15958247812805237, "path_length_cm": 1832.6333221207826, "cumulative_reward": 1657.0857298743754}, "token_totals": {"input": 114879, "output": 5592, "calls": 40}, "finished_at": "2026-04-23T18:32:30.168634+00:00"}