{"episode_id": "map_42_B4_industrial_yard_pn_0013", "episode_idx": 3, "agent_name": "GhostAgent_3", "SR": 0.0, "SPL": 0.0, "SoftSPL": 0.7189085454987811, "PLR": 0.7296580761017276, "nDTW": 3.777164726935519e-21, "CLS": 0.41352614809960697, "steps": 40, "path_length_cm": 1202.7099999999996, "cumulative_reward": 1184.5879566079177, "ended_reason": "max_steps", "metrics": {"SR": 0.0, "SPL": 0.0, "SoftSPL": 0.7189085454987811, "PLR": 0.7296580761017276, "nDTW": 3.777164726935519e-21, "CLS": 0.41352614809960697, "path_length_cm": 1202.7099999999996, "cumulative_reward": 1184.5879566079177}, "token_totals": {"input": 33906, "output": 2274, "calls": 40}, "finished_at": "2026-04-23T16:02:10.875415+00:00"}