{"episode_id": "map_23_containeryard_demo_remix_on_0009", "episode_idx": 9, "agent_name": "GhostAgent_9", "SR": 0.0, "SPL": 0.0, "SoftSPL": 0.6776716253432905, "PLR": 1.185817205301963, "nDTW": 1.5308156745560995e-13, "CLS": 0.2436051469554592, "steps": 40, "path_length_cm": 4954.05968762233, "cumulative_reward": 3133.320880277093, "ended_reason": "max_steps", "metrics": {"SR": 0.0, "SPL": 0.0, "SoftSPL": 0.6776716253432905, "PLR": 1.185817205301963, "nDTW": 1.5308156745560995e-13, "CLS": 0.2436051469554592, "path_length_cm": 4954.05968762233, "cumulative_reward": 3133.320880277093}, "token_totals": {"input": 121443, "output": 6181, "calls": 40}, "finished_at": "2026-04-23T17:30:07.824412+00:00"}