{"episode_id": "map_43_B5_residential_courtyard_on_0019", "episode_idx": 9, "agent_name": "GhostAgent_9", "SR": 0.0, "SPL": 0.0, "SoftSPL": 0.13799700014664995, "PLR": 0.28607285587254155, "nDTW": 0.13799700014664995, "CLS": 0.13799700014664995, "steps": 40, "path_length_cm": 799.4477601071696, "cumulative_reward": 385.2423899519704, "ended_reason": "max_steps", "metrics": {"SR": 0.0, "SPL": 0.0, "SoftSPL": 0.13799700014664995, "PLR": 0.28607285587254155, "nDTW": 0.13799700014664995, "CLS": 0.13799700014664995, "path_length_cm": 799.4477601071696, "cumulative_reward": 385.2423899519704}, "token_totals": {"input": 37428, "output": 3011, "calls": 40}, "finished_at": "2026-04-23T20:16:36.381403+00:00"}