{"episode_id": "map_31_gothic_day_remix_obj_pn_0019", "episode_idx": 8, "agent_name": "GhostAgent_8", "SR": 1.0, "SPL": 1.0, "SoftSPL": 0.9124164674540034, "PLR": 0.9607945750036073, "nDTW": 0.4312461137371366, "CLS": 0.6416190040578064, "steps": 3, "path_length_cm": 1187.5901344332087, "cumulative_reward": 1184.3406393051118, "ended_reason": "success", "metrics": {"SR": 1.0, "SPL": 1.0, "SoftSPL": 0.9124164674540034, "PLR": 0.9607945750036073, "nDTW": 0.4312461137371366, "CLS": 0.6416190040578064, "path_length_cm": 1187.5901344332087, "cumulative_reward": 1184.3406393051118}, "token_totals": {"input": 3371, "output": 379, "calls": 3}, "finished_at": "2026-04-23T01:13:30.106855+00:00"}