{"episode_id": "map_22_containeryard_demo_native_on_0018", "episode_idx": 8, "agent_name": "GhostAgent_8", "SR": 0.0, "SPL": 0.0, "SoftSPL": 0.4196859618091023, "PLR": 1.8437486675943244, "nDTW": 7.969271698960952e-61, "CLS": 0.06214805446514951, "steps": 40, "path_length_cm": 7994.309847822231, "cumulative_reward": 2898.5095868752933, "ended_reason": "max_steps", "metrics": {"SR": 0.0, "SPL": 0.0, "SoftSPL": 0.4196859618091023, "PLR": 1.8437486675943244, "nDTW": 7.969271698960952e-61, "CLS": 0.06214805446514951, "path_length_cm": 7994.309847822231, "cumulative_reward": 2898.5095868752933}, "token_totals": {"input": 112594, "output": 4183, "calls": 40}, "finished_at": "2026-04-23T00:04:06.398287+00:00"}