{"episode_id": "map_19_wintertown_demo02_native_obj_pn_0010", "episode_idx": 0, "agent_name": "GhostAgent_0", "SR": 0.0, "SPL": 0.0, "SoftSPL": 0.0, "PLR": 0.09756689826458, "nDTW": 7.727136876853372e-23, "CLS": 0.277028845385668, "steps": 40, "path_length_cm": 405.4090000000001, "cumulative_reward": -398.0257621941046, "ended_reason": "max_steps", "metrics": {"SR": 0.0, "SPL": 0.0, "SoftSPL": 0.0, "PLR": 0.09756689826458, "nDTW": 7.727136876853372e-23, "CLS": 0.277028845385668, "path_length_cm": 405.4090000000001, "cumulative_reward": -398.0257621941046}, "token_totals": {"input": 110124, "output": 3252, "calls": 40}, "finished_at": "2026-04-22T23:49:44.667354+00:00"}