{"episode_id": "map_04_courtyard_remix_obj_pn_0017", "episode_idx": 2, "agent_name": "GhostAgent_2", "SR": 0.0, "SPL": 0.0, "SoftSPL": 0.24407782198158673, "PLR": 1.0881269554811124, "nDTW": 6.4914808204248505e-06, "CLS": 0.8824832184130396, "steps": 40, "path_length_cm": 1947.127017946567, "cumulative_reward": 1762.2743559543258, "ended_reason": "max_steps", "metrics": {"SR": 0.0, "SPL": 0.0, "SoftSPL": 0.24407782198158673, "PLR": 1.0881269554811124, "nDTW": 6.4914808204248505e-06, "CLS": 0.8824832184130396, "path_length_cm": 1947.127017946567, "cumulative_reward": 1762.2743559543258}, "token_totals": {"input": 112668, "output": 4860, "calls": 40}, "finished_at": "2026-04-22T22:51:20.346916+00:00"}