{"episode_id": "map_27_courtyard_overcast_remix_on_0017", "episode_idx": 7, "agent_name": "GhostAgent_7", "SR": 0.0, "SPL": 0.0, "SoftSPL": 4.899200108487989e-06, "PLR": 0.0, "nDTW": 0.07185090293803843, "CLS": 0.25129063806325286, "steps": 40, "path_length_cm": 0.0, "cumulative_reward": -0.4000000000000002, "ended_reason": "max_steps", "metrics": {"SR": 0.0, "SPL": 0.0, "SoftSPL": 4.899200108487989e-06, "PLR": 0.0, "nDTW": 0.07185090293803843, "CLS": 0.25129063806325286, "path_length_cm": 0.0, "cumulative_reward": -0.4000000000000002}, "token_totals": {"input": 31739, "output": 1496, "calls": 40}, "finished_at": "2026-04-23T15:36:21.599670+00:00"}