{"episode_id": "map_67_B12_construction_site_obj_on_0017", "episode_idx": 7, "agent_name": "GhostAgent_7", "SR": 0.0, "SPL": 0.0, "SoftSPL": 0.04159455394923095, "PLR": 0.0, "nDTW": 9.060223701965836e-10, "CLS": 0.06259308701222127, "steps": 40, "path_length_cm": 0.0, "cumulative_reward": -0.4000000000000002, "ended_reason": "max_steps", "metrics": {"SR": 0.0, "SPL": 0.0, "SoftSPL": 0.04159455394923095, "PLR": 0.0, "nDTW": 9.060223701965836e-10, "CLS": 0.06259308701222127, "path_length_cm": 0.0, "cumulative_reward": -0.4000000000000002}, "token_totals": {"input": 108090, "output": 2493, "calls": 40}, "finished_at": "2026-04-23T16:01:56.099879+00:00"}