{"episode_id": "map_33_gothic_night_remix_pn_0004", "episode_idx": 4, "agent_name": "GhostAgent_4", "SR": 0.0, "SPL": 0.0, "SoftSPL": 0.0, "PLR": 0.0, "nDTW": 1.8979972392238163e-07, "CLS": 0.10000007501620867, "steps": 40, "path_length_cm": 0.0, "cumulative_reward": -0.4000000000000002, "ended_reason": "max_steps", "metrics": {"SR": 0.0, "SPL": 0.0, "SoftSPL": 0.0, "PLR": 0.0, "nDTW": 1.8979972392238163e-07, "CLS": 0.10000007501620867, "path_length_cm": 0.0, "cumulative_reward": -0.4000000000000002}, "token_totals": {"input": 32859, "output": 1899, "calls": 40}, "finished_at": "2026-04-23T18:09:43.407004+00:00"}