{"episode_id": "map_05_middleeast_native_pn_0018", "episode_idx": 0, "agent_name": "GhostAgent_0", "SR": 0.0, "SPL": 0.0, "SoftSPL": 6.256918438141135e-06, "PLR": 2.4487166085818856e-05, "nDTW": 1.4892956279162592e-05, "CLS": 0.25000612199801386, "steps": 40, "path_length_cm": 0.10876782893497276, "cumulative_reward": -0.3677522832307661, "ended_reason": "max_steps", "metrics": {"SR": 0.0, "SPL": 0.0, "SoftSPL": 6.256918438141135e-06, "PLR": 2.4487166085818856e-05, "nDTW": 1.4892956279162592e-05, "CLS": 0.25000612199801386, "path_length_cm": 0.10876782893497276, "cumulative_reward": -0.3677522832307661}, "token_totals": {"input": 469250, "output": 6455, "calls": 40}, "finished_at": "2026-04-22T20:23:45.533357+00:00"}