{"episode_id": "map_68_B13_suburban_park_obj_on_0014", "episode_idx": 2, "agent_name": "GhostAgent_2", "SR": 0.0, "SPL": 0.0, "SoftSPL": 0.04959996791462299, "PLR": 1.5077495042728055, "nDTW": 3.572039692221783e-122, "CLS": 0.07369334945937935, "steps": 40, "path_length_cm": 8431.576467814211, "cumulative_reward": 417.441729507299, "ended_reason": "max_steps", "metrics": {"SR": 0.0, "SPL": 0.0, "SoftSPL": 0.04959996791462299, "PLR": 1.5077495042728055, "nDTW": 3.572039692221783e-122, "CLS": 0.07369334945937935, "path_length_cm": 8431.576467814211, "cumulative_reward": 417.441729507299}, "token_totals": {"input": 123570, "output": 5879, "calls": 40}, "finished_at": "2026-04-23T19:22:21.733700+00:00"}