{"episode_id": "map_45_B7_park_with_paths_pn_0014", "episode_idx": 4, "agent_name": "GhostAgent_4", "SR": 0.0, "SPL": 0.0, "SoftSPL": 0.7687799494160589, "PLR": 1.158851017863725, "nDTW": 1.5851710963095724e-20, "CLS": 0.0826859204101253, "steps": 40, "path_length_cm": 8800.81293559481, "cumulative_reward": 6688.780780739868, "ended_reason": "max_steps", "metrics": {"SR": 0.0, "SPL": 0.0, "SoftSPL": 0.7687799494160589, "PLR": 1.158851017863725, "nDTW": 1.5851710963095724e-20, "CLS": 0.0826859204101253, "path_length_cm": 8800.81293559481, "cumulative_reward": 6688.780780739868}, "token_totals": {"input": 115951, "output": 4913, "calls": 40}, "finished_at": "2026-04-23T19:18:31.268226+00:00"}