{"episode_id": "map_11_wintertown_demo01_remix_obj_on_0009", "episode_idx": 9, "agent_name": "GhostAgent_9", "SR": 0.0, "SPL": 0.0, "SoftSPL": 0.3913781902706014, "PLR": 1.0722237533323495, "nDTW": 7.1853476624492e-96, "CLS": 0.14797271346126303, "steps": 40, "path_length_cm": 6872.750536347228, "cumulative_reward": 2687.9181386358828, "ended_reason": "max_steps", "metrics": {"SR": 0.0, "SPL": 0.0, "SoftSPL": 0.3913781902706014, "PLR": 1.0722237533323495, "nDTW": 7.1853476624492e-96, "CLS": 0.14797271346126303, "path_length_cm": 6872.750536347228, "cumulative_reward": 2687.9181386358828}, "token_totals": {"input": 132891, "output": 8764, "calls": 40}, "finished_at": "2026-04-22T23:43:32.827399+00:00"}