{"episode_id": "map_04_courtyard_remix_pn_0017", "episode_idx": 0, "agent_name": "GhostAgent_0", "SR": 0.0, "SPL": 0.0, "SoftSPL": 0.8373878208036117, "PLR": 0.20420609374868107, "nDTW": 2.7445933697186068e-05, "CLS": 0.12470914768521968, "steps": 40, "path_length_cm": 1172.586105340864, "cumulative_reward": -240.62525824399575, "ended_reason": "max_steps", "metrics": {"SR": 0.0, "SPL": 0.0, "SoftSPL": 0.8373878208036117, "PLR": 0.20420609374868107, "nDTW": 2.7445933697186068e-05, "CLS": 0.12470914768521968, "path_length_cm": 1172.586105340864, "cumulative_reward": -240.62525824399575}, "token_totals": {"input": 470465, "output": 6175, "calls": 40}, "finished_at": "2026-04-22T21:07:22.095165+00:00"}