{"episode_id": "map_31_gothic_day_remix_obj_on_0002", "episode_idx": 1, "agent_name": "GhostAgent_1", "SR": 0.0, "SPL": 0.0, "SoftSPL": 0.18355773231903405, "PLR": 0.33843307808321244, "nDTW": 0.00015651571664762265, "CLS": 0.259016416437771, "steps": 40, "path_length_cm": 1061.3261328689541, "cumulative_reward": 309.04928021504384, "ended_reason": "max_steps", "metrics": {"SR": 0.0, "SPL": 0.0, "SoftSPL": 0.18355773231903405, "PLR": 0.33843307808321244, "nDTW": 0.00015651571664762265, "CLS": 0.259016416437771, "path_length_cm": 1061.3261328689541, "cumulative_reward": 309.04928021504384}, "token_totals": {"input": 109596, "output": 4099, "calls": 40}, "finished_at": "2026-04-23T18:32:30.167196+00:00"}