{"episode_id": "map_10_B1_urban_grid_on_0010", "episode_idx": 0, "agent_name": "GhostAgent_0", "SR": 0.0, "SPL": 0.0, "SoftSPL": 0.8519051509576364, "PLR": 1.0877608929104567, "nDTW": 1.1760024035163926e-33, "CLS": 0.3600368301091815, "steps": 40, "path_length_cm": 5963.8122595155155, "cumulative_reward": 5080.20739959309, "ended_reason": "max_steps", "metrics": {"SR": 0.0, "SPL": 0.0, "SoftSPL": 0.8519051509576364, "PLR": 1.0877608929104567, "nDTW": 1.1760024035163926e-33, "CLS": 0.3600368301091815, "path_length_cm": 5963.8122595155155, "cumulative_reward": 5080.20739959309}, "token_totals": {"input": 118995, "output": 6177, "calls": 40}, "finished_at": "2026-04-23T13:13:44.055023+00:00"}