{"episode_id": "map_64_cave_lost_expedition_pn_0003", "episode_idx": 3, "agent_name": "GhostAgent_3", "SR": 0.0, "SPL": 0.0, "SoftSPL": 0.04602084432461795, "PLR": 0.29744750751179366, "nDTW": 4.5643445479948356e-08, "CLS": 0.21944813721959544, "steps": 40, "path_length_cm": 1550.251792025342, "cumulative_reward": 1524.737702165684, "ended_reason": "max_steps", "metrics": {"SR": 0.0, "SPL": 0.0, "SoftSPL": 0.04602084432461795, "PLR": 0.29744750751179366, "nDTW": 4.5643445479948356e-08, "CLS": 0.21944813721959544, "path_length_cm": 1550.251792025342, "cumulative_reward": 1524.737702165684}, "token_totals": {"input": 105039, "output": 3704, "calls": 40}, "finished_at": "2026-04-23T19:46:02.403675+00:00"}