{"episode_id": "map_06_hwaseong_native_on_0009", "episode_idx": 4, "agent_name": "GhostAgent_4", "SR": 0.0, "SPL": 0.0, "SoftSPL": 0.01562259564728885, "PLR": 0.0, "nDTW": 2.0042559327071526e-09, "CLS": 0.10412419220646821, "steps": 40, "path_length_cm": 0.0, "cumulative_reward": -0.4000000000000002, "ended_reason": "max_steps", "metrics": {"SR": 0.0, "SPL": 0.0, "SoftSPL": 0.01562259564728885, "PLR": 0.0, "nDTW": 2.0042559327071526e-09, "CLS": 0.10412419220646821, "path_length_cm": 0.0, "cumulative_reward": -0.4000000000000002}, "token_totals": {"input": 114916, "output": 4145, "calls": 40}, "finished_at": "2026-04-23T13:11:52.810705+00:00"}