{"episode_id": "map_66_middleeast_bazaar_pn_0013", "episode_idx": 3, "agent_name": "GhostAgent_3", "SR": 0.0, "SPL": 0.0, "SoftSPL": 0.0, "PLR": 0.0, "nDTW": 0.0046029011914340365, "CLS": 0.09158590403614557, "steps": 40, "path_length_cm": 0.0, "cumulative_reward": -0.4000000000000002, "ended_reason": "max_steps", "metrics": {"SR": 0.0, "SPL": 0.0, "SoftSPL": 0.0, "PLR": 0.0, "nDTW": 0.0046029011914340365, "CLS": 0.09158590403614557, "path_length_cm": 0.0, "cumulative_reward": -0.4000000000000002}, "token_totals": {"input": 33629, "output": 2182, "calls": 40}, "finished_at": "2026-04-23T18:51:48.323719+00:00"}