{"episode_id": "map_65_hwaseong_ceremonial_pn_0010", "episode_idx": 8, "agent_name": "GhostAgent_8", "SR": 0.0, "SPL": 0.0, "SoftSPL": 0.0, "PLR": 2.020355976874562, "nDTW": 6.729623917914095e-58, "CLS": 0.06100153851453403, "steps": 40, "path_length_cm": 5631.863506896454, "cumulative_reward": 313.9764923860221, "ended_reason": "max_steps", "metrics": {"SR": 0.0, "SPL": 0.0, "SoftSPL": 0.0, "PLR": 2.020355976874562, "nDTW": 6.729623917914095e-58, "CLS": 0.06100153851453403, "path_length_cm": 5631.863506896454, "cumulative_reward": 313.9764923860221}, "token_totals": {"input": 129038, "output": 7345, "calls": 40}, "finished_at": "2026-04-23T13:18:15.743949+00:00"}