{"episode_id": "map_01_wintertown_native_obj_on_0012", "episode_idx": 6, "agent_name": "GhostAgent_6", "SR": 0.0, "SPL": 0.0, "SoftSPL": 0.48449385425009556, "PLR": 1.6924499879727586, "nDTW": 5.579416222160833e-34, "CLS": 0.07490035349678127, "steps": 40, "path_length_cm": 11505.088848740137, "cumulative_reward": 5565.2121013318965, "ended_reason": "max_steps", "metrics": {"SR": 0.0, "SPL": 0.0, "SoftSPL": 0.48449385425009556, "PLR": 1.6924499879727586, "nDTW": 5.579416222160833e-34, "CLS": 0.07490035349678127, "path_length_cm": 11505.088848740137, "cumulative_reward": 5565.2121013318965}, "token_totals": {"input": 112246, "output": 3392, "calls": 40}, "finished_at": "2026-04-22T22:34:39.254353+00:00"}