{"episode_id": "map_19_wintertown_demo02_native_obj_on_0019", "episode_idx": 4, "agent_name": "GhostAgent_4", "SR": 0.0, "SPL": 0.0, "SoftSPL": 0.03698745169316375, "PLR": 0.0, "nDTW": 0.03698745169316375, "CLS": 0.03698745169316375, "steps": 1, "path_length_cm": 0.0, "cumulative_reward": 0.0, "ended_reason": "no_tool_call", "metrics": {"SR": 0.0, "SPL": 0.0, "SoftSPL": 0.03698745169316375, "PLR": 0.0, "nDTW": 0.03698745169316375, "CLS": 0.03698745169316375, "path_length_cm": 0.0, "cumulative_reward": 0.0}, "token_totals": {"input": 770, "output": 256, "calls": 1}, "finished_at": "2026-04-23T20:03:51.518148+00:00"}