{
  "map": "map_34_temple_plaza_native",
  "n": 17,
  "SR": 0.0,
  "SPL": 0.0,
  "SoftSPL": 0.3709035352005666,
  "nDTW": 0.002464348018597528,
  "avg_steps": 40.0
}