{"episode_id": "map_50_B9_sparse_wilderness_pn_0007", "episode_idx": 7, "agent_name": "GhostAgent_7", "SR": 1.0, "SPL": 1.0, "SoftSPL": 0.9466887592127271, "PLR": 0.9949325988110199, "nDTW": 9.2465160341263e-10, "CLS": 0.4799504315973036, "steps": 10, "path_length_cm": 3591.4281005801145, "cumulative_reward": 3419.679871696382, "ended_reason": "success", "metrics": {"SR": 1.0, "SPL": 1.0, "SoftSPL": 0.9466887592127271, "PLR": 0.9949325988110199, "nDTW": 9.2465160341263e-10, "CLS": 0.4799504315973036, "path_length_cm": 3591.4281005801145, "cumulative_reward": 3419.679871696382}, "token_totals": {"input": 20911, "output": 847, "calls": 10}, "finished_at": "2026-04-23T19:10:54.944904+00:00"}