{"episode_id": "map_25_containeryard_day_remix_obj_on_0007", "episode_idx": 4, "agent_name": "GhostAgent_4", "SR": 0.0, "SPL": 0.0, "SoftSPL": 0.0, "PLR": 0.1552082154336194, "nDTW": 3.732953467736218e-13, "CLS": 0.2960160202931236, "steps": 40, "path_length_cm": 246.80900001823292, "cumulative_reward": -231.22683365731768, "ended_reason": "max_steps", "metrics": {"SR": 0.0, "SPL": 0.0, "SoftSPL": 0.0, "PLR": 0.1552082154336194, "nDTW": 3.732953467736218e-13, "CLS": 0.2960160202931236, "path_length_cm": 246.80900001823292, "cumulative_reward": -231.22683365731768}, "token_totals": {"input": 118355, "output": 7231, "calls": 40}, "finished_at": "2026-04-23T00:49:02.998367+00:00"}