{"episode_id": "map_40_B2_open_plaza_obj_on_0017", "episode_idx": 6, "agent_name": "GhostAgent_6", "SR": 0.0, "SPL": 0.0, "SoftSPL": 0.014406538934504136, "PLR": 1.7360523069591152, "nDTW": 2.3063683993064497e-63, "CLS": 0.016000541961626494, "steps": 40, "path_length_cm": 11610.023408019779, "cumulative_reward": 117.24225137142069, "ended_reason": "max_steps", "metrics": {"SR": 0.0, "SPL": 0.0, "SoftSPL": 0.014406538934504136, "PLR": 1.7360523069591152, "nDTW": 2.3063683993064497e-63, "CLS": 0.016000541961626494, "path_length_cm": 11610.023408019779, "cumulative_reward": 117.24225137142069}, "token_totals": {"input": 130842, "output": 7732, "calls": 40}, "finished_at": "2026-04-23T14:01:28.708333+00:00"}