{"episode_id": "map_33_gothic_night_remix_on_0007", "episode_idx": 7, "agent_name": "GhostAgent_7", "SR": 1.0, "SPL": 0.9865567248700909, "SoftSPL": 0.9621822287709976, "PLR": 1.0136264593722975, "nDTW": 5.921389903674171e-05, "CLS": 0.18601451358660626, "steps": 25, "path_length_cm": 6763.513776542998, "cumulative_reward": 6261.901229417085, "ended_reason": "success", "metrics": {"SR": 1.0, "SPL": 0.9865567248700909, "SoftSPL": 0.9621822287709976, "PLR": 1.0136264593722975, "nDTW": 5.921389903674171e-05, "CLS": 0.18601451358660626, "path_length_cm": 6763.513776542998, "cumulative_reward": 6261.901229417085}, "token_totals": {"input": 21464, "output": 1527, "calls": 25}, "finished_at": "2026-04-23T18:04:03.136022+00:00"}