{"episode_id": "map_40_B2_open_plaza_obj_on_0003", "episode_idx": 3, "agent_name": "GhostAgent_3", "SR": 0.0, "SPL": 0.0, "SoftSPL": 0.7588881793284887, "PLR": 1.2439481171565114, "nDTW": 5.099056618549442e-12, "CLS": 0.14849832583871816, "steps": 40, "path_length_cm": 9414.423261301567, "cumulative_reward": 7062.714385205247, "ended_reason": "max_steps", "metrics": {"SR": 0.0, "SPL": 0.0, "SoftSPL": 0.7588881793284887, "PLR": 1.2439481171565114, "nDTW": 5.099056618549442e-12, "CLS": 0.14849832583871816, "path_length_cm": 9414.423261301567, "cumulative_reward": 7062.714385205247}, "token_totals": {"input": 114717, "output": 4526, "calls": 40}, "finished_at": "2026-04-23T01:57:51.040605+00:00"}