{"episode_id": "map_03_watertown_remix_obj_pn_0005", "episode_idx": 0, "agent_name": "GhostAgent_0", "SR": 0.0, "SPL": 0.0, "SoftSPL": 0.0007400989553613124, "PLR": 0.3966492116140993, "nDTW": 1.0299463231665565e-61, "CLS": 0.2801244186893486, "steps": 40, "path_length_cm": 2381.7952194082272, "cumulative_reward": 3.775329683917919, "ended_reason": "max_steps", "metrics": {"SR": 0.0, "SPL": 0.0, "SoftSPL": 0.0007400989553613124, "PLR": 0.3966492116140993, "nDTW": 1.0299463231665565e-61, "CLS": 0.2801244186893486, "path_length_cm": 2381.7952194082272, "cumulative_reward": 3.775329683917919}, "token_totals": {"input": 440968, "output": 4558, "calls": 40}, "finished_at": "2026-04-22T21:49:47.728425+00:00"}