{"episode_id": "map_01_wintertown_native_obj_on_0019", "episode_idx": 3, "agent_name": "GhostAgent_3", "SR": 0.0, "SPL": 0.0, "SoftSPL": 0.0, "PLR": 7.304080524336658, "nDTW": 2.750669068726864e-211, "CLS": 0.008774852477643239, "steps": 40, "path_length_cm": 34934.102413407854, "cumulative_reward": -29844.2112514954, "ended_reason": "max_steps", "metrics": {"SR": 0.0, "SPL": 0.0, "SoftSPL": 0.0, "PLR": 7.304080524336658, "nDTW": 2.750669068726864e-211, "CLS": 0.008774852477643239, "path_length_cm": 34934.102413407854, "cumulative_reward": -29844.2112514954}, "token_totals": {"input": 127158, "output": 5953, "calls": 40}, "finished_at": "2026-04-22T22:42:20.851264+00:00"}