{"episode_id": "map_56_containeryard_settlement_pn_0012", "episode_idx": 1, "agent_name": "GhostAgent_1", "SR": 1.0, "SPL": 1.0, "SoftSPL": 0.9775921814094792, "PLR": 0.9722777396036871, "nDTW": 1.6485329388407596e-06, "CLS": 0.43660452296467017, "steps": 20, "path_length_cm": 4293.072913665288, "cumulative_reward": 4161.514803286368, "ended_reason": "success", "metrics": {"SR": 1.0, "SPL": 1.0, "SoftSPL": 0.9775921814094792, "PLR": 0.9722777396036871, "nDTW": 1.6485329388407596e-06, "CLS": 0.43660452296467017, "path_length_cm": 4293.072913665288, "cumulative_reward": 4161.514803286368}, "token_totals": {"input": 17678, "output": 1422, "calls": 20}, "finished_at": "2026-04-23T18:48:14.310159+00:00"}