{"episode_id": "map_45_B7_park_with_paths_obj_pn_0003", "episode_idx": 3, "agent_name": "GhostAgent_3", "SR": 0.0, "SPL": 0.0, "SoftSPL": 0.08243871350644912, "PLR": 1.6416284641757826, "nDTW": 7.490259825914864e-144, "CLS": 0.06768347037674931, "steps": 40, "path_length_cm": 11369.36058920365, "cumulative_reward": 908.3635737012844, "ended_reason": "max_steps", "metrics": {"SR": 0.0, "SPL": 0.0, "SoftSPL": 0.08243871350644912, "PLR": 1.6416284641757826, "nDTW": 7.490259825914864e-144, "CLS": 0.06768347037674931, "path_length_cm": 11369.36058920365, "cumulative_reward": 908.3635737012844}, "token_totals": {"input": 133108, "output": 8147, "calls": 40}, "finished_at": "2026-04-23T19:32:11.779697+00:00"}