{"episode_id": "map_68_B13_suburban_park_obj_pn_0002", "episode_idx": 2, "agent_name": "GhostAgent_2", "SR": 0.0, "SPL": 0.0, "SoftSPL": 0.1423142653908671, "PLR": 0.6294126842742586, "nDTW": 9.856646411153749e-59, "CLS": 0.06355131192831881, "steps": 40, "path_length_cm": 4036.1214261623686, "cumulative_reward": 862.9258500179494, "ended_reason": "max_steps", "metrics": {"SR": 0.0, "SPL": 0.0, "SoftSPL": 0.1423142653908671, "PLR": 0.6294126842742586, "nDTW": 9.856646411153749e-59, "CLS": 0.06355131192831881, "path_length_cm": 4036.1214261623686, "cumulative_reward": 862.9258500179494}, "token_totals": {"input": 129272, "output": 7645, "calls": 40}, "finished_at": "2026-04-23T05:33:39.804063+00:00"}