{"episode_id": "map_20_trainstation_native_on_0016", "episode_idx": 6, "agent_name": "GhostAgent_6", "SR": 0.0, "SPL": 0.0, "SoftSPL": 0.119666354046425, "PLR": 3.866166766068578, "nDTW": 1.4066574577003433e-36, "CLS": 0.0310011330212187, "steps": 40, "path_length_cm": 10285.047462769257, "cumulative_reward": 1205.1033775914382, "ended_reason": "max_steps", "metrics": {"SR": 0.0, "SPL": 0.0, "SoftSPL": 0.119666354046425, "PLR": 3.866166766068578, "nDTW": 1.4066574577003433e-36, "CLS": 0.0310011330212187, "path_length_cm": 10285.047462769257, "cumulative_reward": 1205.1033775914382}, "token_totals": {"input": 126777, "output": 6926, "calls": 40}, "finished_at": "2026-04-23T17:25:02.998295+00:00"}