{"episode_id": "map_36_dungeon_native_obj_pn_0015", "episode_idx": 5, "agent_name": "GhostAgent_5", "SR": 0.0, "SPL": 0.0, "SoftSPL": 0.0, "PLR": 0.7968623001002799, "nDTW": 4.034327262762529e-15, "CLS": 0.1858007309290741, "steps": 40, "path_length_cm": 905.8890000000001, "cumulative_reward": 904.8953207530512, "ended_reason": "max_steps", "metrics": {"SR": 0.0, "SPL": 0.0, "SoftSPL": 0.0, "PLR": 0.7968623001002799, "nDTW": 4.034327262762529e-15, "CLS": 0.1858007309290741, "path_length_cm": 905.8890000000001, "cumulative_reward": 904.8953207530512}, "token_totals": {"input": 107000, "output": 4850, "calls": 40}, "finished_at": "2026-04-23T01:38:15.165259+00:00"}