{"episode_id": "map_01_wintertown_native_pn_0001", "episode_idx": 1, "agent_name": "GhostAgent_1", "SR": 0.0, "SPL": 0.0, "SoftSPL": 0.1548322780681388, "PLR": 1.165014194297528, "nDTW": 2.1484712570151836e-27, "CLS": 0.03276567261807314, "steps": 40, "path_length_cm": 7267.04399019552, "cumulative_reward": 1698.027824118052, "ended_reason": "max_steps", "metrics": {"SR": 0.0, "SPL": 0.0, "SoftSPL": 0.1548322780681388, "PLR": 1.165014194297528, "nDTW": 2.1484712570151836e-27, "CLS": 0.03276567261807314, "path_length_cm": 7267.04399019552, "cumulative_reward": 1698.027824118052}, "token_totals": {"input": 486183, "output": 6698, "calls": 40}, "finished_at": "2026-04-22T19:22:10.134536+00:00"}