{"episode_id": "map_05_middleeast_native_obj_pn_0003", "episode_idx": 1, "agent_name": "GhostAgent_1", "SR": 0.0, "SPL": 0.0, "SoftSPL": 0.5380535621176746, "PLR": 0.9591321829763219, "nDTW": 5.197537134620942e-24, "CLS": 0.012409204610130037, "steps": 40, "path_length_cm": 5133.7741920244225, "cumulative_reward": 1225.7206344507274, "ended_reason": "max_steps", "metrics": {"SR": 0.0, "SPL": 0.0, "SoftSPL": 0.5380535621176746, "PLR": 0.9591321829763219, "nDTW": 5.197537134620942e-24, "CLS": 0.012409204610130037, "path_length_cm": 5133.7741920244225, "cumulative_reward": 1225.7206344507274}, "token_totals": {"input": 508405, "output": 7632, "calls": 40}, "finished_at": "2026-04-22T20:54:32.754107+00:00"}