{"episode_id": "map_15_middleeast_remix_on_0007", "episode_idx": 4, "agent_name": "GhostAgent_4", "SR": 0.0, "SPL": 0.0, "SoftSPL": 0.0, "PLR": 0.041551959568690386, "nDTW": 0.0, "CLS": 0.0, "steps": 40, "path_length_cm": 52.94799999999941, "cumulative_reward": -27.82804745189921, "ended_reason": "max_steps", "metrics": {"SR": 0.0, "SPL": 0.0, "SoftSPL": 0.0, "PLR": 0.041551959568690386, "nDTW": 0.0, "CLS": 0.0, "path_length_cm": 52.94799999999941, "cumulative_reward": -27.82804745189921}, "token_totals": {"input": 38919, "output": 3470, "calls": 40}, "finished_at": "2026-04-23T19:51:25.077062+00:00"}