{"episode_id": "map_67_B12_construction_site_on_0000", "episode_idx": 0, "agent_name": "GhostAgent_0", "SR": 0.0, "SPL": 0.0, "SoftSPL": 0.1471383951580232, "PLR": 3.9643115973008927, "nDTW": 3.0937471868026124e-45, "CLS": 0.07965998660861143, "steps": 40, "path_length_cm": 11043.343173485124, "cumulative_reward": 1603.690377103878, "ended_reason": "max_steps", "metrics": {"SR": 0.0, "SPL": 0.0, "SoftSPL": 0.1471383951580232, "PLR": 3.9643115973008927, "nDTW": 3.0937471868026124e-45, "CLS": 0.07965998660861143, "path_length_cm": 11043.343173485124, "cumulative_reward": 1603.690377103878}, "token_totals": {"input": 131011, "output": 7920, "calls": 40}, "finished_at": "2026-04-23T15:16:42.405530+00:00"}