{"episode_id": "map_11_wintertown_demo01_remix_obj_on_0015", "episode_idx": 5, "agent_name": "GhostAgent_5", "SR": 0.0, "SPL": 0.0, "SoftSPL": 0.1350696806992393, "PLR": 0.0, "nDTW": 0.007432514597981848, "CLS": 0.09349103354105058, "steps": 40, "path_length_cm": 0.0, "cumulative_reward": -0.4000000000000002, "ended_reason": "max_steps", "metrics": {"SR": 0.0, "SPL": 0.0, "SoftSPL": 0.1350696806992393, "PLR": 0.0, "nDTW": 0.007432514597981848, "CLS": 0.09349103354105058, "path_length_cm": 0.0, "cumulative_reward": -0.4000000000000002}, "token_totals": {"input": 97583, "output": 264, "calls": 40}, "finished_at": "2026-04-22T23:56:13.570883+00:00"}