{"episode_id": "map_26_courtyard_overcast_native_obj_pn_0001", "episode_idx": 7, "agent_name": "GhostAgent_7", "SR": 0.0, "SPL": 0.0, "SoftSPL": 0.535290238626277, "PLR": 0.583637024928189, "nDTW": 8.428300713792917e-06, "CLS": 0.08687157347483328, "steps": 40, "path_length_cm": 3216.8088448157023, "cumulative_reward": 45.623234519630195, "ended_reason": "max_steps", "metrics": {"SR": 0.0, "SPL": 0.0, "SoftSPL": 0.535290238626277, "PLR": 0.583637024928189, "nDTW": 8.428300713792917e-06, "CLS": 0.08687157347483328, "path_length_cm": 3216.8088448157023, "cumulative_reward": 45.623234519630195}, "token_totals": {"input": 130938, "output": 8466, "calls": 40}, "finished_at": "2026-04-23T18:33:26.080185+00:00"}