{"episode_id": "map_34_temple_plaza_native_pn_0008", "episode_idx": 8, "agent_name": "GhostAgent_8", "SR": 0.0, "SPL": 0.0, "SoftSPL": 0.6321026001952134, "PLR": 0.02920373017715988, "nDTW": 0.0005428939624454638, "CLS": 0.04992233093795283, "steps": 12, "path_length_cm": 215.40174915260116, "cumulative_reward": 214.99588991223115, "ended_reason": "success", "metrics": {"SR": 0.0, "SPL": 0.0, "SoftSPL": 0.6321026001952134, "PLR": 0.02920373017715988, "nDTW": 0.0005428939624454638, "CLS": 0.04992233093795283, "path_length_cm": 215.40174915260116, "cumulative_reward": 214.99588991223115}, "token_totals": {"input": 13194, "output": 1940, "calls": 12}, "finished_at": "2026-04-23T15:33:32.936581+00:00"}