{"episode_id": "map_61_containeryard_day_big_remix_on_0013", "episode_idx": 3, "agent_name": "GhostAgent_3", "SR": 0.0, "SPL": 0.0, "SoftSPL": 0.013231221735770404, "PLR": 0.25031739660211755, "nDTW": 1.060971241743174e-09, "CLS": 0.27182973575717434, "steps": 40, "path_length_cm": 280.36800006420174, "cumulative_reward": 5.568677600926421, "ended_reason": "max_steps", "metrics": {"SR": 0.0, "SPL": 0.0, "SoftSPL": 0.013231221735770404, "PLR": 0.25031739660211755, "nDTW": 1.060971241743174e-09, "CLS": 0.27182973575717434, "path_length_cm": 280.36800006420174, "cumulative_reward": 5.568677600926421}, "token_totals": {"input": 33972, "output": 2126, "calls": 40}, "finished_at": "2026-04-23T16:41:39.319697+00:00"}