{"episode_id": "map_61_containeryard_day_big_remix_pn_0010", "episode_idx": 5, "agent_name": "GhostAgent_5", "SR": 0.0, "SPL": 0.0, "SoftSPL": 0.0, "PLR": 0.272519907778886, "nDTW": 1.2648377223372675e-16, "CLS": 0.3154949955880373, "steps": 40, "path_length_cm": 499.99500000099994, "cumulative_reward": -471.09330295721156, "ended_reason": "max_steps", "metrics": {"SR": 0.0, "SPL": 0.0, "SoftSPL": 0.0, "PLR": 0.272519907778886, "nDTW": 1.2648377223372675e-16, "CLS": 0.3154949955880373, "path_length_cm": 499.99500000099994, "cumulative_reward": -471.09330295721156}, "token_totals": {"input": 34866, "output": 2358, "calls": 40}, "finished_at": "2026-04-23T16:22:03.762919+00:00"}