{"episode_id": "map_67_B12_construction_site_pn_0007", "episode_idx": 7, "agent_name": "GhostAgent_7", "SR": 0.0, "SPL": 0.0, "SoftSPL": 0.38741974925990874, "PLR": 0.7712205800309484, "nDTW": 9.90862700708253e-115, "CLS": 0.14407176629146143, "steps": 40, "path_length_cm": 5985.682000000001, "cumulative_reward": 2963.9687836871635, "ended_reason": "max_steps", "metrics": {"SR": 0.0, "SPL": 0.0, "SoftSPL": 0.38741974925990874, "PLR": 0.7712205800309484, "nDTW": 9.90862700708253e-115, "CLS": 0.14407176629146143, "path_length_cm": 5985.682000000001, "cumulative_reward": 2963.9687836871635}, "token_totals": {"input": 124244, "output": 6844, "calls": 40}, "finished_at": "2026-04-23T05:13:06.561035+00:00"}