{"episode_id": "map_40_B2_open_plaza_obj_on_0005", "episode_idx": 5, "agent_name": "GhostAgent_5", "SR": 0.0, "SPL": 0.0, "SoftSPL": 0.8716561680210926, "PLR": 0.9805604807614161, "nDTW": 7.5660115577610925e-22, "CLS": 0.14689264503289937, "steps": 40, "path_length_cm": 4039.4385117062693, "cumulative_reward": 3575.6737320680427, "ended_reason": "max_steps", "metrics": {"SR": 0.0, "SPL": 0.0, "SoftSPL": 0.8716561680210926, "PLR": 0.9805604807614161, "nDTW": 7.5660115577610925e-22, "CLS": 0.14689264503289937, "path_length_cm": 4039.4385117062693, "cumulative_reward": 3575.6737320680427}, "token_totals": {"input": 118075, "output": 6169, "calls": 40}, "finished_at": "2026-04-23T01:57:51.041432+00:00"}