{"episode_id": "map_40_B2_open_plaza_obj_on_0011", "episode_idx": 1, "agent_name": "GhostAgent_1", "SR": 1.0, "SPL": 0.908495385886564, "SoftSPL": 0.8330230223900315, "PLR": 1.1007210554230171, "nDTW": 0.009953877594223915, "CLS": 0.3472979448969122, "steps": 7, "path_length_cm": 1938.5569011793552, "cumulative_reward": 1603.2908109450368, "ended_reason": "success", "metrics": {"SR": 1.0, "SPL": 0.908495385886564, "SoftSPL": 0.8330230223900315, "PLR": 1.1007210554230171, "nDTW": 0.009953877594223915, "CLS": 0.3472979448969122, "path_length_cm": 1938.5569011793552, "cumulative_reward": 1603.2908109450368}, "token_totals": {"input": 12859, "output": 552, "calls": 7}, "finished_at": "2026-04-23T02:11:58.186870+00:00"}