{"episode_id": "map_53_courtyard_sanny_big_remix_pn_0001", "episode_idx": 1, "agent_name": "GhostAgent_1", "SR": 0.0, "SPL": 0.0, "SoftSPL": 0.6993727505652089, "PLR": 0.05766912572944821, "nDTW": 0.0013491378303076259, "CLS": 0.11913214258517928, "steps": 40, "path_length_cm": 227.3501477457183, "cumulative_reward": 153.13592245700096, "ended_reason": "max_steps", "metrics": {"SR": 0.0, "SPL": 0.0, "SoftSPL": 0.6993727505652089, "PLR": 0.05766912572944821, "nDTW": 0.0013491378303076259, "CLS": 0.11913214258517928, "path_length_cm": 227.3501477457183, "cumulative_reward": 153.13592245700096}, "token_totals": {"input": 106999, "output": 3229, "calls": 40}, "finished_at": "2026-04-23T02:00:37.952150+00:00"}