{"episode_id": "map_59_B10_market_plaza_obj_pn_0019", "episode_idx": 3, "agent_name": "GhostAgent_3", "SR": 0.0, "SPL": 0.0, "SoftSPL": 0.0, "PLR": 0.002810726542882089, "nDTW": 4.523177595767253e-08, "CLS": 0.25070466224862203, "steps": 40, "path_length_cm": 17.092000000000553, "cumulative_reward": -17.404848926993935, "ended_reason": "max_steps", "metrics": {"SR": 0.0, "SPL": 0.0, "SoftSPL": 0.0, "PLR": 0.002810726542882089, "nDTW": 4.523177595767253e-08, "CLS": 0.25070466224862203, "path_length_cm": 17.092000000000553, "cumulative_reward": -17.404848926993935}, "token_totals": {"input": 114951, "output": 4438, "calls": 40}, "finished_at": "2026-04-23T04:40:28.017212+00:00"}