{"episode_id": "map_53_courtyard_sanny_big_remix_on_0011", "episode_idx": 1, "agent_name": "GhostAgent_1", "SR": 0.0, "SPL": 0.0, "SoftSPL": 0.6563347467381642, "PLR": 0.01709420008166717, "nDTW": 0.0002962114365545799, "CLS": 0.06828519122616353, "steps": 40, "path_length_cm": 70.10314359291624, "cumulative_reward": 63.920291876734325, "ended_reason": "max_steps", "metrics": {"SR": 0.0, "SPL": 0.0, "SoftSPL": 0.6563347467381642, "PLR": 0.01709420008166717, "nDTW": 0.0002962114365545799, "CLS": 0.06828519122616353, "path_length_cm": 70.10314359291624, "cumulative_reward": 63.920291876734325}, "token_totals": {"input": 103892, "output": 2876, "calls": 40}, "finished_at": "2026-04-23T14:35:50.146328+00:00"}