{"episode_id": "map_68_B13_suburban_park_obj_on_0002", "episode_idx": 2, "agent_name": "GhostAgent_2", "SR": 0.0, "SPL": 0.0, "SoftSPL": 0.002694660827724738, "PLR": 0.0, "nDTW": 8.013193089611856e-11, "CLS": 0.10000000003560135, "steps": 40, "path_length_cm": 0.0, "cumulative_reward": -0.4000000000000002, "ended_reason": "max_steps", "metrics": {"SR": 0.0, "SPL": 0.0, "SoftSPL": 0.002694660827724738, "PLR": 0.0, "nDTW": 8.013193089611856e-11, "CLS": 0.10000000003560135, "path_length_cm": 0.0, "cumulative_reward": -0.4000000000000002}, "token_totals": {"input": 105289, "output": 2016, "calls": 40}, "finished_at": "2026-04-23T04:32:19.346782+00:00"}