{"episode_id": "map_31_gothic_day_remix_pn_0012", "episode_idx": 2, "agent_name": "GhostAgent_2", "SR": 0.0, "SPL": 0.0, "SoftSPL": 0.0, "PLR": 0.027768447710522975, "nDTW": 0.002264701442170123, "CLS": 0.18124684037652408, "steps": 40, "path_length_cm": 62.83361042594007, "cumulative_reward": 48.9383686294056, "ended_reason": "max_steps", "metrics": {"SR": 0.0, "SPL": 0.0, "SoftSPL": 0.0, "PLR": 0.027768447710522975, "nDTW": 0.002264701442170123, "CLS": 0.18124684037652408, "path_length_cm": 62.83361042594007, "cumulative_reward": 48.9383686294056}, "token_totals": {"input": 103745, "output": 3212, "calls": 40}, "finished_at": "2026-04-23T00:45:34.532509+00:00"}