{"episode_id": "map_59_B10_market_plaza_pn_0017", "episode_idx": 3, "agent_name": "GhostAgent_3", "SR": 0.0, "SPL": 0.0, "SoftSPL": 0.0, "PLR": 0.1926055439417169, "nDTW": 1.3145712500665335e-07, "CLS": 0.2207542528764747, "steps": 40, "path_length_cm": 942.7656164859159, "cumulative_reward": 519.0481357425051, "ended_reason": "max_steps", "metrics": {"SR": 0.0, "SPL": 0.0, "SoftSPL": 0.0, "PLR": 0.1926055439417169, "nDTW": 1.3145712500665335e-07, "CLS": 0.2207542528764747, "path_length_cm": 942.7656164859159, "cumulative_reward": 519.0481357425051}, "token_totals": {"input": 109478, "output": 4618, "calls": 40}, "finished_at": "2026-04-23T19:32:42.153885+00:00"}