{"episode_id": "map_61_containeryard_day_big_remix_pn_0006", "episode_idx": 3, "agent_name": "GhostAgent_3", "SR": 0.0, "SPL": 0.0, "SoftSPL": 0.0, "PLR": 0.17575551156990935, "nDTW": 1.8733655853753582e-11, "CLS": 0.3037738018961538, "steps": 40, "path_length_cm": 219.31300000227995, "cumulative_reward": -23.01242199534633, "ended_reason": "max_steps", "metrics": {"SR": 0.0, "SPL": 0.0, "SoftSPL": 0.0, "PLR": 0.17575551156990935, "nDTW": 1.8733655853753582e-11, "CLS": 0.3037738018961538, "path_length_cm": 219.31300000227995, "cumulative_reward": -23.01242199534633}, "token_totals": {"input": 31640, "output": 1623, "calls": 40}, "finished_at": "2026-04-23T16:22:03.762041+00:00"}