{"episode_id": "map_45_B7_park_with_paths_obj_pn_0011", "episode_idx": 1, "agent_name": "GhostAgent_1", "SR": 0.0, "SPL": 0.0, "SoftSPL": 0.1525994652237045, "PLR": 0.6164330596455618, "nDTW": 6.50806062938746e-08, "CLS": 0.06499327144974286, "steps": 10, "path_length_cm": 3241.001604706681, "cumulative_reward": 772.8299602324707, "ended_reason": "no_tool_call", "metrics": {"SR": 0.0, "SPL": 0.0, "SoftSPL": 0.1525994652237045, "PLR": 0.6164330596455618, "nDTW": 6.50806062938746e-08, "CLS": 0.06499327144974286, "path_length_cm": 3241.001604706681, "cumulative_reward": 772.8299602324707}, "token_totals": {"input": 25079, "output": 1868, "calls": 10}, "finished_at": "2026-04-23T19:45:16.277556+00:00"}