{"episode_id": "map_18_cave_native_on_0010", "episode_idx": 0, "agent_name": "GhostAgent_0", "SR": 0.0, "SPL": 0.0, "SoftSPL": 0.13726765091746895, "PLR": 0.06721590530456584, "nDTW": 7.984696286172742e-15, "CLS": 0.12019824336961611, "steps": 40, "path_length_cm": 395.5037640844898, "cumulative_reward": -389.0914141603298, "ended_reason": "max_steps", "metrics": {"SR": 0.0, "SPL": 0.0, "SoftSPL": 0.13726765091746895, "PLR": 0.06721590530456584, "nDTW": 7.984696286172742e-15, "CLS": 0.12019824336961611, "path_length_cm": 395.5037640844898, "cumulative_reward": -389.0914141603298}, "token_totals": {"input": 105492, "output": 2888, "calls": 40}, "finished_at": "2026-04-23T17:14:56.803382+00:00"}