{"episode_id": "map_53_courtyard_sanny_big_remix_obj_pn_0018", "episode_idx": 8, "agent_name": "GhostAgent_8", "SR": 0.0, "SPL": 0.0, "SoftSPL": 0.2609875499666908, "PLR": 0.4518202135666162, "nDTW": 2.4660537320117316e-21, "CLS": 0.2559643062544522, "steps": 40, "path_length_cm": 772.7932932843404, "cumulative_reward": 701.5999313158784, "ended_reason": "max_steps", "metrics": {"SR": 0.0, "SPL": 0.0, "SoftSPL": 0.2609875499666908, "PLR": 0.4518202135666162, "nDTW": 2.4660537320117316e-21, "CLS": 0.2559643062544522, "path_length_cm": 772.7932932843404, "cumulative_reward": 701.5999313158784}, "token_totals": {"input": 112669, "output": 4947, "calls": 40}, "finished_at": "2026-04-23T02:34:59.936184+00:00"}