{"episode_id": "map_64_cave_lost_expedition_pn_0016", "episode_idx": 6, "agent_name": "GhostAgent_6", "SR": 0.0, "SPL": 0.0, "SoftSPL": 0.018720672106631975, "PLR": 0.0, "nDTW": 8.747568413811712e-11, "CLS": 0.08333333704208538, "steps": 0, "path_length_cm": 0.0, "cumulative_reward": 0.0, "ended_reason": "spawn_blocked", "metrics": {"SR": 0.0, "SPL": 0.0, "SoftSPL": 0.018720672106631975, "PLR": 0.0, "nDTW": 8.747568413811712e-11, "CLS": 0.08333333704208538, "path_length_cm": 0.0, "cumulative_reward": 0.0}, "token_totals": {"input": 0, "output": 0, "calls": 0}, "finished_at": "2026-04-23T20:02:29.826952+00:00"}