{"episode_id": "map_33_gothic_night_remix_pn_0015", "episode_idx": 3, "agent_name": "GhostAgent_3", "SR": 0.0, "SPL": 0.0, "SoftSPL": 0.33065805348757815, "PLR": 0.0, "nDTW": 6.903003021966934e-06, "CLS": 0.055958686705929996, "steps": 40, "path_length_cm": 0.0, "cumulative_reward": -0.4000000000000002, "ended_reason": "max_steps", "metrics": {"SR": 0.0, "SPL": 0.0, "SoftSPL": 0.33065805348757815, "PLR": 0.0, "nDTW": 6.903003021966934e-06, "CLS": 0.055958686705929996, "path_length_cm": 0.0, "cumulative_reward": -0.4000000000000002}, "token_totals": {"input": 44962, "output": 5046, "calls": 40}, "finished_at": "2026-04-23T18:22:00.680474+00:00"}