{"episode_id": "map_58_dungeon_library_on_0013", "episode_idx": 3, "agent_name": "GhostAgent_3", "SR": 1.0, "SPL": 1.0, "SoftSPL": 0.8551908707628942, "PLR": 0.9191809479924906, "nDTW": 0.01989097991126283, "CLS": 0.5222413397908816, "steps": 6, "path_length_cm": 1209.4858667969588, "cumulative_reward": 1127.7229952454356, "ended_reason": "success", "metrics": {"SR": 1.0, "SPL": 1.0, "SoftSPL": 0.8551908707628942, "PLR": 0.9191809479924906, "nDTW": 0.01989097991126283, "CLS": 0.5222413397908816, "path_length_cm": 1209.4858667969588, "cumulative_reward": 1127.7229952454356}, "token_totals": {"input": 10492, "output": 591, "calls": 6}, "finished_at": "2026-04-23T02:38:07.114247+00:00"}