{
  "map": "map_65_hwaseong_ceremonial",
  "n": 18,
  "SR": 0.0,
  "SPL": 0.0,
  "SoftSPL": 0.14750579080865708,
  "nDTW": 8.270557810504116e-05,
  "avg_steps": 37.94444444444444
}