{"episode_id": "map_04_courtyard_remix_pn_0002", "episode_idx": 2, "agent_name": "GhostAgent_2", "SR": 1.0, "SPL": 1.0, "SoftSPL": 0.9723794097939013, "PLR": 0.9758842758842761, "nDTW": 9.978965504826864e-08, "CLS": 0.7721241949183194, "steps": 17, "path_length_cm": 2788.2380000000003, "cumulative_reward": 2758.2023081756724, "ended_reason": "success", "metrics": {"SR": 1.0, "SPL": 1.0, "SoftSPL": 0.9723794097939013, "PLR": 0.9758842758842761, "nDTW": 9.978965504826864e-08, "CLS": 0.7721241949183194, "path_length_cm": 2788.2380000000003, "cumulative_reward": 2758.2023081756724}, "token_totals": {"input": 36246, "output": 3517, "calls": 17}, "finished_at": "2026-04-22T15:25:46.042946+00:00"}