{"episode_id": "map_03_watertown_remix_on_0014", "episode_idx": 1, "agent_name": "GhostAgent_1", "SR": 0.0, "SPL": 0.0, "SoftSPL": 0.0, "PLR": 1.0812007845948324, "nDTW": 3.2818539207864544e-177, "CLS": 0.23122439750512058, "steps": 40, "path_length_cm": 7640.305344339383, "cumulative_reward": -1147.6138916255234, "ended_reason": "max_steps", "metrics": {"SR": 0.0, "SPL": 0.0, "SoftSPL": 0.0, "PLR": 1.0812007845948324, "nDTW": 3.2818539207864544e-177, "CLS": 0.23122439750512058, "path_length_cm": 7640.305344339383, "cumulative_reward": -1147.6138916255234}, "token_totals": {"input": 501198, "output": 7553, "calls": 40}, "finished_at": "2026-04-22T20:58:26.982369+00:00"}