{"episode_id": "map_47_wintertown_demo01_minimal_obj_on_0006", "episode_idx": 1, "agent_name": "GhostAgent_1", "SR": 0.0, "SPL": 0.0, "SoftSPL": 0.011068714904574284, "PLR": 0.0, "nDTW": 6.070032615661945e-10, "CLS": 0.08333382140495542, "steps": 1, "path_length_cm": 0.0, "cumulative_reward": 0.0, "ended_reason": "no_tool_call", "metrics": {"SR": 0.0, "SPL": 0.0, "SoftSPL": 0.011068714904574284, "PLR": 0.0, "nDTW": 6.070032615661945e-10, "CLS": 0.08333382140495542, "path_length_cm": 0.0, "cumulative_reward": 0.0}, "token_totals": {"input": 771, "output": 256, "calls": 1}, "finished_at": "2026-04-23T18:28:05.095510+00:00"}