{"episode_id": "map_59_B10_market_plaza_obj_on_0011", "episode_idx": 1, "agent_name": "GhostAgent_1", "SR": 0.0, "SPL": 0.0, "SoftSPL": 0.0, "PLR": 31.74307319277493, "nDTW": 0.0, "CLS": 0.007885012153984034, "steps": 39, "path_length_cm": 58503.43618647998, "cumulative_reward": -55591.59885240619, "ended_reason": "step_error", "metrics": {"SR": 0.0, "SPL": 0.0, "SoftSPL": 0.0, "PLR": 31.74307319277493, "nDTW": 0.0, "CLS": 0.007885012153984034, "path_length_cm": 58503.43618647998, "cumulative_reward": -55591.59885240619}, "token_totals": {"input": 135935, "output": 8643, "calls": 39}, "finished_at": "2026-04-23T19:07:41.057447+00:00"}