{"episode_id": "map_27_courtyard_overcast_remix_on_0007", "episode_idx": 7, "agent_name": "GhostAgent_7", "SR": 0.0, "SPL": 0.0, "SoftSPL": 0.18012347188831423, "PLR": 0.29986250858261543, "nDTW": 7.99751292186532e-13, "CLS": 0.09679651844592187, "steps": 40, "path_length_cm": 797.5772989531264, "cumulative_reward": 342.1494175234452, "ended_reason": "max_steps", "metrics": {"SR": 0.0, "SPL": 0.0, "SoftSPL": 0.18012347188831423, "PLR": 0.29986250858261543, "nDTW": 7.99751292186532e-13, "CLS": 0.09679651844592187, "path_length_cm": 797.5772989531264, "cumulative_reward": 342.1494175234452}, "token_totals": {"input": 33850, "output": 2055, "calls": 40}, "finished_at": "2026-04-23T15:26:52.922206+00:00"}