{"episode_id": "map_59_B10_market_plaza_obj_pn_0010", "episode_idx": 6, "agent_name": "GhostAgent_6", "SR": 0.0, "SPL": 0.0, "SoftSPL": 0.5731129299815849, "PLR": 1.3556889282912485, "nDTW": 1.3130859110990385e-25, "CLS": 0.1707308330585242, "steps": 40, "path_length_cm": 6376.632, "cumulative_reward": 3647.8238323212936, "ended_reason": "max_steps", "metrics": {"SR": 0.0, "SPL": 0.0, "SoftSPL": 0.5731129299815849, "PLR": 1.3556889282912485, "nDTW": 1.3130859110990385e-25, "CLS": 0.1707308330585242, "path_length_cm": 6376.632, "cumulative_reward": 3647.8238323212936}, "token_totals": {"input": 120863, "output": 6082, "calls": 40}, "finished_at": "2026-04-23T04:27:10.913928+00:00"}