{"episode_id": "map_49_courtyard_sunny_packed_obj_on_0005", "episode_idx": 7, "agent_name": "GhostAgent_7", "SR": 0.0, "SPL": 0.0, "SoftSPL": 0.0, "PLR": 27.439765493382637, "nDTW": 3.074268903359586e-172, "CLS": 0.0010798503892420484, "steps": 40, "path_length_cm": 51722.037171441734, "cumulative_reward": -47952.31305668857, "ended_reason": "max_steps", "metrics": {"SR": 0.0, "SPL": 0.0, "SoftSPL": 0.0, "PLR": 27.439765493382637, "nDTW": 3.074268903359586e-172, "CLS": 0.0010798503892420484, "path_length_cm": 51722.037171441734, "cumulative_reward": -47952.31305668857}, "token_totals": {"input": 134300, "output": 8242, "calls": 40}, "finished_at": "2026-04-23T18:41:59.669622+00:00"}