{"episode_id": "map_27_courtyard_overcast_remix_pn_0009", "episode_idx": 9, "agent_name": "GhostAgent_9", "SR": 0.0, "SPL": 0.0, "SoftSPL": 0.1749968836679725, "PLR": 0.08193372645840263, "nDTW": 4.385299215314778e-07, "CLS": 0.11063375353691104, "steps": 40, "path_length_cm": 238.38208044439952, "cumulative_reward": 19.612162032241976, "ended_reason": "max_steps", "metrics": {"SR": 0.0, "SPL": 0.0, "SoftSPL": 0.1749968836679725, "PLR": 0.08193372645840263, "nDTW": 4.385299215314778e-07, "CLS": 0.11063375353691104, "path_length_cm": 238.38208044439952, "cumulative_reward": 19.612162032241976}, "token_totals": {"input": 34206, "output": 2193, "calls": 40}, "finished_at": "2026-04-23T15:21:20.880626+00:00"}