{"episode_id": "map_32_gothic_night_native_pn_0015", "episode_idx": 4, "agent_name": "GhostAgent_4", "SR": 1.0, "SPL": 0.9645365182353248, "SoftSPL": 0.9401274922536283, "PLR": 1.0367673811143592, "nDTW": 7.95599846136451e-05, "CLS": 0.47211688970528864, "steps": 15, "path_length_cm": 2966.7824347754167, "cumulative_reward": 2733.8707498208487, "ended_reason": "success", "metrics": {"SR": 1.0, "SPL": 0.9645365182353248, "SoftSPL": 0.9401274922536283, "PLR": 1.0367673811143592, "nDTW": 7.95599846136451e-05, "CLS": 0.47211688970528864, "path_length_cm": 2966.7824347754167, "cumulative_reward": 2733.8707498208487}, "token_totals": {"input": 38725, "output": 1923, "calls": 15}, "finished_at": "2026-04-23T16:31:52.174370+00:00"}