{"episode_id": "map_47_wintertown_demo01_minimal_pn_0001", "episode_idx": 1, "agent_name": "GhostAgent_1", "SR": 0.0, "SPL": 0.0, "SoftSPL": 0.0, "PLR": 0.876477575236001, "nDTW": 1.1125146264505209e-34, "CLS": 0.2897718646324444, "steps": 40, "path_length_cm": 1206.9183858757258, "cumulative_reward": 366.7465678403769, "ended_reason": "max_steps", "metrics": {"SR": 0.0, "SPL": 0.0, "SoftSPL": 0.0, "PLR": 0.876477575236001, "nDTW": 1.1125146264505209e-34, "CLS": 0.2897718646324444, "path_length_cm": 1206.9183858757258, "cumulative_reward": 366.7465678403769}, "token_totals": {"input": 127487, "output": 7892, "calls": 40}, "finished_at": "2026-04-23T01:22:40.670957+00:00"}