{"episode_id": "map_16_hwaseong_remix_pn_0008", "episode_idx": 5, "agent_name": "GhostAgent_5", "SR": 0.0, "SPL": 0.0, "SoftSPL": 0.0, "PLR": 0.6206721164289765, "nDTW": 6.401604822794498e-26, "CLS": 0.18910807659241544, "steps": 40, "path_length_cm": 2169.7642047759086, "cumulative_reward": 1583.8637604426794, "ended_reason": "max_steps", "metrics": {"SR": 0.0, "SPL": 0.0, "SoftSPL": 0.0, "PLR": 0.6206721164289765, "nDTW": 6.401604822794498e-26, "CLS": 0.18910807659241544, "path_length_cm": 2169.7642047759086, "cumulative_reward": 1583.8637604426794}, "token_totals": {"input": 116892, "output": 5358, "calls": 40}, "finished_at": "2026-04-23T15:43:17.436125+00:00"}