{"episode_id": "map_67_B12_construction_site_pn_0019", "episode_idx": 1, "agent_name": "GhostAgent_1", "SR": 0.0, "SPL": 0.0, "SoftSPL": 0.0, "PLR": 3.1859430836125324, "nDTW": 4.6919883870401313e-194, "CLS": 0.07846970249893438, "steps": 40, "path_length_cm": 11626.653251612232, "cumulative_reward": -5388.681116846075, "ended_reason": "max_steps", "metrics": {"SR": 0.0, "SPL": 0.0, "SoftSPL": 0.0, "PLR": 3.1859430836125324, "nDTW": 4.6919883870401313e-194, "CLS": 0.07846970249893438, "path_length_cm": 11626.653251612232, "cumulative_reward": -5388.681116846075}, "token_totals": {"input": 131225, "output": 7467, "calls": 40}, "finished_at": "2026-04-23T17:18:57.337058+00:00"}