{"episode_id": "map_23_containeryard_demo_remix_pn_0017", "episode_idx": 7, "agent_name": "GhostAgent_7", "SR": 0.0, "SPL": 0.0, "SoftSPL": 0.6122868302778974, "PLR": 0.6955558460258983, "nDTW": 5.602164263224191e-19, "CLS": 0.1189364165179611, "steps": 40, "path_length_cm": 1444.8990256249792, "cumulative_reward": 1108.163143298638, "ended_reason": "max_steps", "metrics": {"SR": 0.0, "SPL": 0.0, "SoftSPL": 0.6122868302778974, "PLR": 0.6955558460258983, "nDTW": 5.602164263224191e-19, "CLS": 0.1189364165179611, "path_length_cm": 1444.8990256249792, "cumulative_reward": 1108.163143298638}, "token_totals": {"input": 115529, "output": 4634, "calls": 40}, "finished_at": "2026-04-23T13:14:02.991167+00:00"}