{"episode_id": "map_57_gothic_day_invasion_pn_0015", "episode_idx": 4, "agent_name": "GhostAgent_4", "SR": 0.0, "SPL": 0.0, "SoftSPL": 0.2836004060885954, "PLR": 1.3974595212021066, "nDTW": 6.489036551425552e-08, "CLS": 0.41582394055965044, "steps": 40, "path_length_cm": 3554.7597078674344, "cumulative_reward": 1860.7271114354735, "ended_reason": "max_steps", "metrics": {"SR": 0.0, "SPL": 0.0, "SoftSPL": 0.2836004060885954, "PLR": 1.3974595212021066, "nDTW": 6.489036551425552e-08, "CLS": 0.41582394055965044, "path_length_cm": 3554.7597078674344, "cumulative_reward": 1860.7271114354735}, "token_totals": {"input": 118855, "output": 6515, "calls": 40}, "finished_at": "2026-04-23T03:15:56.376256+00:00"}