{"episode_id": "map_57_gothic_day_invasion_pn_0004", "episode_idx": 4, "agent_name": "GhostAgent_4", "SR": 0.0, "SPL": 0.0, "SoftSPL": 0.0, "PLR": 0.26671960659102184, "nDTW": 1.0948479880477064e-12, "CLS": 0.26759950880631556, "steps": 40, "path_length_cm": 1154.8692245784653, "cumulative_reward": 1135.2058666383682, "ended_reason": "max_steps", "metrics": {"SR": 0.0, "SPL": 0.0, "SoftSPL": 0.0, "PLR": 0.26671960659102184, "nDTW": 1.0948479880477064e-12, "CLS": 0.26759950880631556, "path_length_cm": 1154.8692245784653, "cumulative_reward": 1135.2058666383682}, "token_totals": {"input": 110475, "output": 4818, "calls": 40}, "finished_at": "2026-04-23T02:58:47.685009+00:00"}