{"episode_id": "map_19_wintertown_demo02_native_obj_pn_0012", "episode_idx": 2, "agent_name": "GhostAgent_2", "SR": 0.0, "SPL": 0.0, "SoftSPL": 0.0627034372646823, "PLR": 1.7540111585574332, "nDTW": 4.989868144033475e-139, "CLS": 0.14253277608187123, "steps": 40, "path_length_cm": 13666.167460561213, "cumulative_reward": 933.8136577967653, "ended_reason": "max_steps", "metrics": {"SR": 0.0, "SPL": 0.0, "SoftSPL": 0.0627034372646823, "PLR": 1.7540111585574332, "nDTW": 4.989868144033475e-139, "CLS": 0.14253277608187123, "path_length_cm": 13666.167460561213, "cumulative_reward": 933.8136577967653}, "token_totals": {"input": 130678, "output": 7695, "calls": 40}, "finished_at": "2026-04-22T23:49:44.794066+00:00"}