{"episode_id": "map_20_trainstation_native_on_0007", "episode_idx": 7, "agent_name": "GhostAgent_7", "SR": 1.0, "SPL": 0.2094171283753113, "SoftSPL": 0.19830875245677052, "PLR": 4.775158592604846, "nDTW": 9.106753609083863e-30, "CLS": 0.15801627744162244, "steps": 25, "path_length_cm": 5487.039235590377, "cumulative_reward": 1090.3745203869098, "ended_reason": "success", "metrics": {"SR": 1.0, "SPL": 0.2094171283753113, "SoftSPL": 0.19830875245677052, "PLR": 4.775158592604846, "nDTW": 9.106753609083863e-30, "CLS": 0.15801627744162244, "path_length_cm": 5487.039235590377, "cumulative_reward": 1090.3745203869098}, "token_totals": {"input": 74662, "output": 3683, "calls": 25}, "finished_at": "2026-04-23T17:10:14.552105+00:00"}