{"episode_id": "map_27_courtyard_overcast_remix_obj_on_0011", "episode_idx": 1, "agent_name": "GhostAgent_1", "SR": 0.0, "SPL": 0.0, "SoftSPL": 0.4972381000038596, "PLR": 0.07874676254956073, "nDTW": 1.1090314117697192e-06, "CLS": 0.08051128179238515, "steps": 40, "path_length_cm": 321.18914521664635, "cumulative_reward": 130.29280837456778, "ended_reason": "max_steps", "metrics": {"SR": 0.0, "SPL": 0.0, "SoftSPL": 0.4972381000038596, "PLR": 0.07874676254956073, "nDTW": 1.1090314117697192e-06, "CLS": 0.08051128179238515, "path_length_cm": 321.18914521664635, "cumulative_reward": 130.29280837456778}, "token_totals": {"input": 35172, "output": 2204, "calls": 40}, "finished_at": "2026-04-23T15:52:12.407338+00:00"}