{"episode_id": "map_20_trainstation_native_obj_on_0009", "episode_idx": 9, "agent_name": "GhostAgent_9", "SR": 0.0, "SPL": 0.0, "SoftSPL": 0.0, "PLR": 0.02438990159353094, "nDTW": 0.0001525593232856129, "CLS": 0.2562837692160795, "steps": 40, "path_length_cm": 43.44500001150886, "cumulative_reward": -39.9513018625658, "ended_reason": "max_steps", "metrics": {"SR": 0.0, "SPL": 0.0, "SoftSPL": 0.0, "PLR": 0.02438990159353094, "nDTW": 0.0001525593232856129, "CLS": 0.2562837692160795, "path_length_cm": 43.44500001150886, "cumulative_reward": -39.9513018625658}, "token_totals": {"input": 117078, "output": 5851, "calls": 40}, "finished_at": "2026-04-23T17:39:38.789306+00:00"}