{"episode_id": "map_21_hwaseong_remix2_on_0018", "episode_idx": 8, "agent_name": "GhostAgent_8", "SR": 0.0, "SPL": 0.0, "SoftSPL": 2.977945126048098e-07, "PLR": 0.0, "nDTW": 8.320133185073509e-05, "CLS": 0.25000000173061543, "steps": 40, "path_length_cm": 0.0, "cumulative_reward": -0.4000000000000002, "ended_reason": "max_steps", "metrics": {"SR": 0.0, "SPL": 0.0, "SoftSPL": 2.977945126048098e-07, "PLR": 0.0, "nDTW": 8.320133185073509e-05, "CLS": 0.25000000173061543, "path_length_cm": 0.0, "cumulative_reward": -0.4000000000000002}, "token_totals": {"input": 31679, "output": 1476, "calls": 40}, "finished_at": "2026-04-23T18:05:53.278629+00:00"}