{"episode_id": "map_45_B7_park_with_paths_obj_pn_0013", "episode_idx": 3, "agent_name": "GhostAgent_3", "SR": 0.0, "SPL": 0.0, "SoftSPL": 0.4680886014638705, "PLR": 1.1988301637527317, "nDTW": 1.3124602040208496e-12, "CLS": 0.03344788494090767, "steps": 18, "path_length_cm": 4502.398492799584, "cumulative_reward": 1978.3793739055875, "ended_reason": "no_tool_call", "metrics": {"SR": 0.0, "SPL": 0.0, "SoftSPL": 0.4680886014638705, "PLR": 1.1988301637527317, "nDTW": 1.3124602040208496e-12, "CLS": 0.03344788494090767, "path_length_cm": 4502.398492799584, "cumulative_reward": 1978.3793739055875}, "token_totals": {"input": 55845, "output": 4030, "calls": 18}, "finished_at": "2026-04-23T19:45:16.332982+00:00"}