{"episode_id": "map_21_hwaseong_remix2_on_0002", "episode_idx": 2, "agent_name": "GhostAgent_2", "SR": 0.0, "SPL": 0.0, "SoftSPL": 0.14699049552047938, "PLR": 0.33897773173070805, "nDTW": 1.1075574174958862e-34, "CLS": 0.37820976302517445, "steps": 40, "path_length_cm": 801.5942013328745, "cumulative_reward": 347.1963890873956, "ended_reason": "max_steps", "metrics": {"SR": 0.0, "SPL": 0.0, "SoftSPL": 0.14699049552047938, "PLR": 0.33897773173070805, "nDTW": 1.1075574174958862e-34, "CLS": 0.37820976302517445, "path_length_cm": 801.5942013328745, "cumulative_reward": 347.1963890873956}, "token_totals": {"input": 34704, "output": 2080, "calls": 40}, "finished_at": "2026-04-23T17:56:38.477767+00:00"}