{"episode_id": "map_50_B9_sparse_wilderness_pn_0000", "episode_idx": 0, "agent_name": "GhostAgent_0", "SR": 0.0, "SPL": 0.0, "SoftSPL": 0.9017836554876059, "PLR": 0.9088387873710667, "nDTW": 1.7808104856967033e-16, "CLS": 0.3303459069373677, "steps": 12, "path_length_cm": 4339.478000000001, "cumulative_reward": 4305.681217579152, "ended_reason": "no_tool_call", "metrics": {"SR": 0.0, "SPL": 0.0, "SoftSPL": 0.9017836554876059, "PLR": 0.9088387873710667, "nDTW": 1.7808104856967033e-16, "CLS": 0.3303459069373677, "path_length_cm": 4339.478000000001, "cumulative_reward": 4305.681217579152}, "token_totals": {"input": 25900, "output": 1010, "calls": 12}, "finished_at": "2026-04-23T19:10:54.941155+00:00"}