{"episode_id": "map_19_wintertown_demo02_native_obj_on_0004", "episode_idx": 3, "agent_name": "GhostAgent_3", "SR": 0.0, "SPL": 0.0, "SoftSPL": 0.0, "PLR": 0.7126489342573697, "nDTW": 0.0, "CLS": 0.0, "steps": 4, "path_length_cm": 5459.083251623702, "cumulative_reward": -4803.950670758693, "ended_reason": "no_tool_call", "metrics": {"SR": 0.0, "SPL": 0.0, "SoftSPL": 0.0, "PLR": 0.7126489342573697, "nDTW": 0.0, "CLS": 0.0, "path_length_cm": 5459.083251623702, "cumulative_reward": -4803.950670758693}, "token_totals": {"input": 6368, "output": 922, "calls": 4}, "finished_at": "2026-04-23T20:03:51.458154+00:00"}