{"episode_id": "map_09b_wintertown_demo02_pn_0015", "episode_idx": 5, "agent_name": "GhostAgent_5", "SR": 0.0, "SPL": 0.0, "SoftSPL": 0.8337789483634686, "PLR": 0.69885413707763, "nDTW": 3.18981149906711e-15, "CLS": 0.2903188164954596, "steps": 40, "path_length_cm": 5419.313325758077, "cumulative_reward": 4361.897053020022, "ended_reason": "max_steps", "metrics": {"SR": 0.0, "SPL": 0.0, "SoftSPL": 0.8337789483634686, "PLR": 0.69885413707763, "nDTW": 3.18981149906711e-15, "CLS": 0.2903188164954596, "path_length_cm": 5419.313325758077, "cumulative_reward": 4361.897053020022}, "token_totals": {"input": 116297, "output": 5788, "calls": 40}, "finished_at": "2026-04-22T23:03:09.900325+00:00"}