{"episode_id": "map_13_watertown_native_pn_0000", "episode_idx": 0, "agent_name": "GhostAgent_0", "SR": 0.0, "SPL": 0.0, "SoftSPL": 0.49153178969663636, "PLR": 0.5373185716956546, "nDTW": 1.709884539721496e-21, "CLS": 0.03676304840844408, "steps": 40, "path_length_cm": 1299.2470527315265, "cumulative_reward": 812.8869168619226, "ended_reason": "max_steps", "metrics": {"SR": 0.0, "SPL": 0.0, "SoftSPL": 0.49153178969663636, "PLR": 0.5373185716956546, "nDTW": 1.709884539721496e-21, "CLS": 0.03676304840844408, "path_length_cm": 1299.2470527315265, "cumulative_reward": 812.8869168619226}, "token_totals": {"input": 123391, "output": 6974, "calls": 40}, "finished_at": "2026-04-23T18:06:42.723245+00:00"}