{"episode_id": "map_56_containeryard_settlement_obj_pn_0007", "episode_idx": 4, "agent_name": "GhostAgent_4", "SR": 0.0, "SPL": 0.0, "SoftSPL": 0.09000362015538364, "PLR": 0.0, "nDTW": 3.20413583211701e-06, "CLS": 0.07152560153246447, "steps": 40, "path_length_cm": 0.0, "cumulative_reward": -0.4000000000000002, "ended_reason": "max_steps", "metrics": {"SR": 0.0, "SPL": 0.0, "SoftSPL": 0.09000362015538364, "PLR": 0.0, "nDTW": 3.20413583211701e-06, "CLS": 0.07152560153246447, "path_length_cm": 0.0, "cumulative_reward": -0.4000000000000002}, "token_totals": {"input": 34335, "output": 2290, "calls": 40}, "finished_at": "2026-04-23T18:59:57.010027+00:00"}