{"episode_id": "map_58_dungeon_library_on_0008", "episode_idx": 8, "agent_name": "GhostAgent_8", "SR": 1.0, "SPL": 0.783052499723496, "SoftSPL": 0.778148808928721, "PLR": 1.2770535824266067, "nDTW": 3.028104886419031e-10, "CLS": 0.7266132679446581, "steps": 12, "path_length_cm": 3110.2640000000006, "cumulative_reward": 2422.6273452840637, "ended_reason": "success", "metrics": {"SR": 1.0, "SPL": 0.783052499723496, "SoftSPL": 0.778148808928721, "PLR": 1.2770535824266067, "nDTW": 3.028104886419031e-10, "CLS": 0.7266132679446581, "path_length_cm": 3110.2640000000006, "cumulative_reward": 2422.6273452840637}, "token_totals": {"input": 29969, "output": 1558, "calls": 12}, "finished_at": "2026-04-23T02:27:47.693549+00:00"}