{"episode_id": "map_68_B13_suburban_park_obj_on_0008", "episode_idx": 8, "agent_name": "GhostAgent_8", "SR": 1.0, "SPL": 0.9615225749723914, "SoftSPL": 0.9365601063088508, "PLR": 1.0400171831937628, "nDTW": 1.9618862820856187e-12, "CLS": 0.17452410065167936, "steps": 21, "path_length_cm": 7860.605873155938, "cumulative_reward": 7288.94363619756, "ended_reason": "success", "metrics": {"SR": 1.0, "SPL": 0.9615225749723914, "SoftSPL": 0.9365601063088508, "PLR": 1.0400171831937628, "nDTW": 1.9618862820856187e-12, "CLS": 0.17452410065167936, "path_length_cm": 7860.605873155938, "cumulative_reward": 7288.94363619756}, "token_totals": {"input": 56600, "output": 2866, "calls": 21}, "finished_at": "2026-04-23T04:32:19.348981+00:00"}