{"episode_id": "map_19_wintertown_demo02_native_obj_pn_0009", "episode_idx": 9, "agent_name": "GhostAgent_9", "SR": 0.0, "SPL": 0.0, "SoftSPL": 0.2611720995327895, "PLR": 0.20854391088287552, "nDTW": 2.5905287188253142e-05, "CLS": 0.21825961011299652, "steps": 40, "path_length_cm": 862.0913314422837, "cumulative_reward": 840.4831247482794, "ended_reason": "max_steps", "metrics": {"SR": 0.0, "SPL": 0.0, "SoftSPL": 0.2611720995327895, "PLR": 0.20854391088287552, "nDTW": 2.5905287188253142e-05, "CLS": 0.21825961011299652, "path_length_cm": 862.0913314422837, "cumulative_reward": 840.4831247482794}, "token_totals": {"input": 113154, "output": 5957, "calls": 40}, "finished_at": "2026-04-22T23:37:29.379563+00:00"}