{"episode_id": "map_31_gothic_day_remix_on_0007", "episode_idx": 7, "agent_name": "GhostAgent_7", "SR": 0.0, "SPL": 0.0, "SoftSPL": 0.41424812107529563, "PLR": 0.23399806912692236, "nDTW": 0.00015602772267607807, "CLS": 0.11697985246561705, "steps": 40, "path_length_cm": 999.3121540134347, "cumulative_reward": 27.782400843079508, "ended_reason": "max_steps", "metrics": {"SR": 0.0, "SPL": 0.0, "SoftSPL": 0.41424812107529563, "PLR": 0.23399806912692236, "nDTW": 0.00015602772267607807, "CLS": 0.11697985246561705, "path_length_cm": 999.3121540134347, "cumulative_reward": 27.782400843079508}, "token_totals": {"input": 113332, "output": 4975, "calls": 40}, "finished_at": "2026-04-23T18:01:42.050607+00:00"}