{"episode_id": "map_05_middleeast_native_on_0016", "episode_idx": 0, "agent_name": "GhostAgent_0", "SR": 0.0, "SPL": 0.0, "SoftSPL": 0.22879484213930712, "PLR": 0.0, "nDTW": 0.00013277610639362671, "CLS": 0.07737029040717419, "steps": 0, "path_length_cm": 0.0, "cumulative_reward": 0.0, "ended_reason": "spawn_blocked", "metrics": {"SR": 0.0, "SPL": 0.0, "SoftSPL": 0.22879484213930712, "PLR": 0.0, "nDTW": 0.00013277610639362671, "CLS": 0.07737029040717419, "path_length_cm": 0.0, "cumulative_reward": 0.0}, "token_totals": {"input": 0, "output": 0, "calls": 0}, "finished_at": "2026-04-23T16:29:40.491350+00:00"}