{"episode_id": "map_59_B10_market_plaza_obj_on_0005", "episode_idx": 5, "agent_name": "GhostAgent_5", "SR": 0.0, "SPL": 0.0, "SoftSPL": 0.7028818226649289, "PLR": 1.1207174425305095, "nDTW": 3.76359425262627e-35, "CLS": 0.23418547281767732, "steps": 40, "path_length_cm": 8713.085, "cumulative_reward": 6049.507453363175, "ended_reason": "max_steps", "metrics": {"SR": 0.0, "SPL": 0.0, "SoftSPL": 0.7028818226649289, "PLR": 1.1207174425305095, "nDTW": 3.76359425262627e-35, "CLS": 0.23418547281767732, "path_length_cm": 8713.085, "cumulative_reward": 6049.507453363175}, "token_totals": {"input": 118964, "output": 5122, "calls": 40}, "finished_at": "2026-04-23T03:02:22.961103+00:00"}