{"episode_id": "map_19_wintertown_demo02_native_on_0001", "episode_idx": 1, "agent_name": "GhostAgent_1", "SR": 0.0, "SPL": 0.0, "SoftSPL": 0.07142521751260378, "PLR": 0.079948022387965, "nDTW": 1.1450824353910914e-05, "CLS": 0.2041396926768705, "steps": 40, "path_length_cm": 529.4605751456415, "cumulative_reward": -45.095478192014816, "ended_reason": "max_steps", "metrics": {"SR": 0.0, "SPL": 0.0, "SoftSPL": 0.07142521751260378, "PLR": 0.079948022387965, "nDTW": 1.1450824353910914e-05, "CLS": 0.2041396926768705, "path_length_cm": 529.4605751456415, "cumulative_reward": -45.095478192014816}, "token_totals": {"input": 115961, "output": 4628, "calls": 40}, "finished_at": "2026-04-22T23:37:15.217175+00:00"}