{"episode_id": "map_67_B12_construction_site_on_0004", "episode_idx": 4, "agent_name": "GhostAgent_4", "SR": 0.0, "SPL": 0.0, "SoftSPL": 0.6547068037318612, "PLR": 1.3377253234905013, "nDTW": 2.971002747523955e-16, "CLS": 0.15067108970053092, "steps": 40, "path_length_cm": 6859.895590618995, "cumulative_reward": 4466.759427818635, "ended_reason": "max_steps", "metrics": {"SR": 0.0, "SPL": 0.0, "SoftSPL": 0.6547068037318612, "PLR": 1.3377253234905013, "nDTW": 2.971002747523955e-16, "CLS": 0.15067108970053092, "path_length_cm": 6859.895590618995, "cumulative_reward": 4466.759427818635}, "token_totals": {"input": 116942, "output": 5252, "calls": 40}, "finished_at": "2026-04-23T15:16:42.407147+00:00"}