{"episode_id": "map_53_courtyard_sanny_big_remix_obj_pn_0016", "episode_idx": 6, "agent_name": "GhostAgent_6", "SR": 0.0, "SPL": 0.0, "SoftSPL": 0.5357265408492948, "PLR": 0.13707928742001765, "nDTW": 0.0005354006936456984, "CLS": 0.14217883966480085, "steps": 40, "path_length_cm": 494.2379999999994, "cumulative_reward": 3.9949461794480676, "ended_reason": "max_steps", "metrics": {"SR": 0.0, "SPL": 0.0, "SoftSPL": 0.5357265408492948, "PLR": 0.13707928742001765, "nDTW": 0.0005354006936456984, "CLS": 0.14217883966480085, "path_length_cm": 494.2379999999994, "cumulative_reward": 3.9949461794480676}, "token_totals": {"input": 112151, "output": 4816, "calls": 40}, "finished_at": "2026-04-23T02:34:59.868962+00:00"}