{"episode_id": "map_53_courtyard_sanny_big_remix_obj_pn_0000", "episode_idx": 8, "agent_name": "GhostAgent_8", "SR": 0.0, "SPL": 0.0, "SoftSPL": 0.7231096847823283, "PLR": 0.5100274141133305, "nDTW": 2.893003325402518e-07, "CLS": 0.016737924229158305, "steps": 40, "path_length_cm": 3828.168865125978, "cumulative_reward": -51.083899982127576, "ended_reason": "max_steps", "metrics": {"SR": 0.0, "SPL": 0.0, "SoftSPL": 0.7231096847823283, "PLR": 0.5100274141133305, "nDTW": 2.893003325402518e-07, "CLS": 0.016737924229158305, "path_length_cm": 3828.168865125978, "cumulative_reward": -51.083899982127576}, "token_totals": {"input": 129027, "output": 7472, "calls": 40}, "finished_at": "2026-04-23T16:53:11.721600+00:00"}