{"episode_id": "map_57_gothic_day_invasion_obj_on_0014", "episode_idx": 3, "agent_name": "GhostAgent_3", "SR": 0.0, "SPL": 0.0, "SoftSPL": 0.20270225281994933, "PLR": 0.15829194517632125, "nDTW": 4.746404808142869e-18, "CLS": 0.14041317989936442, "steps": 40, "path_length_cm": 1171.7608729260733, "cumulative_reward": 519.0517408561345, "ended_reason": "max_steps", "metrics": {"SR": 0.0, "SPL": 0.0, "SoftSPL": 0.20270225281994933, "PLR": 0.15829194517632125, "nDTW": 4.746404808142869e-18, "CLS": 0.14041317989936442, "path_length_cm": 1171.7608729260733, "cumulative_reward": 519.0517408561345}, "token_totals": {"input": 111215, "output": 3460, "calls": 40}, "finished_at": "2026-04-23T15:39:01.770759+00:00"}