{"episode_id": "map_21_hwaseong_remix2_on_0003", "episode_idx": 3, "agent_name": "GhostAgent_3", "SR": 0.0, "SPL": 0.0, "SoftSPL": 0.0007336088069009871, "PLR": 0.0, "nDTW": 3.3363862162072283e-07, "CLS": 0.1250303512757841, "steps": 40, "path_length_cm": 0.0, "cumulative_reward": -0.4000000000000002, "ended_reason": "max_steps", "metrics": {"SR": 0.0, "SPL": 0.0, "SoftSPL": 0.0007336088069009871, "PLR": 0.0, "nDTW": 3.3363862162072283e-07, "CLS": 0.1250303512757841, "path_length_cm": 0.0, "cumulative_reward": -0.4000000000000002}, "token_totals": {"input": 33886, "output": 2097, "calls": 40}, "finished_at": "2026-04-23T17:56:38.478400+00:00"}