{"episode_id": "map_01_wintertown_native_obj_pn_0004", "episode_idx": 2, "agent_name": "GhostAgent_2", "SR": 0.0, "SPL": 0.0, "SoftSPL": 0.0, "PLR": 0.05817455258066909, "nDTW": 4.283695266669735e-15, "CLS": 0.1188813719482021, "steps": 40, "path_length_cm": 402.5475427648268, "cumulative_reward": -388.35068656156545, "ended_reason": "max_steps", "metrics": {"SR": 0.0, "SPL": 0.0, "SoftSPL": 0.0, "PLR": 0.05817455258066909, "nDTW": 4.283695266669735e-15, "CLS": 0.1188813719482021, "path_length_cm": 402.5475427648268, "cumulative_reward": -388.35068656156545}, "token_totals": {"input": 473586, "output": 6202, "calls": 40}, "finished_at": "2026-04-22T21:49:18.964206+00:00"}