{"episode_id": "map_27_courtyard_overcast_remix_pn_0008", "episode_idx": 8, "agent_name": "GhostAgent_8", "SR": 0.0, "SPL": 0.0, "SoftSPL": 0.21181119025675366, "PLR": 0.17941991395244866, "nDTW": 0.00019986337190396367, "CLS": 0.22467436707754732, "steps": 20, "path_length_cm": 350.32994138613265, "cumulative_reward": 342.19661035846684, "ended_reason": "success", "metrics": {"SR": 0.0, "SPL": 0.0, "SoftSPL": 0.21181119025675366, "PLR": 0.17941991395244866, "nDTW": 0.00019986337190396367, "CLS": 0.22467436707754732, "path_length_cm": 350.32994138613265, "cumulative_reward": 342.19661035846684}, "token_totals": {"input": 17204, "output": 1526, "calls": 20}, "finished_at": "2026-04-23T15:21:20.880288+00:00"}