{"episode_id": "map_40_B2_open_plaza_obj_on_0004", "episode_idx": 4, "agent_name": "GhostAgent_4", "SR": 0.0, "SPL": 0.0, "SoftSPL": 0.0, "PLR": 17.832268704131483, "nDTW": 1.1510488539176734e-153, "CLS": 0.006716102935110163, "steps": 40, "path_length_cm": 28396.104684458976, "cumulative_reward": -24694.91188511806, "ended_reason": "max_steps", "metrics": {"SR": 0.0, "SPL": 0.0, "SoftSPL": 0.0, "PLR": 17.832268704131483, "nDTW": 1.1510488539176734e-153, "CLS": 0.006716102935110163, "path_length_cm": 28396.104684458976, "cumulative_reward": -24694.91188511806}, "token_totals": {"input": 137644, "output": 8835, "calls": 40}, "finished_at": "2026-04-23T01:57:51.041069+00:00"}