{"episode_id": "map_21_hwaseong_remix2_obj_on_0009", "episode_idx": 9, "agent_name": "GhostAgent_9", "SR": 0.0, "SPL": 0.0, "SoftSPL": 0.09573136164219931, "PLR": 0.24448269579149554, "nDTW": 1.0085342690536953e-09, "CLS": 0.24462722256770542, "steps": 40, "path_length_cm": 395.48743284711276, "cumulative_reward": 138.5951543612827, "ended_reason": "max_steps", "metrics": {"SR": 0.0, "SPL": 0.0, "SoftSPL": 0.09573136164219931, "PLR": 0.24448269579149554, "nDTW": 1.0085342690536953e-09, "CLS": 0.24462722256770542, "path_length_cm": 395.48743284711276, "cumulative_reward": 138.5951543612827}, "token_totals": {"input": 34181, "output": 2239, "calls": 40}, "finished_at": "2026-04-23T18:18:56.955591+00:00"}