{"episode_id": "map_19_wintertown_demo02_native_pn_0000", "episode_idx": 0, "agent_name": "GhostAgent_0", "SR": 0.0, "SPL": 0.0, "SoftSPL": 0.016819023037483595, "PLR": 1.4250654459777494, "nDTW": 1.3717314731923517e-99, "CLS": 0.08231724715204385, "steps": 40, "path_length_cm": 11274.319771926206, "cumulative_reward": 141.27226085674545, "ended_reason": "max_steps", "metrics": {"SR": 0.0, "SPL": 0.0, "SoftSPL": 0.016819023037483595, "PLR": 1.4250654459777494, "nDTW": 1.3717314731923517e-99, "CLS": 0.08231724715204385, "path_length_cm": 11274.319771926206, "cumulative_reward": 141.27226085674545}, "token_totals": {"input": 121748, "output": 5319, "calls": 40}, "finished_at": "2026-04-22T23:11:42.265044+00:00"}