{"episode_id": "map_21_hwaseong_remix2_on_0014", "episode_idx": 4, "agent_name": "GhostAgent_4", "SR": 0.0, "SPL": 0.0, "SoftSPL": 0.0, "PLR": 0.0, "nDTW": 6.883252127931397e-05, "CLS": 0.250000001184479, "steps": 40, "path_length_cm": 0.0, "cumulative_reward": -0.4000000000000002, "ended_reason": "max_steps", "metrics": {"SR": 0.0, "SPL": 0.0, "SoftSPL": 0.0, "PLR": 0.0, "nDTW": 6.883252127931397e-05, "CLS": 0.250000001184479, "path_length_cm": 0.0, "cumulative_reward": -0.4000000000000002}, "token_totals": {"input": 33970, "output": 2067, "calls": 40}, "finished_at": "2026-04-23T18:05:53.277238+00:00"}