{"episode_id": "map_40_B2_open_plaza_on_0012", "episode_idx": 2, "agent_name": "GhostAgent_2", "SR": 0.0, "SPL": 0.0, "SoftSPL": 0.45869459772367854, "PLR": 1.3559136597344814, "nDTW": 1.5571097216401316e-55, "CLS": 0.08202919803607377, "steps": 40, "path_length_cm": 7623.434723944759, "cumulative_reward": 3491.485553847868, "ended_reason": "max_steps", "metrics": {"SR": 0.0, "SPL": 0.0, "SoftSPL": 0.45869459772367854, "PLR": 1.3559136597344814, "nDTW": 1.5571097216401316e-55, "CLS": 0.08202919803607377, "path_length_cm": 7623.434723944759, "cumulative_reward": 3491.485553847868}, "token_totals": {"input": 130907, "output": 8130, "calls": 40}, "finished_at": "2026-04-23T01:40:54.874734+00:00"}