{"episode_id": "map_28_village_night_native_pn_0005", "episode_idx": 4, "agent_name": "GhostAgent_4", "SR": 0.0, "SPL": 0.0, "SoftSPL": 0.0, "PLR": 0.2806139284645148, "nDTW": 4.838691023522889e-22, "CLS": 0.34758543209008247, "steps": 40, "path_length_cm": 452.4170000276293, "cumulative_reward": -438.5002206162212, "ended_reason": "max_steps", "metrics": {"SR": 0.0, "SPL": 0.0, "SoftSPL": 0.0, "PLR": 0.2806139284645148, "nDTW": 4.838691023522889e-22, "CLS": 0.34758543209008247, "path_length_cm": 452.4170000276293, "cumulative_reward": -438.5002206162212}, "token_totals": {"input": 124728, "output": 7145, "calls": 40}, "finished_at": "2026-04-23T00:10:12.688536+00:00"}