{"episode_id": "map_61_containeryard_day_big_remix_obj_pn_0013", "episode_idx": 7, "agent_name": "GhostAgent_7", "SR": 0.0, "SPL": 0.0, "SoftSPL": 0.0, "PLR": 0.0, "nDTW": 0.0002419779916042177, "CLS": 0.2500000146383371, "steps": 40, "path_length_cm": 0.0, "cumulative_reward": -0.4000000000000002, "ended_reason": "max_steps", "metrics": {"SR": 0.0, "SPL": 0.0, "SoftSPL": 0.0, "PLR": 0.0, "nDTW": 0.0002419779916042177, "CLS": 0.2500000146383371, "path_length_cm": 0.0, "cumulative_reward": -0.4000000000000002}, "token_totals": {"input": 33729, "output": 2215, "calls": 40}, "finished_at": "2026-04-23T16:30:51.500838+00:00"}