{"episode_id": "map_15_middleeast_remix_obj_pn_0006", "episode_idx": 5, "agent_name": "GhostAgent_5", "SR": 0.0, "SPL": 0.0, "SoftSPL": 0.4595132889159127, "PLR": 0.3684411039824817, "nDTW": 4.825113092242497e-26, "CLS": 0.10865286520965144, "steps": 40, "path_length_cm": 2207.1280113518574, "cumulative_reward": 2196.0189941510794, "ended_reason": "max_steps", "metrics": {"SR": 0.0, "SPL": 0.0, "SoftSPL": 0.4595132889159127, "PLR": 0.3684411039824817, "nDTW": 4.825113092242497e-26, "CLS": 0.10865286520965144, "path_length_cm": 2207.1280113518574, "cumulative_reward": 2196.0189941510794}, "token_totals": {"input": 33286, "output": 2053, "calls": 40}, "finished_at": "2026-04-23T15:00:14.681391+00:00"}