{"episode_id": "map_36_dungeon_native_obj_on_0013", "episode_idx": 3, "agent_name": "GhostAgent_3", "SR": 0.0, "SPL": 0.0, "SoftSPL": 0.0, "PLR": 6.082934820719701, "nDTW": 4.901722608567283e-45, "CLS": 0.04109891906067965, "steps": 6, "path_length_cm": 15093.647, "cumulative_reward": -15090.83640005967, "ended_reason": "no_tool_call", "metrics": {"SR": 0.0, "SPL": 0.0, "SoftSPL": 0.0, "PLR": 6.082934820719701, "nDTW": 4.901722608567283e-45, "CLS": 0.04109891906067965, "path_length_cm": 15093.647, "cumulative_reward": -15090.83640005967}, "token_totals": {"input": 13101, "output": 1460, "calls": 6}, "finished_at": "2026-04-23T01:44:18.912643+00:00"}