{"episode_id": "map_45_B7_park_with_paths_on_0001", "episode_idx": 1, "agent_name": "GhostAgent_1", "SR": 0.0, "SPL": 0.0, "SoftSPL": 0.060399363377992975, "PLR": 1.5338580050862543, "nDTW": 2.279958396583935e-153, "CLS": 0.16298770757866424, "steps": 40, "path_length_cm": 10682.308659142403, "cumulative_reward": 644.8000829621894, "ended_reason": "max_steps", "metrics": {"SR": 0.0, "SPL": 0.0, "SoftSPL": 0.060399363377992975, "PLR": 1.5338580050862543, "nDTW": 2.279958396583935e-153, "CLS": 0.16298770757866424, "path_length_cm": 10682.308659142403, "cumulative_reward": 644.8000829621894}, "token_totals": {"input": 123624, "output": 6153, "calls": 40}, "finished_at": "2026-04-23T13:56:48.686770+00:00"}