{"episode_id": "map_05_middleeast_native_obj_on_0002", "episode_idx": 3, "agent_name": "GhostAgent_3", "SR": 0.0, "SPL": 0.0, "SoftSPL": 0.27350835952743346, "PLR": 0.8048263885279088, "nDTW": 7.675344815081638e-29, "CLS": 0.01077885277343159, "steps": 40, "path_length_cm": 5543.2095579304305, "cumulative_reward": 1528.6378366357822, "ended_reason": "max_steps", "metrics": {"SR": 0.0, "SPL": 0.0, "SoftSPL": 0.27350835952743346, "PLR": 0.8048263885279088, "nDTW": 7.675344815081638e-29, "CLS": 0.01077885277343159, "path_length_cm": 5543.2095579304305, "cumulative_reward": 1528.6378366357822}, "token_totals": {"input": 119529, "output": 5036, "calls": 40}, "finished_at": "2026-04-22T22:33:45.973311+00:00"}