{"episode_id": "map_56_containeryard_settlement_pn_0018", "episode_idx": 6, "agent_name": "GhostAgent_6", "SR": 0.0, "SPL": 0.0, "SoftSPL": 0.0, "PLR": 0.0, "nDTW": 2.8930115588634754e-06, "CLS": 0.16666797867694652, "steps": 40, "path_length_cm": 0.0, "cumulative_reward": -0.4000000000000002, "ended_reason": "max_steps", "metrics": {"SR": 0.0, "SPL": 0.0, "SoftSPL": 0.0, "PLR": 0.0, "nDTW": 2.8930115588634754e-06, "CLS": 0.16666797867694652, "path_length_cm": 0.0, "cumulative_reward": -0.4000000000000002}, "token_totals": {"input": 33042, "output": 2004, "calls": 40}, "finished_at": "2026-04-23T18:48:14.313740+00:00"}