{"episode_id": "map_31_gothic_day_remix_obj_on_0003", "episode_idx": 2, "agent_name": "GhostAgent_2", "SR": 0.0, "SPL": 0.0, "SoftSPL": 0.0, "PLR": 0.5916520865401167, "nDTW": 3.310899454153605e-23, "CLS": 0.11602534386426153, "steps": 40, "path_length_cm": 974.3681552394565, "cumulative_reward": -953.9614988424707, "ended_reason": "max_steps", "metrics": {"SR": 0.0, "SPL": 0.0, "SoftSPL": 0.0, "PLR": 0.5916520865401167, "nDTW": 3.310899454153605e-23, "CLS": 0.11602534386426153, "path_length_cm": 974.3681552394565, "cumulative_reward": -953.9614988424707}, "token_totals": {"input": 117742, "output": 4958, "calls": 40}, "finished_at": "2026-04-23T18:32:30.167721+00:00"}