{"episode_id": "map_47_wintertown_demo01_minimal_obj_pn_0008", "episode_idx": 7, "agent_name": "GhostAgent_7", "SR": 0.0, "SPL": 0.0, "SoftSPL": 0.06615661586727672, "PLR": 0.3773373090120648, "nDTW": 9.39080628936549e-36, "CLS": 0.05435039816955966, "steps": 40, "path_length_cm": 2998.6354473763467, "cumulative_reward": -364.82437315704465, "ended_reason": "max_steps", "metrics": {"SR": 0.0, "SPL": 0.0, "SoftSPL": 0.06615661586727672, "PLR": 0.3773373090120648, "nDTW": 9.39080628936549e-36, "CLS": 0.05435039816955966, "path_length_cm": 2998.6354473763467, "cumulative_reward": -364.82437315704465}, "token_totals": {"input": 124263, "output": 6540, "calls": 40}, "finished_at": "2026-04-23T02:15:46.728950+00:00"}