{"episode_id": "map_49_courtyard_sunny_packed_on_0014", "episode_idx": 4, "agent_name": "GhostAgent_4", "SR": 0.0, "SPL": 0.0, "SoftSPL": 0.9077737329290692, "PLR": 0.08539780372418508, "nDTW": 4.426296606685651e-05, "CLS": 0.04393977123173212, "steps": 40, "path_length_cm": 678.3224407835373, "cumulative_reward": 659.227645855074, "ended_reason": "max_steps", "metrics": {"SR": 0.0, "SPL": 0.0, "SoftSPL": 0.9077737329290692, "PLR": 0.08539780372418508, "nDTW": 4.426296606685651e-05, "CLS": 0.04393977123173212, "path_length_cm": 678.3224407835373, "cumulative_reward": 659.227645855074}, "token_totals": {"input": 111015, "output": 4829, "calls": 40}, "finished_at": "2026-04-23T02:41:35.961180+00:00"}