{"episode_id": "map_10_B1_urban_grid_on_0016", "episode_idx": 6, "agent_name": "GhostAgent_6", "SR": 0.0, "SPL": 0.0, "SoftSPL": 0.3571527531179255, "PLR": 0.7018124734584463, "nDTW": 8.100956047181333e-99, "CLS": 0.1583202288723018, "steps": 40, "path_length_cm": 4913.473344179398, "cumulative_reward": 2440.2978350060275, "ended_reason": "max_steps", "metrics": {"SR": 0.0, "SPL": 0.0, "SoftSPL": 0.3571527531179255, "PLR": 0.7018124734584463, "nDTW": 8.100956047181333e-99, "CLS": 0.1583202288723018, "path_length_cm": 4913.473344179398, "cumulative_reward": 2440.2978350060275}, "token_totals": {"input": 123148, "output": 6435, "calls": 40}, "finished_at": "2026-04-23T13:13:44.057751+00:00"}