{
  "map": "map_31_gothic_day_remix",
  "n": 39,
  "SR": 0.07692307692307693,
  "SPL": 0.06993274049327076,
  "SoftSPL": 0.213064043159106,
  "nDTW": 0.011948294886154565,
  "avg_steps": 36.35897435897436
}