{"episode_id": "map_68_B13_suburban_park_pn_0000", "episode_idx": 0, "agent_name": "GhostAgent_0", "SR": 0.0, "SPL": 0.0, "SoftSPL": 0.5240623223334635, "PLR": 1.6902405382798489, "nDTW": 2.3715586772416833e-26, "CLS": 0.14381289814493398, "steps": 40, "path_length_cm": 11131.873477894937, "cumulative_reward": 5777.290729829527, "ended_reason": "max_steps", "metrics": {"SR": 0.0, "SPL": 0.0, "SoftSPL": 0.5240623223334635, "PLR": 1.6902405382798489, "nDTW": 2.3715586772416833e-26, "CLS": 0.14381289814493398, "path_length_cm": 11131.873477894937, "cumulative_reward": 5777.290729829527}, "token_totals": {"input": 116257, "output": 4917, "calls": 40}, "finished_at": "2026-04-23T05:01:21.359308+00:00"}