{"episode_id": "map_67_B12_construction_site_pn_0011", "episode_idx": 1, "agent_name": "GhostAgent_1", "SR": 0.0, "SPL": 0.0, "SoftSPL": 0.0, "PLR": 0.19827478367077567, "nDTW": 2.9759213842872143e-15, "CLS": 0.2372321684242864, "steps": 40, "path_length_cm": 402.5909999999999, "cumulative_reward": -402.8303326945222, "ended_reason": "max_steps", "metrics": {"SR": 0.0, "SPL": 0.0, "SoftSPL": 0.0, "PLR": 0.19827478367077567, "nDTW": 2.9759213842872143e-15, "CLS": 0.2372321684242864, "path_length_cm": 402.5909999999999, "cumulative_reward": -402.8303326945222}, "token_totals": {"input": 119347, "output": 4909, "calls": 40}, "finished_at": "2026-04-23T05:39:06.654983+00:00"}