{"episode_id": "map_08_cave_remix_pn_0015", "episode_idx": 5, "agent_name": "GhostAgent_5", "SR": 0.0, "SPL": 0.0, "SoftSPL": 0.10604536593317815, "PLR": 6.114260878599731e-06, "nDTW": 9.41930126232866e-05, "CLS": 0.08564559401735672, "steps": 40, "path_length_cm": 0.045011109739552496, "cumulative_reward": -0.4068928331847931, "ended_reason": "max_steps", "metrics": {"SR": 0.0, "SPL": 0.0, "SoftSPL": 0.10604536593317815, "PLR": 6.114260878599731e-06, "nDTW": 9.41930126232866e-05, "CLS": 0.08564559401735672, "path_length_cm": 0.045011109739552496, "cumulative_reward": -0.4068928331847931}, "token_totals": {"input": 34100, "output": 2256, "calls": 40}, "finished_at": "2026-04-23T14:55:42.729003+00:00"}