{"episode_id": "map_40_B2_open_plaza_obj_pn_0016", "episode_idx": 6, "agent_name": "GhostAgent_6", "SR": 0.0, "SPL": 0.0, "SoftSPL": 0.0, "PLR": 1.1929836994353225, "nDTW": 1.6780041141808534e-52, "CLS": 0.05239101114107357, "steps": 40, "path_length_cm": 3198.639824762981, "cumulative_reward": -392.8392581202826, "ended_reason": "max_steps", "metrics": {"SR": 0.0, "SPL": 0.0, "SoftSPL": 0.0, "PLR": 1.1929836994353225, "nDTW": 1.6780041141808534e-52, "CLS": 0.05239101114107357, "path_length_cm": 3198.639824762981, "cumulative_reward": -392.8392581202826}, "token_totals": {"input": 119112, "output": 5014, "calls": 40}, "finished_at": "2026-04-23T16:55:03.817061+00:00"}