{"episode_id": "map_20_trainstation_native_pn_0016", "episode_idx": 5, "agent_name": "GhostAgent_5", "SR": 1.0, "SPL": 1.0, "SoftSPL": 0.9456828861717539, "PLR": 0.985948131567445, "nDTW": 3.4801213769956944e-05, "CLS": 0.2467571099519955, "steps": 9, "path_length_cm": 2622.888235964927, "cumulative_reward": 2350.52910287853, "ended_reason": "success", "metrics": {"SR": 1.0, "SPL": 1.0, "SoftSPL": 0.9456828861717539, "PLR": 0.985948131567445, "nDTW": 3.4801213769956944e-05, "CLS": 0.2467571099519955, "path_length_cm": 2622.888235964927, "cumulative_reward": 2350.52910287853}, "token_totals": {"input": 20387, "output": 1303, "calls": 9}, "finished_at": "2026-04-23T18:36:47.160113+00:00"}