{"episode_id": "map_53_courtyard_sanny_big_remix_pn_0015", "episode_idx": 6, "agent_name": "GhostAgent_6", "SR": 0.0, "SPL": 0.0, "SoftSPL": 0.8392648690015168, "PLR": 0.10318975881447444, "nDTW": 2.4556112035144982e-05, "CLS": 0.1112330048234992, "steps": 40, "path_length_cm": 430.49529100292966, "cumulative_reward": 424.1433630004711, "ended_reason": "max_steps", "metrics": {"SR": 0.0, "SPL": 0.0, "SoftSPL": 0.8392648690015168, "PLR": 0.10318975881447444, "nDTW": 2.4556112035144982e-05, "CLS": 0.1112330048234992, "path_length_cm": 430.49529100292966, "cumulative_reward": 424.1433630004711}, "token_totals": {"input": 103686, "output": 3213, "calls": 40}, "finished_at": "2026-04-23T16:53:11.720811+00:00"}