{"episode_id": "map_46_B8_dense_urban_pn_0009", "episode_idx": 9, "agent_name": "GhostAgent_9", "SR": 0.0, "SPL": 0.0, "SoftSPL": 0.043966689756887556, "PLR": 0.08486149590394779, "nDTW": 9.843222977287978e-16, "CLS": 0.19099442735593106, "steps": 40, "path_length_cm": 400.07018767461244, "cumulative_reward": 177.02957708714163, "ended_reason": "max_steps", "metrics": {"SR": 0.0, "SPL": 0.0, "SoftSPL": 0.043966689756887556, "PLR": 0.08486149590394779, "nDTW": 9.843222977287978e-16, "CLS": 0.19099442735593106, "path_length_cm": 400.07018767461244, "cumulative_reward": 177.02957708714163}, "token_totals": {"input": 34461, "output": 2361, "calls": 40}, "finished_at": "2026-04-23T15:59:39.503260+00:00"}