{"episode_id": "map_45_B7_park_with_paths_on_0007", "episode_idx": 7, "agent_name": "GhostAgent_7", "SR": 0.0, "SPL": 0.0, "SoftSPL": 0.0, "PLR": 0.0, "nDTW": 4.8322865240343914e-05, "CLS": 0.2500000005837748, "steps": 40, "path_length_cm": 0.0, "cumulative_reward": -0.4000000000000002, "ended_reason": "max_steps", "metrics": {"SR": 0.0, "SPL": 0.0, "SoftSPL": 0.0, "PLR": 0.0, "nDTW": 4.8322865240343914e-05, "CLS": 0.2500000005837748, "path_length_cm": 0.0, "cumulative_reward": -0.4000000000000002}, "token_totals": {"input": 106766, "output": 2173, "calls": 40}, "finished_at": "2026-04-23T13:56:48.691313+00:00"}