{"episode_id": "map_20_trainstation_native_obj_on_0001", "episode_idx": 1, "agent_name": "GhostAgent_1", "SR": 1.0, "SPL": 0.3154748060418714, "SoftSPL": 0.2872234681242734, "PLR": 3.169825231201743, "nDTW": 4.4174318584751545e-13, "CLS": 0.20592585885153367, "steps": 20, "path_length_cm": 3431.6210970466946, "cumulative_reward": 987.9461872163561, "ended_reason": "success", "metrics": {"SR": 1.0, "SPL": 0.3154748060418714, "SoftSPL": 0.2872234681242734, "PLR": 3.169825231201743, "nDTW": 4.4174318584751545e-13, "CLS": 0.20592585885153367, "path_length_cm": 3431.6210970466946, "cumulative_reward": 987.9461872163561}, "token_totals": {"input": 57325, "output": 2949, "calls": 20}, "finished_at": "2026-04-23T17:39:38.785996+00:00"}