{"episode_id": "map_08_cave_remix_on_0017", "episode_idx": 7, "agent_name": "GhostAgent_7", "SR": 0.0, "SPL": 0.0, "SoftSPL": 0.2985498890341625, "PLR": 0.2359484564129336, "nDTW": 0.00020413374810542435, "CLS": 0.23053743048605044, "steps": 40, "path_length_cm": 415.3565842156359, "cumulative_reward": 400.108687067853, "ended_reason": "max_steps", "metrics": {"SR": 0.0, "SPL": 0.0, "SoftSPL": 0.2985498890341625, "PLR": 0.2359484564129336, "nDTW": 0.00020413374810542435, "CLS": 0.23053743048605044, "path_length_cm": 415.3565842156359, "cumulative_reward": 400.108687067853}, "token_totals": {"input": 33835, "output": 2179, "calls": 40}, "finished_at": "2026-04-23T14:56:21.004627+00:00"}