{"episode_id": "map_06_hwaseong_native_obj_on_0007", "episode_idx": 5, "agent_name": "GhostAgent_5", "SR": 0.0, "SPL": 0.0, "SoftSPL": 0.05878338416169482, "PLR": 0.0, "nDTW": 0.0049725141234927325, "CLS": 0.09004424162842069, "steps": 0, "path_length_cm": 0.0, "cumulative_reward": 0.0, "ended_reason": "spawn_blocked", "metrics": {"SR": 0.0, "SPL": 0.0, "SoftSPL": 0.05878338416169482, "PLR": 0.0, "nDTW": 0.0049725141234927325, "CLS": 0.09004424162842069, "path_length_cm": 0.0, "cumulative_reward": 0.0}, "token_totals": {"input": 0, "output": 0, "calls": 0}, "finished_at": "2026-04-23T17:17:51.490327+00:00"}