{"episode_id": "map_16_hwaseong_remix_on_0016", "episode_idx": 6, "agent_name": "GhostAgent_6", "SR": 0.0, "SPL": 0.0, "SoftSPL": 0.3350012566103957, "PLR": 0.9209413920031828, "nDTW": 7.793297164385499e-26, "CLS": 0.06790868843667772, "steps": 40, "path_length_cm": 3501.5388947770616, "cumulative_reward": 848.8599776904305, "ended_reason": "max_steps", "metrics": {"SR": 0.0, "SPL": 0.0, "SoftSPL": 0.3350012566103957, "PLR": 0.9209413920031828, "nDTW": 7.793297164385499e-26, "CLS": 0.06790868843667772, "path_length_cm": 3501.5388947770616, "cumulative_reward": 848.8599776904305}, "token_totals": {"input": 120520, "output": 5896, "calls": 40}, "finished_at": "2026-04-23T00:15:19.322820+00:00"}