{"episode_id": "map_11_wintertown_demo01_remix_on_0014", "episode_idx": 4, "agent_name": "GhostAgent_4", "SR": 0.0, "SPL": 0.0, "SoftSPL": 0.0, "PLR": 0.19778996609854166, "nDTW": 4.684547765180038e-13, "CLS": 0.3120052262152527, "steps": 40, "path_length_cm": 255.68704497490677, "cumulative_reward": -91.61933058515058, "ended_reason": "max_steps", "metrics": {"SR": 0.0, "SPL": 0.0, "SoftSPL": 0.0, "PLR": 0.19778996609854166, "nDTW": 4.684547765180038e-13, "CLS": 0.3120052262152527, "path_length_cm": 255.68704497490677, "cumulative_reward": -91.61933058515058}, "token_totals": {"input": 116070, "output": 6036, "calls": 40}, "finished_at": "2026-04-22T23:26:58.978370+00:00"}