{"episode_id": "map_04_courtyard_remix_obj_on_0010", "episode_idx": 5, "agent_name": "GhostAgent_5", "SR": 0.0, "SPL": 0.0, "SoftSPL": 0.40381952484036815, "PLR": 0.4248488661960942, "nDTW": 2.3471434392216355e-12, "CLS": 0.055270513840740734, "steps": 40, "path_length_cm": 2453.1240867915294, "cumulative_reward": 527.6155308231423, "ended_reason": "max_steps", "metrics": {"SR": 0.0, "SPL": 0.0, "SoftSPL": 0.40381952484036815, "PLR": 0.4248488661960942, "nDTW": 2.3471434392216355e-12, "CLS": 0.055270513840740734, "path_length_cm": 2453.1240867915294, "cumulative_reward": 527.6155308231423}, "token_totals": {"input": 119195, "output": 6601, "calls": 40}, "finished_at": "2026-04-23T12:52:40.594928+00:00"}