{"episode_id": "map_60_B11_forest_camp_pn_0002", "episode_idx": 2, "agent_name": "GhostAgent_2", "SR": 0.0, "SPL": 0.0, "SoftSPL": 0.04727032270426849, "PLR": 1.7705174542999198, "nDTW": 6.695282992047126e-204, "CLS": 0.14120165796357165, "steps": 40, "path_length_cm": 13175.093174078338, "cumulative_reward": 622.3897423825847, "ended_reason": "max_steps", "metrics": {"SR": 0.0, "SPL": 0.0, "SoftSPL": 0.04727032270426849, "PLR": 1.7705174542999198, "nDTW": 6.695282992047126e-204, "CLS": 0.14120165796357165, "path_length_cm": 13175.093174078338, "cumulative_reward": 622.3897423825847}, "token_totals": {"input": 130890, "output": 7892, "calls": 40}, "finished_at": "2026-04-23T17:13:38.960725+00:00"}