{"episode_id": "map_47_wintertown_demo01_minimal_obj_pn_0017", "episode_idx": 6, "agent_name": "GhostAgent_6", "SR": 0.0, "SPL": 0.0, "SoftSPL": 0.28779157412195744, "PLR": 0.1258634830896239, "nDTW": 5.4731897316595154e-09, "CLS": 0.09891362479664796, "steps": 40, "path_length_cm": 513.6174086179827, "cumulative_reward": 68.41305742002203, "ended_reason": "max_steps", "metrics": {"SR": 0.0, "SPL": 0.0, "SoftSPL": 0.28779157412195744, "PLR": 0.1258634830896239, "nDTW": 5.4731897316595154e-09, "CLS": 0.09891362479664796, "path_length_cm": 513.6174086179827, "cumulative_reward": 68.41305742002203}, "token_totals": {"input": 118636, "output": 5731, "calls": 40}, "finished_at": "2026-04-23T02:48:22.932993+00:00"}