{"episode_id": "map_26_courtyard_overcast_native_obj_pn_0012", "episode_idx": 2, "agent_name": "GhostAgent_2", "SR": 0.0, "SPL": 0.0, "SoftSPL": 0.1152335921725195, "PLR": 0.3018124825934753, "nDTW": 2.5837779430949568e-51, "CLS": 0.35807000227831476, "steps": 40, "path_length_cm": 1174.5787291331576, "cumulative_reward": 482.9653070455197, "ended_reason": "max_steps", "metrics": {"SR": 0.0, "SPL": 0.0, "SoftSPL": 0.1152335921725195, "PLR": 0.3018124825934753, "nDTW": 2.5837779430949568e-51, "CLS": 0.35807000227831476, "path_length_cm": 1174.5787291331576, "cumulative_reward": 482.9653070455197}, "token_totals": {"input": 121917, "output": 6566, "calls": 40}, "finished_at": "2026-04-23T00:55:15.395696+00:00"}