{"episode_id": "map_40_B2_open_plaza_on_0007", "episode_idx": 7, "agent_name": "GhostAgent_7", "SR": 0.0, "SPL": 0.0, "SoftSPL": 0.0, "PLR": 0.07744196544338691, "nDTW": 7.623639915933452e-24, "CLS": 0.2709856622963424, "steps": 40, "path_length_cm": 403.1590000000001, "cumulative_reward": -363.56571394526054, "ended_reason": "max_steps", "metrics": {"SR": 0.0, "SPL": 0.0, "SoftSPL": 0.0, "PLR": 0.07744196544338691, "nDTW": 7.623639915933452e-24, "CLS": 0.2709856622963424, "path_length_cm": 403.1590000000001, "cumulative_reward": -363.56571394526054}, "token_totals": {"input": 108503, "output": 2957, "calls": 40}, "finished_at": "2026-04-23T01:22:53.458488+00:00"}