{"episode_id": "map_66_middleeast_bazaar_obj_pn_0005", "episode_idx": 5, "agent_name": "GhostAgent_5", "SR": 0.0, "SPL": 0.0, "SoftSPL": 0.0, "PLR": 0.32301976917252095, "nDTW": 2.793221459738013e-07, "CLS": 0.37092530440565735, "steps": 19, "path_length_cm": 360.1864238135112, "cumulative_reward": 188.42735318056907, "ended_reason": "success", "metrics": {"SR": 0.0, "SPL": 0.0, "SoftSPL": 0.0, "PLR": 0.32301976917252095, "nDTW": 2.793221459738013e-07, "CLS": 0.37092530440565735, "path_length_cm": 360.1864238135112, "cumulative_reward": 188.42735318056907}, "token_totals": {"input": 18602, "output": 1962, "calls": 19}, "finished_at": "2026-04-23T19:04:36.075547+00:00"}