{"episode_id": "map_59_B10_market_plaza_obj_pn_0014", "episode_idx": 9, "agent_name": "GhostAgent_9", "SR": 0.0, "SPL": 0.0, "SoftSPL": 0.7802274692855964, "PLR": 1.120883490971625, "nDTW": 1.9277661726373246e-33, "CLS": 0.39858849591893525, "steps": 40, "path_length_cm": 5214.349999999999, "cumulative_reward": 4067.976166936171, "ended_reason": "max_steps", "metrics": {"SR": 0.0, "SPL": 0.0, "SoftSPL": 0.7802274692855964, "PLR": 1.120883490971625, "nDTW": 1.9277661726373246e-33, "CLS": 0.39858849591893525, "path_length_cm": 5214.349999999999, "cumulative_reward": 4067.976166936171}, "token_totals": {"input": 106451, "output": 3358, "calls": 40}, "finished_at": "2026-04-23T04:27:10.915188+00:00"}