{"episode_id": "map_31_gothic_day_remix_on_0004", "episode_idx": 4, "agent_name": "GhostAgent_4", "SR": 0.0, "SPL": 0.0, "SoftSPL": 0.7935691708614308, "PLR": 0.08789953134594315, "nDTW": 2.9777443469055e-07, "CLS": 0.0678016859557406, "steps": 40, "path_length_cm": 650.2543630378836, "cumulative_reward": 452.17219316382284, "ended_reason": "max_steps", "metrics": {"SR": 0.0, "SPL": 0.0, "SoftSPL": 0.7935691708614308, "PLR": 0.08789953134594315, "nDTW": 2.9777443469055e-07, "CLS": 0.0678016859557406, "path_length_cm": 650.2543630378836, "cumulative_reward": 452.17219316382284}, "token_totals": {"input": 104310, "output": 3094, "calls": 40}, "finished_at": "2026-04-23T18:01:42.049378+00:00"}