{"episode_id": "map_11_wintertown_demo01_remix_obj_on_0001", "episode_idx": 1, "agent_name": "GhostAgent_1", "SR": 1.0, "SPL": 0.822059841509663, "SoftSPL": 0.808518365412297, "PLR": 1.2164564542692666, "nDTW": 7.104339474250423e-13, "CLS": 0.06827611826536711, "steps": 39, "path_length_cm": 8404.765262966303, "cumulative_reward": 6327.216096993845, "ended_reason": "success", "metrics": {"SR": 1.0, "SPL": 0.822059841509663, "SoftSPL": 0.808518365412297, "PLR": 1.2164564542692666, "nDTW": 7.104339474250423e-13, "CLS": 0.06827611826536711, "path_length_cm": 8404.765262966303, "cumulative_reward": 6327.216096993845}, "token_totals": {"input": 121630, "output": 6672, "calls": 39}, "finished_at": "2026-04-22T23:43:32.824917+00:00"}