{"episode_id": "map_21_hwaseong_remix2_on_0005", "episode_idx": 5, "agent_name": "GhostAgent_5", "SR": 0.0, "SPL": 0.0, "SoftSPL": 0.0, "PLR": 1.0005260878535651, "nDTW": 6.261296436440391e-88, "CLS": 0.2498685471965361, "steps": 40, "path_length_cm": 5140.913149870067, "cumulative_reward": -1682.0991160972992, "ended_reason": "max_steps", "metrics": {"SR": 0.0, "SPL": 0.0, "SoftSPL": 0.0, "PLR": 1.0005260878535651, "nDTW": 6.261296436440391e-88, "CLS": 0.2498685471965361, "path_length_cm": 5140.913149870067, "cumulative_reward": -1682.0991160972992}, "token_totals": {"input": 36892, "output": 2873, "calls": 40}, "finished_at": "2026-04-23T17:56:38.479365+00:00"}