{"episode_id": "map_50_B9_sparse_wilderness_on_0012", "episode_idx": 2, "agent_name": "GhostAgent_2", "SR": 0.0, "SPL": 0.0, "SoftSPL": 0.5881447859922068, "PLR": 1.2966773003900136, "nDTW": 7.948406351285235e-114, "CLS": 0.19293479137435782, "steps": 40, "path_length_cm": 8699.511742500632, "cumulative_reward": 5116.174706210486, "ended_reason": "max_steps", "metrics": {"SR": 0.0, "SPL": 0.0, "SoftSPL": 0.5881447859922068, "PLR": 1.2966773003900136, "nDTW": 7.948406351285235e-114, "CLS": 0.19293479137435782, "path_length_cm": 8699.511742500632, "cumulative_reward": 5116.174706210486}, "token_totals": {"input": 120046, "output": 5816, "calls": 40}, "finished_at": "2026-04-23T14:32:20.779718+00:00"}