{"episode_id": "map_34_temple_plaza_native_on_0014", "episode_idx": 4, "agent_name": "GhostAgent_4", "SR": 0.0, "SPL": 0.0, "SoftSPL": 0.8756757081261267, "PLR": 0.0, "nDTW": 0.024781736416535177, "CLS": 0.05794619637170929, "steps": 40, "path_length_cm": 0.0, "cumulative_reward": -0.4000000000000002, "ended_reason": "max_steps", "metrics": {"SR": 0.0, "SPL": 0.0, "SoftSPL": 0.8756757081261267, "PLR": 0.0, "nDTW": 0.024781736416535177, "CLS": 0.05794619637170929, "path_length_cm": 0.0, "cumulative_reward": -0.4000000000000002}, "token_totals": {"input": 33905, "output": 2282, "calls": 40}, "finished_at": "2026-04-23T15:39:44.372511+00:00"}