{"episode_id": "map_31_gothic_day_remix_obj_pn_0015", "episode_idx": 4, "agent_name": "GhostAgent_4", "SR": 0.0, "SPL": 0.0, "SoftSPL": 0.0, "PLR": 0.4326243210707256, "nDTW": 1.4138340146835952e-14, "CLS": 0.1586777758533251, "steps": 40, "path_length_cm": 712.4716893985352, "cumulative_reward": -431.95645534725196, "ended_reason": "max_steps", "metrics": {"SR": 0.0, "SPL": 0.0, "SoftSPL": 0.0, "PLR": 0.4326243210707256, "nDTW": 1.4138340146835952e-14, "CLS": 0.1586777758533251, "path_length_cm": 712.4716893985352, "cumulative_reward": -431.95645534725196}, "token_totals": {"input": 116470, "output": 4758, "calls": 40}, "finished_at": "2026-04-23T01:13:29.882483+00:00"}