{"episode_id": "map_26_courtyard_overcast_native_pn_0018", "episode_idx": 5, "agent_name": "GhostAgent_5", "SR": 0.0, "SPL": 0.0, "SoftSPL": 0.0, "PLR": 6.9250580499983885, "nDTW": 2.1616593994417752e-93, "CLS": 0.002969116889979969, "steps": 21, "path_length_cm": 50150.85489460533, "cumulative_reward": -45293.06024970388, "ended_reason": "step_error", "metrics": {"SR": 0.0, "SPL": 0.0, "SoftSPL": 0.0, "PLR": 6.9250580499983885, "nDTW": 2.1616593994417752e-93, "CLS": 0.002969116889979969, "path_length_cm": 50150.85489460533, "cumulative_reward": -45293.06024970388}, "token_totals": {"input": 60002, "output": 2853, "calls": 21}, "finished_at": "2026-04-23T18:33:26.079198+00:00"}