{"episode_id": "map_40_B2_open_plaza_obj_on_0009", "episode_idx": 4, "agent_name": "GhostAgent_4", "SR": 0.0, "SPL": 0.0, "SoftSPL": 0.2481133306614118, "PLR": 2.6320857022088617, "nDTW": 2.2392839869446625e-61, "CLS": 0.04270522324741175, "steps": 40, "path_length_cm": 12676.124741837877, "cumulative_reward": 3144.4081039009943, "ended_reason": "max_steps", "metrics": {"SR": 0.0, "SPL": 0.0, "SoftSPL": 0.2481133306614118, "PLR": 2.6320857022088617, "nDTW": 2.2392839869446625e-61, "CLS": 0.04270522324741175, "path_length_cm": 12676.124741837877, "cumulative_reward": 3144.4081039009943}, "token_totals": {"input": 132280, "output": 7862, "calls": 40}, "finished_at": "2026-04-23T14:01:28.650168+00:00"}