{"episode_id": "map_65_hwaseong_ceremonial_pn_0005", "episode_idx": 4, "agent_name": "GhostAgent_4", "SR": 0.0, "SPL": 0.0, "SoftSPL": 0.003255397358451484, "PLR": 0.11605831871124916, "nDTW": 1.4373078916928268e-14, "CLS": 0.16278640157984753, "steps": 40, "path_length_cm": 792.0690106245977, "cumulative_reward": 0.789618324017092, "ended_reason": "max_steps", "metrics": {"SR": 0.0, "SPL": 0.0, "SoftSPL": 0.003255397358451484, "PLR": 0.11605831871124916, "nDTW": 1.4373078916928268e-14, "CLS": 0.16278640157984753, "path_length_cm": 792.0690106245977, "cumulative_reward": 0.789618324017092}, "token_totals": {"input": 106889, "output": 3280, "calls": 40}, "finished_at": "2026-04-23T13:18:15.742912+00:00"}