{"episode_id": "map_42_B4_industrial_yard_pn_0016", "episode_idx": 6, "agent_name": "GhostAgent_6", "SR": 1.0, "SPL": 0.9475239989801305, "SoftSPL": 0.9202267346357375, "PLR": 1.0553822394750445, "nDTW": 2.782093854248304e-09, "CLS": 0.27939564485982954, "steps": 17, "path_length_cm": 4794.685944514285, "cumulative_reward": 4414.5021945157005, "ended_reason": "success", "metrics": {"SR": 1.0, "SPL": 0.9475239989801305, "SoftSPL": 0.9202267346357375, "PLR": 1.0553822394750445, "nDTW": 2.782093854248304e-09, "CLS": 0.27939564485982954, "path_length_cm": 4794.685944514285, "cumulative_reward": 4414.5021945157005}, "token_totals": {"input": 10680, "output": 51, "calls": 17}, "finished_at": "2026-04-23T16:02:10.876798+00:00"}