{"episode_id": "map_10_B1_urban_grid_on_0012", "episode_idx": 2, "agent_name": "GhostAgent_2", "SR": 0.0, "SPL": 0.0, "SoftSPL": 0.5791803951027734, "PLR": 1.5410640653964385, "nDTW": 1.900767927566609e-33, "CLS": 0.1702134391445032, "steps": 40, "path_length_cm": 11627.02016060305, "cumulative_reward": 6708.126529641253, "ended_reason": "max_steps", "metrics": {"SR": 0.0, "SPL": 0.0, "SoftSPL": 0.5791803951027734, "PLR": 1.5410640653964385, "nDTW": 1.900767927566609e-33, "CLS": 0.1702134391445032, "path_length_cm": 11627.02016060305, "cumulative_reward": 6708.126529641253}, "token_totals": {"input": 116317, "output": 5084, "calls": 40}, "finished_at": "2026-04-23T13:13:44.056248+00:00"}