{"episode_id": "map_53_courtyard_sanny_big_remix_obj_on_0003", "episode_idx": 5, "agent_name": "GhostAgent_5", "SR": 0.0, "SPL": 0.0, "SoftSPL": 0.6645712856570489, "PLR": 0.4151924971460302, "nDTW": 1.2125564076698155e-15, "CLS": 0.0509784093200882, "steps": 40, "path_length_cm": 1743.766968763612, "cumulative_reward": 595.5331770052474, "ended_reason": "max_steps", "metrics": {"SR": 0.0, "SPL": 0.0, "SoftSPL": 0.6645712856570489, "PLR": 0.4151924971460302, "nDTW": 1.2125564076698155e-15, "CLS": 0.0509784093200882, "path_length_cm": 1743.766968763612, "cumulative_reward": 595.5331770052474}, "token_totals": {"input": 113870, "output": 4906, "calls": 40}, "finished_at": "2026-04-23T18:49:51.441131+00:00"}