{"episode_id": "map_10_B1_urban_grid_on_0002", "episode_idx": 2, "agent_name": "GhostAgent_2", "SR": 0.0, "SPL": 0.0, "SoftSPL": 0.42061707993493397, "PLR": 1.0083677098862267, "nDTW": 3.677231805394624e-58, "CLS": 0.03966806947033785, "steps": 40, "path_length_cm": 7356.082778328419, "cumulative_reward": 2797.498010705488, "ended_reason": "max_steps", "metrics": {"SR": 0.0, "SPL": 0.0, "SoftSPL": 0.42061707993493397, "PLR": 1.0083677098862267, "nDTW": 3.677231805394624e-58, "CLS": 0.03966806947033785, "path_length_cm": 7356.082778328419, "cumulative_reward": 2797.498010705488}, "token_totals": {"input": 115572, "output": 4566, "calls": 40}, "finished_at": "2026-04-23T12:58:19.917272+00:00"}