{"episode_id": "map_03_watertown_remix_on_0018", "episode_idx": 4, "agent_name": "GhostAgent_4", "SR": 0.0, "SPL": 0.0, "SoftSPL": 0.0, "PLR": 0.12608764960752797, "nDTW": 1.7336458782059971e-06, "CLS": 0.17444798977341042, "steps": 40, "path_length_cm": 193.54832477704366, "cumulative_reward": -127.12595980287813, "ended_reason": "max_steps", "metrics": {"SR": 0.0, "SPL": 0.0, "SoftSPL": 0.0, "PLR": 0.12608764960752797, "nDTW": 1.7336458782059971e-06, "CLS": 0.17444798977341042, "path_length_cm": 193.54832477704366, "cumulative_reward": -127.12595980287813}, "token_totals": {"input": 424107, "output": 4771, "calls": 40}, "finished_at": "2026-04-22T20:58:26.984195+00:00"}