{"episode_id": "map_56_containeryard_settlement_pn_0008", "episode_idx": 7, "agent_name": "GhostAgent_7", "SR": 0.0, "SPL": 0.0, "SoftSPL": 0.035011315470101834, "PLR": 0.0, "nDTW": 7.173981675853274e-06, "CLS": 0.1666667113122086, "steps": 40, "path_length_cm": 0.0, "cumulative_reward": -0.4000000000000002, "ended_reason": "max_steps", "metrics": {"SR": 0.0, "SPL": 0.0, "SoftSPL": 0.035011315470101834, "PLR": 0.0, "nDTW": 7.173981675853274e-06, "CLS": 0.1666667113122086, "path_length_cm": 0.0, "cumulative_reward": -0.4000000000000002}, "token_totals": {"input": 30717, "output": 1387, "calls": 40}, "finished_at": "2026-04-23T18:37:28.011191+00:00"}