{"episode_id": "map_67_B12_construction_site_on_0017", "episode_idx": 7, "agent_name": "GhostAgent_7", "SR": 0.0, "SPL": 0.0, "SoftSPL": 0.040976911082562, "PLR": 2.3440684910125027, "nDTW": 1.1106393830209471e-63, "CLS": 0.030855177527957568, "steps": 40, "path_length_cm": 11186.223008700406, "cumulative_reward": 456.87557095365537, "ended_reason": "max_steps", "metrics": {"SR": 0.0, "SPL": 0.0, "SoftSPL": 0.040976911082562, "PLR": 2.3440684910125027, "nDTW": 1.1106393830209471e-63, "CLS": 0.030855177527957568, "path_length_cm": 11186.223008700406, "cumulative_reward": 456.87557095365537}, "token_totals": {"input": 128580, "output": 7199, "calls": 40}, "finished_at": "2026-04-23T15:33:28.803256+00:00"}