{"episode_id": "map_06_hwaseong_native_obj_on_0002", "episode_idx": 7, "agent_name": "GhostAgent_7", "SR": 0.0, "SPL": 0.0, "SoftSPL": 0.0, "PLR": 0.9178273420889039, "nDTW": 6.557201402343403e-28, "CLS": 0.04503263668439554, "steps": 40, "path_length_cm": 3220.7846392178562, "cumulative_reward": -688.9983100673048, "ended_reason": "max_steps", "metrics": {"SR": 0.0, "SPL": 0.0, "SoftSPL": 0.0, "PLR": 0.9178273420889039, "nDTW": 6.557201402343403e-28, "CLS": 0.04503263668439554, "path_length_cm": 3220.7846392178562, "cumulative_reward": -688.9983100673048}, "token_totals": {"input": 130765, "output": 7930, "calls": 40}, "finished_at": "2026-04-23T13:55:46.455041+00:00"}