{"episode_id": "map_26_courtyard_overcast_native_obj_pn_0018", "episode_idx": 7, "agent_name": "GhostAgent_7", "SR": 0.0, "SPL": 0.0, "SoftSPL": 0.9193647013621403, "PLR": 0.12245483164118112, "nDTW": 0.0009685961517767029, "CLS": 0.13409780729305917, "steps": 40, "path_length_cm": 829.3180000000007, "cumulative_reward": 634.8684723359339, "ended_reason": "max_steps", "metrics": {"SR": 0.0, "SPL": 0.0, "SoftSPL": 0.9193647013621403, "PLR": 0.12245483164118112, "nDTW": 0.0009685961517767029, "CLS": 0.13409780729305917, "path_length_cm": 829.3180000000007, "cumulative_reward": 634.8684723359339}, "token_totals": {"input": 116697, "output": 5184, "calls": 40}, "finished_at": "2026-04-23T18:44:24.224567+00:00"}