{"episode_id": "map_50_B9_sparse_wilderness_pn_0016", "episode_idx": 6, "agent_name": "GhostAgent_6", "SR": 0.0, "SPL": 0.0, "SoftSPL": 0.0, "PLR": 9.656044908463004, "nDTW": 0.0, "CLS": 0.01150715403500651, "steps": 32, "path_length_cm": 57933.952, "cumulative_reward": -50512.10624303414, "ended_reason": "step_error", "metrics": {"SR": 0.0, "SPL": 0.0, "SoftSPL": 0.0, "PLR": 9.656044908463004, "nDTW": 0.0, "CLS": 0.01150715403500651, "path_length_cm": 57933.952, "cumulative_reward": -50512.10624303414}, "token_totals": {"input": 111406, "output": 7835, "calls": 32}, "finished_at": "2026-04-23T19:26:09.160195+00:00"}