{"episode_id": "map_18_cave_native_on_0004", "episode_idx": 4, "agent_name": "GhostAgent_4", "SR": 1.0, "SPL": 0.7682725882996135, "SoftSPL": 0.7278508706010746, "PLR": 1.301621345378545, "nDTW": 1.486480395320863e-12, "CLS": 0.09738175932320765, "steps": 18, "path_length_cm": 4602.129574641468, "cumulative_reward": 3021.3695434961332, "ended_reason": "success", "metrics": {"SR": 1.0, "SPL": 0.7682725882996135, "SoftSPL": 0.7278508706010746, "PLR": 1.301621345378545, "nDTW": 1.486480395320863e-12, "CLS": 0.09738175932320765, "path_length_cm": 4602.129574641468, "cumulative_reward": 3021.3695434961332}, "token_totals": {"input": 50483, "output": 2844, "calls": 18}, "finished_at": "2026-04-23T16:57:38.526243+00:00"}