{"episode_id": "map_13_watertown_native_on_0011", "episode_idx": 1, "agent_name": "GhostAgent_1", "SR": 0.0, "SPL": 0.0, "SoftSPL": 0.2654308439569392, "PLR": 2.8881538706034644, "nDTW": 2.344088275176873e-21, "CLS": 0.04562764011071904, "steps": 40, "path_length_cm": 9078.016364542103, "cumulative_reward": 2402.16550963805, "ended_reason": "max_steps", "metrics": {"SR": 0.0, "SPL": 0.0, "SoftSPL": 0.2654308439569392, "PLR": 2.8881538706034644, "nDTW": 2.344088275176873e-21, "CLS": 0.04562764011071904, "path_length_cm": 9078.016364542103, "cumulative_reward": 2402.16550963805}, "token_totals": {"input": 125720, "output": 6732, "calls": 40}, "finished_at": "2026-04-23T17:06:59.502216+00:00"}