{"episode_id": "map_62_trainstation_cross_remix_on_0012", "episode_idx": 6, "agent_name": "GhostAgent_6", "SR": 0.0, "SPL": 0.0, "SoftSPL": 0.0019146061460866282, "PLR": 0.0, "nDTW": 0.010761001524877863, "CLS": 0.16755158108151824, "steps": 40, "path_length_cm": 0.0, "cumulative_reward": -0.4000000000000002, "ended_reason": "max_steps", "metrics": {"SR": 0.0, "SPL": 0.0, "SoftSPL": 0.0019146061460866282, "PLR": 0.0, "nDTW": 0.010761001524877863, "CLS": 0.16755158108151824, "path_length_cm": 0.0, "cumulative_reward": -0.4000000000000002}, "token_totals": {"input": 106104, "output": 2117, "calls": 40}, "finished_at": "2026-04-23T14:53:16.490679+00:00"}