{"episode_id": "map_09b_wintertown_demo02_pn_0003", "episode_idx": 3, "agent_name": "GhostAgent_3", "SR": 0.0, "SPL": 0.0, "SoftSPL": 0.31444441884601937, "PLR": 0.14623719085908043, "nDTW": 7.686812098924106e-11, "CLS": 0.07045517825654814, "steps": 27, "path_length_cm": 981.6463910797493, "cumulative_reward": 394.4785152837228, "ended_reason": "success", "metrics": {"SR": 0.0, "SPL": 0.0, "SoftSPL": 0.31444441884601937, "PLR": 0.14623719085908043, "nDTW": 7.686812098924106e-11, "CLS": 0.07045517825654814, "path_length_cm": 981.6463910797493, "cumulative_reward": 394.4785152837228}, "token_totals": {"input": 78048, "output": 4609, "calls": 27}, "finished_at": "2026-04-22T22:49:48.336369+00:00"}