{"episode_id": "map_11_wintertown_demo01_remix_obj_pn_0010", "episode_idx": 7, "agent_name": "GhostAgent_7", "SR": 0.0, "SPL": 0.0, "SoftSPL": 0.32033555172724293, "PLR": 1.0167043267707931, "nDTW": 8.685478995705432e-121, "CLS": 0.10928557999000928, "steps": 40, "path_length_cm": 7675.6703172157095, "cumulative_reward": 2657.2007666009677, "ended_reason": "max_steps", "metrics": {"SR": 0.0, "SPL": 0.0, "SoftSPL": 0.32033555172724293, "PLR": 1.0167043267707931, "nDTW": 8.685478995705432e-121, "CLS": 0.10928557999000928, "path_length_cm": 7675.6703172157095, "cumulative_reward": 2657.2007666009677}, "token_totals": {"input": 124998, "output": 6561, "calls": 40}, "finished_at": "2026-04-23T15:11:24.703165+00:00"}