{"episode_id": "map_57_gothic_day_invasion_obj_on_0004", "episode_idx": 3, "agent_name": "GhostAgent_3", "SR": 1.0, "SPL": 0.7324661025932305, "SoftSPL": 0.7291618656236284, "PLR": 1.3652508921021596, "nDTW": 3.810961085390803e-05, "CLS": 0.33127031328082807, "steps": 31, "path_length_cm": 6795.290570277921, "cumulative_reward": 4923.892279473248, "ended_reason": "success", "metrics": {"SR": 1.0, "SPL": 0.7324661025932305, "SoftSPL": 0.7291618656236284, "PLR": 1.3652508921021596, "nDTW": 3.810961085390803e-05, "CLS": 0.33127031328082807, "path_length_cm": 6795.290570277921, "cumulative_reward": 4923.892279473248}, "token_totals": {"input": 91313, "output": 3869, "calls": 31}, "finished_at": "2026-04-23T15:22:49.189743+00:00"}