{"episode_id": "map_68_B13_suburban_park_pn_0001", "episode_idx": 1, "agent_name": "GhostAgent_1", "SR": 0.0, "SPL": 0.0, "SoftSPL": 0.24824588584098434, "PLR": 3.006429258449861, "nDTW": 4.8211213480442337e-23, "CLS": 0.12678869510271348, "steps": 40, "path_length_cm": 7098.991215099903, "cumulative_reward": 1761.8974723328204, "ended_reason": "max_steps", "metrics": {"SR": 0.0, "SPL": 0.0, "SoftSPL": 0.24824588584098434, "PLR": 3.006429258449861, "nDTW": 4.8211213480442337e-23, "CLS": 0.12678869510271348, "path_length_cm": 7098.991215099903, "cumulative_reward": 1761.8974723328204}, "token_totals": {"input": 123505, "output": 6279, "calls": 40}, "finished_at": "2026-04-23T05:01:21.359881+00:00"}