{"episode_id": "map_04_courtyard_remix_pn_0000", "episode_idx": 0, "agent_name": "GhostAgent_0", "SR": 0.0, "SPL": 0.0, "SoftSPL": 0.7118364190750803, "PLR": 0.33258586768541143, "nDTW": 7.977407386393647e-06, "CLS": 0.3583666906383431, "steps": 40, "path_length_cm": 1314.4591697009903, "cumulative_reward": 316.1068651454895, "ended_reason": "max_steps", "metrics": {"SR": 0.0, "SPL": 0.0, "SoftSPL": 0.7118364190750803, "PLR": 0.33258586768541143, "nDTW": 7.977407386393647e-06, "CLS": 0.3583666906383431, "path_length_cm": 1314.4591697009903, "cumulative_reward": 316.1068651454895}, "token_totals": {"input": 468207, "output": 6603, "calls": 40}, "finished_at": "2026-04-22T20:02:34.228184+00:00"}