{"episode_id": "map_27_courtyard_overcast_remix_obj_pn_0011", "episode_idx": 1, "agent_name": "GhostAgent_1", "SR": 0.0, "SPL": 0.0, "SoftSPL": 0.49075940081148617, "PLR": 0.07889776117852403, "nDTW": 1.9785168730291827e-06, "CLS": 0.08062601613733775, "steps": 40, "path_length_cm": 321.80503238451666, "cumulative_reward": 132.6744438760515, "ended_reason": "max_steps", "metrics": {"SR": 0.0, "SPL": 0.0, "SoftSPL": 0.49075940081148617, "PLR": 0.07889776117852403, "nDTW": 1.9785168730291827e-06, "CLS": 0.08062601613733775, "path_length_cm": 321.80503238451666, "cumulative_reward": 132.6744438760515}, "token_totals": {"input": 34632, "output": 2314, "calls": 40}, "finished_at": "2026-04-23T15:45:51.438794+00:00"}