{"episode_id": "map_64_cave_lost_expedition_pn_0014", "episode_idx": 4, "agent_name": "GhostAgent_4", "SR": 0.0, "SPL": 0.0, "SoftSPL": 0.07342050917239107, "PLR": 0.2992028298636775, "nDTW": 1.2420898707515364e-08, "CLS": 0.31592563290975384, "steps": 40, "path_length_cm": 1608.1194656117104, "cumulative_reward": 1600.7566706695443, "ended_reason": "max_steps", "metrics": {"SR": 0.0, "SPL": 0.0, "SoftSPL": 0.07342050917239107, "PLR": 0.2992028298636775, "nDTW": 1.2420898707515364e-08, "CLS": 0.31592563290975384, "path_length_cm": 1608.1194656117104, "cumulative_reward": 1600.7566706695443}, "token_totals": {"input": 111090, "output": 4869, "calls": 40}, "finished_at": "2026-04-23T20:02:29.767018+00:00"}