{"episode_id": "map_53_courtyard_sanny_big_remix_obj_on_0004", "episode_idx": 6, "agent_name": "GhostAgent_6", "SR": 0.0, "SPL": 0.0, "SoftSPL": 0.0, "PLR": 31.183170689268515, "nDTW": 7.573817431895282e-137, "CLS": 0.002324163575461931, "steps": 17, "path_length_cm": 52296.98373126533, "cumulative_reward": -44539.26685548669, "ended_reason": "step_error", "metrics": {"SR": 0.0, "SPL": 0.0, "SoftSPL": 0.0, "PLR": 31.183170689268515, "nDTW": 7.573817431895282e-137, "CLS": 0.002324163575461931, "path_length_cm": 52296.98373126533, "cumulative_reward": -44539.26685548669}, "token_totals": {"input": 52339, "output": 3791, "calls": 17}, "finished_at": "2026-04-23T18:49:51.441649+00:00"}