{"episode_id": "map_25_containeryard_day_remix_on_0001", "episode_idx": 1, "agent_name": "GhostAgent_1", "SR": 0.0, "SPL": 0.0, "SoftSPL": 0.16917413512593338, "PLR": 0.8572709163388066, "nDTW": 4.670235149350799e-16, "CLS": 0.2394553618263476, "steps": 40, "path_length_cm": 886.5210000042865, "cumulative_reward": 169.2818230936227, "ended_reason": "max_steps", "metrics": {"SR": 0.0, "SPL": 0.0, "SoftSPL": 0.16917413512593338, "PLR": 0.8572709163388066, "nDTW": 4.670235149350799e-16, "CLS": 0.2394553618263476, "path_length_cm": 886.5210000042865, "cumulative_reward": 169.2818230936227}, "token_totals": {"input": 101951, "output": 2408, "calls": 40}, "finished_at": "2026-04-23T00:17:54.578389+00:00"}