{"episode_id": "map_43_B5_residential_courtyard_on_0005", "episode_idx": 5, "agent_name": "GhostAgent_5", "SR": 0.0, "SPL": 0.0, "SoftSPL": 1.6376647297144942e-06, "PLR": 0.0, "nDTW": 1.6376647297144942e-06, "CLS": 1.6376647297144942e-06, "steps": 40, "path_length_cm": 0.0, "cumulative_reward": -0.4000000000000002, "ended_reason": "max_steps", "metrics": {"SR": 0.0, "SPL": 0.0, "SoftSPL": 1.6376647297144942e-06, "PLR": 0.0, "nDTW": 1.6376647297144942e-06, "CLS": 1.6376647297144942e-06, "path_length_cm": 0.0, "cumulative_reward": -0.4000000000000002}, "token_totals": {"input": 34186, "output": 1999, "calls": 40}, "finished_at": "2026-04-23T20:06:22.242253+00:00"}