{
  "map": "map_50_B9_sparse_wilderness",
  "n": 20,
  "SR": 0.1,
  "SPL": 0.1,
  "SoftSPL": 0.20528135708014603,
  "nDTW": 0.0005812552602827659,
  "avg_steps": 32.9
}