{"episode_id": "map_42_B4_industrial_yard_pn_0007", "episode_idx": 7, "agent_name": "GhostAgent_7", "SR": 1.0, "SPL": 1.0, "SoftSPL": 0.9566856703410141, "PLR": 0.9571618023008097, "nDTW": 2.790669796717267e-10, "CLS": 0.5441661898820982, "steps": 9, "path_length_cm": 3594.3340000000003, "cumulative_reward": 3594.956475419215, "ended_reason": "success", "metrics": {"SR": 1.0, "SPL": 1.0, "SoftSPL": 0.9566856703410141, "PLR": 0.9571618023008097, "nDTW": 2.790669796717267e-10, "CLS": 0.5441661898820982, "path_length_cm": 3594.3340000000003, "cumulative_reward": 3594.956475419215}, "token_totals": {"input": 5255, "output": 27, "calls": 9}, "finished_at": "2026-04-23T15:55:15.200494+00:00"}