{"episode_id": "map_31_gothic_day_remix_pn_0013", "episode_idx": 3, "agent_name": "GhostAgent_3", "SR": 0.0, "SPL": 0.0, "SoftSPL": 0.0, "PLR": 2.5651996335642453, "nDTW": 1.9983702112896014e-14, "CLS": 0.17457824082268714, "steps": 40, "path_length_cm": 3948.124408015065, "cumulative_reward": 2516.7431345813175, "ended_reason": "max_steps", "metrics": {"SR": 0.0, "SPL": 0.0, "SoftSPL": 0.0, "PLR": 2.5651996335642453, "nDTW": 1.9983702112896014e-14, "CLS": 0.17457824082268714, "path_length_cm": 3948.124408015065, "cumulative_reward": 2516.7431345813175}, "token_totals": {"input": 116896, "output": 6601, "calls": 40}, "finished_at": "2026-04-23T00:45:34.532926+00:00"}