{"episode_id": "map_47_wintertown_demo01_minimal_obj_pn_0018", "episode_idx": 7, "agent_name": "GhostAgent_7", "SR": 0.0, "SPL": 0.0, "SoftSPL": 0.42150425984156725, "PLR": 1.6009223311287308, "nDTW": 6.828758998971677e-29, "CLS": 0.0108589916252162, "steps": 40, "path_length_cm": 12074.492415062425, "cumulative_reward": 4653.682417750981, "ended_reason": "max_steps", "metrics": {"SR": 0.0, "SPL": 0.0, "SoftSPL": 0.42150425984156725, "PLR": 1.6009223311287308, "nDTW": 6.828758998971677e-29, "CLS": 0.0108589916252162, "path_length_cm": 12074.492415062425, "cumulative_reward": 4653.682417750981}, "token_totals": {"input": 132369, "output": 8302, "calls": 40}, "finished_at": "2026-04-23T02:48:22.971878+00:00"}