{"episode_id": "map_67_B12_construction_site_obj_pn_0007", "episode_idx": 7, "agent_name": "GhostAgent_7", "SR": 0.0, "SPL": 0.0, "SoftSPL": 0.11436766434869634, "PLR": 1.926768983312208, "nDTW": 1.2730084482018216e-111, "CLS": 0.05766706451053329, "steps": 40, "path_length_cm": 11107.95806262371, "cumulative_reward": 1273.012624909308, "ended_reason": "max_steps", "metrics": {"SR": 0.0, "SPL": 0.0, "SoftSPL": 0.11436766434869634, "PLR": 1.926768983312208, "nDTW": 1.2730084482018216e-111, "CLS": 0.05766706451053329, "path_length_cm": 11107.95806262371, "cumulative_reward": 1273.012624909308}, "token_totals": {"input": 116633, "output": 4406, "calls": 40}, "finished_at": "2026-04-23T05:57:20.827667+00:00"}