{"episode_id": "map_28_village_night_native_obj_on_0011", "episode_idx": 6, "agent_name": "GhostAgent_6", "SR": 0.0, "SPL": 0.0, "SoftSPL": 0.0, "PLR": 0.13289719553348917, "nDTW": 2.0681538341857647e-09, "CLS": 0.2236206387591799, "steps": 40, "path_length_cm": 246.68909023708395, "cumulative_reward": -238.6939892148696, "ended_reason": "max_steps", "metrics": {"SR": 0.0, "SPL": 0.0, "SoftSPL": 0.0, "PLR": 0.13289719553348917, "nDTW": 2.0681538341857647e-09, "CLS": 0.2236206387591799, "path_length_cm": 246.68909023708395, "cumulative_reward": -238.6939892148696}, "token_totals": {"input": 114710, "output": 5428, "calls": 40}, "finished_at": "2026-04-23T01:07:42.425878+00:00"}