{"episode_id": "map_59_B10_market_plaza_obj_on_0003", "episode_idx": 3, "agent_name": "GhostAgent_3", "SR": 0.0, "SPL": 0.0, "SoftSPL": 0.0, "PLR": 0.7127011474111403, "nDTW": 2.9519170128627677e-103, "CLS": 0.2900166498466261, "steps": 40, "path_length_cm": 5084.017999999999, "cumulative_reward": -1163.1449578446354, "ended_reason": "max_steps", "metrics": {"SR": 0.0, "SPL": 0.0, "SoftSPL": 0.0, "PLR": 0.7127011474111403, "nDTW": 2.9519170128627677e-103, "CLS": 0.2900166498466261, "path_length_cm": 5084.017999999999, "cumulative_reward": -1163.1449578446354}, "token_totals": {"input": 114463, "output": 3659, "calls": 40}, "finished_at": "2026-04-23T03:02:22.960448+00:00"}