{"episode_id": "map_33_gothic_night_remix_on_0017", "episode_idx": 7, "agent_name": "GhostAgent_7", "SR": 0.0, "SPL": 0.0, "SoftSPL": 0.4717054868985867, "PLR": 0.0, "nDTW": 0.0001480530305438617, "CLS": 0.0346410116359853, "steps": 40, "path_length_cm": 0.0, "cumulative_reward": -0.4000000000000002, "ended_reason": "max_steps", "metrics": {"SR": 0.0, "SPL": 0.0, "SoftSPL": 0.4717054868985867, "PLR": 0.0, "nDTW": 0.0001480530305438617, "CLS": 0.0346410116359853, "path_length_cm": 0.0, "cumulative_reward": -0.4000000000000002}, "token_totals": {"input": 33350, "output": 2001, "calls": 40}, "finished_at": "2026-04-23T18:16:56.218659+00:00"}