{"episode_id": "map_65_hwaseong_ceremonial_pn_0018", "episode_idx": 6, "agent_name": "GhostAgent_6", "SR": 0.0, "SPL": 0.0, "SoftSPL": 0.2735391075941182, "PLR": 1.4690270985283935, "nDTW": 1.2971548010136516e-31, "CLS": 0.06794369529376168, "steps": 40, "path_length_cm": 8649.866600470945, "cumulative_reward": 2304.726995636108, "ended_reason": "max_steps", "metrics": {"SR": 0.0, "SPL": 0.0, "SoftSPL": 0.2735391075941182, "PLR": 1.4690270985283935, "nDTW": 1.2971548010136516e-31, "CLS": 0.06794369529376168, "path_length_cm": 8649.866600470945, "cumulative_reward": 2304.726995636108}, "token_totals": {"input": 134286, "output": 8810, "calls": 40}, "finished_at": "2026-04-23T13:35:17.396612+00:00"}