{"episode_id": "map_19_wintertown_demo02_native_obj_pn_0011", "episode_idx": 1, "agent_name": "GhostAgent_1", "SR": 0.0, "SPL": 0.0, "SoftSPL": 0.283507804687897, "PLR": 2.6409506634164543, "nDTW": 6.941536693723344e-86, "CLS": 0.09570429557040747, "steps": 40, "path_length_cm": 10266.510837485026, "cumulative_reward": 3105.582442120254, "ended_reason": "max_steps", "metrics": {"SR": 0.0, "SPL": 0.0, "SoftSPL": 0.283507804687897, "PLR": 2.6409506634164543, "nDTW": 6.941536693723344e-86, "CLS": 0.09570429557040747, "path_length_cm": 10266.510837485026, "cumulative_reward": 3105.582442120254}, "token_totals": {"input": 122218, "output": 6002, "calls": 40}, "finished_at": "2026-04-22T23:49:44.724757+00:00"}