{"episode_id": "map_34_temple_plaza_native_on_0009", "episode_idx": 9, "agent_name": "GhostAgent_9", "SR": 0.0, "SPL": 0.0, "SoftSPL": 0.507662618062409, "PLR": 0.08366320040632771, "nDTW": 7.676702523420105e-07, "CLS": 0.08794591272045763, "steps": 40, "path_length_cm": 406.8600000000001, "cumulative_reward": -20.0755451442578, "ended_reason": "max_steps", "metrics": {"SR": 0.0, "SPL": 0.0, "SoftSPL": 0.507662618062409, "PLR": 0.08366320040632771, "nDTW": 7.676702523420105e-07, "CLS": 0.08794591272045763, "path_length_cm": 406.8600000000001, "cumulative_reward": -20.0755451442578}, "token_totals": {"input": 34893, "output": 2350, "calls": 40}, "finished_at": "2026-04-23T15:29:23.959216+00:00"}