{"episode_id": "map_68_B13_suburban_park_on_0018", "episode_idx": 8, "agent_name": "GhostAgent_8", "SR": 0.0, "SPL": 0.0, "SoftSPL": 0.0, "PLR": 0.0, "nDTW": 0.005370498176472506, "CLS": 0.2500072105626659, "steps": 40, "path_length_cm": 0.0, "cumulative_reward": -0.4000000000000002, "ended_reason": "max_steps", "metrics": {"SR": 0.0, "SPL": 0.0, "SoftSPL": 0.0, "PLR": 0.0, "nDTW": 0.005370498176472506, "CLS": 0.2500072105626659, "path_length_cm": 0.0, "cumulative_reward": -0.4000000000000002}, "token_totals": {"input": 109854, "output": 3074, "calls": 40}, "finished_at": "2026-04-23T04:16:34.437387+00:00"}