{"episode_id": "map_67_B12_construction_site_obj_pn_0016", "episode_idx": 6, "agent_name": "GhostAgent_6", "SR": 0.0, "SPL": 0.0, "SoftSPL": 0.4673402799843215, "PLR": 1.8719385801876447, "nDTW": 1.5643413441101067e-24, "CLS": 0.04756063413909633, "steps": 40, "path_length_cm": 12244.425130550591, "cumulative_reward": 4933.837738431069, "ended_reason": "max_steps", "metrics": {"SR": 0.0, "SPL": 0.0, "SoftSPL": 0.4673402799843215, "PLR": 1.8719385801876447, "nDTW": 1.5643413441101067e-24, "CLS": 0.04756063413909633, "path_length_cm": 12244.425130550591, "cumulative_reward": 4933.837738431069}, "token_totals": {"input": 123871, "output": 6115, "calls": 40}, "finished_at": "2026-04-23T06:14:49.258021+00:00"}