{"episode_id": "map_53_courtyard_sanny_big_remix_pn_0008", "episode_idx": 8, "agent_name": "GhostAgent_8", "SR": 0.0, "SPL": 0.0, "SoftSPL": 0.7806768863661023, "PLR": 0.039690338020126587, "nDTW": 3.1135227230575914e-05, "CLS": 0.0779338871388737, "steps": 40, "path_length_cm": 247.45100000000002, "cumulative_reward": 57.85300765615119, "ended_reason": "max_steps", "metrics": {"SR": 0.0, "SPL": 0.0, "SoftSPL": 0.7806768863661023, "PLR": 0.039690338020126587, "nDTW": 3.1135227230575914e-05, "CLS": 0.0779338871388737, "path_length_cm": 247.45100000000002, "cumulative_reward": 57.85300765615119}, "token_totals": {"input": 129384, "output": 8843, "calls": 40}, "finished_at": "2026-04-23T02:00:37.954613+00:00"}