{"episode_id": "map_59_B10_market_plaza_obj_pn_0018", "episode_idx": 2, "agent_name": "GhostAgent_2", "SR": 0.0, "SPL": 0.0, "SoftSPL": 0.0, "PLR": 2.3118250366891004, "nDTW": 2.5366141420709955e-13, "CLS": 0.10941410563128046, "steps": 9, "path_length_cm": 2375.169042694382, "cumulative_reward": -1663.791180465975, "ended_reason": "no_tool_call", "metrics": {"SR": 0.0, "SPL": 0.0, "SoftSPL": 0.0, "PLR": 2.3118250366891004, "nDTW": 2.5366141420709955e-13, "CLS": 0.10941410563128046, "path_length_cm": 2375.169042694382, "cumulative_reward": -1663.791180465975}, "token_totals": {"input": 23403, "output": 2111, "calls": 9}, "finished_at": "2026-04-23T04:40:27.943805+00:00"}