{"episode_id": "map_68_B13_suburban_park_on_0002", "episode_idx": 2, "agent_name": "GhostAgent_2", "SR": 0.0, "SPL": 0.0, "SoftSPL": 0.20787118135354923, "PLR": 1.58039484696371, "nDTW": 1.5278917835373446e-115, "CLS": 0.15818839264837228, "steps": 40, "path_length_cm": 9607.315098383211, "cumulative_reward": 1996.6803520514597, "ended_reason": "max_steps", "metrics": {"SR": 0.0, "SPL": 0.0, "SoftSPL": 0.20787118135354923, "PLR": 1.58039484696371, "nDTW": 1.5278917835373446e-115, "CLS": 0.15818839264837228, "path_length_cm": 9607.315098383211, "cumulative_reward": 1996.6803520514597}, "token_totals": {"input": 129568, "output": 7490, "calls": 40}, "finished_at": "2026-04-23T04:00:24.146307+00:00"}