{
  "map": "map_40_B2_open_plaza",
  "n": 40,
  "SR": 0.05,
  "SPL": 0.04117836866498613,
  "SoftSPL": 0.15050430682425198,
  "nDTW": 0.0004279306723654661,
  "avg_steps": 37.7
}