{"episode_id": "map_23_containeryard_demo_remix_obj_pn_0007", "episode_idx": 3, "agent_name": "GhostAgent_3", "SR": 0.0, "SPL": 0.0, "SoftSPL": 0.1785865128779718, "PLR": 1.5950734381703537, "nDTW": 1.9094325716568202e-60, "CLS": 0.1570194122394762, "steps": 40, "path_length_cm": 3991.495820943111, "cumulative_reward": 282.5082773096939, "ended_reason": "max_steps", "metrics": {"SR": 0.0, "SPL": 0.0, "SoftSPL": 0.1785865128779718, "PLR": 1.5950734381703537, "nDTW": 1.9094325716568202e-60, "CLS": 0.1570194122394762, "path_length_cm": 3991.495820943111, "cumulative_reward": 282.5082773096939}, "token_totals": {"input": 129701, "output": 8040, "calls": 40}, "finished_at": "2026-04-23T13:28:20.628026+00:00"}