{"episode_id": "map_46_B8_dense_urban_on_0014", "episode_idx": 4, "agent_name": "GhostAgent_4", "SR": 0.0, "SPL": 0.0, "SoftSPL": 0.0, "PLR": 0.3318332008244752, "nDTW": 1.0805642783476806e-80, "CLS": 0.37415806997368684, "steps": 40, "path_length_cm": 2007.5610000000006, "cumulative_reward": -143.20801584431058, "ended_reason": "max_steps", "metrics": {"SR": 0.0, "SPL": 0.0, "SoftSPL": 0.0, "PLR": 0.3318332008244752, "nDTW": 1.0805642783476806e-80, "CLS": 0.37415806997368684, "path_length_cm": 2007.5610000000006, "cumulative_reward": -143.20801584431058}, "token_totals": {"input": 39395, "output": 3465, "calls": 40}, "finished_at": "2026-04-23T16:16:03.435938+00:00"}