{"episode_id": "map_04_courtyard_remix_obj_on_0016", "episode_idx": 4, "agent_name": "GhostAgent_4", "SR": 0.0, "SPL": 0.0, "SoftSPL": 0.0, "PLR": 6.837416073913377, "nDTW": 2.7313937357296534e-61, "CLS": 0.0023076025541611113, "steps": 18, "path_length_cm": 50903.81055451696, "cumulative_reward": -40405.61482129325, "ended_reason": "step_error", "metrics": {"SR": 0.0, "SPL": 0.0, "SoftSPL": 0.0, "PLR": 6.837416073913377, "nDTW": 2.7313937357296534e-61, "CLS": 0.0023076025541611113, "path_length_cm": 50903.81055451696, "cumulative_reward": -40405.61482129325}, "token_totals": {"input": 56495, "output": 4033, "calls": 18}, "finished_at": "2026-04-23T16:37:21.813092+00:00"}