{"episode_id": "map_45_B7_park_with_paths_obj_pn_0005", "episode_idx": 5, "agent_name": "GhostAgent_5", "SR": 0.0, "SPL": 0.0, "SoftSPL": 0.2783715259530338, "PLR": 1.7127303747274913, "nDTW": 1.4713646541533354e-76, "CLS": 0.06487403155045281, "steps": 40, "path_length_cm": 9691.48482539551, "cumulative_reward": 2703.244249502862, "ended_reason": "max_steps", "metrics": {"SR": 0.0, "SPL": 0.0, "SoftSPL": 0.2783715259530338, "PLR": 1.7127303747274913, "nDTW": 1.4713646541533354e-76, "CLS": 0.06487403155045281, "path_length_cm": 9691.48482539551, "cumulative_reward": 2703.244249502862}, "token_totals": {"input": 129939, "output": 7214, "calls": 40}, "finished_at": "2026-04-23T19:32:11.780645+00:00"}