{"episode_id": "map_61_containeryard_day_big_remix_obj_on_0004", "episode_idx": 4, "agent_name": "GhostAgent_4", "SR": 0.0, "SPL": 0.0, "SoftSPL": 0.0, "PLR": 0.2353606937678233, "nDTW": 4.77682047424155e-15, "CLS": 0.32734779511521284, "steps": 40, "path_length_cm": 298.8068759868154, "cumulative_reward": -267.3597305825924, "ended_reason": "max_steps", "metrics": {"SR": 0.0, "SPL": 0.0, "SoftSPL": 0.0, "PLR": 0.2353606937678233, "nDTW": 4.77682047424155e-15, "CLS": 0.32734779511521284, "path_length_cm": 298.8068759868154, "cumulative_reward": -267.3597305825924}, "token_totals": {"input": 42938, "output": 4502, "calls": 40}, "finished_at": "2026-04-23T16:53:40.269769+00:00"}