{"episode_id": "map_33_gothic_night_remix_on_0013", "episode_idx": 3, "agent_name": "GhostAgent_3", "SR": 0.0, "SPL": 0.0, "SoftSPL": 0.6344058196200688, "PLR": 0.6084399294394762, "nDTW": 5.3389822203509566e-12, "CLS": 0.12092535087174011, "steps": 40, "path_length_cm": 3879.832813657413, "cumulative_reward": 3872.3043945897066, "ended_reason": "max_steps", "metrics": {"SR": 0.0, "SPL": 0.0, "SoftSPL": 0.6344058196200688, "PLR": 0.6084399294394762, "nDTW": 5.3389822203509566e-12, "CLS": 0.12092535087174011, "path_length_cm": 3879.832813657413, "cumulative_reward": 3872.3043945897066}, "token_totals": {"input": 38558, "output": 3396, "calls": 40}, "finished_at": "2026-04-23T18:16:55.900676+00:00"}