{"episode_id": "map_26_courtyard_overcast_native_obj_pn_0002", "episode_idx": 2, "agent_name": "GhostAgent_2", "SR": 0.0, "SPL": 0.0, "SoftSPL": 0.9047465978282756, "PLR": 0.21368935375494788, "nDTW": 2.7246499600436504e-05, "CLS": 0.05668565215016384, "steps": 40, "path_length_cm": 1696.3964406125667, "cumulative_reward": 377.59709779240416, "ended_reason": "max_steps", "metrics": {"SR": 0.0, "SPL": 0.0, "SoftSPL": 0.9047465978282756, "PLR": 0.21368935375494788, "nDTW": 2.7246499600436504e-05, "CLS": 0.05668565215016384, "path_length_cm": 1696.3964406125667, "cumulative_reward": 377.59709779240416}, "token_totals": {"input": 109888, "output": 3434, "calls": 40}, "finished_at": "2026-04-23T00:42:03.064821+00:00"}