{"episode_id": "map_27_courtyard_overcast_remix_pn_0015", "episode_idx": 5, "agent_name": "GhostAgent_5", "SR": 0.0, "SPL": 0.0, "SoftSPL": 0.7934380523907905, "PLR": 0.4765572624303323, "nDTW": 2.5094029575852248e-08, "CLS": 0.10985326969958446, "steps": 40, "path_length_cm": 1192.7990000000002, "cumulative_reward": 1178.1970203043957, "ended_reason": "max_steps", "metrics": {"SR": 0.0, "SPL": 0.0, "SoftSPL": 0.7934380523907905, "PLR": 0.4765572624303323, "nDTW": 2.5094029575852248e-08, "CLS": 0.10985326969958446, "path_length_cm": 1192.7990000000002, "cumulative_reward": 1178.1970203043957}, "token_totals": {"input": 25885, "output": 120, "calls": 40}, "finished_at": "2026-04-23T15:29:16.195798+00:00"}