{"episode_id": "map_28_village_night_native_pn_0009", "episode_idx": 7, "agent_name": "GhostAgent_7", "SR": 0.0, "SPL": 0.0, "SoftSPL": 0.14612415450826077, "PLR": 0.6227617964504403, "nDTW": 2.064007625135354e-30, "CLS": 0.41220455200413364, "steps": 40, "path_length_cm": 678.910000018412, "cumulative_reward": 410.6245419098884, "ended_reason": "max_steps", "metrics": {"SR": 0.0, "SPL": 0.0, "SoftSPL": 0.14612415450826077, "PLR": 0.6227617964504403, "nDTW": 2.064007625135354e-30, "CLS": 0.41220455200413364, "path_length_cm": 678.910000018412, "cumulative_reward": 410.6245419098884}, "token_totals": {"input": 108131, "output": 3756, "calls": 40}, "finished_at": "2026-04-23T00:10:12.690075+00:00"}