{"episode_id": "map_22_containeryard_demo_native_obj_pn_0019", "episode_idx": 6, "agent_name": "GhostAgent_6", "SR": 0.0, "SPL": 0.0, "SoftSPL": 0.0, "PLR": 0.09022492314103676, "nDTW": 2.0076041783519306e-17, "CLS": 0.09779386525660333, "steps": 40, "path_length_cm": 699.3333792661759, "cumulative_reward": -461.0397000252351, "ended_reason": "max_steps", "metrics": {"SR": 0.0, "SPL": 0.0, "SoftSPL": 0.0, "PLR": 0.09022492314103676, "nDTW": 2.0076041783519306e-17, "CLS": 0.09779386525660333, "path_length_cm": 699.3333792661759, "cumulative_reward": -461.0397000252351}, "token_totals": {"input": 116263, "output": 4693, "calls": 40}, "finished_at": "2026-04-23T00:32:39.906538+00:00"}