{"episode_id": "map_47_wintertown_demo01_minimal_on_0018", "episode_idx": 8, "agent_name": "GhostAgent_8", "SR": 1.0, "SPL": 0.9194789428981153, "SoftSPL": 0.8860863188591953, "PLR": 1.0875724862693315, "nDTW": 0.003243648057752947, "CLS": 0.31584809101158196, "steps": 12, "path_length_cm": 3570.021940528257, "cumulative_reward": 3119.659927497904, "ended_reason": "success", "metrics": {"SR": 1.0, "SPL": 0.9194789428981153, "SoftSPL": 0.8860863188591953, "PLR": 1.0875724862693315, "nDTW": 0.003243648057752947, "CLS": 0.31584809101158196, "path_length_cm": 3570.021940528257, "cumulative_reward": 3119.659927497904}, "token_totals": {"input": 27766, "output": 820, "calls": 12}, "finished_at": "2026-04-23T01:44:15.743994+00:00"}