{"episode_id": "map_04_courtyard_remix_pn_0009", "episode_idx": 1, "agent_name": "GhostAgent_1", "SR": 0.0, "SPL": 0.0, "SoftSPL": 0.0, "PLR": 0.028140361426379087, "nDTW": 8.543710749834883e-06, "CLS": 0.25724247111542803, "steps": 40, "path_length_cm": 62.61708803513596, "cumulative_reward": -1.286165974791766, "ended_reason": "max_steps", "metrics": {"SR": 0.0, "SPL": 0.0, "SoftSPL": 0.0, "PLR": 0.028140361426379087, "nDTW": 8.543710749834883e-06, "CLS": 0.25724247111542803, "path_length_cm": 62.61708803513596, "cumulative_reward": -1.286165974791766}, "token_totals": {"input": 394676, "output": 2790, "calls": 40}, "finished_at": "2026-04-22T20:13:37.729169+00:00"}