{"episode_id": "map_68_B13_suburban_park_obj_on_0019", "episode_idx": 9, "agent_name": "GhostAgent_9", "SR": 1.0, "SPL": 0.49015073261550923, "SoftSPL": 0.469784197366865, "PLR": 2.0401887286057243, "nDTW": 4.51130093331587e-12, "CLS": 0.1125078103796924, "steps": 35, "path_length_cm": 6302.693833619805, "cumulative_reward": 2948.482172121788, "ended_reason": "success", "metrics": {"SR": 1.0, "SPL": 0.49015073261550923, "SoftSPL": 0.469784197366865, "PLR": 2.0401887286057243, "nDTW": 4.51130093331587e-12, "CLS": 0.1125078103796924, "path_length_cm": 6302.693833619805, "cumulative_reward": 2948.482172121788}, "token_totals": {"input": 99786, "output": 3543, "calls": 35}, "finished_at": "2026-04-23T04:48:21.878598+00:00"}