{"episode_id": "map_53_courtyard_sanny_big_remix_obj_pn_0015", "episode_idx": 3, "agent_name": "GhostAgent_3", "SR": 0.0, "SPL": 0.0, "SoftSPL": 0.0, "PLR": 4.3991475587719595, "nDTW": 3.880653183849632e-11, "CLS": 0.0024473871848400444, "steps": 34, "path_length_cm": 13597.985061542067, "cumulative_reward": -9505.542532423824, "ended_reason": "no_tool_call", "metrics": {"SR": 0.0, "SPL": 0.0, "SoftSPL": 0.0, "PLR": 4.3991475587719595, "nDTW": 3.880653183849632e-11, "CLS": 0.0024473871848400444, "path_length_cm": 13597.985061542067, "cumulative_reward": -9505.542532423824}, "token_totals": {"input": 97803, "output": 4104, "calls": 34}, "finished_at": "2026-04-23T19:25:24.870676+00:00"}