{"episode_id": "map_16_hwaseong_remix_on_0017", "episode_idx": 7, "agent_name": "GhostAgent_7", "SR": 0.0, "SPL": 0.0, "SoftSPL": 0.0, "PLR": 2.1814252208263127, "nDTW": 3.7975294908899625e-56, "CLS": 0.012816784622628405, "steps": 40, "path_length_cm": 4705.356015574565, "cumulative_reward": -3197.2622028283304, "ended_reason": "max_steps", "metrics": {"SR": 0.0, "SPL": 0.0, "SoftSPL": 0.0, "PLR": 2.1814252208263127, "nDTW": 3.7975294908899625e-56, "CLS": 0.012816784622628405, "path_length_cm": 4705.356015574565, "cumulative_reward": -3197.2622028283304}, "token_totals": {"input": 123594, "output": 5383, "calls": 40}, "finished_at": "2026-04-23T00:15:20.827607+00:00"}