{"episode_id": "map_32_gothic_night_native_pn_0019", "episode_idx": 8, "agent_name": "GhostAgent_8", "SR": 0.0, "SPL": 0.0, "SoftSPL": 0.0, "PLR": 0.9425268475616373, "nDTW": 3.905213848413036e-06, "CLS": 0.18702071787847793, "steps": 40, "path_length_cm": 1216.4440000000002, "cumulative_reward": 1132.3279184122375, "ended_reason": "max_steps", "metrics": {"SR": 0.0, "SPL": 0.0, "SoftSPL": 0.0, "PLR": 0.9425268475616373, "nDTW": 3.905213848413036e-06, "CLS": 0.18702071787847793, "path_length_cm": 1216.4440000000002, "cumulative_reward": 1132.3279184122375}, "token_totals": {"input": 118178, "output": 6581, "calls": 40}, "finished_at": "2026-04-23T16:31:52.807831+00:00"}