{"episode_id": "map_22_containeryard_demo_native_obj_pn_0002", "episode_idx": 1, "agent_name": "GhostAgent_1", "SR": 0.0, "SPL": 0.0, "SoftSPL": 0.1864877498629459, "PLR": 1.9636688973245282, "nDTW": 5.8527682963125465e-56, "CLS": 0.056669989210570884, "steps": 40, "path_length_cm": 11047.306666013197, "cumulative_reward": 1700.5988593632924, "ended_reason": "max_steps", "metrics": {"SR": 0.0, "SPL": 0.0, "SoftSPL": 0.1864877498629459, "PLR": 1.9636688973245282, "nDTW": 5.8527682963125465e-56, "CLS": 0.056669989210570884, "path_length_cm": 11047.306666013197, "cumulative_reward": 1700.5988593632924}, "token_totals": {"input": 134246, "output": 8186, "calls": 40}, "finished_at": "2026-04-23T00:19:23.154374+00:00"}