{"episode_id": "map_47_wintertown_demo01_minimal_obj_pn_0019", "episode_idx": 8, "agent_name": "GhostAgent_8", "SR": 0.0, "SPL": 0.0, "SoftSPL": 0.4094719680849556, "PLR": 0.4264527144625053, "nDTW": 2.766394514771069e-07, "CLS": 0.06515976569238713, "steps": 9, "path_length_cm": 2736.28266802293, "cumulative_reward": 2495.2086730823103, "ended_reason": "no_tool_call", "metrics": {"SR": 0.0, "SPL": 0.0, "SoftSPL": 0.4094719680849556, "PLR": 0.4264527144625053, "nDTW": 2.766394514771069e-07, "CLS": 0.06515976569238713, "path_length_cm": 2736.28266802293, "cumulative_reward": 2495.2086730823103}, "token_totals": {"input": 21325, "output": 1652, "calls": 9}, "finished_at": "2026-04-23T02:48:23.004006+00:00"}