{"episode_id": "map_09b_wintertown_demo02_on_0010", "episode_idx": 2, "agent_name": "GhostAgent_2", "SR": 0.0, "SPL": 0.0, "SoftSPL": 0.20302024454582243, "PLR": 0.45964068316729895, "nDTW": 3.738366303433946e-18, "CLS": 0.034577343892012634, "steps": 40, "path_length_cm": 3218.882089847921, "cumulative_reward": 772.231625098851, "ended_reason": "max_steps", "metrics": {"SR": 0.0, "SPL": 0.0, "SoftSPL": 0.20302024454582243, "PLR": 0.45964068316729895, "nDTW": 3.738366303433946e-18, "CLS": 0.034577343892012634, "path_length_cm": 3218.882089847921, "cumulative_reward": 772.231625098851}, "token_totals": {"input": 111868, "output": 4800, "calls": 40}, "finished_at": "2026-04-22T23:01:43.059000+00:00"}