{"episode_id": "map_37_dungeon_remix_obj_pn_0006", "episode_idx": 6, "agent_name": "GhostAgent_6", "SR": 0.0, "SPL": 0.0, "SoftSPL": 0.2656967065492222, "PLR": 1.5038258166831044, "nDTW": 9.045128640002492e-55, "CLS": 0.1670236217700099, "steps": 40, "path_length_cm": 3571.0148608120335, "cumulative_reward": 1692.6081268226146, "ended_reason": "max_steps", "metrics": {"SR": 0.0, "SPL": 0.0, "SoftSPL": 0.2656967065492222, "PLR": 1.5038258166831044, "nDTW": 9.045128640002492e-55, "CLS": 0.1670236217700099, "path_length_cm": 3571.0148608120335, "cumulative_reward": 1692.6081268226146}, "token_totals": {"input": 121537, "output": 5617, "calls": 40}, "finished_at": "2026-04-23T16:40:12.920087+00:00"}