{"episode_id": "map_03_watertown_remix_obj_on_0000", "episode_idx": 2, "agent_name": "GhostAgent_2", "SR": 0.0, "SPL": 0.0, "SoftSPL": 0.0, "PLR": 2.8001814244548164, "nDTW": 4.315308139042752e-75, "CLS": 0.020795508660044922, "steps": 40, "path_length_cm": 13670.961745030572, "cumulative_reward": -4329.757305194056, "ended_reason": "max_steps", "metrics": {"SR": 0.0, "SPL": 0.0, "SoftSPL": 0.0, "PLR": 2.8001814244548164, "nDTW": 4.315308139042752e-75, "CLS": 0.020795508660044922, "path_length_cm": 13670.961745030572, "cumulative_reward": -4329.757305194056}, "token_totals": {"input": 558457, "output": 10199, "calls": 40}, "finished_at": "2026-04-22T21:51:39.217017+00:00"}