{"episode_id": "map_06_hwaseong_native_obj_on_0017", "episode_idx": 2, "agent_name": "GhostAgent_2", "SR": 0.0, "SPL": 0.0, "SoftSPL": 0.8235745561502451, "PLR": 0.9994196343176491, "nDTW": 2.1553728563342927e-13, "CLS": 0.04952230435817336, "steps": 40, "path_length_cm": 5327.106534839933, "cumulative_reward": 3103.1807398915885, "ended_reason": "max_steps", "metrics": {"SR": 0.0, "SPL": 0.0, "SoftSPL": 0.8235745561502451, "PLR": 0.9994196343176491, "nDTW": 2.1553728563342927e-13, "CLS": 0.04952230435817336, "path_length_cm": 5327.106534839933, "cumulative_reward": 3103.1807398915885}, "token_totals": {"input": 119860, "output": 6434, "calls": 40}, "finished_at": "2026-04-23T14:36:49.508385+00:00"}