{"episode_id": "map_08_cave_remix_pn_0013", "episode_idx": 3, "agent_name": "GhostAgent_3", "SR": 0.0, "SPL": 0.0, "SoftSPL": 0.010837529109029242, "PLR": 0.13685714340630004, "nDTW": 5.321453548171585e-22, "CLS": 0.14137986846977763, "steps": 40, "path_length_cm": 983.0585468017939, "cumulative_reward": 635.7283122635663, "ended_reason": "max_steps", "metrics": {"SR": 0.0, "SPL": 0.0, "SoftSPL": 0.010837529109029242, "PLR": 0.13685714340630004, "nDTW": 5.321453548171585e-22, "CLS": 0.14137986846977763, "path_length_cm": 983.0585468017939, "cumulative_reward": 635.7283122635663}, "token_totals": {"input": 32387, "output": 1710, "calls": 40}, "finished_at": "2026-04-23T14:55:42.728078+00:00"}