{"episode_id": "map_36_dungeon_native_obj_pn_0018", "episode_idx": 8, "agent_name": "GhostAgent_8", "SR": 0.0, "SPL": 0.0, "SoftSPL": 0.1468482649038001, "PLR": 2.5299569672118962, "nDTW": 4.622741694359514e-14, "CLS": 0.3084258515262781, "steps": 40, "path_length_cm": 2960.1002507772628, "cumulative_reward": 1180.2464185008823, "ended_reason": "max_steps", "metrics": {"SR": 0.0, "SPL": 0.0, "SoftSPL": 0.1468482649038001, "PLR": 2.5299569672118962, "nDTW": 4.622741694359514e-14, "CLS": 0.3084258515262781, "path_length_cm": 2960.1002507772628, "cumulative_reward": 1180.2464185008823}, "token_totals": {"input": 116826, "output": 5909, "calls": 40}, "finished_at": "2026-04-23T01:38:15.300736+00:00"}