{"episode_id": "map_15_middleeast_remix_obj_pn_0015", "episode_idx": 4, "agent_name": "GhostAgent_4", "SR": 0.0, "SPL": 0.0, "SoftSPL": 0.0, "PLR": 0.000399673843252392, "nDTW": 0.038209620794294276, "CLS": 0.13473496081316944, "steps": 40, "path_length_cm": 0.7547880497205748, "cumulative_reward": 0.35428214887233445, "ended_reason": "max_steps", "metrics": {"SR": 0.0, "SPL": 0.0, "SoftSPL": 0.0, "PLR": 0.000399673843252392, "nDTW": 0.038209620794294276, "CLS": 0.13473496081316944, "path_length_cm": 0.7547880497205748, "cumulative_reward": 0.35428214887233445}, "token_totals": {"input": 36209, "output": 2883, "calls": 40}, "finished_at": "2026-04-23T15:09:16.409212+00:00"}