{"episode_id": "map_46_B8_dense_urban_on_0003", "episode_idx": 3, "agent_name": "GhostAgent_3", "SR": 0.0, "SPL": 0.0, "SoftSPL": 0.0, "PLR": 0.0, "nDTW": 0.009605591062131793, "CLS": 0.2500230668449132, "steps": 40, "path_length_cm": 0.0, "cumulative_reward": -0.4000000000000002, "ended_reason": "max_steps", "metrics": {"SR": 0.0, "SPL": 0.0, "SoftSPL": 0.0, "PLR": 0.0, "nDTW": 0.009605591062131793, "CLS": 0.2500230668449132, "path_length_cm": 0.0, "cumulative_reward": -0.4000000000000002}, "token_totals": {"input": 31816, "output": 1486, "calls": 40}, "finished_at": "2026-04-23T16:05:58.730188+00:00"}