{"episode_id": "map_27_courtyard_overcast_remix_obj_pn_0015", "episode_idx": 5, "agent_name": "GhostAgent_5", "SR": 0.0, "SPL": 0.0, "SoftSPL": 0.49077028823278623, "PLR": 0.0, "nDTW": 0.00044103093386239456, "CLS": 0.055829668615396, "steps": 40, "path_length_cm": 0.0, "cumulative_reward": -0.4000000000000002, "ended_reason": "max_steps", "metrics": {"SR": 0.0, "SPL": 0.0, "SoftSPL": 0.49077028823278623, "PLR": 0.0, "nDTW": 0.00044103093386239456, "CLS": 0.055829668615396, "path_length_cm": 0.0, "cumulative_reward": -0.4000000000000002}, "token_totals": {"input": 34377, "output": 2238, "calls": 40}, "finished_at": "2026-04-23T15:45:51.604834+00:00"}