{"episode_id": "map_45_B7_park_with_paths_obj_pn_0017", "episode_idx": 7, "agent_name": "GhostAgent_7", "SR": 0.0, "SPL": 0.0, "SoftSPL": 0.34948645644106396, "PLR": 1.7303762247776564, "nDTW": 2.1781774408942113e-21, "CLS": 0.04331614157334535, "steps": 40, "path_length_cm": 4792.882586200391, "cumulative_reward": 1603.584167893142, "ended_reason": "max_steps", "metrics": {"SR": 0.0, "SPL": 0.0, "SoftSPL": 0.34948645644106396, "PLR": 1.7303762247776564, "nDTW": 2.1781774408942113e-21, "CLS": 0.04331614157334535, "path_length_cm": 4792.882586200391, "cumulative_reward": 1603.584167893142}, "token_totals": {"input": 117950, "output": 5084, "calls": 40}, "finished_at": "2026-04-23T19:45:16.432140+00:00"}