{"episode_id": "map_03_watertown_remix_on_0000", "episode_idx": 0, "agent_name": "GhostAgent_0", "SR": 0.0, "SPL": 0.0, "SoftSPL": 0.42931456372779087, "PLR": 0.945408921822919, "nDTW": 9.689390890266097e-42, "CLS": 0.04252933596865188, "steps": 40, "path_length_cm": 4538.123544266721, "cumulative_reward": 1585.1618779701362, "ended_reason": "max_steps", "metrics": {"SR": 0.0, "SPL": 0.0, "SoftSPL": 0.42931456372779087, "PLR": 0.945408921822919, "nDTW": 9.689390890266097e-42, "CLS": 0.04252933596865188, "path_length_cm": 4538.123544266721, "cumulative_reward": 1585.1618779701362}, "token_totals": {"input": 419044, "output": 3989, "calls": 40}, "finished_at": "2026-04-22T20:08:41.331243+00:00"}