{"episode_id": "map_01_wintertown_native_obj_pn_0018", "episode_idx": 9, "agent_name": "GhostAgent_9", "SR": 0.0, "SPL": 0.0, "SoftSPL": 0.279351583584204, "PLR": 0.29197797754126603, "nDTW": 1.4849558242859343e-35, "CLS": 0.1369967513929536, "steps": 40, "path_length_cm": 2108.095596746818, "cumulative_reward": 1556.7404258665392, "ended_reason": "max_steps", "metrics": {"SR": 0.0, "SPL": 0.0, "SoftSPL": 0.279351583584204, "PLR": 0.29197797754126603, "nDTW": 1.4849558242859343e-35, "CLS": 0.1369967513929536, "path_length_cm": 2108.095596746818, "cumulative_reward": 1556.7404258665392}, "token_totals": {"input": 107021, "output": 4184, "calls": 40}, "finished_at": "2026-04-22T22:38:09.156276+00:00"}