{"episode_id": "map_40_B2_open_plaza_pn_0014", "episode_idx": 4, "agent_name": "GhostAgent_4", "SR": 0.0, "SPL": 0.0, "SoftSPL": 0.19122131438706527, "PLR": 1.7427389196080516, "nDTW": 3.270714159215712e-101, "CLS": 0.06375663751514733, "steps": 40, "path_length_cm": 10424.19284763556, "cumulative_reward": 1992.923774265318, "ended_reason": "max_steps", "metrics": {"SR": 0.0, "SPL": 0.0, "SoftSPL": 0.19122131438706527, "PLR": 1.7427389196080516, "nDTW": 3.270714159215712e-101, "CLS": 0.06375663751514733, "path_length_cm": 10424.19284763556, "cumulative_reward": 1992.923774265318}, "token_totals": {"input": 126014, "output": 6850, "calls": 40}, "finished_at": "2026-04-23T16:18:24.670077+00:00"}