{"episode_id": "map_59_B10_market_plaza_on_0018", "episode_idx": 3, "agent_name": "GhostAgent_3", "SR": 1.0, "SPL": 0.9762906393333832, "SoftSPL": 0.9603966141966462, "PLR": 1.024285145950806, "nDTW": 1.8394197662778744e-18, "CLS": 0.4681902207335953, "steps": 20, "path_length_cm": 6855.673638917718, "cumulative_reward": 6564.528822958646, "ended_reason": "success", "metrics": {"SR": 1.0, "SPL": 0.9762906393333832, "SoftSPL": 0.9603966141966462, "PLR": 1.024285145950806, "nDTW": 1.8394197662778744e-18, "CLS": 0.4681902207335953, "path_length_cm": 6855.673638917718, "cumulative_reward": 6564.528822958646}, "token_totals": {"input": 53401, "output": 1798, "calls": 20}, "finished_at": "2026-04-23T14:55:22.641327+00:00"}