{"episode_id": "map_21_hwaseong_remix2_on_0017", "episode_idx": 7, "agent_name": "GhostAgent_7", "SR": 0.0, "SPL": 0.0, "SoftSPL": 0.6635407852017123, "PLR": 0.6740289436187166, "nDTW": 1.1678802828148286e-35, "CLS": 0.3929344990540116, "steps": 40, "path_length_cm": 2730.6867189930704, "cumulative_reward": 2687.6709722333894, "ended_reason": "max_steps", "metrics": {"SR": 0.0, "SPL": 0.0, "SoftSPL": 0.6635407852017123, "PLR": 0.6740289436187166, "nDTW": 1.1678802828148286e-35, "CLS": 0.3929344990540116, "path_length_cm": 2730.6867189930704, "cumulative_reward": 2687.6709722333894}, "token_totals": {"input": 33675, "output": 1948, "calls": 40}, "finished_at": "2026-04-23T18:05:53.278258+00:00"}