{"episode_id": "map_08_cave_remix_pn_0017", "episode_idx": 7, "agent_name": "GhostAgent_7", "SR": 0.0, "SPL": 0.0, "SoftSPL": 0.07368253565363359, "PLR": 0.0073803257631193326, "nDTW": 0.009315661646629165, "CLS": 0.07941949932538789, "steps": 40, "path_length_cm": 12.992104063622378, "cumulative_reward": 4.2589441973708375, "ended_reason": "max_steps", "metrics": {"SR": 0.0, "SPL": 0.0, "SoftSPL": 0.07368253565363359, "PLR": 0.0073803257631193326, "nDTW": 0.009315661646629165, "CLS": 0.07941949932538789, "path_length_cm": 12.992104063622378, "cumulative_reward": 4.2589441973708375}, "token_totals": {"input": 31162, "output": 1470, "calls": 40}, "finished_at": "2026-04-23T14:55:42.730018+00:00"}