{
  "map": "map_43_B5_residential_courtyard",
  "n": 20,
  "SR": 0.2,
  "SPL": 0.19599016010950873,
  "SoftSPL": 0.3328430601022686,
  "nDTW": 0.3328430601022686,
  "avg_steps": 36.45
}