{"episode_id": "map_20_trainstation_native_obj_on_0008", "episode_idx": 8, "agent_name": "GhostAgent_8", "SR": 0.0, "SPL": 0.0, "SoftSPL": 0.075127760985946, "PLR": 4.709006176404606, "nDTW": 1.1861562460254755e-26, "CLS": 0.02871409279559092, "steps": 40, "path_length_cm": 8596.384955150137, "cumulative_reward": 630.7642925448486, "ended_reason": "max_steps", "metrics": {"SR": 0.0, "SPL": 0.0, "SoftSPL": 0.075127760985946, "PLR": 4.709006176404606, "nDTW": 1.1861562460254755e-26, "CLS": 0.02871409279559092, "path_length_cm": 8596.384955150137, "cumulative_reward": 630.7642925448486}, "token_totals": {"input": 121414, "output": 5257, "calls": 40}, "finished_at": "2026-04-23T17:39:38.788945+00:00"}