{"episode_id": "map_20_trainstation_native_obj_on_0014", "episode_idx": 4, "agent_name": "GhostAgent_4", "SR": 0.0, "SPL": 0.0, "SoftSPL": 0.0, "PLR": 1.8489904058044355, "nDTW": 1.201000678469301e-124, "CLS": 0.13520897371372748, "steps": 40, "path_length_cm": 6012.28814293805, "cumulative_reward": -231.2572730856601, "ended_reason": "max_steps", "metrics": {"SR": 0.0, "SPL": 0.0, "SoftSPL": 0.0, "PLR": 1.8489904058044355, "nDTW": 1.201000678469301e-124, "CLS": 0.13520897371372748, "path_length_cm": 6012.28814293805, "cumulative_reward": -231.2572730856601}, "token_totals": {"input": 131422, "output": 7936, "calls": 40}, "finished_at": "2026-04-23T17:54:54.338350+00:00"}