{"episode_id": "map_32_gothic_night_native_on_0016", "episode_idx": 6, "agent_name": "GhostAgent_6", "SR": 0.0, "SPL": 0.0, "SoftSPL": 0.6937172557803508, "PLR": 0.36651033523959053, "nDTW": 2.9752324353934605e-13, "CLS": 0.022611862497451077, "steps": 40, "path_length_cm": 1758.5092582728505, "cumulative_reward": 298.3607286665842, "ended_reason": "max_steps", "metrics": {"SR": 0.0, "SPL": 0.0, "SoftSPL": 0.6937172557803508, "PLR": 0.36651033523959053, "nDTW": 2.9752324353934605e-13, "CLS": 0.022611862497451077, "path_length_cm": 1758.5092582728505, "cumulative_reward": 298.3607286665842}, "token_totals": {"input": 118512, "output": 5526, "calls": 40}, "finished_at": "2026-04-23T01:35:02.237565+00:00"}