{"episode_id": "map_01_wintertown_native_on_0012", "episode_idx": 2, "agent_name": "GhostAgent_2", "SR": 0.0, "SPL": 0.0, "SoftSPL": 0.28242940571120195, "PLR": 1.5350668755555774, "nDTW": 4.067065838331362e-49, "CLS": 0.04071710233148468, "steps": 40, "path_length_cm": 5832.701503035994, "cumulative_reward": 1429.128920825656, "ended_reason": "max_steps", "metrics": {"SR": 0.0, "SPL": 0.0, "SoftSPL": 0.28242940571120195, "PLR": 1.5350668755555774, "nDTW": 4.067065838331362e-49, "CLS": 0.04071710233148468, "path_length_cm": 5832.701503035994, "cumulative_reward": 1429.128920825656}, "token_totals": {"input": 456517, "output": 5674, "calls": 40}, "finished_at": "2026-04-22T20:23:53.043448+00:00"}