{"episode_id": "map_32_gothic_night_native_on_0001", "episode_idx": 1, "agent_name": "GhostAgent_1", "SR": 0.0, "SPL": 0.0, "SoftSPL": 0.6849596285220846, "PLR": 1.148828591722299, "nDTW": 2.576268048108507e-11, "CLS": 0.374555820750755, "steps": 40, "path_length_cm": 1256.0372759018237, "cumulative_reward": 859.9325700738405, "ended_reason": "max_steps", "metrics": {"SR": 0.0, "SPL": 0.0, "SoftSPL": 0.6849596285220846, "PLR": 1.148828591722299, "nDTW": 2.576268048108507e-11, "CLS": 0.374555820750755, "path_length_cm": 1256.0372759018237, "cumulative_reward": 859.9325700738405}, "token_totals": {"input": 118651, "output": 6529, "calls": 40}, "finished_at": "2026-04-23T01:12:41.472277+00:00"}