{"episode_id": "map_27_courtyard_overcast_remix_on_0009", "episode_idx": 9, "agent_name": "GhostAgent_9", "SR": 0.0, "SPL": 0.0, "SoftSPL": 0.16811855201345283, "PLR": 0.0, "nDTW": 0.0002459021493445389, "CLS": 0.08349124788102989, "steps": 40, "path_length_cm": 0.0, "cumulative_reward": -0.4000000000000002, "ended_reason": "max_steps", "metrics": {"SR": 0.0, "SPL": 0.0, "SoftSPL": 0.16811855201345283, "PLR": 0.0, "nDTW": 0.0002459021493445389, "CLS": 0.08349124788102989, "path_length_cm": 0.0, "cumulative_reward": -0.4000000000000002}, "token_totals": {"input": 33480, "output": 1962, "calls": 40}, "finished_at": "2026-04-23T15:26:52.922941+00:00"}