{"episode_id": "map_61_containeryard_day_big_remix_pn_0019", "episode_idx": 8, "agent_name": "GhostAgent_8", "SR": 0.0, "SPL": 0.0, "SoftSPL": 0.0, "PLR": 0.056372582486059, "nDTW": 0.0002731359717888127, "CLS": 0.26641078006480967, "steps": 40, "path_length_cm": 57.85800003456665, "cumulative_reward": 24.913077691528116, "ended_reason": "max_steps", "metrics": {"SR": 0.0, "SPL": 0.0, "SoftSPL": 0.0, "PLR": 0.056372582486059, "nDTW": 0.0002731359717888127, "CLS": 0.26641078006480967, "path_length_cm": 57.85800003456665, "cumulative_reward": 24.913077691528116}, "token_totals": {"input": 32214, "output": 1775, "calls": 40}, "finished_at": "2026-04-23T16:22:03.764500+00:00"}