{"episode_id": "map_36_dungeon_native_obj_pn_0017", "episode_idx": 4, "agent_name": "GhostAgent_4", "SR": 0.0, "SPL": 0.0, "SoftSPL": 0.04829166914441775, "PLR": 2.1247300361360932, "nDTW": 3.6213426148957143e-26, "CLS": 0.3533907578371418, "steps": 40, "path_length_cm": 3666.6041287593334, "cumulative_reward": 1330.619571006396, "ended_reason": "max_steps", "metrics": {"SR": 0.0, "SPL": 0.0, "SoftSPL": 0.04829166914441775, "PLR": 2.1247300361360932, "nDTW": 3.6213426148957143e-26, "CLS": 0.3533907578371418, "path_length_cm": 3666.6041287593334, "cumulative_reward": 1330.619571006396}, "token_totals": {"input": 125628, "output": 7258, "calls": 40}, "finished_at": "2026-04-23T18:51:41.351283+00:00"}