{"episode_id": "map_03_watertown_remix_pn_0019", "episode_idx": 4, "agent_name": "GhostAgent_4", "SR": 0.0, "SPL": 0.0, "SoftSPL": 0.1811209617467356, "PLR": 1.181508194374818, "nDTW": 1.6134827042567522e-77, "CLS": 0.09409805990961419, "steps": 40, "path_length_cm": 7321.629054311592, "cumulative_reward": 1219.7687373584738, "ended_reason": "max_steps", "metrics": {"SR": 0.0, "SPL": 0.0, "SoftSPL": 0.1811209617467356, "PLR": 1.181508194374818, "nDTW": 1.6134827042567522e-77, "CLS": 0.09409805990961419, "path_length_cm": 7321.629054311592, "cumulative_reward": 1219.7687373584738}, "token_totals": {"input": 469336, "output": 6120, "calls": 40}, "finished_at": "2026-04-22T20:31:15.354443+00:00"}