{"episode_id": "map_46_B8_dense_urban_pn_0016", "episode_idx": 6, "agent_name": "GhostAgent_6", "SR": 0.0, "SPL": 0.0, "SoftSPL": 0.0, "PLR": 0.0, "nDTW": 0.016721493185569206, "CLS": 0.25006990208358876, "steps": 40, "path_length_cm": 0.0, "cumulative_reward": -0.4000000000000002, "ended_reason": "max_steps", "metrics": {"SR": 0.0, "SPL": 0.0, "SoftSPL": 0.0, "PLR": 0.0, "nDTW": 0.016721493185569206, "CLS": 0.25006990208358876, "path_length_cm": 0.0, "cumulative_reward": -0.4000000000000002}, "token_totals": {"input": 32797, "output": 1933, "calls": 40}, "finished_at": "2026-04-23T16:07:21.255438+00:00"}