{"episode_id": "map_09b_wintertown_demo02_obj_on_0006", "episode_idx": 8, "agent_name": "GhostAgent_8", "SR": 1.0, "SPL": 0.9984903060038642, "SoftSPL": 0.9956908669677931, "PLR": 1.0015119766181586, "nDTW": 3.9309057808878716e-39, "CLS": 0.9006482963927525, "steps": 19, "path_length_cm": 7568.215689788334, "cumulative_reward": 7537.83968875911, "ended_reason": "success", "metrics": {"SR": 1.0, "SPL": 0.9984903060038642, "SoftSPL": 0.9956908669677931, "PLR": 1.0015119766181586, "nDTW": 3.9309057808878716e-39, "CLS": 0.9006482963927525, "path_length_cm": 7568.215689788334, "cumulative_reward": 7537.83968875911}, "token_totals": {"input": 45335, "output": 1358, "calls": 19}, "finished_at": "2026-04-22T23:15:40.433321+00:00"}