{"episode_id": "map_53_courtyard_sanny_big_remix_on_0007", "episode_idx": 7, "agent_name": "GhostAgent_7", "SR": 0.0, "SPL": 0.0, "SoftSPL": 0.6963426634438064, "PLR": 0.46918441617744194, "nDTW": 1.1515298166112445e-15, "CLS": 0.20328465865997922, "steps": 40, "path_length_cm": 1161.1892034417128, "cumulative_reward": 812.5547659498866, "ended_reason": "max_steps", "metrics": {"SR": 0.0, "SPL": 0.0, "SoftSPL": 0.6963426634438064, "PLR": 0.46918441617744194, "nDTW": 1.1515298166112445e-15, "CLS": 0.20328465865997922, "path_length_cm": 1161.1892034417128, "cumulative_reward": 812.5547659498866}, "token_totals": {"input": 112604, "output": 5215, "calls": 40}, "finished_at": "2026-04-23T14:20:55.448573+00:00"}