{"episode_id": "map_01_wintertown_native_obj_pn_0015", "episode_idx": 6, "agent_name": "GhostAgent_6", "SR": 1.0, "SPL": 1.0, "SoftSPL": 0.9277621014343423, "PLR": 0.9486354811400245, "nDTW": 0.00030973489767120705, "CLS": 0.5666100930570458, "steps": 6, "path_length_cm": 2003.7837541024512, "cumulative_reward": 1962.1285171937034, "ended_reason": "success", "metrics": {"SR": 1.0, "SPL": 1.0, "SoftSPL": 0.9277621014343423, "PLR": 0.9486354811400245, "nDTW": 0.00030973489767120705, "CLS": 0.5666100930570458, "path_length_cm": 2003.7837541024512, "cumulative_reward": 1962.1285171937034}, "token_totals": {"input": 9952, "output": 439, "calls": 6}, "finished_at": "2026-04-22T22:38:09.155270+00:00"}