{"episode_id": "map_05_middleeast_native_obj_on_0001", "episode_idx": 1, "agent_name": "GhostAgent_1", "SR": 0.0, "SPL": 0.0, "SoftSPL": 0.08929261804304722, "PLR": 0.0, "nDTW": 1.0498782159421841e-10, "CLS": 0.10000000000772898, "steps": 0, "path_length_cm": 0.0, "cumulative_reward": 0.0, "ended_reason": "spawn_blocked", "metrics": {"SR": 0.0, "SPL": 0.0, "SoftSPL": 0.08929261804304722, "PLR": 0.0, "nDTW": 1.0498782159421841e-10, "CLS": 0.10000000000772898, "path_length_cm": 0.0, "cumulative_reward": 0.0}, "token_totals": {"input": 0, "output": 0, "calls": 0}, "finished_at": "2026-04-23T16:29:40.504554+00:00"}