{"episode_id": "map_61_containeryard_day_big_remix_on_0011", "episode_idx": 1, "agent_name": "GhostAgent_1", "SR": 0.0, "SPL": 0.0, "SoftSPL": 0.0, "PLR": 0.03529724665276407, "nDTW": 4.660282584855187e-05, "CLS": 0.2592110063361767, "steps": 40, "path_length_cm": 58.39400000000023, "cumulative_reward": -58.22527185565201, "ended_reason": "max_steps", "metrics": {"SR": 0.0, "SPL": 0.0, "SoftSPL": 0.0, "PLR": 0.03529724665276407, "nDTW": 4.660282584855187e-05, "CLS": 0.2592110063361767, "path_length_cm": 58.39400000000023, "cumulative_reward": -58.22527185565201}, "token_totals": {"input": 26199, "output": 197, "calls": 40}, "finished_at": "2026-04-23T16:41:39.318712+00:00"}