{"episode_id": "map_67_B12_construction_site_obj_on_0011", "episode_idx": 1, "agent_name": "GhostAgent_1", "SR": 0.0, "SPL": 0.0, "SoftSPL": 0.13523942654308918, "PLR": 0.3710116747279813, "nDTW": 9.86177154658103e-26, "CLS": 0.11559924036752364, "steps": 40, "path_length_cm": 2747.616, "cumulative_reward": 17.236930075128484, "ended_reason": "max_steps", "metrics": {"SR": 0.0, "SPL": 0.0, "SoftSPL": 0.13523942654308918, "PLR": 0.3710116747279813, "nDTW": 9.86177154658103e-26, "CLS": 0.11559924036752364, "path_length_cm": 2747.616, "cumulative_reward": 17.236930075128484}, "token_totals": {"input": 116705, "output": 4039, "calls": 40}, "finished_at": "2026-04-23T16:01:55.879106+00:00"}