{"episode_id": "map_05_middleeast_native_obj_pn_0013", "episode_idx": 1, "agent_name": "GhostAgent_1", "SR": 0.0, "SPL": 0.0, "SoftSPL": 0.9150676068941717, "PLR": 0.7522431209187465, "nDTW": 0.00010784797257134868, "CLS": 0.026265175876904308, "steps": 40, "path_length_cm": 4049.6632293100256, "cumulative_reward": 1815.9111080194664, "ended_reason": "max_steps", "metrics": {"SR": 0.0, "SPL": 0.0, "SoftSPL": 0.9150676068941717, "PLR": 0.7522431209187465, "nDTW": 0.00010784797257134868, "CLS": 0.026265175876904308, "path_length_cm": 4049.6632293100256, "cumulative_reward": 1815.9111080194664}, "token_totals": {"input": 121815, "output": 7105, "calls": 40}, "finished_at": "2026-04-22T22:26:42.261629+00:00"}