{"episode_id": "map_40_B2_open_plaza_pn_0012", "episode_idx": 2, "agent_name": "GhostAgent_2", "SR": 0.0, "SPL": 0.0, "SoftSPL": 0.2777689850728934, "PLR": 2.354644833344675, "nDTW": 4.9962271976974905e-80, "CLS": 0.047193728327498755, "steps": 40, "path_length_cm": 13238.660925203765, "cumulative_reward": 3671.946638793328, "ended_reason": "max_steps", "metrics": {"SR": 0.0, "SPL": 0.0, "SoftSPL": 0.2777689850728934, "PLR": 2.354644833344675, "nDTW": 4.9962271976974905e-80, "CLS": 0.047193728327498755, "path_length_cm": 13238.660925203765, "cumulative_reward": 3671.946638793328}, "token_totals": {"input": 127954, "output": 7103, "calls": 40}, "finished_at": "2026-04-23T16:18:24.669237+00:00"}