{"episode_id": "map_20_trainstation_native_pn_0017", "episode_idx": 6, "agent_name": "GhostAgent_6", "SR": 0.0, "SPL": 0.0, "SoftSPL": 0.38180826848354316, "PLR": 1.0583932677790082, "nDTW": 2.937919148357215e-51, "CLS": 0.05165625417052707, "steps": 40, "path_length_cm": 5899.6004978596475, "cumulative_reward": 1997.2093437214508, "ended_reason": "max_steps", "metrics": {"SR": 0.0, "SPL": 0.0, "SoftSPL": 0.38180826848354316, "PLR": 1.0583932677790082, "nDTW": 2.937919148357215e-51, "CLS": 0.05165625417052707, "path_length_cm": 5899.6004978596475, "cumulative_reward": 1997.2093437214508}, "token_totals": {"input": 127727, "output": 7129, "calls": 40}, "finished_at": "2026-04-23T18:36:47.160513+00:00"}