{"episode_id": "map_19_wintertown_demo02_native_obj_on_0002", "episode_idx": 2, "agent_name": "GhostAgent_2", "SR": 0.0, "SPL": 0.0, "SoftSPL": 0.23370974587140425, "PLR": 1.6653514193041232, "nDTW": 2.2088618326714445e-127, "CLS": 0.06671966869361154, "steps": 40, "path_length_cm": 12769.631573482735, "cumulative_reward": 2975.3279894832995, "ended_reason": "max_steps", "metrics": {"SR": 0.0, "SPL": 0.0, "SoftSPL": 0.23370974587140425, "PLR": 1.6653514193041232, "nDTW": 2.2088618326714445e-127, "CLS": 0.06671966869361154, "path_length_cm": 12769.631573482735, "cumulative_reward": 2975.3279894832995}, "token_totals": {"input": 125751, "output": 6744, "calls": 40}, "finished_at": "2026-04-23T00:19:58.726346+00:00"}