{"episode_id": "map_45_B7_park_with_paths_pn_0003", "episode_idx": 3, "agent_name": "GhostAgent_3", "SR": 0.0, "SPL": 0.0, "SoftSPL": 0.33563222469945614, "PLR": 2.2283076581877346, "nDTW": 1.1952589021506091e-35, "CLS": 0.16281499454298473, "steps": 40, "path_length_cm": 11904.265719259753, "cumulative_reward": 3994.3342774759553, "ended_reason": "max_steps", "metrics": {"SR": 0.0, "SPL": 0.0, "SoftSPL": 0.33563222469945614, "PLR": 2.2283076581877346, "nDTW": 1.1952589021506091e-35, "CLS": 0.16281499454298473, "path_length_cm": 11904.265719259753, "cumulative_reward": 3994.3342774759553}, "token_totals": {"input": 119770, "output": 5032, "calls": 40}, "finished_at": "2026-04-23T19:03:34.996504+00:00"}