{"episode_id": "map_60_B11_forest_camp_pn_0009", "episode_idx": 9, "agent_name": "GhostAgent_9", "SR": 1.0, "SPL": 1.0, "SoftSPL": 0.92644927034115, "PLR": 0.9606635002740148, "nDTW": 0.10359338830873586, "CLS": 0.5350719477848032, "steps": 5, "path_length_cm": 1998.353, "cumulative_reward": 1902.5289070283086, "ended_reason": "success", "metrics": {"SR": 1.0, "SPL": 1.0, "SoftSPL": 0.92644927034115, "PLR": 0.9606635002740148, "nDTW": 0.10359338830873586, "CLS": 0.5350719477848032, "path_length_cm": 1998.353, "cumulative_reward": 1902.5289070283086}, "token_totals": {"input": 7389, "output": 342, "calls": 5}, "finished_at": "2026-04-23T17:13:38.962885+00:00"}