{"episode_id": "map_20_trainstation_native_on_0014", "episode_idx": 4, "agent_name": "GhostAgent_4", "SR": 0.0, "SPL": 0.0, "SoftSPL": 0.20869719562044353, "PLR": 1.932156525064571, "nDTW": 4.3317215551908975e-25, "CLS": 0.012236951119359425, "steps": 40, "path_length_cm": 8306.224971861086, "cumulative_reward": 1083.0222681413081, "ended_reason": "max_steps", "metrics": {"SR": 0.0, "SPL": 0.0, "SoftSPL": 0.20869719562044353, "PLR": 1.932156525064571, "nDTW": 4.3317215551908975e-25, "CLS": 0.012236951119359425, "path_length_cm": 8306.224971861086, "cumulative_reward": 1083.0222681413081}, "token_totals": {"input": 123967, "output": 6541, "calls": 40}, "finished_at": "2026-04-23T17:25:02.997461+00:00"}