{"episode_id": "map_57_gothic_day_invasion_on_0003", "episode_idx": 3, "agent_name": "GhostAgent_3", "SR": 1.0, "SPL": 0.5962946386364929, "SoftSPL": 0.4898730373460585, "PLR": 1.6770232955416693, "nDTW": 1.0677624230240838e-06, "CLS": 0.2758237216361913, "steps": 17, "path_length_cm": 1876.555527245217, "cumulative_reward": 919.3510042227598, "ended_reason": "success", "metrics": {"SR": 1.0, "SPL": 0.5962946386364929, "SoftSPL": 0.4898730373460585, "PLR": 1.6770232955416693, "nDTW": 1.0677624230240838e-06, "CLS": 0.2758237216361913, "path_length_cm": 1876.555527245217, "cumulative_reward": 919.3510042227598}, "token_totals": {"input": 48034, "output": 2898, "calls": 17}, "finished_at": "2026-04-23T14:56:00.462714+00:00"}