{"episode_id": "map_62_trainstation_cross_remix_pn_0019", "episode_idx": 8, "agent_name": "GhostAgent_8", "SR": 0.0, "SPL": 0.0, "SoftSPL": 0.0, "PLR": 0.3286288518964073, "nDTW": 2.167643595348127e-08, "CLS": 0.13299167569278852, "steps": 40, "path_length_cm": 548.083912904309, "cumulative_reward": 232.0375301972035, "ended_reason": "max_steps", "metrics": {"SR": 0.0, "SPL": 0.0, "SoftSPL": 0.0, "PLR": 0.3286288518964073, "nDTW": 2.167643595348127e-08, "CLS": 0.13299167569278852, "path_length_cm": 548.083912904309, "cumulative_reward": 232.0375301972035}, "token_totals": {"input": 109147, "output": 4004, "calls": 40}, "finished_at": "2026-04-23T17:09:26.795032+00:00"}