{"episode_id": "map_20_trainstation_native_obj_on_0012", "episode_idx": 2, "agent_name": "GhostAgent_2", "SR": 0.0, "SPL": 0.0, "SoftSPL": 0.0, "PLR": 0.02438990159353094, "nDTW": 0.0001525593232856129, "CLS": 0.2562837692160795, "steps": 40, "path_length_cm": 43.44500001150886, "cumulative_reward": -39.9513018625658, "ended_reason": "max_steps", "metrics": {"SR": 0.0, "SPL": 0.0, "SoftSPL": 0.0, "PLR": 0.02438990159353094, "nDTW": 0.0001525593232856129, "CLS": 0.2562837692160795, "path_length_cm": 43.44500001150886, "cumulative_reward": -39.9513018625658}, "token_totals": {"input": 113868, "output": 4757, "calls": 40}, "finished_at": "2026-04-23T17:54:54.188870+00:00"}