{"episode_id": "map_19_wintertown_demo02_native_obj_on_0001", "episode_idx": 1, "agent_name": "GhostAgent_1", "SR": 0.0, "SPL": 0.0, "SoftSPL": 0.3254079266437562, "PLR": 1.3578555764082283, "nDTW": 1.6123458704698228e-22, "CLS": 0.06821999604891495, "steps": 40, "path_length_cm": 6170.489517316148, "cumulative_reward": 1926.5082668077935, "ended_reason": "max_steps", "metrics": {"SR": 0.0, "SPL": 0.0, "SoftSPL": 0.3254079266437562, "PLR": 1.3578555764082283, "nDTW": 1.6123458704698228e-22, "CLS": 0.06821999604891495, "path_length_cm": 6170.489517316148, "cumulative_reward": 1926.5082668077935}, "token_totals": {"input": 116349, "output": 3626, "calls": 40}, "finished_at": "2026-04-23T00:19:58.725826+00:00"}