{"episode_id": "map_42_B4_industrial_yard_obj_on_0015", "episode_idx": 5, "agent_name": "GhostAgent_5", "SR": 0.0, "SPL": 0.0, "SoftSPL": 0.004337350872532508, "PLR": 0.0, "nDTW": 2.455182888055571e-07, "CLS": 0.12500236442009927, "steps": 3, "path_length_cm": 0.0, "cumulative_reward": -0.02, "ended_reason": "no_tool_call", "metrics": {"SR": 0.0, "SPL": 0.0, "SoftSPL": 0.004337350872532508, "PLR": 0.0, "nDTW": 2.455182888055571e-07, "CLS": 0.12500236442009927, "path_length_cm": 0.0, "cumulative_reward": -0.02}, "token_totals": {"input": 1466, "output": 377, "calls": 3}, "finished_at": "2026-04-23T16:26:58.388173+00:00"}