{"episode_id": "map_19_wintertown_demo02_native_on_0000", "episode_idx": 0, "agent_name": "GhostAgent_0", "SR": 0.0, "SPL": 0.0, "SoftSPL": 0.0, "PLR": 0.12171655304242152, "nDTW": 1.2395950939288647e-24, "CLS": 0.2082552339768747, "steps": 40, "path_length_cm": 962.9532064019352, "cumulative_reward": -211.9798972849494, "ended_reason": "max_steps", "metrics": {"SR": 0.0, "SPL": 0.0, "SoftSPL": 0.0, "PLR": 0.12171655304242152, "nDTW": 1.2395950939288647e-24, "CLS": 0.2082552339768747, "path_length_cm": 962.9532064019352, "cumulative_reward": -211.9798972849494}, "token_totals": {"input": 123288, "output": 6543, "calls": 40}, "finished_at": "2026-04-22T23:37:15.216658+00:00"}