{"episode_id": "map_18_cave_native_on_0017", "episode_idx": 7, "agent_name": "GhostAgent_7", "SR": 0.0, "SPL": 0.0, "SoftSPL": 0.0, "PLR": 33.71065816799609, "nDTW": 1.0915540035237935e-191, "CLS": 0.007519139358073762, "steps": 39, "path_length_cm": 49848.62444617918, "cumulative_reward": -41005.917262921525, "ended_reason": "step_error", "metrics": {"SR": 0.0, "SPL": 0.0, "SoftSPL": 0.0, "PLR": 33.71065816799609, "nDTW": 1.0915540035237935e-191, "CLS": 0.007519139358073762, "path_length_cm": 49848.62444617918, "cumulative_reward": -41005.917262921525}, "token_totals": {"input": 129902, "output": 8101, "calls": 39}, "finished_at": "2026-04-23T17:14:57.073434+00:00"}