{"episode_id": "map_06_hwaseong_native_pn_0010", "episode_idx": 1, "agent_name": "GhostAgent_1", "SR": 0.0, "SPL": 0.0, "SoftSPL": 0.0, "PLR": 0.04547138762266145, "nDTW": 2.7886788483657095e-09, "CLS": 0.26190958902947725, "steps": 40, "path_length_cm": 127.38400000000001, "cumulative_reward": -110.08937384671265, "ended_reason": "max_steps", "metrics": {"SR": 0.0, "SPL": 0.0, "SoftSPL": 0.0, "PLR": 0.04547138762266145, "nDTW": 2.7886788483657095e-09, "CLS": 0.26190958902947725, "path_length_cm": 127.38400000000001, "cumulative_reward": -110.08937384671265}, "token_totals": {"input": 108013, "output": 2585, "calls": 40}, "finished_at": "2026-04-23T15:11:26.669227+00:00"}