{"episode_id": "map_26_courtyard_overcast_native_pn_0012", "episode_idx": 2, "agent_name": "GhostAgent_2", "SR": 0.0, "SPL": 0.0, "SoftSPL": 0.10207269942721031, "PLR": 0.28524886821742984, "nDTW": 4.708760814849795e-12, "CLS": 0.2926761827321554, "steps": 40, "path_length_cm": 378.388328667785, "cumulative_reward": 132.13540380504944, "ended_reason": "max_steps", "metrics": {"SR": 0.0, "SPL": 0.0, "SoftSPL": 0.10207269942721031, "PLR": 0.28524886821742984, "nDTW": 4.708760814849795e-12, "CLS": 0.2926761827321554, "path_length_cm": 378.388328667785, "cumulative_reward": 132.13540380504944}, "token_totals": {"input": 111174, "output": 4676, "calls": 40}, "finished_at": "2026-04-23T00:25:20.956119+00:00"}