{"episode_id": "map_11_wintertown_demo01_remix_on_0019", "episode_idx": 9, "agent_name": "GhostAgent_9", "SR": 0.0, "SPL": 0.0, "SoftSPL": 0.2095581764810522, "PLR": 3.657646942466229, "nDTW": 5.746520493715122e-34, "CLS": 0.07684870077529593, "steps": 40, "path_length_cm": 8795.507026079116, "cumulative_reward": 1842.7753642652463, "ended_reason": "max_steps", "metrics": {"SR": 0.0, "SPL": 0.0, "SoftSPL": 0.2095581764810522, "PLR": 3.657646942466229, "nDTW": 5.746520493715122e-34, "CLS": 0.07684870077529593, "path_length_cm": 8795.507026079116, "cumulative_reward": 1842.7753642652463}, "token_totals": {"input": 126029, "output": 6958, "calls": 40}, "finished_at": "2026-04-22T23:26:58.980659+00:00"}