{"episode_id": "map_40_B2_open_plaza_obj_on_0002", "episode_idx": 2, "agent_name": "GhostAgent_2", "SR": 0.0, "SPL": 0.0, "SoftSPL": 0.0, "PLR": 0.9567097199783163, "nDTW": 1.52869072830071e-74, "CLS": 0.06532807164909557, "steps": 40, "path_length_cm": 7625.454823087171, "cumulative_reward": -3245.723883368126, "ended_reason": "max_steps", "metrics": {"SR": 0.0, "SPL": 0.0, "SoftSPL": 0.0, "PLR": 0.9567097199783163, "nDTW": 1.52869072830071e-74, "CLS": 0.06532807164909557, "path_length_cm": 7625.454823087171, "cumulative_reward": -3245.723883368126}, "token_totals": {"input": 126355, "output": 6525, "calls": 40}, "finished_at": "2026-04-23T01:57:51.040079+00:00"}