{"episode_id": "map_03_watertown_remix_obj_pn_0006", "episode_idx": 0, "agent_name": "GhostAgent_0", "SR": 0.0, "SPL": 0.0, "SoftSPL": 0.08543424657578591, "PLR": 0.6367908911353669, "nDTW": 3.842178730470697e-82, "CLS": 0.1744861395376965, "steps": 40, "path_length_cm": 3983.2925896834154, "cumulative_reward": 347.07776235706115, "ended_reason": "max_steps", "metrics": {"SR": 0.0, "SPL": 0.0, "SoftSPL": 0.08543424657578591, "PLR": 0.6367908911353669, "nDTW": 3.842178730470697e-82, "CLS": 0.1744861395376965, "path_length_cm": 3983.2925896834154, "cumulative_reward": 347.07776235706115}, "token_totals": {"input": 115502, "output": 4479, "calls": 40}, "finished_at": "2026-04-22T22:42:08.147373+00:00"}