{"episode_id": "map_67_B12_construction_site_pn_0005", "episode_idx": 5, "agent_name": "GhostAgent_5", "SR": 0.0, "SPL": 0.0, "SoftSPL": 0.0, "PLR": 0.829596298582403, "nDTW": 6.179010984811625e-63, "CLS": 0.30140795832744216, "steps": 40, "path_length_cm": 1599.3870000000006, "cumulative_reward": -200.06707893888284, "ended_reason": "max_steps", "metrics": {"SR": 0.0, "SPL": 0.0, "SoftSPL": 0.0, "PLR": 0.829596298582403, "nDTW": 6.179010984811625e-63, "CLS": 0.30140795832744216, "path_length_cm": 1599.3870000000006, "cumulative_reward": -200.06707893888284}, "token_totals": {"input": 116583, "output": 4746, "calls": 40}, "finished_at": "2026-04-23T05:13:06.560460+00:00"}