{"episode_id": "map_67_B12_construction_site_obj_pn_0013", "episode_idx": 3, "agent_name": "GhostAgent_3", "SR": 0.0, "SPL": 0.0, "SoftSPL": 0.03887891918869113, "PLR": 0.9525404415488073, "nDTW": 3.647952008825372e-130, "CLS": 0.26245622385066697, "steps": 40, "path_length_cm": 3601.793544606428, "cumulative_reward": 168.36220311102352, "ended_reason": "max_steps", "metrics": {"SR": 0.0, "SPL": 0.0, "SoftSPL": 0.03887891918869113, "PLR": 0.9525404415488073, "nDTW": 3.647952008825372e-130, "CLS": 0.26245622385066697, "path_length_cm": 3601.793544606428, "cumulative_reward": 168.36220311102352}, "token_totals": {"input": 117739, "output": 4629, "calls": 40}, "finished_at": "2026-04-23T06:14:49.174138+00:00"}