{
  "map": "map_46_B8_dense_urban",
  "n": 20,
  "SR": 0.05,
  "SPL": 0.05,
  "SoftSPL": 0.17738607493262373,
  "nDTW": 0.004579015863708411,
  "avg_steps": 36.35
}