{"episode_id": "map_15_middleeast_remix_obj_pn_0004", "episode_idx": 4, "agent_name": "GhostAgent_4", "SR": 0.0, "SPL": 0.0, "SoftSPL": 0.0, "PLR": 0.0, "nDTW": 5.490155038420322e-10, "CLS": 0.06250320131345354, "steps": 40, "path_length_cm": 0.0, "cumulative_reward": -0.4000000000000002, "ended_reason": "max_steps", "metrics": {"SR": 0.0, "SPL": 0.0, "SoftSPL": 0.0, "PLR": 0.0, "nDTW": 5.490155038420322e-10, "CLS": 0.06250320131345354, "path_length_cm": 0.0, "cumulative_reward": -0.4000000000000002}, "token_totals": {"input": 32813, "output": 1937, "calls": 40}, "finished_at": "2026-04-23T15:00:14.680982+00:00"}