{"episode_id": "map_36_dungeon_native_obj_on_0014", "episode_idx": 9, "agent_name": "GhostAgent_9", "SR": 1.0, "SPL": 0.924352473525484, "SoftSPL": 0.884605731884514, "PLR": 1.081838398923731, "nDTW": 0.00015862806152057142, "CLS": 0.6375383909304606, "steps": 11, "path_length_cm": 2083.350296727375, "cumulative_reward": 1845.3331972356077, "ended_reason": "success", "metrics": {"SR": 1.0, "SPL": 0.924352473525484, "SoftSPL": 0.884605731884514, "PLR": 1.081838398923731, "nDTW": 0.00015862806152057142, "CLS": 0.6375383909304606, "path_length_cm": 2083.350296727375, "cumulative_reward": 1845.3331972356077}, "token_totals": {"input": 25867, "output": 1194, "calls": 11}, "finished_at": "2026-04-23T18:16:24.101227+00:00"}