{"episode_id": "map_18_cave_native_pn_0002", "episode_idx": 2, "agent_name": "GhostAgent_2", "SR": 0.0, "SPL": 0.0, "SoftSPL": 0.0, "PLR": 1.0275738396517693, "nDTW": 1.0612154163433062e-08, "CLS": 0.49683647270531883, "steps": 40, "path_length_cm": 1088.0568358536723, "cumulative_reward": 765.012021105058, "ended_reason": "max_steps", "metrics": {"SR": 0.0, "SPL": 0.0, "SoftSPL": 0.0, "PLR": 1.0275738396517693, "nDTW": 1.0612154163433062e-08, "CLS": 0.49683647270531883, "path_length_cm": 1088.0568358536723, "cumulative_reward": 765.012021105058}, "token_totals": {"input": 106077, "output": 3524, "calls": 40}, "finished_at": "2026-04-23T18:10:13.630854+00:00"}