{"episode_id": "map_47_wintertown_demo01_minimal_obj_on_0017", "episode_idx": 7, "agent_name": "GhostAgent_7", "SR": 0.0, "SPL": 0.0, "SoftSPL": 0.1972943418017492, "PLR": 0.005123436465458269, "nDTW": 1.1400919362480197e-05, "CLS": 0.05709892548266789, "steps": 40, "path_length_cm": 20.90746335641883, "cumulative_reward": 19.718775408707216, "ended_reason": "max_steps", "metrics": {"SR": 0.0, "SPL": 0.0, "SoftSPL": 0.1972943418017492, "PLR": 0.005123436465458269, "nDTW": 1.1400919362480197e-05, "CLS": 0.05709892548266789, "path_length_cm": 20.90746335641883, "cumulative_reward": 19.718775408707216}, "token_totals": {"input": 112452, "output": 3678, "calls": 40}, "finished_at": "2026-04-23T02:13:36.256918+00:00"}