{
  "map": "map_61_containeryard_day_big_remix",
  "n": 38,
  "SR": 0.05263157894736842,
  "SPL": 0.05215913686537158,
  "SoftSPL": 0.0808470206393187,
  "nDTW": 0.0008998414667215047,
  "avg_steps": 35.39473684210526
}