{"episode_id": "map_09b_wintertown_demo02_obj_pn_0015", "episode_idx": 5, "agent_name": "GhostAgent_5", "SR": 0.0, "SPL": 0.0, "SoftSPL": 0.0007342541263921641, "PLR": 0.0, "nDTW": 0.0001003745425327407, "CLS": 0.1667021067016533, "steps": 0, "path_length_cm": 0.0, "cumulative_reward": 0.0, "ended_reason": "spawn_blocked", "metrics": {"SR": 0.0, "SPL": 0.0, "SoftSPL": 0.0007342541263921641, "PLR": 0.0, "nDTW": 0.0001003745425327407, "CLS": 0.1667021067016533, "path_length_cm": 0.0, "cumulative_reward": 0.0}, "token_totals": {"input": 0, "output": 0, "calls": 0}, "finished_at": "2026-04-23T17:57:23.211942+00:00"}