{"episode_id": "map_05_middleeast_native_on_0001", "episode_idx": 1, "agent_name": "GhostAgent_1", "SR": 0.0, "SPL": 0.0, "SoftSPL": 0.4590114947334859, "PLR": 1.156335870352717, "nDTW": 1.328436307731645e-122, "CLS": 0.2162003482553892, "steps": 40, "path_length_cm": 7218.634811133499, "cumulative_reward": 3313.036017374596, "ended_reason": "max_steps", "metrics": {"SR": 0.0, "SPL": 0.0, "SoftSPL": 0.4590114947334859, "PLR": 1.156335870352717, "nDTW": 1.328436307731645e-122, "CLS": 0.2162003482553892, "path_length_cm": 7218.634811133499, "cumulative_reward": 3313.036017374596}, "token_totals": {"input": 416989, "output": 3156, "calls": 40}, "finished_at": "2026-04-22T20:03:10.000955+00:00"}