{"episode_id": "map_32_gothic_night_native_pn_0000", "episode_idx": 0, "agent_name": "GhostAgent_0", "SR": 0.0, "SPL": 0.0, "SoftSPL": 0.0, "PLR": 0.3512209155605603, "nDTW": 2.1035552559562995e-24, "CLS": 0.05829903799825962, "steps": 40, "path_length_cm": 1959.6968059257913, "cumulative_reward": -721.7961326279756, "ended_reason": "max_steps", "metrics": {"SR": 0.0, "SPL": 0.0, "SoftSPL": 0.0, "PLR": 0.3512209155605603, "nDTW": 2.1035552559562995e-24, "CLS": 0.05829903799825962, "path_length_cm": 1959.6968059257913, "cumulative_reward": -721.7961326279756}, "token_totals": {"input": 132033, "output": 8282, "calls": 40}, "finished_at": "2026-04-23T16:10:42.073455+00:00"}