{"episode_id": "map_09b_wintertown_demo02_on_0011", "episode_idx": 3, "agent_name": "GhostAgent_3", "SR": 0.0, "SPL": 0.0, "SoftSPL": 0.5638815766848784, "PLR": 0.5623488715418316, "nDTW": 8.025945795023058e-07, "CLS": 0.07372858753045951, "steps": 40, "path_length_cm": 2843.950077582359, "cumulative_reward": 2691.6132429851064, "ended_reason": "max_steps", "metrics": {"SR": 0.0, "SPL": 0.0, "SoftSPL": 0.5638815766848784, "PLR": 0.5623488715418316, "nDTW": 8.025945795023058e-07, "CLS": 0.07372858753045951, "path_length_cm": 2843.950077582359, "cumulative_reward": 2691.6132429851064}, "token_totals": {"input": 116321, "output": 6030, "calls": 40}, "finished_at": "2026-04-22T23:01:43.059399+00:00"}