{"episode_id": "map_50_B9_sparse_wilderness_pn_0001", "episode_idx": 1, "agent_name": "GhostAgent_1", "SR": 0.0, "SPL": 0.0, "SoftSPL": 0.0, "PLR": 0.481175700181342, "nDTW": 1.9203433568577698e-84, "CLS": 0.48185869491535327, "steps": 40, "path_length_cm": 2292.552, "cumulative_reward": -247.35620328680045, "ended_reason": "max_steps", "metrics": {"SR": 0.0, "SPL": 0.0, "SoftSPL": 0.0, "PLR": 0.481175700181342, "nDTW": 1.9203433568577698e-84, "CLS": 0.48185869491535327, "path_length_cm": 2292.552, "cumulative_reward": -247.35620328680045}, "token_totals": {"input": 111491, "output": 3216, "calls": 40}, "finished_at": "2026-04-23T19:10:54.941750+00:00"}