{"episode_id": "map_40_B2_open_plaza_pn_0003", "episode_idx": 3, "agent_name": "GhostAgent_3", "SR": 0.0, "SPL": 0.0, "SoftSPL": 0.0, "PLR": 0.08280878279289554, "nDTW": 9.149239833475846e-18, "CLS": 0.1903060243444742, "steps": 40, "path_length_cm": 406.558, "cumulative_reward": -386.300588082765, "ended_reason": "max_steps", "metrics": {"SR": 0.0, "SPL": 0.0, "SoftSPL": 0.0, "PLR": 0.08280878279289554, "nDTW": 9.149239833475846e-18, "CLS": 0.1903060243444742, "path_length_cm": 406.558, "cumulative_reward": -386.300588082765}, "token_totals": {"input": 106626, "output": 3401, "calls": 40}, "finished_at": "2026-04-23T00:55:48.446123+00:00"}