{"episode_id": "map_03_watertown_remix_on_0005", "episode_idx": 2, "agent_name": "GhostAgent_2", "SR": 0.0, "SPL": 0.0, "SoftSPL": 0.0, "PLR": 1.11758819457872, "nDTW": 2.0654048109197064e-93, "CLS": 0.055931042857670414, "steps": 40, "path_length_cm": 7976.294, "cumulative_reward": -4663.905443361963, "ended_reason": "max_steps", "metrics": {"SR": 0.0, "SPL": 0.0, "SoftSPL": 0.0, "PLR": 1.11758819457872, "nDTW": 2.0654048109197064e-93, "CLS": 0.055931042857670414, "path_length_cm": 7976.294, "cumulative_reward": -4663.905443361963}, "token_totals": {"input": 483360, "output": 5935, "calls": 40}, "finished_at": "2026-04-22T20:08:41.332548+00:00"}