{"episode_id": "map_50_B9_sparse_wilderness_on_0007", "episode_idx": 7, "agent_name": "GhostAgent_7", "SR": 1.0, "SPL": 0.6948125429359128, "SoftSPL": 0.6618467123137914, "PLR": 1.4392371153441263, "nDTW": 1.485433996950676e-37, "CLS": 0.3525868338343063, "steps": 22, "path_length_cm": 5195.2429999999995, "cumulative_reward": 3440.7330230122557, "ended_reason": "success", "metrics": {"SR": 1.0, "SPL": 0.6948125429359128, "SoftSPL": 0.6618467123137914, "PLR": 1.4392371153441263, "nDTW": 1.485433996950676e-37, "CLS": 0.3525868338343063, "path_length_cm": 5195.2429999999995, "cumulative_reward": 3440.7330230122557}, "token_totals": {"input": 61730, "output": 2912, "calls": 22}, "finished_at": "2026-04-23T14:18:08.222797+00:00"}