{"episode_id": "map_09b_wintertown_demo02_pn_0002", "episode_idx": 2, "agent_name": "GhostAgent_2", "SR": 0.0, "SPL": 0.0, "SoftSPL": 0.7763630464791553, "PLR": 1.104386450625255, "nDTW": 1.1246245986660933e-13, "CLS": 0.2607919064383282, "steps": 40, "path_length_cm": 6221.538981868361, "cumulative_reward": 4822.739410896434, "ended_reason": "max_steps", "metrics": {"SR": 0.0, "SPL": 0.0, "SoftSPL": 0.7763630464791553, "PLR": 1.104386450625255, "nDTW": 1.1246245986660933e-13, "CLS": 0.2607919064383282, "path_length_cm": 6221.538981868361, "cumulative_reward": 4822.739410896434}, "token_totals": {"input": 123707, "output": 6352, "calls": 40}, "finished_at": "2026-04-22T22:49:48.335991+00:00"}