{"episode_id": "map_18_cave_native_on_0007", "episode_idx": 7, "agent_name": "GhostAgent_7", "SR": 0.0, "SPL": 0.0, "SoftSPL": 0.9010735669311619, "PLR": 1.0448470556478247, "nDTW": 1.3091655427919955e-08, "CLS": 0.36228667088831334, "steps": 15, "path_length_cm": 4813.965633368449, "cumulative_reward": 4335.137288428567, "ended_reason": "no_tool_call", "metrics": {"SR": 0.0, "SPL": 0.0, "SoftSPL": 0.9010735669311619, "PLR": 1.0448470556478247, "nDTW": 1.3091655427919955e-08, "CLS": 0.36228667088831334, "path_length_cm": 4813.965633368449, "cumulative_reward": 4335.137288428567}, "token_totals": {"input": 39679, "output": 2734, "calls": 15}, "finished_at": "2026-04-23T16:57:38.527336+00:00"}