{"episode_id": "map_19_wintertown_demo02_native_on_0002", "episode_idx": 2, "agent_name": "GhostAgent_2", "SR": 0.0, "SPL": 0.0, "SoftSPL": 0.0, "PLR": 4.643132638337496, "nDTW": 1.221980358334789e-97, "CLS": 0.053848121735666665, "steps": 40, "path_length_cm": 10176.446666097056, "cumulative_reward": -341.8924707620723, "ended_reason": "max_steps", "metrics": {"SR": 0.0, "SPL": 0.0, "SoftSPL": 0.0, "PLR": 4.643132638337496, "nDTW": 1.221980358334789e-97, "CLS": 0.053848121735666665, "path_length_cm": 10176.446666097056, "cumulative_reward": -341.8924707620723}, "token_totals": {"input": 127348, "output": 7059, "calls": 40}, "finished_at": "2026-04-22T23:37:15.217552+00:00"}