{"episode_id": "map_11_wintertown_demo01_remix_on_0003", "episode_idx": 3, "agent_name": "GhostAgent_3", "SR": 0.0, "SPL": 0.0, "SoftSPL": 0.3343626050150879, "PLR": 0.3930448745857091, "nDTW": 1.9764197877231698e-27, "CLS": 0.07287474098413535, "steps": 40, "path_length_cm": 2592.362844368757, "cumulative_reward": -1178.9334759561762, "ended_reason": "max_steps", "metrics": {"SR": 0.0, "SPL": 0.0, "SoftSPL": 0.3343626050150879, "PLR": 0.3930448745857091, "nDTW": 1.9764197877231698e-27, "CLS": 0.07287474098413535, "path_length_cm": 2592.362844368757, "cumulative_reward": -1178.9334759561762}, "token_totals": {"input": 133335, "output": 8796, "calls": 40}, "finished_at": "2026-04-22T23:10:16.215190+00:00"}