{"episode_id": "map_08_cave_remix_pn_0011", "episode_idx": 1, "agent_name": "GhostAgent_1", "SR": 0.0, "SPL": 0.0, "SoftSPL": 0.0, "PLR": 2.707436099108387, "nDTW": 2.001017115730432e-34, "CLS": 0.04247092658690094, "steps": 40, "path_length_cm": 3338.7831230594716, "cumulative_reward": 1821.1736871573912, "ended_reason": "max_steps", "metrics": {"SR": 0.0, "SPL": 0.0, "SoftSPL": 0.0, "PLR": 2.707436099108387, "nDTW": 2.001017115730432e-34, "CLS": 0.04247092658690094, "path_length_cm": 3338.7831230594716, "cumulative_reward": 1821.1736871573912}, "token_totals": {"input": 33304, "output": 1981, "calls": 40}, "finished_at": "2026-04-23T14:55:42.726699+00:00"}