{"episode_id": "map_13_watertown_native_pn_0013", "episode_idx": 3, "agent_name": "GhostAgent_3", "SR": 0.0, "SPL": 0.0, "SoftSPL": 0.0, "PLR": 2.269716279969724, "nDTW": 1.556473187496221e-146, "CLS": 0.017653808570583025, "steps": 40, "path_length_cm": 15953.290999999997, "cumulative_reward": -13116.516573525276, "ended_reason": "max_steps", "metrics": {"SR": 0.0, "SPL": 0.0, "SoftSPL": 0.0, "PLR": 2.269716279969724, "nDTW": 1.556473187496221e-146, "CLS": 0.017653808570583025, "path_length_cm": 15953.290999999997, "cumulative_reward": -13116.516573525276}, "token_totals": {"input": 136360, "output": 8130, "calls": 40}, "finished_at": "2026-04-23T18:23:08.709362+00:00"}