{"episode_id": "map_45_B7_park_with_paths_obj_on_0007", "episode_idx": 7, "agent_name": "GhostAgent_7", "SR": 0.0, "SPL": 0.0, "SoftSPL": 0.0, "PLR": 3.3290860170880703, "nDTW": 7.498473825697166e-69, "CLS": 0.018848329698498877, "steps": 40, "path_length_cm": 13620.389494292935, "cumulative_reward": -3790.680577955185, "ended_reason": "max_steps", "metrics": {"SR": 0.0, "SPL": 0.0, "SoftSPL": 0.0, "PLR": 3.3290860170880703, "nDTW": 7.498473825697166e-69, "CLS": 0.018848329698498877, "path_length_cm": 13620.389494292935, "cumulative_reward": -3790.680577955185}, "token_totals": {"input": 135345, "output": 8457, "calls": 40}, "finished_at": "2026-04-23T14:26:19.760263+00:00"}