{"episode_id": "map_13_watertown_native_on_0015", "episode_idx": 5, "agent_name": "GhostAgent_5", "SR": 1.0, "SPL": 0.9648717046797765, "SoftSPL": 0.9367366145807796, "PLR": 1.0364072188559845, "nDTW": 6.308550009461615e-17, "CLS": 0.5505805767987257, "steps": 13, "path_length_cm": 4775.4328141783435, "cumulative_reward": 4475.688022398605, "ended_reason": "success", "metrics": {"SR": 1.0, "SPL": 0.9648717046797765, "SoftSPL": 0.9367366145807796, "PLR": 1.0364072188559845, "nDTW": 6.308550009461615e-17, "CLS": 0.5505805767987257, "path_length_cm": 4775.4328141783435, "cumulative_reward": 4475.688022398605}, "token_totals": {"input": 29921, "output": 1266, "calls": 13}, "finished_at": "2026-04-23T17:06:59.814385+00:00"}