{"episode_id": "map_16_hwaseong_remix_pn_0000", "episode_idx": 0, "agent_name": "GhostAgent_0", "SR": 0.0, "SPL": 0.0, "SoftSPL": 0.8477742425833286, "PLR": 1.065328505125491, "nDTW": 8.243431614492355e-10, "CLS": 0.425457982607071, "steps": 12, "path_length_cm": 3072.908113179325, "cumulative_reward": 2604.638906565813, "ended_reason": "success", "metrics": {"SR": 0.0, "SPL": 0.0, "SoftSPL": 0.8477742425833286, "PLR": 1.065328505125491, "nDTW": 8.243431614492355e-10, "CLS": 0.425457982607071, "path_length_cm": 3072.908113179325, "cumulative_reward": 2604.638906565813}, "token_totals": {"input": 26555, "output": 1038, "calls": 12}, "finished_at": "2026-04-23T15:43:17.433804+00:00"}