{"episode_id": "map_05_middleeast_native_obj_on_0006", "episode_idx": 7, "agent_name": "GhostAgent_7", "SR": 0.0, "SPL": 0.0, "SoftSPL": 0.5299698666345509, "PLR": 0.20987523291504961, "nDTW": 6.30485322873218e-16, "CLS": 0.07532756317808885, "steps": 40, "path_length_cm": 1639.1801366270954, "cumulative_reward": 1237.2960724489421, "ended_reason": "max_steps", "metrics": {"SR": 0.0, "SPL": 0.0, "SoftSPL": 0.5299698666345509, "PLR": 0.20987523291504961, "nDTW": 6.30485322873218e-16, "CLS": 0.07532756317808885, "path_length_cm": 1639.1801366270954, "cumulative_reward": 1237.2960724489421}, "token_totals": {"input": 117067, "output": 5658, "calls": 40}, "finished_at": "2026-04-22T22:33:45.975128+00:00"}