{"episode_id": "map_06_hwaseong_native_pn_0009", "episode_idx": 0, "agent_name": "GhostAgent_0", "SR": 0.0, "SPL": 0.0, "SoftSPL": 0.0, "PLR": 0.49396839118682273, "nDTW": 4.065897744411639e-14, "CLS": 0.17173450277668437, "steps": 40, "path_length_cm": 3294.877842262169, "cumulative_reward": 1277.6399869231752, "ended_reason": "max_steps", "metrics": {"SR": 0.0, "SPL": 0.0, "SoftSPL": 0.0, "PLR": 0.49396839118682273, "nDTW": 4.065897744411639e-14, "CLS": 0.17173450277668437, "path_length_cm": 3294.877842262169, "cumulative_reward": 1277.6399869231752}, "token_totals": {"input": 118222, "output": 5775, "calls": 40}, "finished_at": "2026-04-23T15:11:26.668460+00:00"}