{"episode_id": "map_25_containeryard_day_remix_on_0007", "episode_idx": 7, "agent_name": "GhostAgent_7", "SR": 0.0, "SPL": 0.0, "SoftSPL": 0.0, "PLR": 0.15774290961748935, "nDTW": 1.0361957388964534e-09, "CLS": 0.2976594978045048, "steps": 40, "path_length_cm": 178.64699999999903, "cumulative_reward": -175.7257724908684, "ended_reason": "max_steps", "metrics": {"SR": 0.0, "SPL": 0.0, "SoftSPL": 0.0, "PLR": 0.15774290961748935, "nDTW": 1.0361957388964534e-09, "CLS": 0.2976594978045048, "path_length_cm": 178.64699999999903, "cumulative_reward": -175.7257724908684}, "token_totals": {"input": 102901, "output": 2703, "calls": 40}, "finished_at": "2026-04-23T00:17:54.581059+00:00"}