{"episode_id": "map_67_B12_construction_site_on_0003", "episode_idx": 3, "agent_name": "GhostAgent_3", "SR": 0.0, "SPL": 0.0, "SoftSPL": 0.11531651906873061, "PLR": 1.9257110101880122, "nDTW": 2.0830060043725277e-74, "CLS": 0.05772149180525469, "steps": 40, "path_length_cm": 8438.581189304481, "cumulative_reward": 969.4268593352622, "ended_reason": "max_steps", "metrics": {"SR": 0.0, "SPL": 0.0, "SoftSPL": 0.11531651906873061, "PLR": 1.9257110101880122, "nDTW": 2.0830060043725277e-74, "CLS": 0.05772149180525469, "path_length_cm": 8438.581189304481, "cumulative_reward": 969.4268593352622}, "token_totals": {"input": 128700, "output": 7068, "calls": 40}, "finished_at": "2026-04-23T15:16:42.406810+00:00"}