{"episode_id": "map_45_B7_park_with_paths_pn_0011", "episode_idx": 1, "agent_name": "GhostAgent_1", "SR": 0.0, "SPL": 0.0, "SoftSPL": 0.0054481427343756605, "PLR": 0.0, "nDTW": 1.0817943958761686e-06, "CLS": 0.16666666914656478, "steps": 40, "path_length_cm": 0.0, "cumulative_reward": -0.4000000000000002, "ended_reason": "max_steps", "metrics": {"SR": 0.0, "SPL": 0.0, "SoftSPL": 0.0054481427343756605, "PLR": 0.0, "nDTW": 1.0817943958761686e-06, "CLS": 0.16666666914656478, "path_length_cm": 0.0, "cumulative_reward": -0.4000000000000002}, "token_totals": {"input": 117441, "output": 4751, "calls": 40}, "finished_at": "2026-04-23T19:18:31.266553+00:00"}