{"episode_id": "map_68_B13_suburban_park_pn_0005", "episode_idx": 5, "agent_name": "GhostAgent_5", "SR": 0.0, "SPL": 0.0, "SoftSPL": 0.540155988027378, "PLR": 1.711490646824336, "nDTW": 3.544470891611398e-29, "CLS": 0.17515873135426563, "steps": 40, "path_length_cm": 9930.428145910631, "cumulative_reward": 5363.274118352733, "ended_reason": "max_steps", "metrics": {"SR": 0.0, "SPL": 0.0, "SoftSPL": 0.540155988027378, "PLR": 1.711490646824336, "nDTW": 3.544470891611398e-29, "CLS": 0.17515873135426563, "path_length_cm": 9930.428145910631, "cumulative_reward": 5363.274118352733}, "token_totals": {"input": 118042, "output": 5103, "calls": 40}, "finished_at": "2026-04-23T05:01:21.361652+00:00"}