{"episode_id": "map_11_wintertown_demo01_remix_on_0006", "episode_idx": 6, "agent_name": "GhostAgent_6", "SR": 0.0, "SPL": 0.0, "SoftSPL": 0.0774984354708038, "PLR": 3.753274604896787, "nDTW": 1.1932229966133728e-87, "CLS": 0.06661768695226145, "steps": 40, "path_length_cm": 11049.527838577993, "cumulative_reward": 855.9184452203483, "ended_reason": "max_steps", "metrics": {"SR": 0.0, "SPL": 0.0, "SoftSPL": 0.0774984354708038, "PLR": 3.753274604896787, "nDTW": 1.1932229966133728e-87, "CLS": 0.06661768695226145, "path_length_cm": 11049.527838577993, "cumulative_reward": 855.9184452203483}, "token_totals": {"input": 126929, "output": 6938, "calls": 40}, "finished_at": "2026-04-22T23:10:16.216301+00:00"}