{"episode_id": "map_03_watertown_remix_obj_on_0016", "episode_idx": 2, "agent_name": "GhostAgent_2", "SR": 0.0, "SPL": 0.0, "SoftSPL": 0.6669794934252511, "PLR": 1.042045337093583, "nDTW": 4.193545125469677e-43, "CLS": 0.16802873320209938, "steps": 40, "path_length_cm": 5645.885, "cumulative_reward": 3721.889665357661, "ended_reason": "max_steps", "metrics": {"SR": 0.0, "SPL": 0.0, "SoftSPL": 0.6669794934252511, "PLR": 1.042045337093583, "nDTW": 4.193545125469677e-43, "CLS": 0.16802873320209938, "path_length_cm": 5645.885, "cumulative_reward": 3721.889665357661}, "token_totals": {"input": 112442, "output": 3944, "calls": 40}, "finished_at": "2026-04-22T22:51:04.103703+00:00"}