{"episode_id": "map_31_gothic_day_remix_pn_0015", "episode_idx": 5, "agent_name": "GhostAgent_5", "SR": 0.0, "SPL": 0.0, "SoftSPL": 0.0, "PLR": 0.10022709374371967, "nDTW": 2.3679482699643646e-07, "CLS": 0.1206766479730289, "steps": 40, "path_length_cm": 374.4464176846618, "cumulative_reward": 182.13091245389296, "ended_reason": "max_steps", "metrics": {"SR": 0.0, "SPL": 0.0, "SoftSPL": 0.0, "PLR": 0.10022709374371967, "nDTW": 2.3679482699643646e-07, "CLS": 0.1206766479730289, "path_length_cm": 374.4464176846618, "cumulative_reward": 182.13091245389296}, "token_totals": {"input": 106514, "output": 3818, "calls": 40}, "finished_at": "2026-04-23T00:45:34.533745+00:00"}