{"episode_id": "map_59_B10_market_plaza_obj_on_0001", "episode_idx": 0, "agent_name": "GhostAgent_0", "SR": 0.0, "SPL": 0.0, "SoftSPL": 0.0, "PLR": 1.1536141290508874, "nDTW": 5.505797395008098e-132, "CLS": 0.09631567653366095, "steps": 40, "path_length_cm": 8330.05151147452, "cumulative_reward": -2107.220984425128, "ended_reason": "max_steps", "metrics": {"SR": 0.0, "SPL": 0.0, "SoftSPL": 0.0, "PLR": 1.1536141290508874, "nDTW": 5.505797395008098e-132, "CLS": 0.09631567653366095, "path_length_cm": 8330.05151147452, "cumulative_reward": -2107.220984425128}, "token_totals": {"input": 126411, "output": 6449, "calls": 40}, "finished_at": "2026-04-23T19:07:41.026613+00:00"}