{"episode_id": "map_68_B13_suburban_park_pn_0013", "episode_idx": 3, "agent_name": "GhostAgent_3", "SR": 0.0, "SPL": 0.0, "SoftSPL": 0.3694136477607718, "PLR": 0.8192124250341484, "nDTW": 6.720838831172519e-13, "CLS": 0.07630275623555152, "steps": 15, "path_length_cm": 4366.361264810759, "cumulative_reward": 1693.6206863422426, "ended_reason": "no_tool_call", "metrics": {"SR": 0.0, "SPL": 0.0, "SoftSPL": 0.3694136477607718, "PLR": 0.8192124250341484, "nDTW": 6.720838831172519e-13, "CLS": 0.07630275623555152, "path_length_cm": 4366.361264810759, "cumulative_reward": 1693.6206863422426}, "token_totals": {"input": 41912, "output": 2648, "calls": 15}, "finished_at": "2026-04-23T05:17:29.150384+00:00"}