{"episode_id": "map_10_B1_urban_grid_on_0017", "episode_idx": 7, "agent_name": "GhostAgent_7", "SR": 0.0, "SPL": 0.0, "SoftSPL": 0.050310130758791094, "PLR": 0.13665818095966467, "nDTW": 3.483743077616426e-19, "CLS": 0.28957279792500606, "steps": 40, "path_length_cm": 386.8178141153789, "cumulative_reward": 142.00068003712656, "ended_reason": "max_steps", "metrics": {"SR": 0.0, "SPL": 0.0, "SoftSPL": 0.050310130758791094, "PLR": 0.13665818095966467, "nDTW": 3.483743077616426e-19, "CLS": 0.28957279792500606, "path_length_cm": 386.8178141153789, "cumulative_reward": 142.00068003712656}, "token_totals": {"input": 108085, "output": 2931, "calls": 40}, "finished_at": "2026-04-23T13:13:44.058045+00:00"}