{"episode_id": "map_57_gothic_day_invasion_on_0016", "episode_idx": 6, "agent_name": "GhostAgent_6", "SR": 0.0, "SPL": 0.0, "SoftSPL": 0.0, "PLR": 2.6453146315780023, "nDTW": 7.991435057828504e-47, "CLS": 0.06889447684685354, "steps": 40, "path_length_cm": 3368.702370729323, "cumulative_reward": -715.1709494431602, "ended_reason": "max_steps", "metrics": {"SR": 0.0, "SPL": 0.0, "SoftSPL": 0.0, "PLR": 2.6453146315780023, "nDTW": 7.991435057828504e-47, "CLS": 0.06889447684685354, "path_length_cm": 3368.702370729323, "cumulative_reward": -715.1709494431602}, "token_totals": {"input": 120054, "output": 5155, "calls": 40}, "finished_at": "2026-04-23T15:09:07.929544+00:00"}