{"episode_id": "map_28_village_night_native_pn_0011", "episode_idx": 9, "agent_name": "GhostAgent_9", "SR": 0.0, "SPL": 0.0, "SoftSPL": 0.0, "PLR": 0.12361342040172447, "nDTW": 6.733242135931789e-05, "CLS": 0.2165573112597334, "steps": 40, "path_length_cm": 128.62100006219833, "cumulative_reward": -37.59126949003263, "ended_reason": "max_steps", "metrics": {"SR": 0.0, "SPL": 0.0, "SoftSPL": 0.0, "PLR": 0.12361342040172447, "nDTW": 6.733242135931789e-05, "CLS": 0.2165573112597334, "path_length_cm": 128.62100006219833, "cumulative_reward": -37.59126949003263}, "token_totals": {"input": 135485, "output": 9822, "calls": 40}, "finished_at": "2026-04-23T00:10:12.690711+00:00"}