{"episode_id": "map_68_B13_suburban_park_obj_on_0015", "episode_idx": 5, "agent_name": "GhostAgent_5", "SR": 0.0, "SPL": 0.0, "SoftSPL": 0.0, "PLR": 1.1564090324798446, "nDTW": 3.8580541667288714e-76, "CLS": 0.03458983705446641, "steps": 40, "path_length_cm": 8207.775005290245, "cumulative_reward": -277.6966847533305, "ended_reason": "max_steps", "metrics": {"SR": 0.0, "SPL": 0.0, "SoftSPL": 0.0, "PLR": 1.1564090324798446, "nDTW": 3.8580541667288714e-76, "CLS": 0.03458983705446641, "path_length_cm": 8207.775005290245, "cumulative_reward": -277.6966847533305}, "token_totals": {"input": 133334, "output": 8528, "calls": 40}, "finished_at": "2026-04-23T04:48:21.755748+00:00"}