{"episode_id": "map_57_gothic_day_invasion_pn_0016", "episode_idx": 1, "agent_name": "GhostAgent_1", "SR": 0.0, "SPL": 0.0, "SoftSPL": 0.0, "PLR": 2.6748186363078563, "nDTW": 1.6739979739101433e-42, "CLS": 0.05477414945165093, "steps": 40, "path_length_cm": 3406.2745405926025, "cumulative_reward": -372.5650568092874, "ended_reason": "max_steps", "metrics": {"SR": 0.0, "SPL": 0.0, "SoftSPL": 0.0, "PLR": 2.6748186363078563, "nDTW": 1.6739979739101433e-42, "CLS": 0.05477414945165093, "path_length_cm": 3406.2745405926025, "cumulative_reward": -372.5650568092874}, "token_totals": {"input": 113249, "output": 3520, "calls": 40}, "finished_at": "2026-04-23T17:01:38.452866+00:00"}