{"episode_id": "map_19_wintertown_demo02_native_obj_pn_0002", "episode_idx": 2, "agent_name": "GhostAgent_2", "SR": 0.0, "SPL": 0.0, "SoftSPL": 0.0, "PLR": 0.05158271034439112, "nDTW": 1.894047761519412e-08, "CLS": 0.18064424767067724, "steps": 3, "path_length_cm": 395.52745386003255, "cumulative_reward": -203.89309989063304, "ended_reason": "no_tool_call", "metrics": {"SR": 0.0, "SPL": 0.0, "SoftSPL": 0.0, "PLR": 0.05158271034439112, "nDTW": 1.894047761519412e-08, "CLS": 0.18064424767067724, "path_length_cm": 395.52745386003255, "cumulative_reward": -203.89309989063304}, "token_totals": {"input": 3521, "output": 483, "calls": 3}, "finished_at": "2026-04-22T23:37:29.376477+00:00"}