{"episode_id": "map_59_B10_market_plaza_obj_pn_0002", "episode_idx": 6, "agent_name": "GhostAgent_6", "SR": 0.0, "SPL": 0.0, "SoftSPL": 0.0, "PLR": 15.567858033480546, "nDTW": 0.0, "CLS": 0.0071394484867485395, "steps": 29, "path_length_cm": 58057.68, "cumulative_reward": -56731.81219730375, "ended_reason": "step_error", "metrics": {"SR": 0.0, "SPL": 0.0, "SoftSPL": 0.0, "PLR": 15.567858033480546, "nDTW": 0.0, "CLS": 0.0071394484867485395, "path_length_cm": 58057.68, "cumulative_reward": -56731.81219730375}, "token_totals": {"input": 85168, "output": 2976, "calls": 29}, "finished_at": "2026-04-23T19:32:42.155011+00:00"}