{"episode_id": "map_46_B8_dense_urban_pn_0011", "episode_idx": 1, "agent_name": "GhostAgent_1", "SR": 0.0, "SPL": 0.0, "SoftSPL": 0.18561202711209612, "PLR": 0.0, "nDTW": 7.535291082008231e-06, "CLS": 0.12704417943436327, "steps": 40, "path_length_cm": 0.0, "cumulative_reward": -0.4000000000000002, "ended_reason": "max_steps", "metrics": {"SR": 0.0, "SPL": 0.0, "SoftSPL": 0.18561202711209612, "PLR": 0.0, "nDTW": 7.535291082008231e-06, "CLS": 0.12704417943436327, "path_length_cm": 0.0, "cumulative_reward": -0.4000000000000002}, "token_totals": {"input": 32630, "output": 1762, "calls": 40}, "finished_at": "2026-04-23T16:07:21.038578+00:00"}