{"episode_id": "map_28_village_night_native_obj_on_0018", "episode_idx": 3, "agent_name": "GhostAgent_3", "SR": 0.0, "SPL": 0.0, "SoftSPL": 0.5196559802581725, "PLR": 0.7431482258216769, "nDTW": 7.025693014624168e-21, "CLS": 0.398360737003161, "steps": 40, "path_length_cm": 751.3600137170065, "cumulative_reward": 524.9945566091167, "ended_reason": "max_steps", "metrics": {"SR": 0.0, "SPL": 0.0, "SoftSPL": 0.5196559802581725, "PLR": 0.7431482258216769, "nDTW": 7.025693014624168e-21, "CLS": 0.398360737003161, "path_length_cm": 751.3600137170065, "cumulative_reward": 524.9945566091167}, "token_totals": {"input": 108916, "output": 4284, "calls": 40}, "finished_at": "2026-04-23T13:33:56.154952+00:00"}