{"episode_id": "map_09b_wintertown_demo02_obj_on_0011", "episode_idx": 7, "agent_name": "GhostAgent_7", "SR": 0.0, "SPL": 0.0, "SoftSPL": 0.651446781275821, "PLR": 1.4008636305794386, "nDTW": 2.3563624946174118e-42, "CLS": 0.06044827352712439, "steps": 40, "path_length_cm": 10984.521943281023, "cumulative_reward": 7017.150654713484, "ended_reason": "max_steps", "metrics": {"SR": 0.0, "SPL": 0.0, "SoftSPL": 0.651446781275821, "PLR": 1.4008636305794386, "nDTW": 2.3563624946174118e-42, "CLS": 0.06044827352712439, "path_length_cm": 10984.521943281023, "cumulative_reward": 7017.150654713484}, "token_totals": {"input": 119594, "output": 5643, "calls": 40}, "finished_at": "2026-04-23T16:47:09.754898+00:00"}