{"episode_id": "map_20_trainstation_native_obj_pn_0008", "episode_idx": 7, "agent_name": "GhostAgent_7", "SR": 0.0, "SPL": 0.0, "SoftSPL": 0.3286425427370179, "PLR": 0.8722665322757355, "nDTW": 4.0619722865650045e-28, "CLS": 0.07244420064126424, "steps": 40, "path_length_cm": 1592.3400000000006, "cumulative_reward": 532.8815455152617, "ended_reason": "max_steps", "metrics": {"SR": 0.0, "SPL": 0.0, "SoftSPL": 0.3286425427370179, "PLR": 0.8722665322757355, "nDTW": 4.0619722865650045e-28, "CLS": 0.07244420064126424, "path_length_cm": 1592.3400000000006, "cumulative_reward": 532.8815455152617}, "token_totals": {"input": 121444, "output": 6043, "calls": 40}, "finished_at": "2026-04-23T18:51:29.201325+00:00"}