{"episode_id": "map_36_dungeon_native_on_0011", "episode_idx": 1, "agent_name": "GhostAgent_1", "SR": 1.0, "SPL": 0.7815470668355856, "SoftSPL": 0.72731219117229, "PLR": 1.2795134706971787, "nDTW": 9.342963798638925e-08, "CLS": 0.247576676419683, "steps": 19, "path_length_cm": 3452.050573132746, "cumulative_reward": 2471.327838370885, "ended_reason": "success", "metrics": {"SR": 1.0, "SPL": 0.7815470668355856, "SoftSPL": 0.72731219117229, "PLR": 1.2795134706971787, "nDTW": 9.342963798638925e-08, "CLS": 0.247576676419683, "path_length_cm": 3452.050573132746, "cumulative_reward": 2471.327838370885}, "token_totals": {"input": 48097, "output": 1644, "calls": 19}, "finished_at": "2026-04-23T01:23:21.952929+00:00"}