{"episode_id": "map_68_B13_suburban_park_obj_on_0006", "episode_idx": 6, "agent_name": "GhostAgent_6", "SR": 0.0, "SPL": 0.0, "SoftSPL": 0.035794379572888335, "PLR": 0.5001077891177217, "nDTW": 1.1211465700204918e-66, "CLS": 0.22217432627446612, "steps": 40, "path_length_cm": 2825.5790020477802, "cumulative_reward": 193.8558109418618, "ended_reason": "max_steps", "metrics": {"SR": 0.0, "SPL": 0.0, "SoftSPL": 0.035794379572888335, "PLR": 0.5001077891177217, "nDTW": 1.1211465700204918e-66, "CLS": 0.22217432627446612, "path_length_cm": 2825.5790020477802, "cumulative_reward": 193.8558109418618}, "token_totals": {"input": 124976, "output": 6933, "calls": 40}, "finished_at": "2026-04-23T04:32:19.348291+00:00"}