{"episode_id": "map_53_courtyard_sanny_big_remix_pn_0013", "episode_idx": 4, "agent_name": "GhostAgent_4", "SR": 0.0, "SPL": 0.0, "SoftSPL": 0.6189822835759227, "PLR": 0.051589800754409616, "nDTW": 0.00011531083088711767, "CLS": 0.07358400018683349, "steps": 40, "path_length_cm": 188.7005301174116, "cumulative_reward": 56.38273067858012, "ended_reason": "max_steps", "metrics": {"SR": 0.0, "SPL": 0.0, "SoftSPL": 0.6189822835759227, "PLR": 0.051589800754409616, "nDTW": 0.00011531083088711767, "CLS": 0.07358400018683349, "path_length_cm": 188.7005301174116, "cumulative_reward": 56.38273067858012}, "token_totals": {"input": 105331, "output": 3918, "calls": 40}, "finished_at": "2026-04-23T16:53:11.719823+00:00"}