{"episode_id": "map_16_hwaseong_remix_on_0000", "episode_idx": 0, "agent_name": "GhostAgent_0", "SR": 0.0, "SPL": 0.0, "SoftSPL": 0.29060050930966297, "PLR": 2.2244746570619776, "nDTW": 1.6864465197741602e-37, "CLS": 0.18122865311054978, "steps": 40, "path_length_cm": 6416.430414055561, "cumulative_reward": 1863.844504661603, "ended_reason": "max_steps", "metrics": {"SR": 0.0, "SPL": 0.0, "SoftSPL": 0.29060050930966297, "PLR": 2.2244746570619776, "nDTW": 1.6864465197741602e-37, "CLS": 0.18122865311054978, "path_length_cm": 6416.430414055561, "cumulative_reward": 1863.844504661603}, "token_totals": {"input": 127042, "output": 7255, "calls": 40}, "finished_at": "2026-04-22T23:35:41.077408+00:00"}