{"episode_id": "map_40_B2_open_plaza_on_0014", "episode_idx": 4, "agent_name": "GhostAgent_4", "SR": 0.0, "SPL": 0.0, "SoftSPL": 0.19887105219575243, "PLR": 1.8076330668121905, "nDTW": 3.6019726897773946e-51, "CLS": 0.0776350189355338, "steps": 40, "path_length_cm": 10812.357189137118, "cumulative_reward": 2149.8607674362056, "ended_reason": "max_steps", "metrics": {"SR": 0.0, "SPL": 0.0, "SoftSPL": 0.19887105219575243, "PLR": 1.8076330668121905, "nDTW": 3.6019726897773946e-51, "CLS": 0.0776350189355338, "path_length_cm": 10812.357189137118, "cumulative_reward": 2149.8607674362056}, "token_totals": {"input": 130030, "output": 7724, "calls": 40}, "finished_at": "2026-04-23T01:40:54.875671+00:00"}