{"episode_id": "map_53_courtyard_sanny_big_remix_obj_on_0009", "episode_idx": 9, "agent_name": "GhostAgent_9", "SR": 0.0, "SPL": 0.0, "SoftSPL": 0.4082192536905475, "PLR": 0.1566290301217214, "nDTW": 4.6626604700631064e-05, "CLS": 0.18479390054652267, "steps": 40, "path_length_cm": 801.1527902017015, "cumulative_reward": 204.24233295421294, "ended_reason": "max_steps", "metrics": {"SR": 0.0, "SPL": 0.0, "SoftSPL": 0.4082192536905475, "PLR": 0.1566290301217214, "nDTW": 4.6626604700631064e-05, "CLS": 0.18479390054652267, "path_length_cm": 801.1527902017015, "cumulative_reward": 204.24233295421294}, "token_totals": {"input": 123816, "output": 6844, "calls": 40}, "finished_at": "2026-04-23T14:53:24.661444+00:00"}