{"episode_id": "map_10_B1_urban_grid_obj_on_0012", "episode_idx": 8, "agent_name": "GhostAgent_8", "SR": 0.0, "SPL": 0.0, "SoftSPL": 0.5321629874759946, "PLR": 1.3844631027460494, "nDTW": 1.0875696878908378e-37, "CLS": 0.24539713320749007, "steps": 40, "path_length_cm": 8395.73037082773, "cumulative_reward": 4466.8626374820215, "ended_reason": "max_steps", "metrics": {"SR": 0.0, "SPL": 0.0, "SoftSPL": 0.5321629874759946, "PLR": 1.3844631027460494, "nDTW": 1.0875696878908378e-37, "CLS": 0.24539713320749007, "path_length_cm": 8395.73037082773, "cumulative_reward": 4466.8626374820215}, "token_totals": {"input": 115456, "output": 4068, "calls": 40}, "finished_at": "2026-04-23T13:30:39.579931+00:00"}