{"episode_id": "map_11_wintertown_demo01_remix_on_0005", "episode_idx": 5, "agent_name": "GhostAgent_5", "SR": 1.0, "SPL": 0.9529024114642627, "SoftSPL": 0.9241674832738112, "PLR": 1.0494254059692907, "nDTW": 6.724830690054862e-13, "CLS": 0.38973812252274187, "steps": 28, "path_length_cm": 6375.742076950187, "cumulative_reward": 5835.3907062179715, "ended_reason": "success", "metrics": {"SR": 1.0, "SPL": 0.9529024114642627, "SoftSPL": 0.9241674832738112, "PLR": 1.0494254059692907, "nDTW": 6.724830690054862e-13, "CLS": 0.38973812252274187, "path_length_cm": 6375.742076950187, "cumulative_reward": 5835.3907062179715}, "token_totals": {"input": 75848, "output": 2660, "calls": 28}, "finished_at": "2026-04-22T23:10:16.215909+00:00"}