{"episode_id": "map_28_village_night_native_on_0000", "episode_idx": 0, "agent_name": "GhostAgent_0", "SR": 0.0, "SPL": 0.0, "SoftSPL": 0.0, "PLR": 0.1202093571042042, "nDTW": 2.9534057303922904e-11, "CLS": 0.2842157184264976, "steps": 40, "path_length_cm": 201.07900000248654, "cumulative_reward": -183.76770802982514, "ended_reason": "max_steps", "metrics": {"SR": 0.0, "SPL": 0.0, "SoftSPL": 0.0, "PLR": 0.1202093571042042, "nDTW": 2.9534057303922904e-11, "CLS": 0.2842157184264976, "path_length_cm": 201.07900000248654, "cumulative_reward": -183.76770802982514}, "token_totals": {"input": 107407, "output": 3942, "calls": 40}, "finished_at": "2026-04-23T00:37:31.657112+00:00"}