{"episode_id": "map_61_containeryard_day_big_remix_on_0015", "episode_idx": 5, "agent_name": "GhostAgent_5", "SR": 0.0, "SPL": 0.0, "SoftSPL": 0.0, "PLR": 0.3016179731256391, "nDTW": 2.3664179294418725e-22, "CLS": 0.3579753205849183, "steps": 40, "path_length_cm": 639.5809120129177, "cumulative_reward": -162.28263024970056, "ended_reason": "max_steps", "metrics": {"SR": 0.0, "SPL": 0.0, "SoftSPL": 0.0, "PLR": 0.3016179731256391, "nDTW": 2.3664179294418725e-22, "CLS": 0.3579753205849183, "path_length_cm": 639.5809120129177, "cumulative_reward": -162.28263024970056}, "token_totals": {"input": 33991, "output": 2144, "calls": 40}, "finished_at": "2026-04-23T16:41:39.320659+00:00"}