{"episode_id": "map_04_courtyard_remix_obj_pn_0006", "episode_idx": 3, "agent_name": "GhostAgent_3", "SR": 0.0, "SPL": 0.0, "SoftSPL": 0.0, "PLR": 7.178896195171355, "nDTW": 1.2716226206747523e-48, "CLS": 0.0010051973867095572, "steps": 16, "path_length_cm": 51570.24691867099, "cumulative_reward": -37104.9035221556, "ended_reason": "step_error", "metrics": {"SR": 0.0, "SPL": 0.0, "SoftSPL": 0.0, "PLR": 7.178896195171355, "nDTW": 1.2716226206747523e-48, "CLS": 0.0010051973867095572, "path_length_cm": 51570.24691867099, "cumulative_reward": -37104.9035221556}, "token_totals": {"input": 47362, "output": 3191, "calls": 16}, "finished_at": "2026-04-23T17:53:20.282219+00:00"}