{"episode_id": "map_64_cave_lost_expedition_pn_0012", "episode_idx": 2, "agent_name": "GhostAgent_2", "SR": 0.0, "SPL": 0.0, "SoftSPL": 0.0, "PLR": 8.1242675298987, "nDTW": 2.7851220003071754e-120, "CLS": 0.004063264314408203, "steps": 18, "path_length_cm": 52645.65980712008, "cumulative_reward": -42936.80799220431, "ended_reason": "step_error", "metrics": {"SR": 0.0, "SPL": 0.0, "SoftSPL": 0.0, "PLR": 8.1242675298987, "nDTW": 2.7851220003071754e-120, "CLS": 0.004063264314408203, "path_length_cm": 52645.65980712008, "cumulative_reward": -42936.80799220431}, "token_totals": {"input": 50526, "output": 2494, "calls": 18}, "finished_at": "2026-04-23T20:02:29.710367+00:00"}