{"episode_id": "map_08_cave_remix_obj_pn_0011", "episode_idx": 9, "agent_name": "GhostAgent_9", "SR": 0.0, "SPL": 0.0, "SoftSPL": 0.008330620342409611, "PLR": 0.06687490517710681, "nDTW": 8.389671522064477e-11, "CLS": 0.12077696478693757, "steps": 40, "path_length_cm": 299.7359999999998, "cumulative_reward": 8.114403921124548, "ended_reason": "max_steps", "metrics": {"SR": 0.0, "SPL": 0.0, "SoftSPL": 0.008330620342409611, "PLR": 0.06687490517710681, "nDTW": 8.389671522064477e-11, "CLS": 0.12077696478693757, "path_length_cm": 299.7359999999998, "cumulative_reward": 8.114403921124548}, "token_totals": {"input": 39477, "output": 3642, "calls": 40}, "finished_at": "2026-04-23T15:07:42.546516+00:00"}