{"episode_id": "map_11_wintertown_demo01_remix_obj_on_0003", "episode_idx": 3, "agent_name": "GhostAgent_3", "SR": 0.0, "SPL": 0.0, "SoftSPL": 0.6762899655475125, "PLR": 0.8267397800696022, "nDTW": 5.42687656775496e-11, "CLS": 0.016975164514663535, "steps": 40, "path_length_cm": 6340.763417221821, "cumulative_reward": 4664.315526698268, "ended_reason": "max_steps", "metrics": {"SR": 0.0, "SPL": 0.0, "SoftSPL": 0.6762899655475125, "PLR": 0.8267397800696022, "nDTW": 5.42687656775496e-11, "CLS": 0.016975164514663535, "path_length_cm": 6340.763417221821, "cumulative_reward": 4664.315526698268}, "token_totals": {"input": 135457, "output": 9186, "calls": 40}, "finished_at": "2026-04-22T23:43:32.825634+00:00"}