{
  "map": "map_27_courtyard_overcast_remix",
  "n": 40,
  "SR": 0.1,
  "SPL": 0.097947159434254,
  "SoftSPL": 0.45119908822461696,
  "nDTW": 0.055396547202231874,
  "avg_steps": 35.75
}