{"episode_id": "map_06_hwaseong_native_pn_0012", "episode_idx": 0, "agent_name": "GhostAgent_0", "SR": 0.0, "SPL": 0.0, "SoftSPL": 0.5888987536687031, "PLR": 0.5277274815596682, "nDTW": 0.00021207901917290014, "CLS": 0.1752012050243685, "steps": 40, "path_length_cm": 3486.0094249387, "cumulative_reward": 1119.0690194061133, "ended_reason": "max_steps", "metrics": {"SR": 0.0, "SPL": 0.0, "SoftSPL": 0.5888987536687031, "PLR": 0.5277274815596682, "nDTW": 0.00021207901917290014, "CLS": 0.1752012050243685, "path_length_cm": 3486.0094249387, "cumulative_reward": 1119.0690194061133}, "token_totals": {"input": 112269, "output": 3973, "calls": 40}, "finished_at": "2026-04-23T18:08:24.884014+00:00"}