{"episode_id": "map_13_watertown_native_on_0010", "episode_idx": 0, "agent_name": "GhostAgent_0", "SR": 1.0, "SPL": 0.2794661287608594, "SoftSPL": 0.26494112725269553, "PLR": 3.5782511620780526, "nDTW": 3.584383917894852e-41, "CLS": 0.18554172403745658, "steps": 28, "path_length_cm": 6370.253196312695, "cumulative_reward": 1689.9618865631094, "ended_reason": "success", "metrics": {"SR": 1.0, "SPL": 0.2794661287608594, "SoftSPL": 0.26494112725269553, "PLR": 3.5782511620780526, "nDTW": 3.584383917894852e-41, "CLS": 0.18554172403745658, "path_length_cm": 6370.253196312695, "cumulative_reward": 1689.9618865631094}, "token_totals": {"input": 89216, "output": 5695, "calls": 28}, "finished_at": "2026-04-23T17:06:59.451772+00:00"}