{"episode_id": "map_09b_wintertown_demo02_on_0014", "episode_idx": 6, "agent_name": "GhostAgent_6", "SR": 0.0, "SPL": 0.0, "SoftSPL": 0.18590279334054216, "PLR": 0.41194541075315777, "nDTW": 4.951325731248132e-27, "CLS": 0.2699320641299883, "steps": 40, "path_length_cm": 1043.445367075426, "cumulative_reward": 470.3921041328708, "ended_reason": "max_steps", "metrics": {"SR": 0.0, "SPL": 0.0, "SoftSPL": 0.18590279334054216, "PLR": 0.41194541075315777, "nDTW": 4.951325731248132e-27, "CLS": 0.2699320641299883, "path_length_cm": 1043.445367075426, "cumulative_reward": 470.3921041328708}, "token_totals": {"input": 127686, "output": 7875, "calls": 40}, "finished_at": "2026-04-22T23:01:43.060533+00:00"}