{"episode_id": "map_26_courtyard_overcast_native_on_0009", "episode_idx": 9, "agent_name": "GhostAgent_9", "SR": 0.0, "SPL": 0.0, "SoftSPL": 0.0, "PLR": 1.63251296897998, "nDTW": 6.867454954113407e-07, "CLS": 0.013370355999036965, "steps": 12, "path_length_cm": 8903.644107168362, "cumulative_reward": -7276.473285797684, "ended_reason": "no_tool_call", "metrics": {"SR": 0.0, "SPL": 0.0, "SoftSPL": 0.0, "PLR": 1.63251296897998, "nDTW": 6.867454954113407e-07, "CLS": 0.013370355999036965, "path_length_cm": 8903.644107168362, "cumulative_reward": -7276.473285797684}, "token_totals": {"input": 30364, "output": 1763, "calls": 12}, "finished_at": "2026-04-23T17:35:04.517230+00:00"}