{"episode_id": "map_68_B13_suburban_park_pn_0017", "episode_idx": 7, "agent_name": "GhostAgent_7", "SR": 0.0, "SPL": 0.0, "SoftSPL": 0.0, "PLR": 2.0603742889965275, "nDTW": 2.1565774350367885e-167, "CLS": 0.05392763426748195, "steps": 40, "path_length_cm": 14007.434000000001, "cumulative_reward": -8680.172472623715, "ended_reason": "max_steps", "metrics": {"SR": 0.0, "SPL": 0.0, "SoftSPL": 0.0, "PLR": 2.0603742889965275, "nDTW": 2.1565774350367885e-167, "CLS": 0.05392763426748195, "path_length_cm": 14007.434000000001, "cumulative_reward": -8680.172472623715}, "token_totals": {"input": 138395, "output": 9064, "calls": 40}, "finished_at": "2026-04-23T05:17:29.152036+00:00"}