{"episode_id": "map_33_gothic_night_remix_pn_0005", "episode_idx": 5, "agent_name": "GhostAgent_5", "SR": 0.0, "SPL": 0.0, "SoftSPL": 0.0, "PLR": 0.9032451852734948, "nDTW": 3.1792668921051034e-25, "CLS": 0.2972484659365005, "steps": 40, "path_length_cm": 1361.1724293034513, "cumulative_reward": 1186.6260057294198, "ended_reason": "max_steps", "metrics": {"SR": 0.0, "SPL": 0.0, "SoftSPL": 0.0, "PLR": 0.9032451852734948, "nDTW": 3.1792668921051034e-25, "CLS": 0.2972484659365005, "path_length_cm": 1361.1724293034513, "cumulative_reward": 1186.6260057294198}, "token_totals": {"input": 36749, "output": 2963, "calls": 40}, "finished_at": "2026-04-23T18:09:43.407514+00:00"}