{"episode_id": "map_20_trainstation_native_obj_on_0015", "episode_idx": 5, "agent_name": "GhostAgent_5", "SR": 1.0, "SPL": 0.6726640359029613, "SoftSPL": 0.6517363725834018, "PLR": 1.486626230370164, "nDTW": 7.078100784112131e-07, "CLS": 0.5159426725179003, "steps": 13, "path_length_cm": 2729.103834926636, "cumulative_reward": 1781.0230749923116, "ended_reason": "success", "metrics": {"SR": 1.0, "SPL": 0.6726640359029613, "SoftSPL": 0.6517363725834018, "PLR": 1.486626230370164, "nDTW": 7.078100784112131e-07, "CLS": 0.5159426725179003, "path_length_cm": 2729.103834926636, "cumulative_reward": 1781.0230749923116}, "token_totals": {"input": 30304, "output": 972, "calls": 13}, "finished_at": "2026-04-23T17:54:54.387993+00:00"}