{"episode_id": "map_11_wintertown_demo01_remix_obj_on_0012", "episode_idx": 2, "agent_name": "GhostAgent_2", "SR": 1.0, "SPL": 0.963025899258141, "SoftSPL": 0.9068095399418453, "PLR": 1.0383936722473837, "nDTW": 0.0030177912628374694, "CLS": 0.3313971689643054, "steps": 16, "path_length_cm": 3238.8537031068145, "cumulative_reward": 2859.7981377027504, "ended_reason": "success", "metrics": {"SR": 1.0, "SPL": 0.963025899258141, "SoftSPL": 0.9068095399418453, "PLR": 1.0383936722473837, "nDTW": 0.0030177912628374694, "CLS": 0.3313971689643054, "path_length_cm": 3238.8537031068145, "cumulative_reward": 2859.7981377027504}, "token_totals": {"input": 41665, "output": 1930, "calls": 16}, "finished_at": "2026-04-22T23:56:13.467001+00:00"}