{"episode_id": "map_56_containeryard_settlement_pn_0005", "episode_idx": 5, "agent_name": "GhostAgent_5", "SR": 0.0, "SPL": 0.0, "SoftSPL": 0.4438969501719475, "PLR": 0.284934040697372, "nDTW": 2.200957787076955e-07, "CLS": 0.23962700333948028, "steps": 40, "path_length_cm": 1899.2392456299608, "cumulative_reward": 1820.0854148398394, "ended_reason": "max_steps", "metrics": {"SR": 0.0, "SPL": 0.0, "SoftSPL": 0.4438969501719475, "PLR": 0.284934040697372, "nDTW": 2.200957787076955e-07, "CLS": 0.23962700333948028, "path_length_cm": 1899.2392456299608, "cumulative_reward": 1820.0854148398394}, "token_totals": {"input": 32191, "output": 1752, "calls": 40}, "finished_at": "2026-04-23T18:37:28.010333+00:00"}