{"episode_id": "map_46_B8_dense_urban_pn_0000", "episode_idx": 0, "agent_name": "GhostAgent_0", "SR": 0.0, "SPL": 0.0, "SoftSPL": 0.4943426457898378, "PLR": 0.24944691112812387, "nDTW": 1.0304082328411225e-32, "CLS": 0.24944823837621494, "steps": 40, "path_length_cm": 1543.891789168852, "cumulative_reward": 1399.5804072981532, "ended_reason": "max_steps", "metrics": {"SR": 0.0, "SPL": 0.0, "SoftSPL": 0.4943426457898378, "PLR": 0.24944691112812387, "nDTW": 1.0304082328411225e-32, "CLS": 0.24944823837621494, "path_length_cm": 1543.891789168852, "cumulative_reward": 1399.5804072981532}, "token_totals": {"input": 32275, "output": 1779, "calls": 40}, "finished_at": "2026-04-23T15:59:39.497657+00:00"}