{"episode_id": "map_05_middleeast_native_on_0012", "episode_idx": 2, "agent_name": "GhostAgent_2", "SR": 0.0, "SPL": 0.0, "SoftSPL": 0.6857861560522563, "PLR": 1.2581666737970434, "nDTW": 3.253144600114162e-17, "CLS": 0.3557647069446644, "steps": 40, "path_length_cm": 1996.3330613137687, "cumulative_reward": 1368.558028259596, "ended_reason": "max_steps", "metrics": {"SR": 0.0, "SPL": 0.0, "SoftSPL": 0.6857861560522563, "PLR": 1.2581666737970434, "nDTW": 3.253144600114162e-17, "CLS": 0.3557647069446644, "path_length_cm": 1996.3330613137687, "cumulative_reward": 1368.558028259596}, "token_totals": {"input": 355219, "output": 27657, "calls": 40}, "finished_at": "2026-04-22T17:51:52.597525+00:00"}