{"episode_id": "map_21_hwaseong_remix2_obj_on_0016", "episode_idx": 6, "agent_name": "GhostAgent_6", "SR": 0.0, "SPL": 0.0, "SoftSPL": 0.0481045068914161, "PLR": 0.0, "nDTW": 2.5944477345336645e-07, "CLS": 0.12552038944331445, "steps": 40, "path_length_cm": 0.0, "cumulative_reward": -0.4000000000000002, "ended_reason": "max_steps", "metrics": {"SR": 0.0, "SPL": 0.0, "SoftSPL": 0.0481045068914161, "PLR": 0.0, "nDTW": 2.5944477345336645e-07, "CLS": 0.12552038944331445, "path_length_cm": 0.0, "cumulative_reward": -0.4000000000000002}, "token_totals": {"input": 32187, "output": 1514, "calls": 40}, "finished_at": "2026-04-23T18:27:43.949394+00:00"}