{"episode_id": "map_46_B8_dense_urban_pn_0014", "episode_idx": 4, "agent_name": "GhostAgent_4", "SR": 0.0, "SPL": 0.0, "SoftSPL": 0.0, "PLR": 5.283730039506376, "nDTW": 0.0, "CLS": 0.0473150592726719, "steps": 40, "path_length_cm": 31966.091203310018, "cumulative_reward": -22915.50610195965, "ended_reason": "max_steps", "metrics": {"SR": 0.0, "SPL": 0.0, "SoftSPL": 0.0, "PLR": 5.283730039506376, "nDTW": 0.0, "CLS": 0.0473150592726719, "path_length_cm": 31966.091203310018, "cumulative_reward": -22915.50610195965}, "token_totals": {"input": 38612, "output": 3213, "calls": 40}, "finished_at": "2026-04-23T16:07:21.162224+00:00"}