{"episode_id": "map_01_wintertown_native_on_0001", "episode_idx": 0, "agent_name": "GhostAgent_0", "SR": 0.0, "SPL": 0.0, "SoftSPL": 0.0, "PLR": 1.254977371575878, "nDTW": 2.1582429627858364e-60, "CLS": 0.02420571446689359, "steps": 40, "path_length_cm": 7828.210000000001, "cumulative_reward": -4511.78683850198, "ended_reason": "max_steps", "metrics": {"SR": 0.0, "SPL": 0.0, "SoftSPL": 0.0, "PLR": 1.254977371575878, "nDTW": 2.1582429627858364e-60, "CLS": 0.02420571446689359, "path_length_cm": 7828.210000000001, "cumulative_reward": -4511.78683850198}, "token_totals": {"input": 474021, "output": 5637, "calls": 40}, "finished_at": "2026-04-22T20:57:49.964970+00:00"}