{"episode_id": "map_03_watertown_remix_pn_0006", "episode_idx": 0, "agent_name": "GhostAgent_0", "SR": 0.0, "SPL": 0.0, "SoftSPL": 0.0005818882219303934, "PLR": 0.03613038116823622, "nDTW": 6.552018166065499e-16, "CLS": 0.2593711795824285, "steps": 40, "path_length_cm": 209.78600000000006, "cumulative_reward": 2.976174816111424, "ended_reason": "max_steps", "metrics": {"SR": 0.0, "SPL": 0.0, "SoftSPL": 0.0005818882219303934, "PLR": 0.03613038116823622, "nDTW": 6.552018166065499e-16, "CLS": 0.2593711795824285, "path_length_cm": 209.78600000000006, "cumulative_reward": 2.976174816111424}, "token_totals": {"input": 425273, "output": 4428, "calls": 40}, "finished_at": "2026-04-22T20:04:07.225044+00:00"}