{"episode_id": "map_58_dungeon_library_on_0010", "episode_idx": 0, "agent_name": "GhostAgent_0", "SR": 1.0, "SPL": 0.8192366092354405, "SoftSPL": 0.7750580387421588, "PLR": 1.2206485754259182, "nDTW": 0.00014595957248110834, "CLS": 0.28981308272454126, "steps": 10, "path_length_cm": 2753.014177558353, "cumulative_reward": 2135.443942212108, "ended_reason": "success", "metrics": {"SR": 1.0, "SPL": 0.8192366092354405, "SoftSPL": 0.7750580387421588, "PLR": 1.2206485754259182, "nDTW": 0.00014595957248110834, "CLS": 0.28981308272454126, "path_length_cm": 2753.014177558353, "cumulative_reward": 2135.443942212108}, "token_totals": {"input": 22427, "output": 902, "calls": 10}, "finished_at": "2026-04-23T02:38:07.041235+00:00"}