{"episode_id": "map_20_trainstation_native_obj_on_0000", "episode_idx": 0, "agent_name": "GhostAgent_0", "SR": 0.0, "SPL": 0.0, "SoftSPL": 0.8182268591767952, "PLR": 0.9413846553085101, "nDTW": 2.2788749907671886e-17, "CLS": 0.1015614241401815, "steps": 40, "path_length_cm": 7328.575989264667, "cumulative_reward": 6206.403891815476, "ended_reason": "max_steps", "metrics": {"SR": 0.0, "SPL": 0.0, "SoftSPL": 0.8182268591767952, "PLR": 0.9413846553085101, "nDTW": 2.2788749907671886e-17, "CLS": 0.1015614241401815, "path_length_cm": 7328.575989264667, "cumulative_reward": 6206.403891815476}, "token_totals": {"input": 132394, "output": 8075, "calls": 40}, "finished_at": "2026-04-23T17:39:38.785325+00:00"}