{"episode_id": "map_22_containeryard_demo_native_obj_pn_0013", "episode_idx": 0, "agent_name": "GhostAgent_0", "SR": 1.0, "SPL": 0.9610449751113718, "SoftSPL": 0.9193300381097548, "PLR": 1.0405340289970446, "nDTW": 1.459176300180735e-08, "CLS": 0.594970652656875, "steps": 19, "path_length_cm": 3636.9681862130797, "cumulative_reward": 3318.691422851226, "ended_reason": "success", "metrics": {"SR": 1.0, "SPL": 0.9610449751113718, "SoftSPL": 0.9193300381097548, "PLR": 1.0405340289970446, "nDTW": 1.459176300180735e-08, "CLS": 0.594970652656875, "path_length_cm": 3636.9681862130797, "cumulative_reward": 3318.691422851226}, "token_totals": {"input": 45914, "output": 1284, "calls": 19}, "finished_at": "2026-04-23T00:32:39.493786+00:00"}