{"episode_id": "map_61_containeryard_day_big_remix_obj_on_0009", "episode_idx": 2, "agent_name": "GhostAgent_2", "SR": 0.0, "SPL": 0.0, "SoftSPL": 2.946394564995458e-07, "PLR": 0.0, "nDTW": 2.946394564995458e-07, "CLS": 2.946394564995458e-07, "steps": 0, "path_length_cm": 0.0, "cumulative_reward": 0.0, "ended_reason": "spawn_blocked", "metrics": {"SR": 0.0, "SPL": 0.0, "SoftSPL": 2.946394564995458e-07, "PLR": 0.0, "nDTW": 2.946394564995458e-07, "CLS": 2.946394564995458e-07, "path_length_cm": 0.0, "cumulative_reward": 0.0}, "token_totals": {"input": 0, "output": 0, "calls": 0}, "finished_at": "2026-04-23T20:04:06.494728+00:00"}