{"episode_id": "map_06_hwaseong_native_obj_pn_0000", "episode_idx": 4, "agent_name": "GhostAgent_4", "SR": 0.0, "SPL": 0.0, "SoftSPL": 0.0, "PLR": 0.0851921933382445, "nDTW": 2.2738174137438457e-10, "CLS": 0.14684722901444464, "steps": 40, "path_length_cm": 479.9430000000011, "cumulative_reward": 62.38756041322784, "ended_reason": "max_steps", "metrics": {"SR": 0.0, "SPL": 0.0, "SoftSPL": 0.0, "PLR": 0.0851921933382445, "nDTW": 2.2738174137438457e-10, "CLS": 0.14684722901444464, "path_length_cm": 479.9430000000011, "cumulative_reward": 62.38756041322784}, "token_totals": {"input": 113467, "output": 3953, "calls": 40}, "finished_at": "2026-04-23T13:57:33.014170+00:00"}