{"episode_id": "map_45_B7_park_with_paths_on_0008", "episode_idx": 0, "agent_name": "GhostAgent_0", "SR": 0.0, "SPL": 0.0, "SoftSPL": 0.0, "PLR": 0.07276584989734687, "nDTW": 0.0, "CLS": 0.0, "steps": 2, "path_length_cm": 397.3110000000006, "cumulative_reward": -386.6144653721401, "ended_reason": "no_tool_call", "metrics": {"SR": 0.0, "SPL": 0.0, "SoftSPL": 0.0, "PLR": 0.07276584989734687, "nDTW": 0.0, "CLS": 0.0, "path_length_cm": 397.3110000000006, "cumulative_reward": -386.6144653721401}, "token_totals": {"input": 2020, "output": 432, "calls": 2}, "finished_at": "2026-04-23T20:21:23.617844+00:00"}