{"episode_id": "map_62_trainstation_cross_remix_obj_on_0015", "episode_idx": 3, "agent_name": "GhostAgent_3", "SR": 0.0, "SPL": 0.0, "SoftSPL": 0.3176336247086611, "PLR": 0.5719276922718024, "nDTW": 1.3832834262762482e-34, "CLS": 0.4449648614451817, "steps": 40, "path_length_cm": 791.313435750343, "cumulative_reward": 439.07763484259783, "ended_reason": "max_steps", "metrics": {"SR": 0.0, "SPL": 0.0, "SoftSPL": 0.3176336247086611, "PLR": 0.5719276922718024, "nDTW": 1.3832834262762482e-34, "CLS": 0.4449648614451817, "path_length_cm": 791.313435750343, "cumulative_reward": 439.07763484259783}, "token_totals": {"input": 112700, "output": 4154, "calls": 40}, "finished_at": "2026-04-23T03:38:46.352319+00:00"}