{"episode_id": "map_25_containeryard_day_remix_on_0006", "episode_idx": 6, "agent_name": "GhostAgent_6", "SR": 0.0, "SPL": 0.0, "SoftSPL": 0.04220275778816329, "PLR": 0.2898536116903423, "nDTW": 7.362656398036197e-15, "CLS": 0.3533333401958786, "steps": 40, "path_length_cm": 307.6970000259997, "cumulative_reward": 44.39867813764914, "ended_reason": "max_steps", "metrics": {"SR": 0.0, "SPL": 0.0, "SoftSPL": 0.04220275778816329, "PLR": 0.2898536116903423, "nDTW": 7.362656398036197e-15, "CLS": 0.3533333401958786, "path_length_cm": 307.6970000259997, "cumulative_reward": 44.39867813764914}, "token_totals": {"input": 110892, "output": 3214, "calls": 40}, "finished_at": "2026-04-23T00:17:54.580650+00:00"}