{"episode_id": "map_31_gothic_day_remix_on_0002", "episode_idx": 2, "agent_name": "GhostAgent_2", "SR": 0.0, "SPL": 0.0, "SoftSPL": 0.6287649714114181, "PLR": 0.7750113268649104, "nDTW": 4.01990879978886e-13, "CLS": 0.12743768003935332, "steps": 40, "path_length_cm": 5296.427407794798, "cumulative_reward": 3021.156559989496, "ended_reason": "max_steps", "metrics": {"SR": 0.0, "SPL": 0.0, "SoftSPL": 0.6287649714114181, "PLR": 0.7750113268649104, "nDTW": 4.01990879978886e-13, "CLS": 0.12743768003935332, "path_length_cm": 5296.427407794798, "cumulative_reward": 3021.156559989496}, "token_totals": {"input": 115472, "output": 4293, "calls": 40}, "finished_at": "2026-04-23T18:01:42.048283+00:00"}