{"episode_id": "map_53_courtyard_sanny_big_remix_obj_pn_0008", "episode_idx": 8, "agent_name": "GhostAgent_8", "SR": 0.0, "SPL": 0.0, "SoftSPL": 0.0, "PLR": 0.27817209637208545, "nDTW": 4.902325134344308e-14, "CLS": 0.26846328357410215, "steps": 40, "path_length_cm": 569.0093682919919, "cumulative_reward": -39.7561108814585, "ended_reason": "max_steps", "metrics": {"SR": 0.0, "SPL": 0.0, "SoftSPL": 0.0, "PLR": 0.27817209637208545, "nDTW": 4.902325134344308e-14, "CLS": 0.26846328357410215, "path_length_cm": 569.0093682919919, "cumulative_reward": -39.7561108814585}, "token_totals": {"input": 114154, "output": 4520, "calls": 40}, "finished_at": "2026-04-23T02:24:25.208996+00:00"}