{"episode_id": "map_42_B4_industrial_yard_obj_on_0016", "episode_idx": 6, "agent_name": "GhostAgent_6", "SR": 0.0, "SPL": 0.0, "SoftSPL": 0.13246866715456784, "PLR": 0.499951389056994, "nDTW": 6.869430773098314e-44, "CLS": 0.08000856980562303, "steps": 40, "path_length_cm": 2830.489787687843, "cumulative_reward": 665.0070205352085, "ended_reason": "max_steps", "metrics": {"SR": 0.0, "SPL": 0.0, "SoftSPL": 0.13246866715456784, "PLR": 0.499951389056994, "nDTW": 6.869430773098314e-44, "CLS": 0.08000856980562303, "path_length_cm": 2830.489787687843, "cumulative_reward": 665.0070205352085}, "token_totals": {"input": 34282, "output": 2152, "calls": 40}, "finished_at": "2026-04-23T16:26:58.419925+00:00"}