{"episode_id": "map_08_cave_remix_pn_0018", "episode_idx": 8, "agent_name": "GhostAgent_8", "SR": 0.0, "SPL": 0.0, "SoftSPL": 0.6175069319013234, "PLR": 0.5376779234890559, "nDTW": 9.965926166835464e-33, "CLS": 0.0868661626134246, "steps": 40, "path_length_cm": 3640.187077605606, "cumulative_reward": 3555.644250001541, "ended_reason": "max_steps", "metrics": {"SR": 0.0, "SPL": 0.0, "SoftSPL": 0.6175069319013234, "PLR": 0.5376779234890559, "nDTW": 9.965926166835464e-33, "CLS": 0.0868661626134246, "path_length_cm": 3640.187077605606, "cumulative_reward": 3555.644250001541}, "token_totals": {"input": 33356, "output": 2056, "calls": 40}, "finished_at": "2026-04-23T14:55:42.730549+00:00"}