{"episode_id": "map_28_village_night_native_obj_pn_0002", "episode_idx": 5, "agent_name": "GhostAgent_5", "SR": 0.0, "SPL": 0.0, "SoftSPL": 0.3096043069234179, "PLR": 0.30061679642948963, "nDTW": 3.0677066303794465e-35, "CLS": 0.20817913384191372, "steps": 40, "path_length_cm": 2279.9829999999997, "cumulative_reward": 2275.430428263791, "ended_reason": "max_steps", "metrics": {"SR": 0.0, "SPL": 0.0, "SoftSPL": 0.3096043069234179, "PLR": 0.30061679642948963, "nDTW": 3.0677066303794465e-35, "CLS": 0.20817913384191372, "path_length_cm": 2279.9829999999997, "cumulative_reward": 2275.430428263791}, "token_totals": {"input": 108714, "output": 5220, "calls": 40}, "finished_at": "2026-04-23T00:25:14.064877+00:00"}