{"episode_id": "map_68_B13_suburban_park_pn_0015", "episode_idx": 5, "agent_name": "GhostAgent_5", "SR": 0.0, "SPL": 0.0, "SoftSPL": 0.0, "PLR": 4.126515313203654, "nDTW": 4.541035246380697e-41, "CLS": 0.00970705367153971, "steps": 40, "path_length_cm": 11575.164309608173, "cumulative_reward": -1447.8948360795673, "ended_reason": "max_steps", "metrics": {"SR": 0.0, "SPL": 0.0, "SoftSPL": 0.0, "PLR": 4.126515313203654, "nDTW": 4.541035246380697e-41, "CLS": 0.00970705367153971, "path_length_cm": 11575.164309608173, "cumulative_reward": -1447.8948360795673}, "token_totals": {"input": 132823, "output": 8382, "calls": 40}, "finished_at": "2026-04-23T05:17:29.151337+00:00"}