{"episode_id": "map_61_containeryard_day_big_remix_on_0006", "episode_idx": 6, "agent_name": "GhostAgent_6", "SR": 0.0, "SPL": 0.0, "SoftSPL": 0.0, "PLR": 0.17575551156990935, "nDTW": 1.8733655853753582e-11, "CLS": 0.3037738018961538, "steps": 40, "path_length_cm": 219.31300000227995, "cumulative_reward": -79.6384828126262, "ended_reason": "max_steps", "metrics": {"SR": 0.0, "SPL": 0.0, "SoftSPL": 0.0, "PLR": 0.17575551156990935, "nDTW": 1.8733655853753582e-11, "CLS": 0.3037738018961538, "path_length_cm": 219.31300000227995, "cumulative_reward": -79.6384828126262}, "token_totals": {"input": 32850, "output": 1789, "calls": 40}, "finished_at": "2026-04-23T16:30:40.535098+00:00"}