{"episode_id": "map_53_courtyard_sanny_big_remix_on_0003", "episode_idx": 3, "agent_name": "GhostAgent_3", "SR": 0.0, "SPL": 0.0, "SoftSPL": 0.6454165031515333, "PLR": 1.3310103907164195, "nDTW": 0.0003436104713908325, "CLS": 0.17939124701420345, "steps": 12, "path_length_cm": 2405.9077620511853, "cumulative_reward": 1546.7773100094048, "ended_reason": "success", "metrics": {"SR": 0.0, "SPL": 0.0, "SoftSPL": 0.6454165031515333, "PLR": 1.3310103907164195, "nDTW": 0.0003436104713908325, "CLS": 0.17939124701420345, "path_length_cm": 2405.9077620511853, "cumulative_reward": 1546.7773100094048}, "token_totals": {"input": 27705, "output": 842, "calls": 12}, "finished_at": "2026-04-23T14:20:55.447221+00:00"}