{"episode_id": "map_27_courtyard_overcast_remix_obj_on_0012", "episode_idx": 2, "agent_name": "GhostAgent_2", "SR": 0.0, "SPL": 0.0, "SoftSPL": 0.07379110835044278, "PLR": 0.20745065747139554, "nDTW": 4.129555856065238e-08, "CLS": 0.14636395114949508, "steps": 40, "path_length_cm": 411.6899787651339, "cumulative_reward": -3.3945697409120754, "ended_reason": "max_steps", "metrics": {"SR": 0.0, "SPL": 0.0, "SoftSPL": 0.07379110835044278, "PLR": 0.20745065747139554, "nDTW": 4.129555856065238e-08, "CLS": 0.14636395114949508, "path_length_cm": 411.6899787651339, "cumulative_reward": -3.3945697409120754}, "token_totals": {"input": 38014, "output": 3044, "calls": 40}, "finished_at": "2026-04-23T15:52:12.436971+00:00"}