{"episode_id": "map_59_B10_market_plaza_obj_on_0017", "episode_idx": 7, "agent_name": "GhostAgent_7", "SR": 0.0, "SPL": 0.0, "SoftSPL": 0.1754946817968714, "PLR": 2.842683544690478, "nDTW": 4.016956037505984e-77, "CLS": 0.03908814375191554, "steps": 40, "path_length_cm": 12420.366650803424, "cumulative_reward": 2174.0829638505866, "ended_reason": "max_steps", "metrics": {"SR": 0.0, "SPL": 0.0, "SoftSPL": 0.1754946817968714, "PLR": 2.842683544690478, "nDTW": 4.016956037505984e-77, "CLS": 0.03908814375191554, "path_length_cm": 12420.366650803424, "cumulative_reward": 2174.0829638505866}, "token_totals": {"input": 122346, "output": 5712, "calls": 40}, "finished_at": "2026-04-23T03:16:42.889235+00:00"}