{"episode_id": "map_08_cave_remix_on_0006", "episode_idx": 6, "agent_name": "GhostAgent_6", "SR": 0.0, "SPL": 0.0, "SoftSPL": 0.1214107947483556, "PLR": 2.8739621803284186e-05, "nDTW": 1.677834333621979e-11, "CLS": 0.05556274218415281, "steps": 40, "path_length_cm": 0.2070000000003347, "cumulative_reward": -0.6033578404907534, "ended_reason": "max_steps", "metrics": {"SR": 0.0, "SPL": 0.0, "SoftSPL": 0.1214107947483556, "PLR": 2.8739621803284186e-05, "nDTW": 1.677834333621979e-11, "CLS": 0.05556274218415281, "path_length_cm": 0.2070000000003347, "cumulative_reward": -0.6033578404907534}, "token_totals": {"input": 26545, "output": 287, "calls": 40}, "finished_at": "2026-04-23T14:47:31.347036+00:00"}