{"episode_id": "map_22_containeryard_demo_native_on_0004", "episode_idx": 4, "agent_name": "GhostAgent_4", "SR": 0.0, "SPL": 0.0, "SoftSPL": 0.6918869024656208, "PLR": 1.0564915522732183, "nDTW": 8.257717311744381e-27, "CLS": 0.06838794237916454, "steps": 40, "path_length_cm": 8428.076838935418, "cumulative_reward": 5311.725448675678, "ended_reason": "max_steps", "metrics": {"SR": 0.0, "SPL": 0.0, "SoftSPL": 0.6918869024656208, "PLR": 1.0564915522732183, "nDTW": 8.257717311744381e-27, "CLS": 0.06838794237916454, "path_length_cm": 8428.076838935418, "cumulative_reward": 5311.725448675678}, "token_totals": {"input": 115056, "output": 3810, "calls": 40}, "finished_at": "2026-04-22T23:47:44.148032+00:00"}