{"episode_id": "map_50_B9_sparse_wilderness_pn_0004", "episode_idx": 4, "agent_name": "GhostAgent_4", "SR": 0.0, "SPL": 0.0, "SoftSPL": 6.577928769457841e-07, "PLR": 0.0, "nDTW": 5.89449272635156e-06, "CLS": 0.2500000000086863, "steps": 40, "path_length_cm": 0.0, "cumulative_reward": -0.4000000000000002, "ended_reason": "max_steps", "metrics": {"SR": 0.0, "SPL": 0.0, "SoftSPL": 6.577928769457841e-07, "PLR": 0.0, "nDTW": 5.89449272635156e-06, "CLS": 0.2500000000086863, "path_length_cm": 0.0, "cumulative_reward": -0.4000000000000002}, "token_totals": {"input": 110599, "output": 3222, "calls": 40}, "finished_at": "2026-04-23T19:10:54.943368+00:00"}