{"episode_id": "map_31_gothic_day_remix_on_0003", "episode_idx": 3, "agent_name": "GhostAgent_3", "SR": 0.0, "SPL": 0.0, "SoftSPL": 0.14677832885681963, "PLR": 0.2800026567532137, "nDTW": 2.2202890534265686e-17, "CLS": 0.09922328242035797, "steps": 40, "path_length_cm": 1523.9984601763915, "cumulative_reward": 579.3069864488152, "ended_reason": "max_steps", "metrics": {"SR": 0.0, "SPL": 0.0, "SoftSPL": 0.14677832885681963, "PLR": 0.2800026567532137, "nDTW": 2.2202890534265686e-17, "CLS": 0.09922328242035797, "path_length_cm": 1523.9984601763915, "cumulative_reward": 579.3069864488152}, "token_totals": {"input": 121767, "output": 5850, "calls": 40}, "finished_at": "2026-04-23T18:01:42.048838+00:00"}