{"episode_id": "map_59_B10_market_plaza_obj_on_0014", "episode_idx": 4, "agent_name": "GhostAgent_4", "SR": 1.0, "SPL": 0.7757072160491854, "SoftSPL": 0.7436262417320584, "PLR": 1.2891461872601593, "nDTW": 4.3894054624707976e-20, "CLS": 0.3704610963255877, "steps": 21, "path_length_cm": 5997.108063134261, "cumulative_reward": 4461.89399271638, "ended_reason": "success", "metrics": {"SR": 1.0, "SPL": 0.7757072160491854, "SoftSPL": 0.7436262417320584, "PLR": 1.2891461872601593, "nDTW": 4.3894054624707976e-20, "CLS": 0.3704610963255877, "path_length_cm": 5997.108063134261, "cumulative_reward": 4461.89399271638}, "token_totals": {"input": 56674, "output": 2773, "calls": 21}, "finished_at": "2026-04-23T03:16:42.771603+00:00"}