{"episode_id": "map_03_watertown_remix_pn_0018", "episode_idx": 3, "agent_name": "GhostAgent_3", "SR": 0.0, "SPL": 0.0, "SoftSPL": 0.0, "PLR": 0.12427104062462137, "nDTW": 1.994253279036508e-06, "CLS": 0.17367188170773945, "steps": 40, "path_length_cm": 190.75977549001254, "cumulative_reward": -124.28126743740802, "ended_reason": "max_steps", "metrics": {"SR": 0.0, "SPL": 0.0, "SoftSPL": 0.0, "PLR": 0.12427104062462137, "nDTW": 1.994253279036508e-06, "CLS": 0.17367188170773945, "path_length_cm": 190.75977549001254, "cumulative_reward": -124.28126743740802}, "token_totals": {"input": 443329, "output": 4765, "calls": 40}, "finished_at": "2026-04-22T20:31:15.354012+00:00"}