{"episode_id": "map_06_hwaseong_native_obj_pn_0015", "episode_idx": 1, "agent_name": "GhostAgent_1", "SR": 0.0, "SPL": 0.0, "SoftSPL": 0.0, "PLR": 1.664509070421059, "nDTW": 3.8742006144829376e-104, "CLS": 0.1503400731475621, "steps": 40, "path_length_cm": 2540.6900000000005, "cumulative_reward": -2391.6135961428104, "ended_reason": "max_steps", "metrics": {"SR": 0.0, "SPL": 0.0, "SoftSPL": 0.0, "PLR": 1.664509070421059, "nDTW": 3.8742006144829376e-104, "CLS": 0.1503400731475621, "path_length_cm": 2540.6900000000005, "cumulative_reward": -2391.6135961428104}, "token_totals": {"input": 119227, "output": 4979, "calls": 40}, "finished_at": "2026-04-23T15:30:17.345126+00:00"}