{"episode_id": "map_37_dungeon_remix_on_0000", "episode_idx": 0, "agent_name": "GhostAgent_0", "SR": 0.0, "SPL": 0.0, "SoftSPL": 0.0, "PLR": 7.508734869174786, "nDTW": 0.0, "CLS": 0.0, "steps": 15, "path_length_cm": 19324.705321354304, "cumulative_reward": -13425.071180041037, "ended_reason": "no_tool_call", "metrics": {"SR": 0.0, "SPL": 0.0, "SoftSPL": 0.0, "PLR": 7.508734869174786, "nDTW": 0.0, "CLS": 0.0, "path_length_cm": 19324.705321354304, "cumulative_reward": -13425.071180041037}, "token_totals": {"input": 41964, "output": 2705, "calls": 15}, "finished_at": "2026-04-23T20:20:58.510883+00:00"}