{"episode_id": "map_57_gothic_day_invasion_on_0017", "episode_idx": 7, "agent_name": "GhostAgent_7", "SR": 0.0, "SPL": 0.0, "SoftSPL": 0.0, "PLR": 0.24556364432661165, "nDTW": 0.015639629154618567, "CLS": 0.18328171141811836, "steps": 2, "path_length_cm": 365.609887492119, "cumulative_reward": -90.1763702042697, "ended_reason": "no_tool_call", "metrics": {"SR": 0.0, "SPL": 0.0, "SoftSPL": 0.0, "PLR": 0.24556364432661165, "nDTW": 0.015639629154618567, "CLS": 0.18328171141811836, "path_length_cm": 365.609887492119, "cumulative_reward": -90.1763702042697}, "token_totals": {"input": 2094, "output": 512, "calls": 2}, "finished_at": "2026-04-23T15:09:07.929908+00:00"}