{"episode_id": "map_61_containeryard_day_big_remix_on_0005", "episode_idx": 5, "agent_name": "GhostAgent_5", "SR": 0.0, "SPL": 0.0, "SoftSPL": 0.003285253932745591, "PLR": 0.0, "nDTW": 0.0015366979333705192, "CLS": 0.16674541798529452, "steps": 40, "path_length_cm": 0.0, "cumulative_reward": -0.4000000000000002, "ended_reason": "max_steps", "metrics": {"SR": 0.0, "SPL": 0.0, "SoftSPL": 0.003285253932745591, "PLR": 0.0, "nDTW": 0.0015366979333705192, "CLS": 0.16674541798529452, "path_length_cm": 0.0, "cumulative_reward": -0.4000000000000002}, "token_totals": {"input": 32851, "output": 1660, "calls": 40}, "finished_at": "2026-04-23T16:30:40.534538+00:00"}