{"episode_id": "map_57_gothic_day_invasion_pn_0007", "episode_idx": 6, "agent_name": "GhostAgent_6", "SR": 0.0, "SPL": 0.0, "SoftSPL": 0.0, "PLR": 1.204740108146265, "nDTW": 3.19999724846589e-65, "CLS": 0.03324258111297215, "steps": 40, "path_length_cm": 4925.652216562493, "cumulative_reward": 1367.806004072143, "ended_reason": "max_steps", "metrics": {"SR": 0.0, "SPL": 0.0, "SoftSPL": 0.0, "PLR": 1.204740108146265, "nDTW": 3.19999724846589e-65, "CLS": 0.03324258111297215, "path_length_cm": 4925.652216562493, "cumulative_reward": 1367.806004072143}, "token_totals": {"input": 128029, "output": 7814, "calls": 40}, "finished_at": "2026-04-23T02:58:47.685359+00:00"}