{"episode_id": "map_36_dungeon_native_on_0012", "episode_idx": 2, "agent_name": "GhostAgent_2", "SR": 0.0, "SPL": 0.0, "SoftSPL": 0.4605884139238447, "PLR": 1.0616503663110357, "nDTW": 2.152506188469294e-23, "CLS": 0.18891504841497544, "steps": 40, "path_length_cm": 2033.1560000186014, "cumulative_reward": 932.6066993531584, "ended_reason": "max_steps", "metrics": {"SR": 0.0, "SPL": 0.0, "SoftSPL": 0.4605884139238447, "PLR": 1.0616503663110357, "nDTW": 2.152506188469294e-23, "CLS": 0.18891504841497544, "path_length_cm": 2033.1560000186014, "cumulative_reward": 932.6066993531584}, "token_totals": {"input": 129644, "output": 8171, "calls": 40}, "finished_at": "2026-04-23T01:23:21.953625+00:00"}