{"episode_id": "map_37_dungeon_remix_pn_0010", "episode_idx": 0, "agent_name": "GhostAgent_0", "SR": 1.0, "SPL": 0.6398559687494894, "SoftSPL": 0.5780983750268087, "PLR": 1.5628517179489043, "nDTW": 2.0513295732672095e-08, "CLS": 0.3553831222936919, "steps": 15, "path_length_cm": 2306.737878658224, "cumulative_reward": 1335.874318793418, "ended_reason": "success", "metrics": {"SR": 1.0, "SPL": 0.6398559687494894, "SoftSPL": 0.5780983750268087, "PLR": 1.5628517179489043, "nDTW": 2.0513295732672095e-08, "CLS": 0.3553831222936919, "path_length_cm": 2306.737878658224, "cumulative_reward": 1335.874318793418}, "token_totals": {"input": 39544, "output": 2228, "calls": 15}, "finished_at": "2026-04-23T16:27:29.762119+00:00"}