{"episode_id": "map_09b_wintertown_demo02_obj_on_0017", "episode_idx": 1, "agent_name": "GhostAgent_1", "SR": 0.0, "SPL": 0.0, "SoftSPL": 0.41943253425109805, "PLR": 0.0, "nDTW": 1.5092899314106115e-05, "CLS": 0.09261866668355759, "steps": 0, "path_length_cm": 0.0, "cumulative_reward": 0.0, "ended_reason": "spawn_blocked", "metrics": {"SR": 0.0, "SPL": 0.0, "SoftSPL": 0.41943253425109805, "PLR": 0.0, "nDTW": 1.5092899314106115e-05, "CLS": 0.09261866668355759, "path_length_cm": 0.0, "cumulative_reward": 0.0}, "token_totals": {"input": 0, "output": 0, "calls": 0}, "finished_at": "2026-04-23T16:47:32.033110+00:00"}