{"episode_id": "map_53_courtyard_sanny_big_remix_pn_0011", "episode_idx": 1, "agent_name": "GhostAgent_1", "SR": 0.0, "SPL": 0.0, "SoftSPL": 0.6665004497224398, "PLR": 0.03297803221298584, "nDTW": 9.944061445797e-05, "CLS": 0.07342668331244306, "steps": 40, "path_length_cm": 135.2425803251328, "cumulative_reward": 105.60973815821865, "ended_reason": "max_steps", "metrics": {"SR": 0.0, "SPL": 0.0, "SoftSPL": 0.6665004497224398, "PLR": 0.03297803221298584, "nDTW": 9.944061445797e-05, "CLS": 0.07342668331244306, "path_length_cm": 135.2425803251328, "cumulative_reward": 105.60973815821865}, "token_totals": {"input": 109153, "output": 4487, "calls": 40}, "finished_at": "2026-04-23T02:12:37.653363+00:00"}