{"episode_id": "map_59_B10_market_plaza_on_0012", "episode_idx": 2, "agent_name": "GhostAgent_2", "SR": 0.0, "SPL": 0.0, "SoftSPL": 0.05540266674773032, "PLR": 0.036814618660585816, "nDTW": 1.0585253802734042e-08, "CLS": 0.11211389215875293, "steps": 40, "path_length_cm": 176.10825055571132, "cumulative_reward": 143.90968284749306, "ended_reason": "max_steps", "metrics": {"SR": 0.0, "SPL": 0.0, "SoftSPL": 0.05540266674773032, "PLR": 0.036814618660585816, "nDTW": 1.0585253802734042e-08, "CLS": 0.11211389215875293, "path_length_cm": 176.10825055571132, "cumulative_reward": 143.90968284749306}, "token_totals": {"input": 114681, "output": 4355, "calls": 40}, "finished_at": "2026-04-23T02:47:45.577318+00:00"}