{"episode_id": "map_28_village_night_native_pn_0018", "episode_idx": 3, "agent_name": "GhostAgent_3", "SR": 0.0, "SPL": 0.0, "SoftSPL": 0.0, "PLR": 0.32053023430754884, "nDTW": 1.6272684576452418e-12, "CLS": 0.3240092721079528, "steps": 40, "path_length_cm": 377.5750001072633, "cumulative_reward": 25.445862810998307, "ended_reason": "max_steps", "metrics": {"SR": 0.0, "SPL": 0.0, "SoftSPL": 0.0, "PLR": 0.32053023430754884, "nDTW": 1.6272684576452418e-12, "CLS": 0.3240092721079528, "path_length_cm": 377.5750001072633, "cumulative_reward": 25.445862810998307}, "token_totals": {"input": 113641, "output": 6237, "calls": 40}, "finished_at": "2026-04-23T00:25:13.921532+00:00"}