{"episode_id": "map_05_middleeast_native_on_0015", "episode_idx": 4, "agent_name": "GhostAgent_4", "SR": 0.0, "SPL": 0.0, "SoftSPL": 0.0, "PLR": 0.08178392735808276, "nDTW": 3.559205856821783e-09, "CLS": 0.10228602238787127, "steps": 40, "path_length_cm": 357.4800000000005, "cumulative_reward": -357.8087411617753, "ended_reason": "max_steps", "metrics": {"SR": 0.0, "SPL": 0.0, "SoftSPL": 0.0, "PLR": 0.08178392735808276, "nDTW": 3.559205856821783e-09, "CLS": 0.10228602238787127, "path_length_cm": 357.4800000000005, "cumulative_reward": -357.8087411617753}, "token_totals": {"input": 512203, "output": 8513, "calls": 40}, "finished_at": "2026-04-22T21:01:50.892347+00:00"}