{"episode_id": "map_42_B4_industrial_yard_obj_pn_0016", "episode_idx": 6, "agent_name": "GhostAgent_6", "SR": 0.0, "SPL": 0.0, "SoftSPL": 0.08912566271594624, "PLR": 0.21275213227702894, "nDTW": 1.7054974721113195e-25, "CLS": 0.1880140711048189, "steps": 40, "path_length_cm": 1204.5025794503676, "cumulative_reward": 447.88009433363914, "ended_reason": "max_steps", "metrics": {"SR": 0.0, "SPL": 0.0, "SoftSPL": 0.08912566271594624, "PLR": 0.21275213227702894, "nDTW": 1.7054974721113195e-25, "CLS": 0.1880140711048189, "path_length_cm": 1204.5025794503676, "cumulative_reward": 447.88009433363914}, "token_totals": {"input": 34312, "output": 2225, "calls": 40}, "finished_at": "2026-04-23T16:18:17.120647+00:00"}