{"episode_id": "map_67_B12_construction_site_on_0006", "episode_idx": 6, "agent_name": "GhostAgent_6", "SR": 0.0, "SPL": 0.0, "SoftSPL": 0.20130667015212758, "PLR": 0.12444781642809971, "nDTW": 3.171446502279855e-17, "CLS": 0.14519091638427956, "steps": 40, "path_length_cm": 923.2422602133076, "cumulative_reward": 707.5558126454844, "ended_reason": "max_steps", "metrics": {"SR": 0.0, "SPL": 0.0, "SoftSPL": 0.20130667015212758, "PLR": 0.12444781642809971, "nDTW": 3.171446502279855e-17, "CLS": 0.14519091638427956, "path_length_cm": 923.2422602133076, "cumulative_reward": 707.5558126454844}, "token_totals": {"input": 111125, "output": 4769, "calls": 40}, "finished_at": "2026-04-23T15:16:42.407744+00:00"}