{"episode_id": "map_43_B5_residential_courtyard_pn_0008", "episode_idx": 8, "agent_name": "GhostAgent_8", "SR": 0.0, "SPL": 0.0, "SoftSPL": 0.10990923000196728, "PLR": 0.11028100527530747, "nDTW": 0.10990923000196728, "CLS": 0.10990923000196728, "steps": 40, "path_length_cm": 399.6969614695606, "cumulative_reward": 397.951521702611, "ended_reason": "max_steps", "metrics": {"SR": 0.0, "SPL": 0.0, "SoftSPL": 0.10990923000196728, "PLR": 0.11028100527530747, "nDTW": 0.10990923000196728, "CLS": 0.10990923000196728, "path_length_cm": 399.6969614695606, "cumulative_reward": 397.951521702611}, "token_totals": {"input": 33422, "output": 2038, "calls": 40}, "finished_at": "2026-04-23T20:02:01.246776+00:00"}