{"episode_id": "map_31_gothic_day_remix_pn_0002", "episode_idx": 2, "agent_name": "GhostAgent_2", "SR": 0.0, "SPL": 0.0, "SoftSPL": 0.3172025536134442, "PLR": 0.5726275473225853, "nDTW": 2.3798541418997977e-12, "CLS": 0.1352591742114515, "steps": 40, "path_length_cm": 3913.3366584025475, "cumulative_reward": 1950.9128014165453, "ended_reason": "max_steps", "metrics": {"SR": 0.0, "SPL": 0.0, "SoftSPL": 0.3172025536134442, "PLR": 0.5726275473225853, "nDTW": 2.3798541418997977e-12, "CLS": 0.1352591742114515, "path_length_cm": 3913.3366584025475, "cumulative_reward": 1950.9128014165453}, "token_totals": {"input": 115573, "output": 5203, "calls": 40}, "finished_at": "2026-04-23T00:28:54.986511+00:00"}