{"episode_id": "map_11_wintertown_demo01_remix_pn_0019", "episode_idx": 4, "agent_name": "GhostAgent_4", "SR": 0.0, "SPL": 0.0, "SoftSPL": 0.0, "PLR": 5.981784635410598, "nDTW": 3.623229992554155e-177, "CLS": 0.0445830610633345, "steps": 40, "path_length_cm": 14384.337694925513, "cumulative_reward": -8259.38525640884, "ended_reason": "max_steps", "metrics": {"SR": 0.0, "SPL": 0.0, "SoftSPL": 0.0, "PLR": 5.981784635410598, "nDTW": 3.623229992554155e-177, "CLS": 0.0445830610633345, "path_length_cm": 14384.337694925513, "cumulative_reward": -8259.38525640884}, "token_totals": {"input": 139000, "output": 9257, "calls": 40}, "finished_at": "2026-04-23T15:11:24.601431+00:00"}