{"episode_id": "map_49_courtyard_sunny_packed_obj_on_0003", "episode_idx": 6, "agent_name": "GhostAgent_6", "SR": 0.0, "SPL": 0.0, "SoftSPL": 0.39668093126668225, "PLR": 0.0, "nDTW": 0.0025747859032105216, "CLS": 0.05555711002563636, "steps": 1, "path_length_cm": 0.0, "cumulative_reward": 0.0, "ended_reason": "no_tool_call", "metrics": {"SR": 0.0, "SPL": 0.0, "SoftSPL": 0.39668093126668225, "PLR": 0.0, "nDTW": 0.0025747859032105216, "CLS": 0.05555711002563636, "path_length_cm": 0.0, "cumulative_reward": 0.0}, "token_totals": {"input": 770, "output": 256, "calls": 1}, "finished_at": "2026-04-23T18:41:59.669117+00:00"}