{"episode_id": "map_68_B13_suburban_park_on_0013", "episode_idx": 3, "agent_name": "GhostAgent_3", "SR": 0.0, "SPL": 0.0, "SoftSPL": 0.1793641343667497, "PLR": 2.1759656622858863, "nDTW": 3.9229445034237535e-48, "CLS": 0.028726677129322652, "steps": 40, "path_length_cm": 11597.78818170066, "cumulative_reward": 1804.6316522393763, "ended_reason": "max_steps", "metrics": {"SR": 0.0, "SPL": 0.0, "SoftSPL": 0.1793641343667497, "PLR": 2.1759656622858863, "nDTW": 3.9229445034237535e-48, "CLS": 0.028726677129322652, "path_length_cm": 11597.78818170066, "cumulative_reward": 1804.6316522393763}, "token_totals": {"input": 125147, "output": 6446, "calls": 40}, "finished_at": "2026-04-23T04:16:34.435836+00:00"}