{"episode_id": "map_15_middleeast_remix_on_0009", "episode_idx": 9, "agent_name": "GhostAgent_9", "SR": 0.0, "SPL": 0.0, "SoftSPL": 0.001337219100047471, "PLR": 0.0003602427407461157, "nDTW": 0.01681622604003504, "CLS": 0.17023526204888678, "steps": 40, "path_length_cm": 0.5960000000000036, "cumulative_reward": 0.18178757200539586, "ended_reason": "max_steps", "metrics": {"SR": 0.0, "SPL": 0.0, "SoftSPL": 0.001337219100047471, "PLR": 0.0003602427407461157, "nDTW": 0.01681622604003504, "CLS": 0.17023526204888678, "path_length_cm": 0.5960000000000036, "cumulative_reward": 0.18178757200539586}, "token_totals": {"input": 31737, "output": 1370, "calls": 40}, "finished_at": "2026-04-23T14:46:14.785102+00:00"}