{"episode_id": "map_03_watertown_remix_pn_0008", "episode_idx": 3, "agent_name": "GhostAgent_3", "SR": 1.0, "SPL": 0.9133911494144505, "SoftSPL": 0.9024493641123918, "PLR": 1.0948212062718936, "nDTW": 8.634929997338731e-23, "CLS": 0.3076849513322241, "steps": 31, "path_length_cm": 5649.211735090594, "cumulative_reward": 5076.469130807356, "ended_reason": "success", "metrics": {"SR": 1.0, "SPL": 0.9133911494144505, "SoftSPL": 0.9024493641123918, "PLR": 1.0948212062718936, "nDTW": 8.634929997338731e-23, "CLS": 0.3076849513322241, "path_length_cm": 5649.211735090594, "cumulative_reward": 5076.469130807356}, "token_totals": {"input": 213920, "output": 9101, "calls": 31}, "finished_at": "2026-04-22T16:23:12.926979+00:00"}