{"episode_id": "map_08_cave_remix_obj_on_0007", "episode_idx": 7, "agent_name": "GhostAgent_7", "SR": 0.0, "SPL": 0.0, "SoftSPL": 0.10237916580132034, "PLR": 0.0, "nDTW": 0.0014943169165133803, "CLS": 0.13480445781629796, "steps": 40, "path_length_cm": 0.0, "cumulative_reward": -0.4000000000000002, "ended_reason": "max_steps", "metrics": {"SR": 0.0, "SPL": 0.0, "SoftSPL": 0.10237916580132034, "PLR": 0.0, "nDTW": 0.0014943169165133803, "CLS": 0.13480445781629796, "path_length_cm": 0.0, "cumulative_reward": -0.4000000000000002}, "token_totals": {"input": 31456, "output": 1517, "calls": 40}, "finished_at": "2026-04-23T15:06:20.570808+00:00"}