{"episode_id": "map_45_B7_park_with_paths_pn_0018", "episode_idx": 8, "agent_name": "GhostAgent_8", "SR": 0.0, "SPL": 0.0, "SoftSPL": 0.19256427338066398, "PLR": 1.86056014693915, "nDTW": 1.5323412587639018e-76, "CLS": 0.021498904746303994, "steps": 40, "path_length_cm": 14358.649666785257, "cumulative_reward": 2741.889720846624, "ended_reason": "max_steps", "metrics": {"SR": 0.0, "SPL": 0.0, "SoftSPL": 0.19256427338066398, "PLR": 1.86056014693915, "nDTW": 1.5323412587639018e-76, "CLS": 0.021498904746303994, "path_length_cm": 14358.649666785257, "cumulative_reward": 2741.889720846624}, "token_totals": {"input": 132479, "output": 8089, "calls": 40}, "finished_at": "2026-04-23T19:18:31.269818+00:00"}