{"episode_id": "map_25_containeryard_day_remix_on_0011", "episode_idx": 1, "agent_name": "GhostAgent_1", "SR": 0.0, "SPL": 0.0, "SoftSPL": 0.0, "PLR": 0.20665241952459945, "nDTW": 2.1690805165548133e-12, "CLS": 0.24171675138350446, "steps": 40, "path_length_cm": 330.710000013607, "cumulative_reward": -297.3731058415351, "ended_reason": "max_steps", "metrics": {"SR": 0.0, "SPL": 0.0, "SoftSPL": 0.0, "PLR": 0.20665241952459945, "nDTW": 2.1690805165548133e-12, "CLS": 0.24171675138350446, "path_length_cm": 330.710000013607, "cumulative_reward": -297.3731058415351}, "token_totals": {"input": 109425, "output": 4432, "calls": 40}, "finished_at": "2026-04-23T00:32:48.461408+00:00"}