{"episode_id": "map_59_B10_market_plaza_pn_0010", "episode_idx": 8, "agent_name": "GhostAgent_8", "SR": 0.0, "SPL": 0.0, "SoftSPL": 0.11008474266633109, "PLR": 2.147578669938037, "nDTW": 1.9361076025739265e-43, "CLS": 0.14193902668460115, "steps": 40, "path_length_cm": 6421.131368394535, "cumulative_reward": 706.4649883723187, "ended_reason": "max_steps", "metrics": {"SR": 0.0, "SPL": 0.0, "SoftSPL": 0.11008474266633109, "PLR": 2.147578669938037, "nDTW": 1.9361076025739265e-43, "CLS": 0.14193902668460115, "path_length_cm": 6421.131368394535, "cumulative_reward": 706.4649883723187}, "token_totals": {"input": 128158, "output": 7394, "calls": 40}, "finished_at": "2026-04-23T03:30:47.117152+00:00"}