{"episode_id": "map_26_courtyard_overcast_native_on_0006", "episode_idx": 6, "agent_name": "GhostAgent_6", "SR": 0.0, "SPL": 0.0, "SoftSPL": 0.49203565392915527, "PLR": 0.16496040538260323, "nDTW": 0.0045814057379730344, "CLS": 0.18358810042628734, "steps": 5, "path_length_cm": 705.1826385538752, "cumulative_reward": -644.1945639597757, "ended_reason": "no_tool_call", "metrics": {"SR": 0.0, "SPL": 0.0, "SoftSPL": 0.49203565392915527, "PLR": 0.16496040538260323, "nDTW": 0.0045814057379730344, "CLS": 0.18358810042628734, "path_length_cm": 705.1826385538752, "cumulative_reward": -644.1945639597757}, "token_totals": {"input": 9106, "output": 1067, "calls": 5}, "finished_at": "2026-04-23T17:35:04.516060+00:00"}