{"episode_id": "map_43_B5_residential_courtyard_on_0001", "episode_idx": 1, "agent_name": "GhostAgent_1", "SR": 0.0, "SPL": 0.0, "SoftSPL": 0.0016289341744499806, "PLR": 0.0, "nDTW": 0.0016289341744499806, "CLS": 0.0016289341744499806, "steps": 40, "path_length_cm": 0.0, "cumulative_reward": -0.4000000000000002, "ended_reason": "max_steps", "metrics": {"SR": 0.0, "SPL": 0.0, "SoftSPL": 0.0016289341744499806, "PLR": 0.0, "nDTW": 0.0016289341744499806, "CLS": 0.0016289341744499806, "path_length_cm": 0.0, "cumulative_reward": -0.4000000000000002}, "token_totals": {"input": 33344, "output": 1901, "calls": 40}, "finished_at": "2026-04-23T20:06:22.239656+00:00"}