{"episode_id": "map_53_courtyard_sanny_big_remix_obj_pn_0001", "episode_idx": 9, "agent_name": "GhostAgent_9", "SR": 0.0, "SPL": 0.0, "SoftSPL": 0.0, "PLR": 11.351691496418777, "nDTW": 3.0512483732856847e-84, "CLS": 0.0055058803365830335, "steps": 11, "path_length_cm": 40744.512771180955, "cumulative_reward": -32547.91902758679, "ended_reason": "no_tool_call", "metrics": {"SR": 0.0, "SPL": 0.0, "SoftSPL": 0.0, "PLR": 11.351691496418777, "nDTW": 3.0512483732856847e-84, "CLS": 0.0055058803365830335, "path_length_cm": 40744.512771180955, "cumulative_reward": -32547.91902758679}, "token_totals": {"input": 30027, "output": 2340, "calls": 11}, "finished_at": "2026-04-23T16:53:11.722012+00:00"}