{"episode_id": "map_01_wintertown_native_pn_0000", "episode_idx": 0, "agent_name": "GhostAgent_0", "SR": 0.0, "SPL": 0.0, "SoftSPL": 0.0, "PLR": 0.5212983228826634, "nDTW": 7.96310424248016e-27, "CLS": 0.4983306894617352, "steps": 40, "path_length_cm": 674.1117132524874, "cumulative_reward": 638.5416819059101, "ended_reason": "max_steps", "metrics": {"SR": 0.0, "SPL": 0.0, "SoftSPL": 0.0, "PLR": 0.5212983228826634, "nDTW": 7.96310424248016e-27, "CLS": 0.4983306894617352, "path_length_cm": 674.1117132524874, "cumulative_reward": 638.5416819059101}, "token_totals": {"input": 407054, "output": 4785, "calls": 40}, "finished_at": "2026-04-22T19:22:10.133917+00:00"}