{"episode_id": "map_09b_wintertown_demo02_pn_0001", "episode_idx": 1, "agent_name": "GhostAgent_1", "SR": 1.0, "SPL": 0.28204530370550007, "SoftSPL": 0.2738847386070823, "PLR": 3.545529696336154, "nDTW": 1.454441022297253e-29, "CLS": 0.22383003161768397, "steps": 36, "path_length_cm": 6036.583405684972, "cumulative_reward": 1655.2665420847748, "ended_reason": "success", "metrics": {"SR": 1.0, "SPL": 0.28204530370550007, "SoftSPL": 0.2738847386070823, "PLR": 3.545529696336154, "nDTW": 1.454441022297253e-29, "CLS": 0.22383003161768397, "path_length_cm": 6036.583405684972, "cumulative_reward": 1655.2665420847748}, "token_totals": {"input": 113315, "output": 6429, "calls": 36}, "finished_at": "2026-04-22T22:49:48.335523+00:00"}