{"episode_id": "map_11_wintertown_demo01_remix_on_0015", "episode_idx": 5, "agent_name": "GhostAgent_5", "SR": 1.0, "SPL": 0.46655945304510277, "SoftSPL": 0.45198496408623, "PLR": 2.143349563433514, "nDTW": 6.94785135146598e-18, "CLS": 0.16903589757386006, "steps": 39, "path_length_cm": 7766.620044562047, "cumulative_reward": 3487.342565236814, "ended_reason": "success", "metrics": {"SR": 1.0, "SPL": 0.46655945304510277, "SoftSPL": 0.45198496408623, "PLR": 2.143349563433514, "nDTW": 6.94785135146598e-18, "CLS": 0.16903589757386006, "path_length_cm": 7766.620044562047, "cumulative_reward": 3487.342565236814}, "token_totals": {"input": 123298, "output": 7184, "calls": 39}, "finished_at": "2026-04-22T23:26:58.978913+00:00"}