{"episode_id": "map_11_wintertown_demo01_remix_obj_pn_0018", "episode_idx": 8, "agent_name": "GhostAgent_8", "SR": 0.0, "SPL": 0.0, "SoftSPL": 0.26410182480320704, "PLR": 1.7849509653639855, "nDTW": 1.5197753513967067e-25, "CLS": 0.01900196721630468, "steps": 40, "path_length_cm": 10190.410007830567, "cumulative_reward": 2209.8402119275197, "ended_reason": "max_steps", "metrics": {"SR": 0.0, "SPL": 0.0, "SoftSPL": 0.26410182480320704, "PLR": 1.7849509653639855, "nDTW": 1.5197753513967067e-25, "CLS": 0.01900196721630468, "path_length_cm": 10190.410007830567, "cumulative_reward": 2209.8402119275197}, "token_totals": {"input": 125028, "output": 6353, "calls": 40}, "finished_at": "2026-04-22T23:46:05.085369+00:00"}