{"episode_id": "map_30_gothic_day_native_pn_0016", "episode_idx": 6, "agent_name": "GhostAgent_6", "SR": 0.0, "SPL": 0.0, "SoftSPL": 0.30730622063079427, "PLR": 0.0, "nDTW": 0.0006811537467549468, "CLS": 0.16667792900724546, "steps": 0, "path_length_cm": 0.0, "cumulative_reward": 0.0, "ended_reason": "reset_error", "metrics": {"SR": 0.0, "SPL": 0.0, "SoftSPL": 0.30730622063079427, "PLR": 0.0, "nDTW": 0.0006811537467549468, "CLS": 0.16667792900724546, "path_length_cm": 0.0, "cumulative_reward": 0.0}, "token_totals": {"input": 0, "output": 0, "calls": 0}, "finished_at": "2026-04-23T18:44:18.536617+00:00"}