{"episode_id": "map_23_containeryard_demo_remix_pn_0014", "episode_idx": 4, "agent_name": "GhostAgent_4", "SR": 0.0, "SPL": 0.0, "SoftSPL": 0.0, "PLR": 0.9128848892327521, "nDTW": 1.3572507434076218e-137, "CLS": 0.2738570907995885, "steps": 40, "path_length_cm": 5248.239130141338, "cumulative_reward": -878.3240172793487, "ended_reason": "max_steps", "metrics": {"SR": 0.0, "SPL": 0.0, "SoftSPL": 0.0, "PLR": 0.9128848892327521, "nDTW": 1.3572507434076218e-137, "CLS": 0.2738570907995885, "path_length_cm": 5248.239130141338, "cumulative_reward": -878.3240172793487}, "token_totals": {"input": 116463, "output": 4123, "calls": 40}, "finished_at": "2026-04-23T13:14:02.989250+00:00"}