{"episode_id": "map_22_containeryard_demo_native_on_0012", "episode_idx": 2, "agent_name": "GhostAgent_2", "SR": 0.0, "SPL": 0.0, "SoftSPL": 0.0, "PLR": 0.16298671520590324, "nDTW": 5.885603826952204e-13, "CLS": 0.27956213737680347, "steps": 40, "path_length_cm": 231.01899999999932, "cumulative_reward": -154.86431441287232, "ended_reason": "max_steps", "metrics": {"SR": 0.0, "SPL": 0.0, "SoftSPL": 0.0, "PLR": 0.16298671520590324, "nDTW": 5.885603826952204e-13, "CLS": 0.27956213737680347, "path_length_cm": 231.01899999999932, "cumulative_reward": -154.86431441287232}, "token_totals": {"input": 105390, "output": 4278, "calls": 40}, "finished_at": "2026-04-23T00:04:06.395794+00:00"}