{"episode_id": "map_58_dungeon_library_on_0011", "episode_idx": 1, "agent_name": "GhostAgent_1", "SR": 0.0, "SPL": 0.0, "SoftSPL": 6.239186089995741e-08, "PLR": 0.0, "nDTW": 0.022788488427247566, "CLS": 0.2501298288011997, "steps": 40, "path_length_cm": 0.0, "cumulative_reward": -0.4000000000000002, "ended_reason": "max_steps", "metrics": {"SR": 0.0, "SPL": 0.0, "SoftSPL": 6.239186089995741e-08, "PLR": 0.0, "nDTW": 0.022788488427247566, "CLS": 0.2501298288011997, "path_length_cm": 0.0, "cumulative_reward": -0.4000000000000002}, "token_totals": {"input": 107080, "output": 2501, "calls": 40}, "finished_at": "2026-04-23T02:38:07.050992+00:00"}