{"episode_id": "map_34_temple_plaza_native_pn_0001", "episode_idx": 1, "agent_name": "GhostAgent_1", "SR": 0.0, "SPL": 0.0, "SoftSPL": 0.16242748484687308, "PLR": 0.0, "nDTW": 0.0016391850344090037, "CLS": 0.04622526025365366, "steps": 4, "path_length_cm": 0.0, "cumulative_reward": -0.03, "ended_reason": "no_tool_call", "metrics": {"SR": 0.0, "SPL": 0.0, "SoftSPL": 0.16242748484687308, "PLR": 0.0, "nDTW": 0.0016391850344090037, "CLS": 0.04622526025365366, "path_length_cm": 0.0, "cumulative_reward": -0.03}, "token_totals": {"input": 2305, "output": 498, "calls": 4}, "finished_at": "2026-04-23T15:33:32.933246+00:00"}