{"episode_id": "map_53_courtyard_sanny_big_remix_on_0016", "episode_idx": 6, "agent_name": "GhostAgent_6", "SR": 0.0, "SPL": 0.0, "SoftSPL": 0.7449476837487494, "PLR": 0.44314638366093495, "nDTW": 0.00028425645781114, "CLS": 0.17034824495508025, "steps": 40, "path_length_cm": 1513.4822755810278, "cumulative_reward": -86.1399752467762, "ended_reason": "max_steps", "metrics": {"SR": 0.0, "SPL": 0.0, "SoftSPL": 0.7449476837487494, "PLR": 0.44314638366093495, "nDTW": 0.00028425645781114, "CLS": 0.17034824495508025, "path_length_cm": 1513.4822755810278, "cumulative_reward": -86.1399752467762}, "token_totals": {"input": 114288, "output": 3932, "calls": 40}, "finished_at": "2026-04-23T14:35:50.147933+00:00"}