{"episode_id": "map_65_hwaseong_ceremonial_on_0008", "episode_idx": 8, "agent_name": "GhostAgent_8", "SR": 1.0, "SPL": 0.9528594620083222, "SoftSPL": 0.8840479672224942, "PLR": 1.049472708065805, "nDTW": 3.7396136738696286e-05, "CLS": 0.4962799722865553, "steps": 7, "path_length_cm": 2363.968759099468, "cumulative_reward": 2092.2888176062606, "ended_reason": "success", "metrics": {"SR": 1.0, "SPL": 0.9528594620083222, "SoftSPL": 0.8840479672224942, "PLR": 1.049472708065805, "nDTW": 3.7396136738696286e-05, "CLS": 0.4962799722865553, "path_length_cm": 2363.968759099468, "cumulative_reward": 2092.2888176062606}, "token_totals": {"input": 12892, "output": 781, "calls": 7}, "finished_at": "2026-04-23T03:37:35.464149+00:00"}