{"episode_id": "map_27_courtyard_overcast_remix_pn_0003", "episode_idx": 3, "agent_name": "GhostAgent_3", "SR": 0.0, "SPL": 0.0, "SoftSPL": 0.9132569529429009, "PLR": 0.1153835921459762, "nDTW": 0.0005664605094698441, "CLS": 0.11798539732688529, "steps": 40, "path_length_cm": 399.00800000000027, "cumulative_reward": 392.97723419574436, "ended_reason": "max_steps", "metrics": {"SR": 0.0, "SPL": 0.0, "SoftSPL": 0.9132569529429009, "PLR": 0.1153835921459762, "nDTW": 0.0005664605094698441, "CLS": 0.11798539732688529, "path_length_cm": 399.00800000000027, "cumulative_reward": 392.97723419574436}, "token_totals": {"input": 31330, "output": 1532, "calls": 40}, "finished_at": "2026-04-23T15:21:20.875497+00:00"}