{"episode_id": "map_11_wintertown_demo01_remix_obj_on_0011", "episode_idx": 1, "agent_name": "GhostAgent_1", "SR": 1.0, "SPL": 0.8610509654443853, "SoftSPL": 0.7916924895893934, "PLR": 1.1613714404046962, "nDTW": 0.001802609041540322, "CLS": 0.54777151556966, "steps": 7, "path_length_cm": 1496.1599855301579, "cumulative_reward": 1186.924129399907, "ended_reason": "success", "metrics": {"SR": 1.0, "SPL": 0.8610509654443853, "SoftSPL": 0.7916924895893934, "PLR": 1.1613714404046962, "nDTW": 0.001802609041540322, "CLS": 0.54777151556966, "path_length_cm": 1496.1599855301579, "cumulative_reward": 1186.924129399907}, "token_totals": {"input": 14151, "output": 826, "calls": 7}, "finished_at": "2026-04-22T23:56:13.375305+00:00"}