{"episode_id": "map_26_courtyard_overcast_native_obj_on_0011", "episode_idx": 1, "agent_name": "GhostAgent_1", "SR": 0.0, "SPL": 0.0, "SoftSPL": 0.7562131718292741, "PLR": 0.0, "nDTW": 0.0004495541978697286, "CLS": 0.057353975258244275, "steps": 0, "path_length_cm": 0.0, "cumulative_reward": 0.0, "ended_reason": "spawn_blocked", "metrics": {"SR": 0.0, "SPL": 0.0, "SoftSPL": 0.7562131718292741, "PLR": 0.0, "nDTW": 0.0004495541978697286, "CLS": 0.057353975258244275, "path_length_cm": 0.0, "cumulative_reward": 0.0}, "token_totals": {"input": 0, "output": 0, "calls": 0}, "finished_at": "2026-04-23T18:11:24.934951+00:00"}