{"episode_id": "map_31_gothic_day_remix_obj_on_0006", "episode_idx": 5, "agent_name": "GhostAgent_5", "SR": 0.0, "SPL": 0.0, "SoftSPL": 0.0, "PLR": 1.3881049856888041, "nDTW": 4.5125064259553306e-21, "CLS": 0.08080689646290186, "steps": 40, "path_length_cm": 1815.5441539319577, "cumulative_reward": -257.80386197705775, "ended_reason": "max_steps", "metrics": {"SR": 0.0, "SPL": 0.0, "SoftSPL": 0.0, "PLR": 1.3881049856888041, "nDTW": 4.5125064259553306e-21, "CLS": 0.08080689646290186, "path_length_cm": 1815.5441539319577, "cumulative_reward": -257.80386197705775}, "token_totals": {"input": 122137, "output": 6836, "calls": 40}, "finished_at": "2026-04-23T18:32:30.169025+00:00"}