{"episode_id": "map_04_courtyard_remix_pn_0015", "episode_idx": 1, "agent_name": "GhostAgent_1", "SR": 0.0, "SPL": 0.0, "SoftSPL": 0.0015828611715729137, "PLR": 0.0, "nDTW": 0.0010386706009974818, "CLS": 0.16675973006120562, "steps": 0, "path_length_cm": 0.0, "cumulative_reward": 0.0, "ended_reason": "spawn_blocked", "metrics": {"SR": 0.0, "SPL": 0.0, "SoftSPL": 0.0015828611715729137, "PLR": 0.0, "nDTW": 0.0010386706009974818, "CLS": 0.16675973006120562, "path_length_cm": 0.0, "cumulative_reward": 0.0}, "token_totals": {"input": 0, "output": 0, "calls": 0}, "finished_at": "2026-04-23T17:53:20.196595+00:00"}