{"episode_id": "map_62_trainstation_cross_remix_pn_0015", "episode_idx": 5, "agent_name": "GhostAgent_5", "SR": 0.0, "SPL": 0.0, "SoftSPL": 0.0, "PLR": 0.15776603539792747, "nDTW": 5.0329740787234695e-08, "CLS": 0.28295129272360886, "steps": 40, "path_length_cm": 197.86069563395677, "cumulative_reward": -110.18254117945214, "ended_reason": "max_steps", "metrics": {"SR": 0.0, "SPL": 0.0, "SoftSPL": 0.0, "PLR": 0.15776603539792747, "nDTW": 5.0329740787234695e-08, "CLS": 0.28295129272360886, "path_length_cm": 197.86069563395677, "cumulative_reward": -110.18254117945214}, "token_totals": {"input": 108465, "output": 4362, "calls": 40}, "finished_at": "2026-04-23T04:17:13.734816+00:00"}