{"episode_id": "map_66_middleeast_bazaar_pn_0014", "episode_idx": 4, "agent_name": "GhostAgent_4", "SR": 0.0, "SPL": 0.0, "SoftSPL": 0.0, "PLR": 0.29999773888259396, "nDTW": 2.056363651792644e-09, "CLS": 0.31987337431419605, "steps": 40, "path_length_cm": 310.42566028615295, "cumulative_reward": 307.03510064343845, "ended_reason": "max_steps", "metrics": {"SR": 0.0, "SPL": 0.0, "SoftSPL": 0.0, "PLR": 0.29999773888259396, "nDTW": 2.056363651792644e-09, "CLS": 0.31987337431419605, "path_length_cm": 310.42566028615295, "cumulative_reward": 307.03510064343845}, "token_totals": {"input": 34200, "output": 2241, "calls": 40}, "finished_at": "2026-04-23T18:51:48.324104+00:00"}