{"episode_id": "map_42_B4_industrial_yard_on_0010", "episode_idx": 0, "agent_name": "GhostAgent_0", "SR": 1.0, "SPL": 0.9841382417635038, "SoftSPL": 0.9804401154537711, "PLR": 1.0161174086763187, "nDTW": 4.36562727023277e-12, "CLS": 0.5813670922323747, "steps": 23, "path_length_cm": 6370.6700277852215, "cumulative_reward": 6240.317617842035, "ended_reason": "success", "metrics": {"SR": 1.0, "SPL": 0.9841382417635038, "SoftSPL": 0.9804401154537711, "PLR": 1.0161174086763187, "nDTW": 4.36562727023277e-12, "CLS": 0.5813670922323747, "path_length_cm": 6370.6700277852215, "cumulative_reward": 6240.317617842035}, "token_totals": {"input": 19429, "output": 1284, "calls": 23}, "finished_at": "2026-04-23T16:06:09.554352+00:00"}