{"episode_id": "map_67_B12_construction_site_on_0001", "episode_idx": 1, "agent_name": "GhostAgent_1", "SR": 0.0, "SPL": 0.0, "SoftSPL": 0.2451076868764682, "PLR": 0.7155527539472671, "nDTW": 1.9462112916129847e-52, "CLS": 0.055926764735414004, "steps": 40, "path_length_cm": 5030.385948942064, "cumulative_reward": 1518.0175723937782, "ended_reason": "max_steps", "metrics": {"SR": 0.0, "SPL": 0.0, "SoftSPL": 0.2451076868764682, "PLR": 0.7155527539472671, "nDTW": 1.9462112916129847e-52, "CLS": 0.055926764735414004, "path_length_cm": 5030.385948942064, "cumulative_reward": 1518.0175723937782}, "token_totals": {"input": 121813, "output": 5664, "calls": 40}, "finished_at": "2026-04-23T15:16:42.406049+00:00"}