{"episode_id": "map_32_gothic_night_native_on_0017", "episode_idx": 7, "agent_name": "GhostAgent_7", "SR": 0.0, "SPL": 0.0, "SoftSPL": 0.0988499751349643, "PLR": 0.02625488813465086, "nDTW": 1.92672032388173e-07, "CLS": 0.08673290203276045, "steps": 40, "path_length_cm": 150.3438910232139, "cumulative_reward": 147.22697196943864, "ended_reason": "max_steps", "metrics": {"SR": 0.0, "SPL": 0.0, "SoftSPL": 0.0988499751349643, "PLR": 0.02625488813465086, "nDTW": 1.92672032388173e-07, "CLS": 0.08673290203276045, "path_length_cm": 150.3438910232139, "cumulative_reward": 147.22697196943864}, "token_totals": {"input": 109118, "output": 4139, "calls": 40}, "finished_at": "2026-04-23T01:35:02.406201+00:00"}