{"episode_id": "map_20_trainstation_native_pn_0008", "episode_idx": 7, "agent_name": "GhostAgent_7", "SR": 0.0, "SPL": 0.0, "SoftSPL": 0.16592045975577124, "PLR": 2.186152056792902, "nDTW": 5.668805410476253e-47, "CLS": 0.020099555928332787, "steps": 40, "path_length_cm": 12176.648341130782, "cumulative_reward": 1671.6874402819285, "ended_reason": "max_steps", "metrics": {"SR": 0.0, "SPL": 0.0, "SoftSPL": 0.16592045975577124, "PLR": 2.186152056792902, "nDTW": 5.668805410476253e-47, "CLS": 0.020099555928332787, "path_length_cm": 12176.648341130782, "cumulative_reward": 1671.6874402819285}, "token_totals": {"input": 131101, "output": 7903, "calls": 40}, "finished_at": "2026-04-23T18:21:16.543667+00:00"}