{"episode_id": "map_56_containeryard_settlement_obj_pn_0004", "episode_idx": 1, "agent_name": "GhostAgent_1", "SR": 0.0, "SPL": 0.0, "SoftSPL": 0.0, "PLR": 0.0, "nDTW": 0.0034423494893548595, "CLS": 0.2500029624425017, "steps": 40, "path_length_cm": 0.0, "cumulative_reward": -0.4000000000000002, "ended_reason": "max_steps", "metrics": {"SR": 0.0, "SPL": 0.0, "SoftSPL": 0.0, "PLR": 0.0, "nDTW": 0.0034423494893548595, "CLS": 0.2500029624425017, "path_length_cm": 0.0, "cumulative_reward": -0.4000000000000002}, "token_totals": {"input": 30797, "output": 1372, "calls": 40}, "finished_at": "2026-04-23T18:59:57.008213+00:00"}