{"episode_id": "map_57_gothic_day_invasion_pn_0008", "episode_idx": 7, "agent_name": "GhostAgent_7", "SR": 0.0, "SPL": 0.0, "SoftSPL": 0.0, "PLR": 1.077017246904036, "nDTW": 2.562543324142061e-16, "CLS": 0.5859387106834111, "steps": 40, "path_length_cm": 2959.007954316617, "cumulative_reward": 1990.1053771180705, "ended_reason": "max_steps", "metrics": {"SR": 0.0, "SPL": 0.0, "SoftSPL": 0.0, "PLR": 1.077017246904036, "nDTW": 2.562543324142061e-16, "CLS": 0.5859387106834111, "path_length_cm": 2959.007954316617, "cumulative_reward": 1990.1053771180705}, "token_totals": {"input": 125905, "output": 7790, "calls": 40}, "finished_at": "2026-04-23T02:58:47.685514+00:00"}