{"episode_id": "map_26_courtyard_overcast_native_obj_on_0018", "episode_idx": 8, "agent_name": "GhostAgent_8", "SR": 0.0, "SPL": 0.0, "SoftSPL": 0.8340012033845038, "PLR": 0.0, "nDTW": 0.011862172890745426, "CLS": 0.06711391689817156, "steps": 0, "path_length_cm": 0.0, "cumulative_reward": 0.0, "ended_reason": "spawn_blocked", "metrics": {"SR": 0.0, "SPL": 0.0, "SoftSPL": 0.8340012033845038, "PLR": 0.0, "nDTW": 0.011862172890745426, "CLS": 0.06711391689817156, "path_length_cm": 0.0, "cumulative_reward": 0.0}, "token_totals": {"input": 0, "output": 0, "calls": 0}, "finished_at": "2026-04-23T18:11:25.222005+00:00"}