{"episode_id": "map_08_cave_remix_on_0000", "episode_idx": 0, "agent_name": "GhostAgent_0", "SR": 0.0, "SPL": 0.0, "SoftSPL": 0.11923038489830573, "PLR": 3.3422372543977376e-05, "nDTW": 0.0194746424475369, "CLS": 0.1304178165761177, "steps": 40, "path_length_cm": 0.061008196170599986, "cumulative_reward": -0.4431783412127518, "ended_reason": "max_steps", "metrics": {"SR": 0.0, "SPL": 0.0, "SoftSPL": 0.11923038489830573, "PLR": 3.3422372543977376e-05, "nDTW": 0.0194746424475369, "CLS": 0.1304178165761177, "path_length_cm": 0.061008196170599986, "cumulative_reward": -0.4431783412127518}, "token_totals": {"input": 32400, "output": 1494, "calls": 40}, "finished_at": "2026-04-23T14:47:31.341999+00:00"}