{"episode_id": "map_62_trainstation_cross_remix_obj_pn_0019", "episode_idx": 4, "agent_name": "GhostAgent_4", "SR": 0.0, "SPL": 0.0, "SoftSPL": 0.0, "PLR": 0.5512240148000724, "nDTW": 1.7669660234983738e-15, "CLS": 0.0011606244084371906, "steps": 40, "path_length_cm": 1160.0674758671967, "cumulative_reward": 787.4609581027189, "ended_reason": "max_steps", "metrics": {"SR": 0.0, "SPL": 0.0, "SoftSPL": 0.0, "PLR": 0.5512240148000724, "nDTW": 1.7669660234983738e-15, "CLS": 0.0011606244084371906, "path_length_cm": 1160.0674758671967, "cumulative_reward": 787.4609581027189}, "token_totals": {"input": 107500, "output": 3133, "calls": 40}, "finished_at": "2026-04-23T04:40:51.851529+00:00"}