{"episode_id": "map_06_hwaseong_native_on_0018", "episode_idx": 3, "agent_name": "GhostAgent_3", "SR": 0.0, "SPL": 0.0, "SoftSPL": 0.13145604312807335, "PLR": 2.9223116733911123, "nDTW": 7.798325162945892e-75, "CLS": 0.15568081536896675, "steps": 40, "path_length_cm": 10550.714065611272, "cumulative_reward": 1386.5565773870262, "ended_reason": "max_steps", "metrics": {"SR": 0.0, "SPL": 0.0, "SoftSPL": 0.13145604312807335, "PLR": 2.9223116733911123, "nDTW": 7.798325162945892e-75, "CLS": 0.15568081536896675, "path_length_cm": 10550.714065611272, "cumulative_reward": 1386.5565773870262}, "token_totals": {"input": 127240, "output": 7189, "calls": 40}, "finished_at": "2026-04-23T13:55:46.452821+00:00"}