{"episode_id": "map_28_village_night_native_pn_0019", "episode_idx": 4, "agent_name": "GhostAgent_4", "SR": 0.0, "SPL": 0.0, "SoftSPL": 0.0, "PLR": 0.25657678300353687, "nDTW": 2.2294990340299078e-17, "CLS": 0.3365253825823202, "steps": 40, "path_length_cm": 349.3960000228964, "cumulative_reward": -165.85368551024249, "ended_reason": "max_steps", "metrics": {"SR": 0.0, "SPL": 0.0, "SoftSPL": 0.0, "PLR": 0.25657678300353687, "nDTW": 2.2294990340299078e-17, "CLS": 0.3365253825823202, "path_length_cm": 349.3960000228964, "cumulative_reward": -165.85368551024249}, "token_totals": {"input": 108999, "output": 4475, "calls": 40}, "finished_at": "2026-04-23T00:25:13.998020+00:00"}