{"episode_id": "map_05_middleeast_native_on_0010", "episode_idx": 0, "agent_name": "GhostAgent_0", "SR": 0.0, "SPL": 0.0, "SoftSPL": 0.6821301410993276, "PLR": 1.157870153425144, "nDTW": 1.012242238493037e-45, "CLS": 0.09711705791271945, "steps": 40, "path_length_cm": 6322.7931255102185, "cumulative_reward": 4291.497138541661, "ended_reason": "max_steps", "metrics": {"SR": 0.0, "SPL": 0.0, "SoftSPL": 0.6821301410993276, "PLR": 1.157870153425144, "nDTW": 1.012242238493037e-45, "CLS": 0.09711705791271945, "path_length_cm": 6322.7931255102185, "cumulative_reward": 4291.497138541661}, "token_totals": {"input": 363964, "output": 24828, "calls": 40}, "finished_at": "2026-04-22T17:51:52.595993+00:00"}