{"episode_id": "map_26_courtyard_overcast_native_on_0004", "episode_idx": 4, "agent_name": "GhostAgent_4", "SR": 0.0, "SPL": 0.0, "SoftSPL": 0.0, "PLR": 0.6502801959128521, "nDTW": 3.1972303865178614e-33, "CLS": 0.38525611535316845, "steps": 40, "path_length_cm": 892.275468019861, "cumulative_reward": -91.44165753628779, "ended_reason": "max_steps", "metrics": {"SR": 0.0, "SPL": 0.0, "SoftSPL": 0.0, "PLR": 0.6502801959128521, "nDTW": 3.1972303865178614e-33, "CLS": 0.38525611535316845, "path_length_cm": 892.275468019861, "cumulative_reward": -91.44165753628779}, "token_totals": {"input": 113651, "output": 4029, "calls": 40}, "finished_at": "2026-04-23T17:35:04.515059+00:00"}