{"episode_id": "map_46_B8_dense_urban_pn_0008", "episode_idx": 8, "agent_name": "GhostAgent_8", "SR": 0.0, "SPL": 0.0, "SoftSPL": 1.886477252188712e-07, "PLR": 0.0, "nDTW": 8.909545935894297e-07, "CLS": 0.25000000000019845, "steps": 40, "path_length_cm": 0.0, "cumulative_reward": -0.4000000000000002, "ended_reason": "max_steps", "metrics": {"SR": 0.0, "SPL": 0.0, "SoftSPL": 1.886477252188712e-07, "PLR": 0.0, "nDTW": 8.909545935894297e-07, "CLS": 0.25000000000019845, "path_length_cm": 0.0, "cumulative_reward": -0.4000000000000002}, "token_totals": {"input": 35271, "output": 2543, "calls": 40}, "finished_at": "2026-04-23T15:59:39.502635+00:00"}