{"episode_id": "map_43_B5_residential_courtyard_pn_0009", "episode_idx": 9, "agent_name": "GhostAgent_9", "SR": 0.0, "SPL": 0.0, "SoftSPL": 0.008771840438751566, "PLR": 0.0, "nDTW": 0.008771840438751566, "CLS": 0.008771840438751566, "steps": 40, "path_length_cm": 0.0, "cumulative_reward": -0.4000000000000002, "ended_reason": "max_steps", "metrics": {"SR": 0.0, "SPL": 0.0, "SoftSPL": 0.008771840438751566, "PLR": 0.0, "nDTW": 0.008771840438751566, "CLS": 0.008771840438751566, "path_length_cm": 0.0, "cumulative_reward": -0.4000000000000002}, "token_totals": {"input": 36524, "output": 2945, "calls": 40}, "finished_at": "2026-04-23T20:02:01.247172+00:00"}