{"episode_id": "map_61_containeryard_day_big_remix_pn_0013", "episode_idx": 7, "agent_name": "GhostAgent_7", "SR": 0.0, "SPL": 0.0, "SoftSPL": 0.0, "PLR": 0.25031739660211755, "nDTW": 1.060971241743174e-09, "CLS": 0.27182973575717434, "steps": 40, "path_length_cm": 280.36800006420174, "cumulative_reward": 195.98778434880182, "ended_reason": "max_steps", "metrics": {"SR": 0.0, "SPL": 0.0, "SoftSPL": 0.0, "PLR": 0.25031739660211755, "nDTW": 1.060971241743174e-09, "CLS": 0.27182973575717434, "path_length_cm": 280.36800006420174, "cumulative_reward": 195.98778434880182}, "token_totals": {"input": 31248, "output": 1484, "calls": 40}, "finished_at": "2026-04-23T16:22:03.764097+00:00"}