{"episode_id": "map_23_containeryard_demo_remix_obj_pn_0010", "episode_idx": 5, "agent_name": "GhostAgent_5", "SR": 1.0, "SPL": 0.9021575842837805, "SoftSPL": 0.8801599242778491, "PLR": 1.1084537972308866, "nDTW": 1.0950446540796564e-22, "CLS": 0.3197009242397056, "steps": 36, "path_length_cm": 6957.043990250075, "cumulative_reward": 6151.350274058396, "ended_reason": "success", "metrics": {"SR": 1.0, "SPL": 0.9021575842837805, "SoftSPL": 0.8801599242778491, "PLR": 1.1084537972308866, "nDTW": 1.0950446540796564e-22, "CLS": 0.3197009242397056, "path_length_cm": 6957.043990250075, "cumulative_reward": 6151.350274058396}, "token_totals": {"input": 103410, "output": 4767, "calls": 36}, "finished_at": "2026-04-23T13:28:20.752144+00:00"}