{"episode_id": "map_62_trainstation_cross_remix_pn_0000", "episode_idx": 0, "agent_name": "GhostAgent_0", "SR": 0.0, "SPL": 0.0, "SoftSPL": 0.0, "PLR": 0.0, "nDTW": 0.05235331248686533, "CLS": 0.2506852173320868, "steps": 40, "path_length_cm": 0.0, "cumulative_reward": -0.4000000000000002, "ended_reason": "max_steps", "metrics": {"SR": 0.0, "SPL": 0.0, "SoftSPL": 0.0, "PLR": 0.0, "nDTW": 0.05235331248686533, "CLS": 0.2506852173320868, "path_length_cm": 0.0, "cumulative_reward": -0.4000000000000002}, "token_totals": {"input": 106554, "output": 2643, "calls": 40}, "finished_at": "2026-04-23T04:04:23.639015+00:00"}