{"episode_id": "map_32_gothic_night_native_on_0011", "episode_idx": 1, "agent_name": "GhostAgent_1", "SR": 0.0, "SPL": 0.0, "SoftSPL": 0.5694289305955333, "PLR": 0.5729905496513585, "nDTW": 1.0115406303910718e-08, "CLS": 0.10219250632409253, "steps": 40, "path_length_cm": 3717.803342168868, "cumulative_reward": 3602.5237186750214, "ended_reason": "max_steps", "metrics": {"SR": 0.0, "SPL": 0.0, "SoftSPL": 0.5694289305955333, "PLR": 0.5729905496513585, "nDTW": 1.0115406303910718e-08, "CLS": 0.10219250632409253, "path_length_cm": 3717.803342168868, "cumulative_reward": 3602.5237186750214}, "token_totals": {"input": 105853, "output": 3211, "calls": 40}, "finished_at": "2026-04-23T01:35:01.441772+00:00"}