{"episode_id": "map_20_trainstation_native_on_0005", "episode_idx": 5, "agent_name": "GhostAgent_5", "SR": 0.0, "SPL": 0.0, "SoftSPL": 0.2645794619011416, "PLR": 2.2192142452800505, "nDTW": 3.932669850963759e-27, "CLS": 0.012557715598248574, "steps": 40, "path_length_cm": 9764.143220668071, "cumulative_reward": 1647.9145287208112, "ended_reason": "max_steps", "metrics": {"SR": 0.0, "SPL": 0.0, "SoftSPL": 0.2645794619011416, "PLR": 2.2192142452800505, "nDTW": 3.932669850963759e-27, "CLS": 0.012557715598248574, "path_length_cm": 9764.143220668071, "cumulative_reward": 1647.9145287208112}, "token_totals": {"input": 137338, "output": 9277, "calls": 40}, "finished_at": "2026-04-23T17:10:14.551386+00:00"}