{"episode_id": "map_57_gothic_day_invasion_on_0004", "episode_idx": 4, "agent_name": "GhostAgent_4", "SR": 0.0, "SPL": 0.0, "SoftSPL": 0.3897632125383107, "PLR": 0.3540548616022354, "nDTW": 5.5366110398634e-06, "CLS": 0.35920814007734314, "steps": 40, "path_length_cm": 1533.022145251519, "cumulative_reward": 1525.7105073435423, "ended_reason": "max_steps", "metrics": {"SR": 0.0, "SPL": 0.0, "SoftSPL": 0.3897632125383107, "PLR": 0.3540548616022354, "nDTW": 5.5366110398634e-06, "CLS": 0.35920814007734314, "path_length_cm": 1533.022145251519, "cumulative_reward": 1525.7105073435423}, "token_totals": {"input": 108163, "output": 4025, "calls": 40}, "finished_at": "2026-04-23T14:56:00.463083+00:00"}