{"episode_id": "map_11_wintertown_demo01_remix_pn_0003", "episode_idx": 2, "agent_name": "GhostAgent_2", "SR": 0.0, "SPL": 0.0, "SoftSPL": 0.18598627416294689, "PLR": 0.781988700281979, "nDTW": 8.312090742204823e-29, "CLS": 0.036628625121144114, "steps": 40, "path_length_cm": 5157.676851692818, "cumulative_reward": 2957.0862550397833, "ended_reason": "max_steps", "metrics": {"SR": 0.0, "SPL": 0.0, "SoftSPL": 0.18598627416294689, "PLR": 0.781988700281979, "nDTW": 8.312090742204823e-29, "CLS": 0.036628625121144114, "path_length_cm": 5157.676851692818, "cumulative_reward": 2957.0862550397833}, "token_totals": {"input": 115320, "output": 4886, "calls": 40}, "finished_at": "2026-04-22T23:07:56.952944+00:00"}