{"episode_id": "map_67_B12_construction_site_obj_pn_0000", "episode_idx": 0, "agent_name": "GhostAgent_0", "SR": 0.0, "SPL": 0.0, "SoftSPL": 0.0, "PLR": 2.022647180124923, "nDTW": 6.890511881821615e-54, "CLS": 0.010089830804178345, "steps": 40, "path_length_cm": 12622.248821682377, "cumulative_reward": -388.84353857813966, "ended_reason": "max_steps", "metrics": {"SR": 0.0, "SPL": 0.0, "SoftSPL": 0.0, "PLR": 2.022647180124923, "nDTW": 6.890511881821615e-54, "CLS": 0.010089830804178345, "path_length_cm": 12622.248821682377, "cumulative_reward": -388.84353857813966}, "token_totals": {"input": 134323, "output": 8801, "calls": 40}, "finished_at": "2026-04-23T05:57:20.824933+00:00"}