{
  "map": "map_40_B2_open_plaza",
  "n": 40,
  "SR": 0.1,
  "SPL": 0.07984083656459802,
  "SoftSPL": 0.19653550672928102,
  "nDTW": 0.0008587954383075819,
  "avg_steps": 36.2
}