{"episode_id": "map_49_courtyard_sunny_packed_on_0002", "episode_idx": 2, "agent_name": "GhostAgent_2", "SR": 0.0, "SPL": 0.0, "SoftSPL": 0.6105648046126562, "PLR": 0.09218553107038237, "nDTW": 2.1930272007040523e-05, "CLS": 0.09261340582277959, "steps": 40, "path_length_cm": 488.2929302501549, "cumulative_reward": 483.7341218247343, "ended_reason": "max_steps", "metrics": {"SR": 0.0, "SPL": 0.0, "SoftSPL": 0.6105648046126562, "PLR": 0.09218553107038237, "nDTW": 2.1930272007040523e-05, "CLS": 0.09261340582277959, "path_length_cm": 488.2929302501549, "cumulative_reward": 483.7341218247343}, "token_totals": {"input": 108468, "output": 4316, "calls": 40}, "finished_at": "2026-04-23T02:05:40.656302+00:00"}