{"episode_id": "map_01_wintertown_native_on_0000", "episode_idx": 0, "agent_name": "GhostAgent_0", "SR": 1.0, "SPL": 1.0, "SoftSPL": 0.8638365740699382, "PLR": 0.8946504546518945, "nDTW": 3.959921469861816e-06, "CLS": 0.5591990930818979, "steps": 13, "path_length_cm": 1156.908288928551, "cumulative_reward": 1119.3935530351678, "ended_reason": "success", "metrics": {"SR": 1.0, "SPL": 1.0, "SoftSPL": 0.8638365740699382, "PLR": 0.8946504546518945, "nDTW": 3.959921469861816e-06, "CLS": 0.5591990930818979, "path_length_cm": 1156.908288928551, "cumulative_reward": 1119.3935530351678}, "token_totals": {"input": 21880, "output": 5810, "calls": 13}, "finished_at": "2026-04-22T13:59:28.171393+00:00"}