{"episode_id": "map_31_gothic_day_remix_pn_0004", "episode_idx": 4, "agent_name": "GhostAgent_4", "SR": 0.0, "SPL": 0.0, "SoftSPL": 0.5551498034217639, "PLR": 0.05353501764061804, "nDTW": 1.4209976111671888e-06, "CLS": 0.05908265210589879, "steps": 40, "path_length_cm": 396.03600000000006, "cumulative_reward": 395.4819287381865, "ended_reason": "max_steps", "metrics": {"SR": 0.0, "SPL": 0.0, "SoftSPL": 0.5551498034217639, "PLR": 0.05353501764061804, "nDTW": 1.4209976111671888e-06, "CLS": 0.05908265210589879, "path_length_cm": 396.03600000000006, "cumulative_reward": 395.4819287381865}, "token_totals": {"input": 109012, "output": 4124, "calls": 40}, "finished_at": "2026-04-23T00:28:54.987109+00:00"}