{"episode_id": "map_04_courtyard_remix_on_0000", "episode_idx": 0, "agent_name": "GhostAgent_0", "SR": 0.0, "SPL": 0.0, "SoftSPL": 0.9492847338952818, "PLR": 0.9857953718263276, "nDTW": 2.4135085142696396e-05, "CLS": 0.20515924151677273, "steps": 40, "path_length_cm": 3896.0999003468846, "cumulative_reward": 1254.5595929104823, "ended_reason": "success", "metrics": {"SR": 0.0, "SPL": 0.0, "SoftSPL": 0.9492847338952818, "PLR": 0.9857953718263276, "nDTW": 2.4135085142696396e-05, "CLS": 0.20515924151677273, "path_length_cm": 3896.0999003468846, "cumulative_reward": 1254.5595929104823}, "token_totals": {"input": 501741, "output": 7540, "calls": 40}, "finished_at": "2026-04-22T20:09:11.541520+00:00"}