{"episode_id": "map_47_wintertown_demo01_minimal_obj_pn_0015", "episode_idx": 1, "agent_name": "GhostAgent_1", "SR": 0.0, "SPL": 0.0, "SoftSPL": 0.47903681505192774, "PLR": 1.6478440281893763, "nDTW": 3.6012693763778906e-14, "CLS": 0.018431414879821535, "steps": 40, "path_length_cm": 8374.574049422357, "cumulative_reward": 3829.792689071964, "ended_reason": "max_steps", "metrics": {"SR": 0.0, "SPL": 0.0, "SoftSPL": 0.47903681505192774, "PLR": 1.6478440281893763, "nDTW": 3.6012693763778906e-14, "CLS": 0.018431414879821535, "path_length_cm": 8374.574049422357, "cumulative_reward": 3829.792689071964}, "token_totals": {"input": 124447, "output": 6597, "calls": 40}, "finished_at": "2026-04-23T16:12:25.144707+00:00"}