{"episode_id": "map_59_B10_market_plaza_on_0004", "episode_idx": 4, "agent_name": "GhostAgent_4", "SR": 0.0, "SPL": 0.0, "SoftSPL": 0.5401025041581727, "PLR": 1.6631855014366448, "nDTW": 1.527114053957677e-53, "CLS": 0.17294005504521884, "steps": 40, "path_length_cm": 11135.243146233524, "cumulative_reward": 6013.776117997177, "ended_reason": "max_steps", "metrics": {"SR": 0.0, "SPL": 0.0, "SoftSPL": 0.5401025041581727, "PLR": 1.6631855014366448, "nDTW": 1.527114053957677e-53, "CLS": 0.17294005504521884, "path_length_cm": 11135.243146233524, "cumulative_reward": 6013.776117997177}, "token_totals": {"input": 125199, "output": 7035, "calls": 40}, "finished_at": "2026-04-23T02:34:34.608982+00:00"}