{"episode_id": "map_42_B4_industrial_yard_obj_pn_0012", "episode_idx": 2, "agent_name": "GhostAgent_2", "SR": 0.0, "SPL": 0.0, "SoftSPL": 0.016206508866375313, "PLR": 0.0, "nDTW": 6.325093099995603e-11, "CLS": 0.16666666666666685, "steps": 40, "path_length_cm": 0.0, "cumulative_reward": -0.4000000000000002, "ended_reason": "max_steps", "metrics": {"SR": 0.0, "SPL": 0.0, "SoftSPL": 0.016206508866375313, "PLR": 0.0, "nDTW": 6.325093099995603e-11, "CLS": 0.16666666666666685, "path_length_cm": 0.0, "cumulative_reward": -0.4000000000000002}, "token_totals": {"input": 33257, "output": 2108, "calls": 40}, "finished_at": "2026-04-23T16:18:16.999207+00:00"}