{"episode_id": "map_66_middleeast_bazaar_pn_0004", "episode_idx": 4, "agent_name": "GhostAgent_4", "SR": 0.0, "SPL": 0.0, "SoftSPL": 0.1478860144803894, "PLR": 0.0, "nDTW": 0.00030172845511052844, "CLS": 0.10001912870456786, "steps": 40, "path_length_cm": 0.0, "cumulative_reward": -0.4000000000000002, "ended_reason": "max_steps", "metrics": {"SR": 0.0, "SPL": 0.0, "SoftSPL": 0.1478860144803894, "PLR": 0.0, "nDTW": 0.00030172845511052844, "CLS": 0.10001912870456786, "path_length_cm": 0.0, "cumulative_reward": -0.4000000000000002}, "token_totals": {"input": 35225, "output": 2529, "calls": 40}, "finished_at": "2026-04-23T18:41:08.109605+00:00"}