{"episode_id": "map_19_wintertown_demo02_native_obj_on_0010", "episode_idx": 7, "agent_name": "GhostAgent_7", "SR": 0.0, "SPL": 0.0, "SoftSPL": 0.0, "PLR": 1.393327881323164, "nDTW": 3.837324409559853e-166, "CLS": 0.17942653974384265, "steps": 40, "path_length_cm": 5789.542079195197, "cumulative_reward": -4080.0847758246773, "ended_reason": "max_steps", "metrics": {"SR": 0.0, "SPL": 0.0, "SoftSPL": 0.0, "PLR": 1.393327881323164, "nDTW": 3.837324409559853e-166, "CLS": 0.17942653974384265, "path_length_cm": 5789.542079195197, "cumulative_reward": -4080.0847758246773}, "token_totals": {"input": 133526, "output": 8412, "calls": 40}, "finished_at": "2026-04-23T13:18:36.419660+00:00"}