{"episode_id": "map_03_watertown_remix_obj_pn_0016", "episode_idx": 6, "agent_name": "GhostAgent_6", "SR": 0.0, "SPL": 0.0, "SoftSPL": 0.0, "PLR": 2.9502159436553166, "nDTW": 4.241969148688519e-127, "CLS": 0.05904231046183074, "steps": 40, "path_length_cm": 15984.505999999998, "cumulative_reward": -5584.296318554231, "ended_reason": "max_steps", "metrics": {"SR": 0.0, "SPL": 0.0, "SoftSPL": 0.0, "PLR": 2.9502159436553166, "nDTW": 4.241969148688519e-127, "CLS": 0.05904231046183074, "path_length_cm": 15984.505999999998, "cumulative_reward": -5584.296318554231}, "token_totals": {"input": 130964, "output": 7395, "calls": 40}, "finished_at": "2026-04-22T22:42:08.634245+00:00"}