{"episode_id": "map_68_B13_suburban_park_obj_on_0016", "episode_idx": 6, "agent_name": "GhostAgent_6", "SR": 0.0, "SPL": 0.0, "SoftSPL": 0.3479142414352733, "PLR": 2.078192512311422, "nDTW": 2.3113605843325298e-43, "CLS": 0.019252759383225976, "steps": 40, "path_length_cm": 13432.916851452956, "cumulative_reward": 4481.209204809254, "ended_reason": "max_steps", "metrics": {"SR": 0.0, "SPL": 0.0, "SoftSPL": 0.3479142414352733, "PLR": 2.078192512311422, "nDTW": 2.3113605843325298e-43, "CLS": 0.019252759383225976, "path_length_cm": 13432.916851452956, "cumulative_reward": 4481.209204809254}, "token_totals": {"input": 122192, "output": 5514, "calls": 40}, "finished_at": "2026-04-23T04:48:21.791512+00:00"}