{"episode_id": "map_67_B12_construction_site_on_0008", "episode_idx": 8, "agent_name": "GhostAgent_8", "SR": 0.0, "SPL": 0.0, "SoftSPL": 0.18629937858754023, "PLR": 1.6749317080918136, "nDTW": 3.995710518611157e-125, "CLS": 0.06633769638580315, "steps": 40, "path_length_cm": 12003.280840820416, "cumulative_reward": 2232.04826351689, "ended_reason": "max_steps", "metrics": {"SR": 0.0, "SPL": 0.0, "SoftSPL": 0.18629937858754023, "PLR": 1.6749317080918136, "nDTW": 3.995710518611157e-125, "CLS": 0.06633769638580315, "path_length_cm": 12003.280840820416, "cumulative_reward": 2232.04826351689}, "token_totals": {"input": 128908, "output": 7454, "calls": 40}, "finished_at": "2026-04-23T15:16:42.408374+00:00"}