{"episode_id": "map_16_hwaseong_remix_pn_0019", "episode_idx": 1, "agent_name": "GhostAgent_1", "SR": 0.0, "SPL": 0.0, "SoftSPL": 0.5426184205734546, "PLR": 0.6549696572079117, "nDTW": 2.1874484526416483e-18, "CLS": 0.04795715751417466, "steps": 40, "path_length_cm": 5125.104819169048, "cumulative_reward": 4042.740039179904, "ended_reason": "max_steps", "metrics": {"SR": 0.0, "SPL": 0.0, "SoftSPL": 0.5426184205734546, "PLR": 0.6549696572079117, "nDTW": 2.1874484526416483e-18, "CLS": 0.04795715751417466, "path_length_cm": 5125.104819169048, "cumulative_reward": 4042.740039179904}, "token_totals": {"input": 122088, "output": 6094, "calls": 40}, "finished_at": "2026-04-23T15:56:22.654969+00:00"}