{"episode_id": "map_37_dungeon_remix_on_0008", "episode_idx": 8, "agent_name": "GhostAgent_8", "SR": 0.0, "SPL": 0.0, "SoftSPL": 0.5342079538230081, "PLR": 1.3663419296018402, "nDTW": 0.5342079538230081, "CLS": 0.5342079538230081, "steps": 40, "path_length_cm": 2283.225681461155, "cumulative_reward": 1219.3140370389096, "ended_reason": "max_steps", "metrics": {"SR": 0.0, "SPL": 0.0, "SoftSPL": 0.5342079538230081, "PLR": 1.3663419296018402, "nDTW": 0.5342079538230081, "CLS": 0.5342079538230081, "path_length_cm": 2283.225681461155, "cumulative_reward": 1219.3140370389096}, "token_totals": {"input": 118150, "output": 5391, "calls": 40}, "finished_at": "2026-04-23T20:20:58.517369+00:00"}