{"episode_id": "map_31_gothic_day_remix_obj_pn_0012", "episode_idx": 2, "agent_name": "GhostAgent_2", "SR": 0.0, "SPL": 0.0, "SoftSPL": 0.3934682195145782, "PLR": 0.026896099333389812, "nDTW": 0.00012689588029415533, "CLS": 0.08045913383998753, "steps": 40, "path_length_cm": 162.69100837476162, "cumulative_reward": -60.08975938193299, "ended_reason": "max_steps", "metrics": {"SR": 0.0, "SPL": 0.0, "SoftSPL": 0.3934682195145782, "PLR": 0.026896099333389812, "nDTW": 0.00012689588029415533, "CLS": 0.08045913383998753, "path_length_cm": 162.69100837476162, "cumulative_reward": -60.08975938193299}, "token_totals": {"input": 116044, "output": 4935, "calls": 40}, "finished_at": "2026-04-23T18:37:36.122686+00:00"}