{"episode_id": "map_08_cave_remix_obj_on_0002", "episode_idx": 2, "agent_name": "GhostAgent_2", "SR": 0.0, "SPL": 0.0, "SoftSPL": 0.16005485331554925, "PLR": 0.14224735333032235, "nDTW": 1.592583196777807e-09, "CLS": 0.16669175189906896, "steps": 40, "path_length_cm": 417.6296945366266, "cumulative_reward": 394.5144768986397, "ended_reason": "max_steps", "metrics": {"SR": 0.0, "SPL": 0.0, "SoftSPL": 0.16005485331554925, "PLR": 0.14224735333032235, "nDTW": 1.592583196777807e-09, "CLS": 0.16669175189906896, "path_length_cm": 417.6296945366266, "cumulative_reward": 394.5144768986397}, "token_totals": {"input": 36337, "output": 2672, "calls": 40}, "finished_at": "2026-04-23T15:06:20.568930+00:00"}