{"episode_id": "map_19_wintertown_demo02_native_on_0019", "episode_idx": 9, "agent_name": "GhostAgent_9", "SR": 1.0, "SPL": 0.9453856430434159, "SoftSPL": 0.8751586317304472, "PLR": 1.0577693953345513, "nDTW": 0.016268903956813206, "CLS": 0.35381510276236977, "steps": 7, "path_length_cm": 1991.6422613935665, "cumulative_reward": 1730.3270054692807, "ended_reason": "success", "metrics": {"SR": 1.0, "SPL": 0.9453856430434159, "SoftSPL": 0.8751586317304472, "PLR": 1.0577693953345513, "nDTW": 0.016268903956813206, "CLS": 0.35381510276236977, "path_length_cm": 1991.6422613935665, "cumulative_reward": 1730.3270054692807}, "token_totals": {"input": 13375, "output": 706, "calls": 7}, "finished_at": "2026-04-22T23:58:11.528618+00:00"}