{"episode_id": "map_11_wintertown_demo01_remix_obj_pn_0006", "episode_idx": 1, "agent_name": "GhostAgent_1", "SR": 0.0, "SPL": 0.0, "SoftSPL": 0.0, "PLR": 1.9861993532247406, "nDTW": 8.041899175591797e-44, "CLS": 0.06080333246064596, "steps": 40, "path_length_cm": 4663.953597255271, "cumulative_reward": 1874.9532486568332, "ended_reason": "max_steps", "metrics": {"SR": 0.0, "SPL": 0.0, "SoftSPL": 0.0, "PLR": 1.9861993532247406, "nDTW": 8.041899175591797e-44, "CLS": 0.06080333246064596, "path_length_cm": 4663.953597255271, "cumulative_reward": 1874.9532486568332}, "token_totals": {"input": 120247, "output": 6895, "calls": 40}, "finished_at": "2026-04-22T23:46:04.849707+00:00"}