{"episode_id": "map_68_B13_suburban_park_obj_on_0007", "episode_idx": 7, "agent_name": "GhostAgent_7", "SR": 0.0, "SPL": 0.0, "SoftSPL": 0.007499526387409694, "PLR": 0.0, "nDTW": 2.5572937684239285e-14, "CLS": 0.08333333333333337, "steps": 40, "path_length_cm": 0.0, "cumulative_reward": -0.4000000000000002, "ended_reason": "max_steps", "metrics": {"SR": 0.0, "SPL": 0.0, "SoftSPL": 0.007499526387409694, "PLR": 0.0, "nDTW": 2.5572937684239285e-14, "CLS": 0.08333333333333337, "path_length_cm": 0.0, "cumulative_reward": -0.4000000000000002}, "token_totals": {"input": 104611, "output": 2073, "calls": 40}, "finished_at": "2026-04-23T04:32:19.348656+00:00"}