{"episode_id": "map_09b_wintertown_demo02_obj_pn_0008", "episode_idx": 7, "agent_name": "GhostAgent_7", "SR": 0.0, "SPL": 0.0, "SoftSPL": 0.2552610428145571, "PLR": 0.30375851190537034, "nDTW": 2.2108429739408573e-15, "CLS": 0.2762441676619216, "steps": 40, "path_length_cm": 2011.5982189016481, "cumulative_reward": 1996.7111531814544, "ended_reason": "max_steps", "metrics": {"SR": 0.0, "SPL": 0.0, "SoftSPL": 0.2552610428145571, "PLR": 0.30375851190537034, "nDTW": 2.2108429739408573e-15, "CLS": 0.2762441676619216, "path_length_cm": 2011.5982189016481, "cumulative_reward": 1996.7111531814544}, "token_totals": {"input": 120340, "output": 8342, "calls": 40}, "finished_at": "2026-04-22T23:16:35.302526+00:00"}