{"episode_id": "map_68_B13_suburban_park_obj_on_0013", "episode_idx": 3, "agent_name": "GhostAgent_3", "SR": 1.0, "SPL": 0.8720575878008757, "SoftSPL": 0.8564072937869274, "PLR": 1.1467132606709667, "nDTW": 7.279804262520686e-32, "CLS": 0.5388446673033616, "steps": 23, "path_length_cm": 7135.767278503292, "cumulative_reward": 6113.392593496163, "ended_reason": "success", "metrics": {"SR": 1.0, "SPL": 0.8720575878008757, "SoftSPL": 0.8564072937869274, "PLR": 1.1467132606709667, "nDTW": 7.279804262520686e-32, "CLS": 0.5388446673033616, "path_length_cm": 7135.767278503292, "cumulative_reward": 6113.392593496163}, "token_totals": {"input": 60127, "output": 2209, "calls": 23}, "finished_at": "2026-04-23T04:48:21.698955+00:00"}