{"episode_id": "map_15_middleeast_remix_on_0001", "episode_idx": 1, "agent_name": "GhostAgent_1", "SR": 0.0, "SPL": 0.0, "SoftSPL": 0.12525926298079926, "PLR": 0.0, "nDTW": 7.614757607928034e-08, "CLS": 0.06265539623469764, "steps": 40, "path_length_cm": 0.0, "cumulative_reward": -0.4000000000000002, "ended_reason": "max_steps", "metrics": {"SR": 0.0, "SPL": 0.0, "SoftSPL": 0.12525926298079926, "PLR": 0.0, "nDTW": 7.614757607928034e-08, "CLS": 0.06265539623469764, "path_length_cm": 0.0, "cumulative_reward": -0.4000000000000002}, "token_totals": {"input": 31699, "output": 1514, "calls": 40}, "finished_at": "2026-04-23T14:46:14.779583+00:00"}