{"episode_id": "map_03_watertown_remix_pn_0016", "episode_idx": 1, "agent_name": "GhostAgent_1", "SR": 0.0, "SPL": 0.0, "SoftSPL": 0.17354024230931478, "PLR": 2.2585689938847104, "nDTW": 1.3780079867048339e-35, "CLS": 0.1357539011814229, "steps": 40, "path_length_cm": 4763.931821731203, "cumulative_reward": 826.3377406071697, "ended_reason": "max_steps", "metrics": {"SR": 0.0, "SPL": 0.0, "SoftSPL": 0.17354024230931478, "PLR": 2.2585689938847104, "nDTW": 1.3780079867048339e-35, "CLS": 0.1357539011814229, "path_length_cm": 4763.931821731203, "cumulative_reward": 826.3377406071697}, "token_totals": {"input": 441320, "output": 4452, "calls": 40}, "finished_at": "2026-04-22T20:31:15.353135+00:00"}