{"episode_id": "map_13_watertown_native_pn_0004", "episode_idx": 4, "agent_name": "GhostAgent_4", "SR": 0.0, "SPL": 0.0, "SoftSPL": 0.0, "PLR": 0.8617665571230245, "nDTW": 7.624548363888466e-09, "CLS": 0.29022272472342125, "steps": 11, "path_length_cm": 1587.7273225090316, "cumulative_reward": -58.29149279488959, "ended_reason": "no_tool_call", "metrics": {"SR": 0.0, "SPL": 0.0, "SoftSPL": 0.0, "PLR": 0.8617665571230245, "nDTW": 7.624548363888466e-09, "CLS": 0.29022272472342125, "path_length_cm": 1587.7273225090316, "cumulative_reward": -58.29149279488959}, "token_totals": {"input": 26892, "output": 1577, "calls": 11}, "finished_at": "2026-04-23T18:06:42.726273+00:00"}