{"episode_id": "map_20_trainstation_native_pn_0009", "episode_idx": 8, "agent_name": "GhostAgent_8", "SR": 0.0, "SPL": 0.0, "SoftSPL": 0.016377841367538074, "PLR": 4.853898378387845, "nDTW": 9.111696434482998e-40, "CLS": 0.012984321373073027, "steps": 40, "path_length_cm": 11166.393219481237, "cumulative_reward": -554.6719122123493, "ended_reason": "max_steps", "metrics": {"SR": 0.0, "SPL": 0.0, "SoftSPL": 0.016377841367538074, "PLR": 4.853898378387845, "nDTW": 9.111696434482998e-40, "CLS": 0.012984321373073027, "path_length_cm": 11166.393219481237, "cumulative_reward": -554.6719122123493}, "token_totals": {"input": 123794, "output": 5878, "calls": 40}, "finished_at": "2026-04-23T18:21:16.544180+00:00"}