{"episode_id": "map_13_watertown_native_pn_0001", "episode_idx": 1, "agent_name": "GhostAgent_1", "SR": 0.0, "SPL": 0.0, "SoftSPL": 0.44751017261244563, "PLR": 1.68656709987231, "nDTW": 4.160180470750329e-33, "CLS": 0.24200007681525382, "steps": 40, "path_length_cm": 4305.906999999999, "cumulative_reward": 1926.5340024439288, "ended_reason": "max_steps", "metrics": {"SR": 0.0, "SPL": 0.0, "SoftSPL": 0.44751017261244563, "PLR": 1.68656709987231, "nDTW": 4.160180470750329e-33, "CLS": 0.24200007681525382, "path_length_cm": 4305.906999999999, "cumulative_reward": 1926.5340024439288}, "token_totals": {"input": 123625, "output": 6620, "calls": 40}, "finished_at": "2026-04-23T18:06:42.724261+00:00"}