{"episode_id": "map_26_courtyard_overcast_native_pn_0019", "episode_idx": 6, "agent_name": "GhostAgent_6", "SR": 0.0, "SPL": 0.0, "SoftSPL": 0.0, "PLR": 19.91407979447055, "nDTW": 2.030766391805862e-161, "CLS": 0.0048957348825902965, "steps": 16, "path_length_cm": 48643.72443235732, "cumulative_reward": -28534.690772330574, "ended_reason": "step_error", "metrics": {"SR": 0.0, "SPL": 0.0, "SoftSPL": 0.0, "PLR": 19.91407979447055, "nDTW": 2.030766391805862e-161, "CLS": 0.0048957348825902965, "path_length_cm": 48643.72443235732, "cumulative_reward": -28534.690772330574}, "token_totals": {"input": 45957, "output": 2924, "calls": 16}, "finished_at": "2026-04-23T18:33:26.079694+00:00"}