{"episode_id": "map_03_watertown_remix_on_0007", "episode_idx": 1, "agent_name": "GhostAgent_1", "SR": 0.0, "SPL": 0.0, "SoftSPL": 0.649325865200737, "PLR": 0.954046557449314, "nDTW": 8.136035479500894e-77, "CLS": 0.1164632778134066, "steps": 40, "path_length_cm": 7565.074015432037, "cumulative_reward": 5090.97929420681, "ended_reason": "max_steps", "metrics": {"SR": 0.0, "SPL": 0.0, "SoftSPL": 0.649325865200737, "PLR": 0.954046557449314, "nDTW": 8.136035479500894e-77, "CLS": 0.1164632778134066, "path_length_cm": 7565.074015432037, "cumulative_reward": 5090.97929420681}, "token_totals": {"input": 369920, "output": 30574, "calls": 40}, "finished_at": "2026-04-22T16:20:57.253245+00:00"}