{"episode_id": "map_61_containeryard_day_big_remix_on_0009", "episode_idx": 9, "agent_name": "GhostAgent_9", "SR": 0.0, "SPL": 0.0, "SoftSPL": 0.0, "PLR": 0.2547686942031392, "nDTW": 1.546822391303276e-16, "CLS": 0.2698028949301285, "steps": 40, "path_length_cm": 464.5860000010765, "cumulative_reward": -410.896741783122, "ended_reason": "max_steps", "metrics": {"SR": 0.0, "SPL": 0.0, "SoftSPL": 0.0, "PLR": 0.2547686942031392, "nDTW": 1.546822391303276e-16, "CLS": 0.2698028949301285, "path_length_cm": 464.5860000010765, "cumulative_reward": -410.896741783122}, "token_totals": {"input": 34369, "output": 2144, "calls": 40}, "finished_at": "2026-04-23T16:30:40.536502+00:00"}