{
  "map": "map_18_cave_native",
  "n": 20,
  "SR": 0.2,
  "SPL": 0.14530747744014083,
  "SoftSPL": 0.20293371958090387,
  "nDTW": 0.0021458381085330837,
  "avg_steps": 30.25
}