{"episode_id": "map_36_dungeon_native_obj_on_0006", "episode_idx": 6, "agent_name": "GhostAgent_6", "SR": 1.0, "SPL": 0.4520231709960133, "SoftSPL": 0.4295301927297026, "PLR": 2.2122759720404237, "nDTW": 7.925014946952456e-48, "CLS": 0.2595185695785649, "steps": 28, "path_length_cm": 5893.104979840722, "cumulative_reward": 2533.4891362800827, "ended_reason": "success", "metrics": {"SR": 1.0, "SPL": 0.4520231709960133, "SoftSPL": 0.4295301927297026, "PLR": 2.2122759720404237, "nDTW": 7.925014946952456e-48, "CLS": 0.2595185695785649, "path_length_cm": 5893.104979840722, "cumulative_reward": 2533.4891362800827}, "token_totals": {"input": 91794, "output": 6392, "calls": 28}, "finished_at": "2026-04-23T01:34:21.898191+00:00"}