{"episode_id": "map_49_courtyard_sunny_packed_pn_0013", "episode_idx": 3, "agent_name": "GhostAgent_3", "SR": 0.0, "SPL": 0.0, "SoftSPL": 0.4630300944727639, "PLR": 0.39165128266640586, "nDTW": 1.354030452882894e-09, "CLS": 0.0761010112535921, "steps": 40, "path_length_cm": 1192.9580574633922, "cumulative_reward": 293.9343623275169, "ended_reason": "max_steps", "metrics": {"SR": 0.0, "SPL": 0.0, "SoftSPL": 0.4630300944727639, "PLR": 0.39165128266640586, "nDTW": 1.354030452882894e-09, "CLS": 0.0761010112535921, "path_length_cm": 1192.9580574633922, "cumulative_reward": 293.9343623275169}, "token_totals": {"input": 111382, "output": 3585, "calls": 40}, "finished_at": "2026-04-23T01:44:08.475276+00:00"}