{"episode_id": "map_53_courtyard_sanny_big_remix_obj_pn_0014", "episode_idx": 2, "agent_name": "GhostAgent_2", "SR": 0.0, "SPL": 0.0, "SoftSPL": 0.4261634822063436, "PLR": 0.8316420492811939, "nDTW": 3.7046363925690424e-17, "CLS": 0.044222670870823724, "steps": 40, "path_length_cm": 3184.0413827189645, "cumulative_reward": 1267.5036913314289, "ended_reason": "max_steps", "metrics": {"SR": 0.0, "SPL": 0.0, "SoftSPL": 0.4261634822063436, "PLR": 0.8316420492811939, "nDTW": 3.7046363925690424e-17, "CLS": 0.044222670870823724, "path_length_cm": 3184.0413827189645, "cumulative_reward": 1267.5036913314289}, "token_totals": {"input": 124765, "output": 6508, "calls": 40}, "finished_at": "2026-04-23T19:25:24.826292+00:00"}