{"episode_id": "map_59_B10_market_plaza_pn_0003", "episode_idx": 2, "agent_name": "GhostAgent_2", "SR": 0.0, "SPL": 0.0, "SoftSPL": 0.0, "PLR": 0.4115557524315097, "nDTW": 3.4332021448799497e-19, "CLS": 0.06754243274601919, "steps": 40, "path_length_cm": 1383.8603331084757, "cumulative_reward": 1060.2754150598903, "ended_reason": "max_steps", "metrics": {"SR": 0.0, "SPL": 0.0, "SoftSPL": 0.0, "PLR": 0.4115557524315097, "nDTW": 3.4332021448799497e-19, "CLS": 0.06754243274601919, "path_length_cm": 1383.8603331084757, "cumulative_reward": 1060.2754150598903}, "token_totals": {"input": 121442, "output": 6809, "calls": 40}, "finished_at": "2026-04-23T03:30:47.114642+00:00"}