{"episode_id": "map_05_middleeast_native_obj_on_0011", "episode_idx": 2, "agent_name": "GhostAgent_2", "SR": 0.0, "SPL": 0.0, "SoftSPL": 0.3781566638229217, "PLR": 0.26737530699552514, "nDTW": 4.391002995644833e-08, "CLS": 0.11180646905060047, "steps": 40, "path_length_cm": 2106.398711029167, "cumulative_reward": 1450.4598422124918, "ended_reason": "max_steps", "metrics": {"SR": 0.0, "SPL": 0.0, "SoftSPL": 0.3781566638229217, "PLR": 0.26737530699552514, "nDTW": 4.391002995644833e-08, "CLS": 0.11180646905060047, "path_length_cm": 2106.398711029167, "cumulative_reward": 1450.4598422124918}, "token_totals": {"input": 117947, "output": 6625, "calls": 40}, "finished_at": "2026-04-22T22:51:30.501814+00:00"}