{"episode_id": "map_36_dungeon_native_on_0019", "episode_idx": 9, "agent_name": "GhostAgent_9", "SR": 1.0, "SPL": 0.8205380272485286, "SoftSPL": 0.7572837948099223, "PLR": 1.218712560285905, "nDTW": 2.3924721938723636e-07, "CLS": 0.4561342521219083, "steps": 10, "path_length_cm": 2247.964065949763, "cumulative_reward": 1704.741965089436, "ended_reason": "success", "metrics": {"SR": 1.0, "SPL": 0.8205380272485286, "SoftSPL": 0.7572837948099223, "PLR": 1.218712560285905, "nDTW": 2.3924721938723636e-07, "CLS": 0.4561342521219083, "path_length_cm": 2247.964065949763, "cumulative_reward": 1704.741965089436}, "token_totals": {"input": 25868, "output": 2062, "calls": 10}, "finished_at": "2026-04-23T01:23:21.957155+00:00"}