{"episode_id": "map_36_dungeon_native_on_0004", "episode_idx": 1, "agent_name": "GhostAgent_1", "SR": 0.0, "SPL": 0.0, "SoftSPL": 0.0, "PLR": 1.6282191301854283, "nDTW": 7.154183233374311e-10, "CLS": 0.15422891765029825, "steps": 10, "path_length_cm": 1987.7461963216726, "cumulative_reward": -373.71676211214776, "ended_reason": "no_tool_call", "metrics": {"SR": 0.0, "SPL": 0.0, "SoftSPL": 0.0, "PLR": 1.6282191301854283, "nDTW": 7.154183233374311e-10, "CLS": 0.15422891765029825, "path_length_cm": 1987.7461963216726, "cumulative_reward": -373.71676211214776}, "token_totals": {"input": 25055, "output": 1836, "calls": 10}, "finished_at": "2026-04-23T18:16:24.097653+00:00"}