{"episode_id": "map_31_gothic_day_remix_obj_pn_0008", "episode_idx": 7, "agent_name": "GhostAgent_7", "SR": 0.0, "SPL": 0.0, "SoftSPL": 0.5161166834986832, "PLR": 0.8893573764738371, "nDTW": 1.555168599680779e-20, "CLS": 0.25766998377922107, "steps": 40, "path_length_cm": 5175.890953176202, "cumulative_reward": 3792.0418124756566, "ended_reason": "max_steps", "metrics": {"SR": 0.0, "SPL": 0.0, "SoftSPL": 0.5161166834986832, "PLR": 0.8893573764738371, "nDTW": 1.555168599680779e-20, "CLS": 0.25766998377922107, "path_length_cm": 5175.890953176202, "cumulative_reward": 3792.0418124756566}, "token_totals": {"input": 110832, "output": 4356, "calls": 40}, "finished_at": "2026-04-23T01:01:10.748238+00:00"}