{"episode_id": "map_47_wintertown_demo01_minimal_obj_on_0005", "episode_idx": 0, "agent_name": "GhostAgent_0", "SR": 0.0, "SPL": 0.0, "SoftSPL": 0.0, "PLR": 6.893089451955381, "nDTW": 2.8090368739143365e-135, "CLS": 0.007472265653582312, "steps": 16, "path_length_cm": 48145.74830970564, "cumulative_reward": -19243.161368186604, "ended_reason": "step_error", "metrics": {"SR": 0.0, "SPL": 0.0, "SoftSPL": 0.0, "PLR": 6.893089451955381, "nDTW": 2.8090368739143365e-135, "CLS": 0.007472265653582312, "path_length_cm": 48145.74830970564, "cumulative_reward": -19243.161368186604}, "token_totals": {"input": 44942, "output": 2370, "calls": 16}, "finished_at": "2026-04-23T18:28:05.065870+00:00"}