{"episode_id": "map_01_wintertown_native_on_0007", "episode_idx": 1, "agent_name": "GhostAgent_1", "SR": 0.0, "SPL": 0.0, "SoftSPL": 0.9687037516469685, "PLR": 0.9589452898082168, "nDTW": 5.024313676297654e-18, "CLS": 0.11293877261579495, "steps": 40, "path_length_cm": 6607.756361216989, "cumulative_reward": 6272.951501639168, "ended_reason": "max_steps", "metrics": {"SR": 0.0, "SPL": 0.0, "SoftSPL": 0.9687037516469685, "PLR": 0.9589452898082168, "nDTW": 5.024313676297654e-18, "CLS": 0.11293877261579495, "path_length_cm": 6607.756361216989, "cumulative_reward": 6272.951501639168}, "token_totals": {"input": 346163, "output": 9631, "calls": 40}, "finished_at": "2026-04-22T16:04:09.860267+00:00"}