{"episode_id": "map_04_courtyard_remix_on_0006", "episode_idx": 0, "agent_name": "GhostAgent_0", "SR": 0.0, "SPL": 0.0, "SoftSPL": 0.6917446490617323, "PLR": 0.8106643857516124, "nDTW": 3.497500159347766e-12, "CLS": 0.03134526611857382, "steps": 40, "path_length_cm": 2817.237086651718, "cumulative_reward": 517.777983864169, "ended_reason": "max_steps", "metrics": {"SR": 0.0, "SPL": 0.0, "SoftSPL": 0.6917446490617323, "PLR": 0.8106643857516124, "nDTW": 3.497500159347766e-12, "CLS": 0.03134526611857382, "path_length_cm": 2817.237086651718, "cumulative_reward": 517.777983864169}, "token_totals": {"input": 360319, "output": 29069, "calls": 40}, "finished_at": "2026-04-22T16:13:43.939981+00:00"}