{"episode_id": "map_45_B7_park_with_paths_obj_pn_0000", "episode_idx": 0, "agent_name": "GhostAgent_0", "SR": 0.0, "SPL": 0.0, "SoftSPL": 0.0015994720014333996, "PLR": 0.0, "nDTW": 3.415503061837225e-09, "CLS": 0.1005910358530363, "steps": 0, "path_length_cm": 0.0, "cumulative_reward": 0.0, "ended_reason": "spawn_blocked", "metrics": {"SR": 0.0, "SPL": 0.0, "SoftSPL": 0.0015994720014333996, "PLR": 0.0, "nDTW": 3.415503061837225e-09, "CLS": 0.1005910358530363, "path_length_cm": 0.0, "cumulative_reward": 0.0}, "token_totals": {"input": 0, "output": 0, "calls": 0}, "finished_at": "2026-04-23T19:32:11.778205+00:00"}