{"episode_id": "map_15_middleeast_remix_obj_pn_0011", "episode_idx": 0, "agent_name": "GhostAgent_0", "SR": 0.0, "SPL": 0.0, "SoftSPL": 0.43282114471752975, "PLR": 0.6692083777301451, "nDTW": 5.944195354313801e-10, "CLS": 0.23826698171187685, "steps": 40, "path_length_cm": 3240.1731232938164, "cumulative_reward": 3054.974738668513, "ended_reason": "max_steps", "metrics": {"SR": 0.0, "SPL": 0.0, "SoftSPL": 0.43282114471752975, "PLR": 0.6692083777301451, "nDTW": 5.944195354313801e-10, "CLS": 0.23826698171187685, "path_length_cm": 3240.1731232938164, "cumulative_reward": 3054.974738668513}, "token_totals": {"input": 45317, "output": 5270, "calls": 40}, "finished_at": "2026-04-23T15:09:16.254707+00:00"}