{"episode_id": "map_57_gothic_day_invasion_on_0019", "episode_idx": 9, "agent_name": "GhostAgent_9", "SR": 0.0, "SPL": 0.0, "SoftSPL": 0.10465994508951615, "PLR": 0.14827485638228546, "nDTW": 5.158550955733356e-10, "CLS": 0.1666403369804659, "steps": 40, "path_length_cm": 574.9876518220457, "cumulative_reward": 265.5409582105876, "ended_reason": "max_steps", "metrics": {"SR": 0.0, "SPL": 0.0, "SoftSPL": 0.10465994508951615, "PLR": 0.14827485638228546, "nDTW": 5.158550955733356e-10, "CLS": 0.1666403369804659, "path_length_cm": 574.9876518220457, "cumulative_reward": 265.5409582105876}, "token_totals": {"input": 114373, "output": 4089, "calls": 40}, "finished_at": "2026-04-23T15:09:07.930545+00:00"}