{"episode_id": "map_09b_wintertown_demo02_pn_0013", "episode_idx": 3, "agent_name": "GhostAgent_3", "SR": 0.0, "SPL": 0.0, "SoftSPL": 0.0, "PLR": 1.0568208815222644, "nDTW": 1.0185160118483946e-45, "CLS": 0.23834687225136472, "steps": 40, "path_length_cm": 1510.6091998391096, "cumulative_reward": 183.4949229806079, "ended_reason": "max_steps", "metrics": {"SR": 0.0, "SPL": 0.0, "SoftSPL": 0.0, "PLR": 1.0568208815222644, "nDTW": 1.0185160118483946e-45, "CLS": 0.23834687225136472, "path_length_cm": 1510.6091998391096, "cumulative_reward": 183.4949229806079}, "token_totals": {"input": 118156, "output": 5345, "calls": 40}, "finished_at": "2026-04-22T23:03:09.899669+00:00"}