{"episode_id": "map_50_B9_sparse_wilderness_pn_0019", "episode_idx": 9, "agent_name": "GhostAgent_9", "SR": 0.0, "SPL": 0.0, "SoftSPL": 0.17622619674423412, "PLR": 1.6054721737936446, "nDTW": 3.820550867814567e-98, "CLS": 0.06920818898667946, "steps": 40, "path_length_cm": 10475.834371777435, "cumulative_reward": 1843.831448729352, "ended_reason": "max_steps", "metrics": {"SR": 0.0, "SPL": 0.0, "SoftSPL": 0.17622619674423412, "PLR": 1.6054721737936446, "nDTW": 3.820550867814567e-98, "CLS": 0.06920818898667946, "path_length_cm": 10475.834371777435, "cumulative_reward": 1843.831448729352}, "token_totals": {"input": 122237, "output": 5675, "calls": 40}, "finished_at": "2026-04-23T19:26:09.248788+00:00"}