{"episode_id": "map_45_B7_park_with_paths_pn_0017", "episode_idx": 7, "agent_name": "GhostAgent_7", "SR": 0.0, "SPL": 0.0, "SoftSPL": 0.3991841380658476, "PLR": 2.1799600911338053, "nDTW": 3.1892347577157924e-47, "CLS": 0.07841051185146118, "steps": 40, "path_length_cm": 10036.53625958004, "cumulative_reward": 3965.90693688112, "ended_reason": "max_steps", "metrics": {"SR": 0.0, "SPL": 0.0, "SoftSPL": 0.3991841380658476, "PLR": 2.1799600911338053, "nDTW": 3.1892347577157924e-47, "CLS": 0.07841051185146118, "path_length_cm": 10036.53625958004, "cumulative_reward": 3965.90693688112}, "token_totals": {"input": 124207, "output": 6143, "calls": 40}, "finished_at": "2026-04-23T19:18:31.269435+00:00"}