{"episode_id": "map_47_wintertown_demo01_minimal_obj_pn_0009", "episode_idx": 8, "agent_name": "GhostAgent_8", "SR": 0.0, "SPL": 0.0, "SoftSPL": 0.4056712279700459, "PLR": 1.5832491844439611, "nDTW": 0.005952421532884503, "CLS": 0.38302012958765724, "steps": 13, "path_length_cm": 3029.3414920395417, "cumulative_reward": 1211.5896027043655, "ended_reason": "no_tool_call", "metrics": {"SR": 0.0, "SPL": 0.0, "SoftSPL": 0.4056712279700459, "PLR": 1.5832491844439611, "nDTW": 0.005952421532884503, "CLS": 0.38302012958765724, "path_length_cm": 3029.3414920395417, "cumulative_reward": 1211.5896027043655}, "token_totals": {"input": 33840, "output": 2263, "calls": 13}, "finished_at": "2026-04-23T02:15:46.729423+00:00"}