{"episode_id": "map_42_B4_industrial_yard_obj_pn_0017", "episode_idx": 7, "agent_name": "GhostAgent_7", "SR": 0.0, "SPL": 0.0, "SoftSPL": 0.0, "PLR": 0.0, "nDTW": 0.003959471581096651, "CLS": 0.2500039193538004, "steps": 4, "path_length_cm": 0.0, "cumulative_reward": -0.03, "ended_reason": "no_tool_call", "metrics": {"SR": 0.0, "SPL": 0.0, "SoftSPL": 0.0, "PLR": 0.0, "nDTW": 0.003959471581096651, "CLS": 0.2500039193538004, "path_length_cm": 0.0, "cumulative_reward": -0.03}, "token_totals": {"input": 2267, "output": 454, "calls": 4}, "finished_at": "2026-04-23T16:18:17.161486+00:00"}