{"episode_id": "map_37_dungeon_remix_pn_0012", "episode_idx": 2, "agent_name": "GhostAgent_2", "SR": 0.0, "SPL": 0.0, "SoftSPL": 0.15127746510963822, "PLR": 1.102909327636934, "nDTW": 8.267280362562303e-20, "CLS": 0.2766714826687363, "steps": 40, "path_length_cm": 1360.229102867907, "cumulative_reward": 1157.8512088347056, "ended_reason": "max_steps", "metrics": {"SR": 0.0, "SPL": 0.0, "SoftSPL": 0.15127746510963822, "PLR": 1.102909327636934, "nDTW": 8.267280362562303e-20, "CLS": 0.2766714826687363, "path_length_cm": 1360.229102867907, "cumulative_reward": 1157.8512088347056}, "token_totals": {"input": 108660, "output": 4128, "calls": 40}, "finished_at": "2026-04-23T16:27:29.763580+00:00"}