{"episode_id": "map_36_dungeon_native_obj_pn_0006", "episode_idx": 6, "agent_name": "GhostAgent_6", "SR": 0.0, "SPL": 0.0, "SoftSPL": 0.15995185975819085, "PLR": 2.185794602644425, "nDTW": 1.2945097829032628e-34, "CLS": 0.2651431301723727, "steps": 40, "path_length_cm": 5822.563378416273, "cumulative_reward": 1976.8333886969353, "ended_reason": "max_steps", "metrics": {"SR": 0.0, "SPL": 0.0, "SoftSPL": 0.15995185975819085, "PLR": 2.185794602644425, "nDTW": 1.2945097829032628e-34, "CLS": 0.2651431301723727, "path_length_cm": 5822.563378416273, "cumulative_reward": 1976.8333886969353}, "token_totals": {"input": 117389, "output": 5360, "calls": 40}, "finished_at": "2026-04-23T01:20:30.560059+00:00"}