{"episode_id": "map_56_containeryard_settlement_pn_0017", "episode_idx": 5, "agent_name": "GhostAgent_5", "SR": 0.0, "SPL": 0.0, "SoftSPL": 0.8387784078209872, "PLR": 0.8202463527277968, "nDTW": 0.004009342493877523, "CLS": 0.44307529750031405, "steps": 40, "path_length_cm": 3714.9613512124097, "cumulative_reward": 2964.1102611763968, "ended_reason": "max_steps", "metrics": {"SR": 0.0, "SPL": 0.0, "SoftSPL": 0.8387784078209872, "PLR": 0.8202463527277968, "nDTW": 0.004009342493877523, "CLS": 0.44307529750031405, "path_length_cm": 3714.9613512124097, "cumulative_reward": 2964.1102611763968}, "token_totals": {"input": 44378, "output": 4963, "calls": 40}, "finished_at": "2026-04-23T18:48:14.313093+00:00"}