{"episode_id": "map_05_middleeast_native_obj_on_0015", "episode_idx": 6, "agent_name": "GhostAgent_6", "SR": 0.0, "SPL": 0.0, "SoftSPL": 0.7177175207102781, "PLR": 1.3211628635612194, "nDTW": 1.089349302822924e-28, "CLS": 0.14072142992609066, "steps": 40, "path_length_cm": 7742.027592097382, "cumulative_reward": 5534.042433116632, "ended_reason": "max_steps", "metrics": {"SR": 0.0, "SPL": 0.0, "SoftSPL": 0.7177175207102781, "PLR": 1.3211628635612194, "nDTW": 1.089349302822924e-28, "CLS": 0.14072142992609066, "path_length_cm": 7742.027592097382, "cumulative_reward": 5534.042433116632}, "token_totals": {"input": 111047, "output": 3881, "calls": 40}, "finished_at": "2026-04-22T22:51:30.503801+00:00"}