{"episode_id": "map_20_trainstation_native_obj_on_0010", "episode_idx": 0, "agent_name": "GhostAgent_0", "SR": 0.0, "SPL": 0.0, "SoftSPL": 0.7037180179531634, "PLR": 1.12998616142926, "nDTW": 4.2674996450097316e-64, "CLS": 0.22220759245210714, "steps": 40, "path_length_cm": 7267.28, "cumulative_reward": 5113.7191584405855, "ended_reason": "max_steps", "metrics": {"SR": 0.0, "SPL": 0.0, "SoftSPL": 0.7037180179531634, "PLR": 1.12998616142926, "nDTW": 4.2674996450097316e-64, "CLS": 0.22220759245210714, "path_length_cm": 7267.28, "cumulative_reward": 5113.7191584405855}, "token_totals": {"input": 123210, "output": 6016, "calls": 40}, "finished_at": "2026-04-23T17:54:54.085068+00:00"}