{"episode_id": "map_28_village_night_native_pn_0001", "episode_idx": 1, "agent_name": "GhostAgent_1", "SR": 0.0, "SPL": 0.0, "SoftSPL": 0.0, "PLR": 2.9000201273616137, "nDTW": 1.4004662814529778e-29, "CLS": 0.13062687336875542, "steps": 40, "path_length_cm": 3169.8380000113384, "cumulative_reward": -25.23977531575587, "ended_reason": "max_steps", "metrics": {"SR": 0.0, "SPL": 0.0, "SoftSPL": 0.0, "PLR": 2.9000201273616137, "nDTW": 1.4004662814529778e-29, "CLS": 0.13062687336875542, "path_length_cm": 3169.8380000113384, "cumulative_reward": -25.23977531575587}, "token_totals": {"input": 126799, "output": 7296, "calls": 40}, "finished_at": "2026-04-23T00:10:12.687294+00:00"}