{"episode_id": "map_46_B8_dense_urban_on_0009", "episode_idx": 9, "agent_name": "GhostAgent_9", "SR": 0.0, "SPL": 0.0, "SoftSPL": 0.04394492886632684, "PLR": 0.08480808633495276, "nDTW": 9.990701494494323e-16, "CLS": 0.19097689443505367, "steps": 40, "path_length_cm": 399.818394136638, "cumulative_reward": 176.92698776229096, "ended_reason": "max_steps", "metrics": {"SR": 0.0, "SPL": 0.0, "SoftSPL": 0.04394492886632684, "PLR": 0.08480808633495276, "nDTW": 9.990701494494323e-16, "CLS": 0.19097689443505367, "path_length_cm": 399.818394136638, "cumulative_reward": 176.92698776229096}, "token_totals": {"input": 33515, "output": 2069, "calls": 40}, "finished_at": "2026-04-23T16:05:58.733283+00:00"}