{"episode_id": "map_03_watertown_remix_obj_on_0019", "episode_idx": 5, "agent_name": "GhostAgent_5", "SR": 0.0, "SPL": 0.0, "SoftSPL": 0.6442716809887011, "PLR": 1.4091731918393102, "nDTW": 7.124058666298753e-20, "CLS": 0.13320350487170654, "steps": 40, "path_length_cm": 10301.676068549767, "cumulative_reward": 6134.230556954303, "ended_reason": "max_steps", "metrics": {"SR": 0.0, "SPL": 0.0, "SoftSPL": 0.6442716809887011, "PLR": 1.4091731918393102, "nDTW": 7.124058666298753e-20, "CLS": 0.13320350487170654, "path_length_cm": 10301.676068549767, "cumulative_reward": 6134.230556954303}, "token_totals": {"input": 117221, "output": 5010, "calls": 40}, "finished_at": "2026-04-22T22:51:04.355470+00:00"}