{"episode_id": "map_05_middleeast_native_obj_on_0007", "episode_idx": 8, "agent_name": "GhostAgent_8", "SR": 0.0, "SPL": 0.0, "SoftSPL": 0.3429457758740294, "PLR": 1.3913871753725942, "nDTW": 1.1442746251883104e-99, "CLS": 0.07985642883827061, "steps": 40, "path_length_cm": 10421.573426771252, "cumulative_reward": 3549.6346338882813, "ended_reason": "max_steps", "metrics": {"SR": 0.0, "SPL": 0.0, "SoftSPL": 0.3429457758740294, "PLR": 1.3913871753725942, "nDTW": 1.1442746251883104e-99, "CLS": 0.07985642883827061, "path_length_cm": 10421.573426771252, "cumulative_reward": 3549.6346338882813}, "token_totals": {"input": 124375, "output": 6068, "calls": 40}, "finished_at": "2026-04-22T22:33:45.975534+00:00"}