{"episode_id": "map_05_middleeast_native_pn_0008", "episode_idx": 3, "agent_name": "GhostAgent_3", "SR": 0.0, "SPL": 0.0, "SoftSPL": 0.8489071154527315, "PLR": 0.9792114998408293, "nDTW": 5.123991352174251e-47, "CLS": 0.11495744347738548, "steps": 40, "path_length_cm": 7015.247442929673, "cumulative_reward": 6081.243081717428, "ended_reason": "max_steps", "metrics": {"SR": 0.0, "SPL": 0.0, "SoftSPL": 0.8489071154527315, "PLR": 0.9792114998408293, "nDTW": 5.123991352174251e-47, "CLS": 0.11495744347738548, "path_length_cm": 7015.247442929673, "cumulative_reward": 6081.243081717428}, "token_totals": {"input": 361930, "output": 12399, "calls": 40}, "finished_at": "2026-04-22T16:04:09.920072+00:00"}