{"episode_id": "map_56_containeryard_settlement_obj_pn_0014", "episode_idx": 1, "agent_name": "GhostAgent_1", "SR": 0.0, "SPL": 0.0, "SoftSPL": 0.014583855127107248, "PLR": 0.0, "nDTW": 1.616238502495741e-06, "CLS": 0.12503006374258172, "steps": 40, "path_length_cm": 0.0, "cumulative_reward": -0.4000000000000002, "ended_reason": "max_steps", "metrics": {"SR": 0.0, "SPL": 0.0, "SoftSPL": 0.014583855127107248, "PLR": 0.0, "nDTW": 1.616238502495741e-06, "CLS": 0.12503006374258172, "path_length_cm": 0.0, "cumulative_reward": -0.4000000000000002}, "token_totals": {"input": 31348, "output": 1518, "calls": 40}, "finished_at": "2026-04-23T19:07:23.089389+00:00"}