{"episode_id": "map_11_wintertown_demo01_remix_obj_on_0006", "episode_idx": 6, "agent_name": "GhostAgent_6", "SR": 1.0, "SPL": 0.985358145620628, "SoftSPL": 0.9523839841314113, "PLR": 1.0148594239002813, "nDTW": 0.0008414274835775119, "CLS": 0.6230310456837839, "steps": 8, "path_length_cm": 2383.0726020141624, "cumulative_reward": 2271.8054785835257, "ended_reason": "success", "metrics": {"SR": 1.0, "SPL": 0.985358145620628, "SoftSPL": 0.9523839841314113, "PLR": 1.0148594239002813, "nDTW": 0.0008414274835775119, "CLS": 0.6230310456837839, "path_length_cm": 2383.0726020141624, "cumulative_reward": 2271.8054785835257}, "token_totals": {"input": 15805, "output": 798, "calls": 8}, "finished_at": "2026-04-22T23:43:32.826543+00:00"}