{"episode_id": "map_49_courtyard_sunny_packed_obj_on_0007", "episode_idx": 7, "agent_name": "GhostAgent_7", "SR": 0.0, "SPL": 0.0, "SoftSPL": 0.9380761767928828, "PLR": 0.8520206829543551, "nDTW": 0.000409317512473805, "CLS": 0.037155165213509506, "steps": 40, "path_length_cm": 3423.4787455584055, "cumulative_reward": 1886.8641965525521, "ended_reason": "max_steps", "metrics": {"SR": 0.0, "SPL": 0.0, "SoftSPL": 0.9380761767928828, "PLR": 0.8520206829543551, "nDTW": 0.000409317512473805, "CLS": 0.037155165213509506, "path_length_cm": 3423.4787455584055, "cumulative_reward": 1886.8641965525521}, "token_totals": {"input": 114164, "output": 4918, "calls": 40}, "finished_at": "2026-04-23T03:17:13.142883+00:00"}