{"episode_id": "map_59_B10_market_plaza_obj_pn_0009", "episode_idx": 5, "agent_name": "GhostAgent_5", "SR": 0.0, "SPL": 0.0, "SoftSPL": 0.22236149157099408, "PLR": 2.2457404673564887, "nDTW": 1.63500775560027e-17, "CLS": 0.029606067953923454, "steps": 40, "path_length_cm": 6885.125869249565, "cumulative_reward": 1906.029487541551, "ended_reason": "max_steps", "metrics": {"SR": 0.0, "SPL": 0.0, "SoftSPL": 0.22236149157099408, "PLR": 2.2457404673564887, "nDTW": 1.63500775560027e-17, "CLS": 0.029606067953923454, "path_length_cm": 6885.125869249565, "cumulative_reward": 1906.029487541551}, "token_totals": {"input": 123741, "output": 6870, "calls": 40}, "finished_at": "2026-04-23T04:27:10.913398+00:00"}