{"episode_id": "map_33_gothic_night_remix_on_0001", "episode_idx": 1, "agent_name": "GhostAgent_1", "SR": 0.0, "SPL": 0.0, "SoftSPL": 0.0, "PLR": 0.18560404257742136, "nDTW": 1.95484940198921e-10, "CLS": 0.30810451694100716, "steps": 40, "path_length_cm": 198.5053795769779, "cumulative_reward": -131.40078999371326, "ended_reason": "max_steps", "metrics": {"SR": 0.0, "SPL": 0.0, "SoftSPL": 0.0, "PLR": 0.18560404257742136, "nDTW": 1.95484940198921e-10, "CLS": 0.30810451694100716, "path_length_cm": 198.5053795769779, "cumulative_reward": -131.40078999371326}, "token_totals": {"input": 33390, "output": 2037, "calls": 40}, "finished_at": "2026-04-23T18:04:03.133525+00:00"}