{"episode_id": "map_10_B1_urban_grid_obj_on_0001", "episode_idx": 1, "agent_name": "GhostAgent_1", "SR": 0.0, "SPL": 0.0, "SoftSPL": 0.35555994959053216, "PLR": 0.32719901452301636, "nDTW": 1.148005245695203e-28, "CLS": 0.23614771998278855, "steps": 40, "path_length_cm": 2613.669, "cumulative_reward": 2515.3125308057924, "ended_reason": "max_steps", "metrics": {"SR": 0.0, "SPL": 0.0, "SoftSPL": 0.35555994959053216, "PLR": 0.32719901452301636, "nDTW": 1.148005245695203e-28, "CLS": 0.23614771998278855, "path_length_cm": 2613.669, "cumulative_reward": 2515.3125308057924}, "token_totals": {"input": 109481, "output": 3414, "calls": 40}, "finished_at": "2026-04-23T13:30:39.577861+00:00"}