{"episode_id": "map_01_wintertown_native_obj_pn_0017", "episode_idx": 8, "agent_name": "GhostAgent_8", "SR": 0.0, "SPL": 0.0, "SoftSPL": 0.0, "PLR": 0.47925363263669757, "nDTW": 1.2236092085735298e-40, "CLS": 0.1315157318654943, "steps": 40, "path_length_cm": 3449.6964029369074, "cumulative_reward": 876.3518310858472, "ended_reason": "max_steps", "metrics": {"SR": 0.0, "SPL": 0.0, "SoftSPL": 0.0, "PLR": 0.47925363263669757, "nDTW": 1.2236092085735298e-40, "CLS": 0.1315157318654943, "path_length_cm": 3449.6964029369074, "cumulative_reward": 876.3518310858472}, "token_totals": {"input": 113076, "output": 4495, "calls": 40}, "finished_at": "2026-04-22T22:38:09.155981+00:00"}