{"episode_id": "map_11_wintertown_demo01_remix_obj_on_0007", "episode_idx": 7, "agent_name": "GhostAgent_7", "SR": 0.0, "SPL": 0.0, "SoftSPL": 0.49168091320767815, "PLR": 0.8949769574806237, "nDTW": 4.805356957697492e-56, "CLS": 0.04469389105553134, "steps": 40, "path_length_cm": 6900.505036184553, "cumulative_reward": 3687.1211062785237, "ended_reason": "max_steps", "metrics": {"SR": 0.0, "SPL": 0.0, "SoftSPL": 0.49168091320767815, "PLR": 0.8949769574806237, "nDTW": 4.805356957697492e-56, "CLS": 0.04469389105553134, "path_length_cm": 6900.505036184553, "cumulative_reward": 3687.1211062785237}, "token_totals": {"input": 127134, "output": 7118, "calls": 40}, "finished_at": "2026-04-22T23:43:32.826821+00:00"}