{"episode_id": "map_42_B4_industrial_yard_on_0017", "episode_idx": 7, "agent_name": "GhostAgent_7", "SR": 0.0, "SPL": 0.0, "SoftSPL": 0.9236400815586849, "PLR": 0.9524597035509468, "nDTW": 7.187212357987222e-37, "CLS": 0.25473312878977555, "steps": 40, "path_length_cm": 7398.602206616364, "cumulative_reward": 7173.357819894223, "ended_reason": "max_steps", "metrics": {"SR": 0.0, "SPL": 0.0, "SoftSPL": 0.9236400815586849, "PLR": 0.9524597035509468, "nDTW": 7.187212357987222e-37, "CLS": 0.25473312878977555, "path_length_cm": 7398.602206616364, "cumulative_reward": 7173.357819894223}, "token_totals": {"input": 38583, "output": 3424, "calls": 40}, "finished_at": "2026-04-23T16:06:09.556960+00:00"}