{"episode_id": "map_18_cave_native_on_0013", "episode_idx": 3, "agent_name": "GhostAgent_3", "SR": 0.0, "SPL": 0.0, "SoftSPL": 0.15395137875206283, "PLR": 1.270846345522547, "nDTW": 1.3028953334487278e-53, "CLS": 0.19731940649981572, "steps": 40, "path_length_cm": 2049.633694522219, "cumulative_reward": 314.65056327829296, "ended_reason": "max_steps", "metrics": {"SR": 0.0, "SPL": 0.0, "SoftSPL": 0.15395137875206283, "PLR": 1.270846345522547, "nDTW": 1.3028953334487278e-53, "CLS": 0.19731940649981572, "path_length_cm": 2049.633694522219, "cumulative_reward": 314.65056327829296}, "token_totals": {"input": 136282, "output": 10008, "calls": 40}, "finished_at": "2026-04-23T17:14:56.918912+00:00"}