{"episode_id": "map_32_gothic_night_native_on_0015", "episode_idx": 5, "agent_name": "GhostAgent_5", "SR": 1.0, "SPL": 1.0, "SoftSPL": 0.9687042584605805, "PLR": 0.9926012153465466, "nDTW": 0.00019300063445398366, "CLS": 0.48960922931292605, "steps": 13, "path_length_cm": 2840.3978597992173, "cumulative_reward": 2725.142685326098, "ended_reason": "success", "metrics": {"SR": 1.0, "SPL": 1.0, "SoftSPL": 0.9687042584605805, "PLR": 0.9926012153465466, "nDTW": 0.00019300063445398366, "CLS": 0.48960922931292605, "path_length_cm": 2840.3978597992173, "cumulative_reward": 2725.142685326098}, "token_totals": {"input": 31953, "output": 1530, "calls": 13}, "finished_at": "2026-04-23T01:35:02.063958+00:00"}