{"episode_id": "map_66_middleeast_bazaar_pn_0003", "episode_idx": 3, "agent_name": "GhostAgent_3", "SR": 0.0, "SPL": 0.0, "SoftSPL": 0.05750596032549249, "PLR": 0.0, "nDTW": 0.0031589037126110693, "CLS": 0.16335626758996225, "steps": 40, "path_length_cm": 0.0, "cumulative_reward": -0.4000000000000002, "ended_reason": "max_steps", "metrics": {"SR": 0.0, "SPL": 0.0, "SoftSPL": 0.05750596032549249, "PLR": 0.0, "nDTW": 0.0031589037126110693, "CLS": 0.16335626758996225, "path_length_cm": 0.0, "cumulative_reward": -0.4000000000000002}, "token_totals": {"input": 31239, "output": 1511, "calls": 40}, "finished_at": "2026-04-23T18:41:08.109182+00:00"}