{"episode_id": "map_61_containeryard_day_big_remix_pn_0008", "episode_idx": 4, "agent_name": "GhostAgent_4", "SR": 0.0, "SPL": 0.0, "SoftSPL": 0.0, "PLR": 0.3836481939839609, "nDTW": 7.314016034090733e-19, "CLS": 0.29068017240890753, "steps": 40, "path_length_cm": 556.8998819051777, "cumulative_reward": -557.2884976479472, "ended_reason": "max_steps", "metrics": {"SR": 0.0, "SPL": 0.0, "SoftSPL": 0.0, "PLR": 0.3836481939839609, "nDTW": 7.314016034090733e-19, "CLS": 0.29068017240890753, "path_length_cm": 556.8998819051777, "cumulative_reward": -557.2884976479472}, "token_totals": {"input": 40964, "output": 4046, "calls": 40}, "finished_at": "2026-04-23T16:22:03.762493+00:00"}