{"episode_id": "map_40_B2_open_plaza_pn_0007", "episode_idx": 7, "agent_name": "GhostAgent_7", "SR": 1.0, "SPL": 0.7291542803135295, "SoftSPL": 0.7082230317515142, "PLR": 1.3714518682795218, "nDTW": 1.5028221658002265e-29, "CLS": 0.3958841132196771, "steps": 25, "path_length_cm": 7139.709853669776, "cumulative_reward": 5058.755563228754, "ended_reason": "success", "metrics": {"SR": 1.0, "SPL": 0.7291542803135295, "SoftSPL": 0.7082230317515142, "PLR": 1.3714518682795218, "nDTW": 1.5028221658002265e-29, "CLS": 0.3958841132196771, "path_length_cm": 7139.709853669776, "cumulative_reward": 5058.755563228754}, "token_totals": {"input": 67676, "output": 2655, "calls": 25}, "finished_at": "2026-04-23T00:55:48.447753+00:00"}