{"episode_id": "map_13_watertown_native_pn_0008", "episode_idx": 8, "agent_name": "GhostAgent_8", "SR": 1.0, "SPL": 0.7811918681260226, "SoftSPL": 0.7490405417052146, "PLR": 1.2800952503497887, "nDTW": 1.9124711970648993e-10, "CLS": 0.3655803920107369, "steps": 20, "path_length_cm": 5960.059480866098, "cumulative_reward": 4445.655530328086, "ended_reason": "success", "metrics": {"SR": 1.0, "SPL": 0.7811918681260226, "SoftSPL": 0.7490405417052146, "PLR": 1.2800952503497887, "nDTW": 1.9124711970648993e-10, "CLS": 0.3655803920107369, "path_length_cm": 5960.059480866098, "cumulative_reward": 4445.655530328086}, "token_totals": {"input": 51259, "output": 1878, "calls": 20}, "finished_at": "2026-04-23T18:06:42.728817+00:00"}