{"episode_id": "map_36_dungeon_native_pn_0006", "episode_idx": 6, "agent_name": "GhostAgent_6", "SR": 0.0, "SPL": 0.0, "SoftSPL": 0.0, "PLR": 0.9048581346209911, "nDTW": 8.960485993506937e-11, "CLS": 0.5564487719963703, "steps": 40, "path_length_cm": 1588.315580862918, "cumulative_reward": 516.5595605759158, "ended_reason": "max_steps", "metrics": {"SR": 0.0, "SPL": 0.0, "SoftSPL": 0.0, "PLR": 0.9048581346209911, "nDTW": 8.960485993506937e-11, "CLS": 0.5564487719963703, "path_length_cm": 1588.315580862918, "cumulative_reward": 516.5595605759158}, "token_totals": {"input": 119131, "output": 6637, "calls": 40}, "finished_at": "2026-04-23T00:46:42.820894+00:00"}