{"episode_id": "map_47_wintertown_demo01_minimal_on_0012", "episode_idx": 2, "agent_name": "GhostAgent_2", "SR": 0.0, "SPL": 0.0, "SoftSPL": 0.07096370119826083, "PLR": 1.5523096678767296, "nDTW": 1.84871509328301e-88, "CLS": 0.045032726364321984, "steps": 40, "path_length_cm": 9228.217082883619, "cumulative_reward": 633.4095224272022, "ended_reason": "max_steps", "metrics": {"SR": 0.0, "SPL": 0.0, "SoftSPL": 0.07096370119826083, "PLR": 1.5523096678767296, "nDTW": 1.84871509328301e-88, "CLS": 0.045032726364321984, "path_length_cm": 9228.217082883619, "cumulative_reward": 633.4095224272022}, "token_totals": {"input": 129054, "output": 7634, "calls": 40}, "finished_at": "2026-04-23T01:44:15.741971+00:00"}