{"episode_id": "map_04_courtyard_remix_obj_on_0006", "episode_idx": 8, "agent_name": "GhostAgent_8", "SR": 0.0, "SPL": 0.0, "SoftSPL": 0.96094277489035, "PLR": 0.25661680451883917, "nDTW": 0.0001778989831706728, "CLS": 0.10437553434334154, "steps": 40, "path_length_cm": 1843.429910773488, "cumulative_reward": 1480.5795918769456, "ended_reason": "max_steps", "metrics": {"SR": 0.0, "SPL": 0.0, "SoftSPL": 0.96094277489035, "PLR": 0.25661680451883917, "nDTW": 0.0001778989831706728, "CLS": 0.10437553434334154, "path_length_cm": 1843.429910773488, "cumulative_reward": 1480.5795918769456}, "token_totals": {"input": 106469, "output": 3048, "calls": 40}, "finished_at": "2026-04-22T22:39:55.502036+00:00"}