{"episode_id": "map_01_wintertown_native_pn_0016", "episode_idx": 2, "agent_name": "GhostAgent_2", "SR": 0.0, "SPL": 0.0, "SoftSPL": 0.49147252172063455, "PLR": 1.3221632178393674, "nDTW": 8.818001836416134e-99, "CLS": 0.18910503406777585, "steps": 40, "path_length_cm": 7400.200416775653, "cumulative_reward": 3636.5936743656744, "ended_reason": "max_steps", "metrics": {"SR": 0.0, "SPL": 0.0, "SoftSPL": 0.49147252172063455, "PLR": 1.3221632178393674, "nDTW": 8.818001836416134e-99, "CLS": 0.18910503406777585, "path_length_cm": 7400.200416775653, "cumulative_reward": 3636.5936743656744}, "token_totals": {"input": 452671, "output": 5948, "calls": 40}, "finished_at": "2026-04-22T20:26:28.688159+00:00"}