{"episode_id": "map_20_trainstation_native_obj_on_0016", "episode_idx": 6, "agent_name": "GhostAgent_6", "SR": 0.0, "SPL": 0.0, "SoftSPL": 0.3894731288378538, "PLR": 0.4173385460726949, "nDTW": 1.4396199176561457e-61, "CLS": 0.42906593965523854, "steps": 40, "path_length_cm": 1758.2932018443314, "cumulative_reward": 1640.5000157320255, "ended_reason": "max_steps", "metrics": {"SR": 0.0, "SPL": 0.0, "SoftSPL": 0.3894731288378538, "PLR": 0.4173385460726949, "nDTW": 1.4396199176561457e-61, "CLS": 0.42906593965523854, "path_length_cm": 1758.2932018443314, "cumulative_reward": 1640.5000157320255}, "token_totals": {"input": 121740, "output": 6669, "calls": 40}, "finished_at": "2026-04-23T17:54:54.452204+00:00"}