{"episode_id": "map_65_hwaseong_ceremonial_pn_0002", "episode_idx": 2, "agent_name": "GhostAgent_2", "SR": 0.0, "SPL": 0.0, "SoftSPL": 0.0, "PLR": 1.9909324263570967, "nDTW": 7.349787697046164e-25, "CLS": 0.13491800399333065, "steps": 40, "path_length_cm": 5655.900564768031, "cumulative_reward": 2252.0955258870963, "ended_reason": "max_steps", "metrics": {"SR": 0.0, "SPL": 0.0, "SoftSPL": 0.0, "PLR": 1.9909324263570967, "nDTW": 7.349787697046164e-25, "CLS": 0.13491800399333065, "path_length_cm": 5655.900564768031, "cumulative_reward": 2252.0955258870963}, "token_totals": {"input": 117760, "output": 5549, "calls": 40}, "finished_at": "2026-04-23T13:18:15.742291+00:00"}