{"episode_id": "map_49_courtyard_sunny_packed_obj_on_0009", "episode_idx": 9, "agent_name": "GhostAgent_9", "SR": 0.0, "SPL": 0.0, "SoftSPL": 0.4699032425834624, "PLR": 0.7879030444729458, "nDTW": 2.501248389096075e-10, "CLS": 0.03771221921368354, "steps": 40, "path_length_cm": 1735.647979578118, "cumulative_reward": 567.3767765540924, "ended_reason": "max_steps", "metrics": {"SR": 0.0, "SPL": 0.0, "SoftSPL": 0.4699032425834624, "PLR": 0.7879030444729458, "nDTW": 2.501248389096075e-10, "CLS": 0.03771221921368354, "path_length_cm": 1735.647979578118, "cumulative_reward": 567.3767765540924}, "token_totals": {"input": 119417, "output": 5886, "calls": 40}, "finished_at": "2026-04-23T03:17:13.143786+00:00"}