{"episode_id": "map_65_hwaseong_ceremonial_on_0011", "episode_idx": 1, "agent_name": "GhostAgent_1", "SR": 0.0, "SPL": 0.0, "SoftSPL": 0.07184664494127346, "PLR": 0.1437691669557897, "nDTW": 3.771298292692334e-14, "CLS": 0.15613723508597074, "steps": 40, "path_length_cm": 932.2912908081921, "cumulative_reward": 69.68518594316667, "ended_reason": "max_steps", "metrics": {"SR": 0.0, "SPL": 0.0, "SoftSPL": 0.07184664494127346, "PLR": 0.1437691669557897, "nDTW": 3.771298292692334e-14, "CLS": 0.15613723508597074, "path_length_cm": 932.2912908081921, "cumulative_reward": 69.68518594316667}, "token_totals": {"input": 117128, "output": 6138, "calls": 40}, "finished_at": "2026-04-23T03:56:43.620336+00:00"}