{"episode_id": "map_05_middleeast_native_obj_pn_0010", "episode_idx": 3, "agent_name": "GhostAgent_3", "SR": 0.0, "SPL": 0.0, "SoftSPL": 0.3475856455372983, "PLR": 0.44421392760496636, "nDTW": 1.6158074453686985e-17, "CLS": 0.015217704475494519, "steps": 40, "path_length_cm": 3261.9916924422732, "cumulative_reward": 998.9326001331127, "ended_reason": "max_steps", "metrics": {"SR": 0.0, "SPL": 0.0, "SoftSPL": 0.3475856455372983, "PLR": 0.44421392760496636, "nDTW": 1.6158074453686985e-17, "CLS": 0.015217704475494519, "path_length_cm": 3261.9916924422732, "cumulative_reward": 998.9326001331127}, "token_totals": {"input": 480947, "output": 6274, "calls": 40}, "finished_at": "2026-04-22T21:09:53.116584+00:00"}