{"episode_id": "map_05_middleeast_native_on_0014", "episode_idx": 3, "agent_name": "GhostAgent_3", "SR": 0.0, "SPL": 0.0, "SoftSPL": 0.02566502022062744, "PLR": 0.0005046120970568538, "nDTW": 9.842058807722816e-06, "CLS": 0.11221338013356115, "steps": 40, "path_length_cm": 2.7019202430860703, "cumulative_reward": 1.4177705661764772, "ended_reason": "max_steps", "metrics": {"SR": 0.0, "SPL": 0.0, "SoftSPL": 0.02566502022062744, "PLR": 0.0005046120970568538, "nDTW": 9.842058807722816e-06, "CLS": 0.11221338013356115, "path_length_cm": 2.7019202430860703, "cumulative_reward": 1.4177705661764772}, "token_totals": {"input": 435846, "output": 4770, "calls": 40}, "finished_at": "2026-04-22T21:01:50.891929+00:00"}