{"episode_id": "map_20_trainstation_native_on_0017", "episode_idx": 7, "agent_name": "GhostAgent_7", "SR": 0.0, "SPL": 0.0, "SoftSPL": 0.04573051251428317, "PLR": 0.0, "nDTW": 0.000179298587911053, "CLS": 0.11691089119762037, "steps": 1, "path_length_cm": 0.0, "cumulative_reward": 0.0, "ended_reason": "no_tool_call", "metrics": {"SR": 0.0, "SPL": 0.0, "SoftSPL": 0.04573051251428317, "PLR": 0.0, "nDTW": 0.000179298587911053, "CLS": 0.11691089119762037, "path_length_cm": 0.0, "cumulative_reward": 0.0}, "token_totals": {"input": 770, "output": 256, "calls": 1}, "finished_at": "2026-04-23T17:25:02.998687+00:00"}