{"episode_id": "map_05_middleeast_native_obj_pn_0014", "episode_idx": 3, "agent_name": "GhostAgent_3", "SR": 0.0, "SPL": 0.0, "SoftSPL": 0.511618500796341, "PLR": 1.550368351094189, "nDTW": 4.177206907934407e-27, "CLS": 0.05341080036052875, "steps": 40, "path_length_cm": 9903.908063624789, "cumulative_reward": 4959.796181060382, "ended_reason": "max_steps", "metrics": {"SR": 0.0, "SPL": 0.0, "SoftSPL": 0.511618500796341, "PLR": 1.550368351094189, "nDTW": 4.177206907934407e-27, "CLS": 0.05341080036052875, "path_length_cm": 9903.908063624789, "cumulative_reward": 4959.796181060382}, "token_totals": {"input": 465895, "output": 6471, "calls": 40}, "finished_at": "2026-04-22T21:43:05.017878+00:00"}