{"episode_id": "map_45_B7_park_with_paths_on_0000", "episode_idx": 0, "agent_name": "GhostAgent_0", "SR": 0.0, "SPL": 0.0, "SoftSPL": 0.26758517661850245, "PLR": 1.2545218726478944, "nDTW": 7.911649479393578e-60, "CLS": 0.19927967028961313, "steps": 29, "path_length_cm": 6693.375999325575, "cumulative_reward": 1790.7672869037935, "ended_reason": "no_tool_call", "metrics": {"SR": 0.0, "SPL": 0.0, "SoftSPL": 0.26758517661850245, "PLR": 1.2545218726478944, "nDTW": 7.911649479393578e-60, "CLS": 0.19927967028961313, "path_length_cm": 6693.375999325575, "cumulative_reward": 1790.7672869037935}, "token_totals": {"input": 83492, "output": 3469, "calls": 29}, "finished_at": "2026-04-23T13:56:48.686171+00:00"}