{"episode_id": "map_27_courtyard_overcast_remix_on_0002", "episode_idx": 2, "agent_name": "GhostAgent_2", "SR": 0.0, "SPL": 0.0, "SoftSPL": 0.19523786184906966, "PLR": 0.0, "nDTW": 0.00039360745653675087, "CLS": 0.08347116414852711, "steps": 40, "path_length_cm": 0.0, "cumulative_reward": -0.4000000000000002, "ended_reason": "max_steps", "metrics": {"SR": 0.0, "SPL": 0.0, "SoftSPL": 0.19523786184906966, "PLR": 0.0, "nDTW": 0.00039360745653675087, "CLS": 0.08347116414852711, "path_length_cm": 0.0, "cumulative_reward": -0.4000000000000002}, "token_totals": {"input": 32139, "output": 1591, "calls": 40}, "finished_at": "2026-04-23T15:26:52.920025+00:00"}