{"episode_id": "map_50_B9_sparse_wilderness_on_0018", "episode_idx": 8, "agent_name": "GhostAgent_8", "SR": 0.0, "SPL": 0.0, "SoftSPL": 0.6098011963171199, "PLR": 1.0418048169680716, "nDTW": 1.1206054244452656e-101, "CLS": 0.2399734098625604, "steps": 40, "path_length_cm": 6805.84, "cumulative_reward": 4149.807971016875, "ended_reason": "max_steps", "metrics": {"SR": 0.0, "SPL": 0.0, "SoftSPL": 0.6098011963171199, "PLR": 1.0418048169680716, "nDTW": 1.1206054244452656e-101, "CLS": 0.2399734098625604, "path_length_cm": 6805.84, "cumulative_reward": 4149.807971016875}, "token_totals": {"input": 118423, "output": 4737, "calls": 40}, "finished_at": "2026-04-23T14:32:20.907776+00:00"}