{"episode_id": "map_62_trainstation_cross_remix_on_0002", "episode_idx": 2, "agent_name": "GhostAgent_2", "SR": 0.0, "SPL": 0.0, "SoftSPL": 0.4542585732090132, "PLR": 1.4048995106009976, "nDTW": 1.2596641151148167e-24, "CLS": 0.29311013957258764, "steps": 40, "path_length_cm": 2192.682862175401, "cumulative_reward": 995.6429905719417, "ended_reason": "max_steps", "metrics": {"SR": 0.0, "SPL": 0.0, "SoftSPL": 0.4542585732090132, "PLR": 1.4048995106009976, "nDTW": 1.2596641151148167e-24, "CLS": 0.29311013957258764, "path_length_cm": 2192.682862175401, "cumulative_reward": 995.6429905719417}, "token_totals": {"input": 114181, "output": 3771, "calls": 40}, "finished_at": "2026-04-23T02:58:41.290097+00:00"}