{"episode_id": "map_09b_wintertown_demo02_pn_0007", "episode_idx": 7, "agent_name": "GhostAgent_7", "SR": 0.0, "SPL": 0.0, "SoftSPL": 0.0, "PLR": 1.1289914583063823, "nDTW": 0.003102237347466591, "CLS": 0.7941169399045835, "steps": 40, "path_length_cm": 1205.2548313149782, "cumulative_reward": 1075.6805644807346, "ended_reason": "max_steps", "metrics": {"SR": 0.0, "SPL": 0.0, "SoftSPL": 0.0, "PLR": 1.1289914583063823, "nDTW": 0.003102237347466591, "CLS": 0.7941169399045835, "path_length_cm": 1205.2548313149782, "cumulative_reward": 1075.6805644807346}, "token_totals": {"input": 119712, "output": 6348, "calls": 40}, "finished_at": "2026-04-22T22:49:48.337983+00:00"}