{
  "map": "map_15_middleeast_remix",
  "n": 38,
  "SR": 0.0,
  "SPL": 0.0,
  "SoftSPL": 0.19873628039036517,
  "nDTW": 0.015689901165436643,
  "avg_steps": 26.394736842105264
}