{"episode_id": "map_61_containeryard_day_big_remix_obj_on_0008", "episode_idx": 8, "agent_name": "GhostAgent_8", "SR": 0.0, "SPL": 0.0, "SoftSPL": 0.00036548554854998194, "PLR": 0.02842887217487271, "nDTW": 1.1572146171050719e-05, "CLS": 0.25732038527190276, "steps": 40, "path_length_cm": 61.30799999999999, "cumulative_reward": 0.39205869479119393, "ended_reason": "max_steps", "metrics": {"SR": 0.0, "SPL": 0.0, "SoftSPL": 0.00036548554854998194, "PLR": 0.02842887217487271, "nDTW": 1.1572146171050719e-05, "CLS": 0.25732038527190276, "path_length_cm": 61.30799999999999, "cumulative_reward": 0.39205869479119393}, "token_totals": {"input": 37377, "output": 3019, "calls": 40}, "finished_at": "2026-04-23T16:53:40.272306+00:00"}