{"episode_id": "map_36_dungeon_native_on_0015", "episode_idx": 4, "agent_name": "GhostAgent_4", "SR": 0.0, "SPL": 0.0, "SoftSPL": 0.0, "PLR": 0.4510236526901486, "nDTW": 4.654022383092035e-30, "CLS": 0.45541900226359666, "steps": 40, "path_length_cm": 726.0894477562895, "cumulative_reward": -55.61621537106438, "ended_reason": "max_steps", "metrics": {"SR": 0.0, "SPL": 0.0, "SoftSPL": 0.0, "PLR": 0.4510236526901486, "nDTW": 4.654022383092035e-30, "CLS": 0.45541900226359666, "path_length_cm": 726.0894477562895, "cumulative_reward": -55.61621537106438}, "token_totals": {"input": 125461, "output": 6757, "calls": 40}, "finished_at": "2026-04-23T18:16:24.099093+00:00"}