{"episode_id": "map_61_containeryard_day_big_remix_on_0007", "episode_idx": 7, "agent_name": "GhostAgent_7", "SR": 0.0, "SPL": 0.0, "SoftSPL": 0.0, "PLR": 0.28957891350810844, "nDTW": 2.251813611148261e-17, "CLS": 0.3523575604775103, "steps": 40, "path_length_cm": 355.0758721653724, "cumulative_reward": -259.1403372098557, "ended_reason": "max_steps", "metrics": {"SR": 0.0, "SPL": 0.0, "SoftSPL": 0.0, "PLR": 0.28957891350810844, "nDTW": 2.251813611148261e-17, "CLS": 0.3523575604775103, "path_length_cm": 355.0758721653724, "cumulative_reward": -259.1403372098557}, "token_totals": {"input": 31604, "output": 1454, "calls": 40}, "finished_at": "2026-04-23T16:30:40.535571+00:00"}