{"episode_id": "map_09b_wintertown_demo02_obj_on_0002", "episode_idx": 3, "agent_name": "GhostAgent_3", "SR": 0.0, "SPL": 0.0, "SoftSPL": 0.0, "PLR": 0.9769659329692808, "nDTW": 7.278157773368978e-10, "CLS": 0.02850403466322631, "steps": 12, "path_length_cm": 4381.711748685884, "cumulative_reward": -396.30501268596913, "ended_reason": "no_tool_call", "metrics": {"SR": 0.0, "SPL": 0.0, "SoftSPL": 0.0, "PLR": 0.9769659329692808, "nDTW": 7.278157773368978e-10, "CLS": 0.02850403466322631, "path_length_cm": 4381.711748685884, "cumulative_reward": -396.30501268596913}, "token_totals": {"input": 33642, "output": 2606, "calls": 12}, "finished_at": "2026-04-23T16:47:09.753022+00:00"}