{"episode_id": "map_46_B8_dense_urban_pn_0018", "episode_idx": 1, "agent_name": "GhostAgent_1", "SR": 0.0, "SPL": 0.0, "SoftSPL": 0.013084850256066649, "PLR": 0.0, "nDTW": 0.013084850256066649, "CLS": 0.013084850256066649, "steps": 40, "path_length_cm": 0.0, "cumulative_reward": -0.4000000000000002, "ended_reason": "max_steps", "metrics": {"SR": 0.0, "SPL": 0.0, "SoftSPL": 0.013084850256066649, "PLR": 0.0, "nDTW": 0.013084850256066649, "CLS": 0.013084850256066649, "path_length_cm": 0.0, "cumulative_reward": -0.4000000000000002}, "token_totals": {"input": 33639, "output": 2173, "calls": 40}, "finished_at": "2026-04-23T20:01:57.294627+00:00"}