{
  "map": "map_13_watertown_native",
  "n": 20,
  "SR": 0.2,
  "SPL": 0.11666742778446597,
  "SoftSPL": 0.20387914085452824,
  "nDTW": 6.941531478025582e-06,
  "avg_steps": 35.1
}