{"episode_id": "map_47_wintertown_demo01_minimal_obj_pn_0005", "episode_idx": 0, "agent_name": "GhostAgent_0", "SR": 0.0, "SPL": 0.0, "SoftSPL": 0.0, "PLR": 7.171842643285839, "nDTW": 4.600772182979602e-224, "CLS": 0.007181835703985604, "steps": 20, "path_length_cm": 50092.739, "cumulative_reward": -48815.6125047824, "ended_reason": "step_error", "metrics": {"SR": 0.0, "SPL": 0.0, "SoftSPL": 0.0, "PLR": 7.171842643285839, "nDTW": 4.600772182979602e-224, "CLS": 0.007181835703985604, "path_length_cm": 50092.739, "cumulative_reward": -48815.6125047824}, "token_totals": {"input": 59533, "output": 3331, "calls": 20}, "finished_at": "2026-04-23T18:52:53.998058+00:00"}