{"episode_id": "map_61_containeryard_day_big_remix_obj_on_0012", "episode_idx": 1, "agent_name": "GhostAgent_1", "SR": 0.0, "SPL": 0.0, "SoftSPL": 0.0, "PLR": 0.0, "nDTW": 0.02801321429091395, "CLS": 0.25019618504372715, "steps": 40, "path_length_cm": 0.0, "cumulative_reward": -0.4000000000000002, "ended_reason": "max_steps", "metrics": {"SR": 0.0, "SPL": 0.0, "SoftSPL": 0.0, "PLR": 0.0, "nDTW": 0.02801321429091395, "CLS": 0.25019618504372715, "path_length_cm": 0.0, "cumulative_reward": -0.4000000000000002}, "token_totals": {"input": 34460, "output": 2098, "calls": 40}, "finished_at": "2026-04-23T17:03:17.549026+00:00"}