{"episode_id": "map_11_wintertown_demo01_remix_pn_0013", "episode_idx": 2, "agent_name": "GhostAgent_2", "SR": 0.0, "SPL": 0.0, "SoftSPL": 0.0, "PLR": 12.836744647314157, "nDTW": 0.0, "CLS": 0.019503747672192907, "steps": 40, "path_length_cm": 18546.143564100075, "cumulative_reward": -17789.940130868184, "ended_reason": "max_steps", "metrics": {"SR": 0.0, "SPL": 0.0, "SoftSPL": 0.0, "PLR": 12.836744647314157, "nDTW": 0.0, "CLS": 0.019503747672192907, "path_length_cm": 18546.143564100075, "cumulative_reward": -17789.940130868184}, "token_totals": {"input": 132497, "output": 7088, "calls": 40}, "finished_at": "2026-04-23T15:11:24.530408+00:00"}