{"episode_id": "map_28_village_night_native_obj_on_0000", "episode_idx": 0, "agent_name": "GhostAgent_0", "SR": 0.0, "SPL": 0.0, "SoftSPL": 0.5198025356130881, "PLR": 0.7736123838413237, "nDTW": 4.383160861435056e-21, "CLS": 0.38271757792756006, "steps": 40, "path_length_cm": 782.1608006827703, "cumulative_reward": 525.1427314007041, "ended_reason": "max_steps", "metrics": {"SR": 0.0, "SPL": 0.0, "SoftSPL": 0.5198025356130881, "PLR": 0.7736123838413237, "nDTW": 4.383160861435056e-21, "CLS": 0.38271757792756006, "path_length_cm": 782.1608006827703, "cumulative_reward": 525.1427314007041}, "token_totals": {"input": 123183, "output": 8107, "calls": 40}, "finished_at": "2026-04-23T01:07:42.015593+00:00"}