{"episode_id": "map_53_courtyard_sanny_big_remix_obj_on_0012", "episode_idx": 1, "agent_name": "GhostAgent_1", "SR": 0.0, "SPL": 0.0, "SoftSPL": 0.18688274650690817, "PLR": 0.0, "nDTW": 0.0001981128996980518, "CLS": 0.08713920190737907, "steps": 1, "path_length_cm": 0.0, "cumulative_reward": 0.0, "ended_reason": "no_tool_call", "metrics": {"SR": 0.0, "SPL": 0.0, "SoftSPL": 0.18688274650690817, "PLR": 0.0, "nDTW": 0.0001981128996980518, "CLS": 0.08713920190737907, "path_length_cm": 0.0, "cumulative_reward": 0.0}, "token_totals": {"input": 771, "output": 256, "calls": 1}, "finished_at": "2026-04-23T18:58:10.900031+00:00"}