{"episode_id": "map_03_watertown_remix_pn_0004", "episode_idx": 0, "agent_name": "GhostAgent_0", "SR": 0.0, "SPL": 0.0, "SoftSPL": 0.5282858762362934, "PLR": 0.5618449653847551, "nDTW": 1.2939295948519145e-09, "CLS": 0.32939039217640165, "steps": 40, "path_length_cm": 3263.0494792636578, "cumulative_reward": 1172.584927635906, "ended_reason": "max_steps", "metrics": {"SR": 0.0, "SPL": 0.0, "SoftSPL": 0.5282858762362934, "PLR": 0.5618449653847551, "nDTW": 1.2939295948519145e-09, "CLS": 0.32939039217640165, "path_length_cm": 3263.0494792636578, "cumulative_reward": 1172.584927635906}, "token_totals": {"input": 423632, "output": 3633, "calls": 40}, "finished_at": "2026-04-22T19:22:05.424152+00:00"}