{"episode_id": "map_43_B5_residential_courtyard_on_0013", "episode_idx": 3, "agent_name": "GhostAgent_3", "SR": 0.0, "SPL": 0.0, "SoftSPL": 0.0, "PLR": 0.14248465553125259, "nDTW": 0.0, "CLS": 0.0, "steps": 40, "path_length_cm": 403.2330000000002, "cumulative_reward": -36.40852914646923, "ended_reason": "max_steps", "metrics": {"SR": 0.0, "SPL": 0.0, "SoftSPL": 0.0, "PLR": 0.14248465553125259, "nDTW": 0.0, "CLS": 0.0, "path_length_cm": 403.2330000000002, "cumulative_reward": -36.40852914646923}, "token_totals": {"input": 36412, "output": 2866, "calls": 40}, "finished_at": "2026-04-23T20:16:36.049323+00:00"}