{"episode_id": "map_22_containeryard_demo_native_pn_0008", "episode_idx": 8, "agent_name": "GhostAgent_8", "SR": 1.0, "SPL": 0.7685038375462436, "SoftSPL": 0.7141470396399527, "PLR": 1.3012296766049998, "nDTW": 1.083773309287632e-05, "CLS": 0.4005475291662405, "steps": 15, "path_length_cm": 3205.267013194032, "cumulative_reward": 2117.906057787303, "ended_reason": "success", "metrics": {"SR": 1.0, "SPL": 0.7685038375462436, "SoftSPL": 0.7141470396399527, "PLR": 1.3012296766049998, "nDTW": 1.083773309287632e-05, "CLS": 0.4005475291662405, "path_length_cm": 3205.267013194032, "cumulative_reward": 2117.906057787303}, "token_totals": {"input": 41036, "output": 2543, "calls": 15}, "finished_at": "2026-04-22T23:47:20.265518+00:00"}