{"episode_id": "map_01_wintertown_native_on_0004", "episode_idx": 1, "agent_name": "GhostAgent_1", "SR": 0.0, "SPL": 0.0, "SoftSPL": 0.03213161306815604, "PLR": 0.0, "nDTW": 5.007663294177496e-08, "CLS": 0.0833335137814142, "steps": 40, "path_length_cm": 0.0, "cumulative_reward": -0.4000000000000002, "ended_reason": "max_steps", "metrics": {"SR": 0.0, "SPL": 0.0, "SoftSPL": 0.03213161306815604, "PLR": 0.0, "nDTW": 5.007663294177496e-08, "CLS": 0.0833335137814142, "path_length_cm": 0.0, "cumulative_reward": -0.4000000000000002}, "token_totals": {"input": 447782, "output": 5627, "calls": 40}, "finished_at": "2026-04-22T20:00:32.461727+00:00"}