{"episode_id": "map_67_B12_construction_site_pn_0000", "episode_idx": 0, "agent_name": "GhostAgent_0", "SR": 0.0, "SPL": 0.0, "SoftSPL": 0.09906147025579817, "PLR": 1.4211443540952675, "nDTW": 2.2815495242002897e-64, "CLS": 0.2211116999245043, "steps": 40, "path_length_cm": 3958.867615759646, "cumulative_reward": 370.96183194318246, "ended_reason": "max_steps", "metrics": {"SR": 0.0, "SPL": 0.0, "SoftSPL": 0.09906147025579817, "PLR": 1.4211443540952675, "nDTW": 2.2815495242002897e-64, "CLS": 0.2211116999245043, "path_length_cm": 3958.867615759646, "cumulative_reward": 370.96183194318246}, "token_totals": {"input": 116842, "output": 4781, "calls": 40}, "finished_at": "2026-04-23T05:13:06.558104+00:00"}