{"episode_id": "map_42_B4_industrial_yard_obj_on_0007", "episode_idx": 7, "agent_name": "GhostAgent_7", "SR": 0.0, "SPL": 0.0, "SoftSPL": 0.21326664766377124, "PLR": 0.23695298912506857, "nDTW": 1.2067724289007874e-23, "CLS": 0.258709469746312, "steps": 40, "path_length_cm": 780.3809743845009, "cumulative_reward": 643.2729225204653, "ended_reason": "max_steps", "metrics": {"SR": 0.0, "SPL": 0.0, "SoftSPL": 0.21326664766377124, "PLR": 0.23695298912506857, "nDTW": 1.2067724289007874e-23, "CLS": 0.258709469746312, "path_length_cm": 780.3809743845009, "cumulative_reward": 643.2729225204653}, "token_totals": {"input": 36100, "output": 2709, "calls": 40}, "finished_at": "2026-04-23T16:17:04.746801+00:00"}