{"episode_id": "map_25_containeryard_day_remix_pn_0004", "episode_idx": 3, "agent_name": "GhostAgent_3", "SR": 0.0, "SPL": 0.0, "SoftSPL": 0.0, "PLR": 0.09562692089183006, "nDTW": 6.3269603100375074e-09, "CLS": 0.2765333615468464, "steps": 40, "path_length_cm": 149.6590000033408, "cumulative_reward": -150.05826033645417, "ended_reason": "max_steps", "metrics": {"SR": 0.0, "SPL": 0.0, "SoftSPL": 0.0, "PLR": 0.09562692089183006, "nDTW": 6.3269603100375074e-09, "CLS": 0.2765333615468464, "path_length_cm": 149.6590000033408, "cumulative_reward": -150.05826033645417}, "token_totals": {"input": 117168, "output": 5481, "calls": 40}, "finished_at": "2026-04-23T15:37:25.614019+00:00"}