{"episode_id": "map_25_containeryard_day_remix_on_0000", "episode_idx": 0, "agent_name": "GhostAgent_0", "SR": 0.0, "SPL": 0.0, "SoftSPL": 0.681286768644016, "PLR": 1.3063310235482921, "nDTW": 3.909661942736744e-26, "CLS": 0.2671528721265105, "steps": 40, "path_length_cm": 9789.553247299253, "cumulative_reward": 6642.531173519961, "ended_reason": "max_steps", "metrics": {"SR": 0.0, "SPL": 0.0, "SoftSPL": 0.681286768644016, "PLR": 1.3063310235482921, "nDTW": 3.909661942736744e-26, "CLS": 0.2671528721265105, "path_length_cm": 9789.553247299253, "cumulative_reward": 6642.531173519961}, "token_totals": {"input": 115066, "output": 4928, "calls": 40}, "finished_at": "2026-04-23T00:17:54.577430+00:00"}