{
  "map": "map_46_B8_dense_urban",
  "n": 20,
  "SR": 0.0,
  "SPL": 0.0,
  "SoftSPL": 0.048950482079665195,
  "nDTW": 0.005131206614007745,
  "avg_steps": 38.0
}