{"episode_id": "map_26_courtyard_overcast_native_obj_pn_0010", "episode_idx": 0, "agent_name": "GhostAgent_0", "SR": 0.0, "SPL": 0.0, "SoftSPL": 0.659456275805766, "PLR": 0.48974845069080125, "nDTW": 1.3987811331431675e-12, "CLS": 0.1701299594554398, "steps": 40, "path_length_cm": 2649.5293232682207, "cumulative_reward": 142.40776839733303, "ended_reason": "max_steps", "metrics": {"SR": 0.0, "SPL": 0.0, "SoftSPL": 0.659456275805766, "PLR": 0.48974845069080125, "nDTW": 1.3987811331431675e-12, "CLS": 0.1701299594554398, "path_length_cm": 2649.5293232682207, "cumulative_reward": 142.40776839733303}, "token_totals": {"input": 112581, "output": 3539, "calls": 40}, "finished_at": "2026-04-23T00:55:15.356970+00:00"}