{"episode_id": "map_01_wintertown_native_obj_pn_0016", "episode_idx": 7, "agent_name": "GhostAgent_7", "SR": 0.0, "SPL": 0.0, "SoftSPL": 0.0, "PLR": 0.07503951276925667, "nDTW": 1.3322941350478064e-23, "CLS": 0.27028181576601906, "steps": 40, "path_length_cm": 401.6640000000002, "cumulative_reward": -51.82532212558755, "ended_reason": "max_steps", "metrics": {"SR": 0.0, "SPL": 0.0, "SoftSPL": 0.0, "PLR": 0.07503951276925667, "nDTW": 1.3322941350478064e-23, "CLS": 0.27028181576601906, "path_length_cm": 401.6640000000002, "cumulative_reward": -51.82532212558755}, "token_totals": {"input": 113967, "output": 4536, "calls": 40}, "finished_at": "2026-04-22T22:38:09.155656+00:00"}