{"episode_id": "map_67_B12_construction_site_on_0007", "episode_idx": 7, "agent_name": "GhostAgent_7", "SR": 0.0, "SPL": 0.0, "SoftSPL": 0.6600203855962331, "PLR": 1.4470389663600602, "nDTW": 6.662366484497218e-86, "CLS": 0.10669100052592305, "steps": 40, "path_length_cm": 11230.918, "cumulative_reward": 7369.718838518418, "ended_reason": "max_steps", "metrics": {"SR": 0.0, "SPL": 0.0, "SoftSPL": 0.6600203855962331, "PLR": 1.4470389663600602, "nDTW": 6.662366484497218e-86, "CLS": 0.10669100052592305, "path_length_cm": 11230.918, "cumulative_reward": 7369.718838518418}, "token_totals": {"input": 128764, "output": 7739, "calls": 40}, "finished_at": "2026-04-23T15:16:42.408064+00:00"}