{"episode_id": "map_13_watertown_native_on_0016", "episode_idx": 6, "agent_name": "GhostAgent_6", "SR": 0.0, "SPL": 0.0, "SoftSPL": 0.0, "PLR": 7.244916222662047, "nDTW": 1.5593513197773175e-180, "CLS": 0.03451302898654351, "steps": 40, "path_length_cm": 13530.82288493032, "cumulative_reward": -7753.78657282832, "ended_reason": "max_steps", "metrics": {"SR": 0.0, "SPL": 0.0, "SoftSPL": 0.0, "PLR": 7.244916222662047, "nDTW": 1.5593513197773175e-180, "CLS": 0.03451302898654351, "path_length_cm": 13530.82288493032, "cumulative_reward": -7753.78657282832}, "token_totals": {"input": 138753, "output": 9062, "calls": 40}, "finished_at": "2026-04-23T17:06:59.859849+00:00"}