{"episode_id": "map_28_village_night_native_on_0019", "episode_idx": 9, "agent_name": "GhostAgent_9", "SR": 0.0, "SPL": 0.0, "SoftSPL": 0.0, "PLR": 0.25657678300353687, "nDTW": 2.2294990340299078e-17, "CLS": 0.3365253825823202, "steps": 40, "path_length_cm": 349.3960000228964, "cumulative_reward": -349.0628312416843, "ended_reason": "max_steps", "metrics": {"SR": 0.0, "SPL": 0.0, "SoftSPL": 0.0, "PLR": 0.25657678300353687, "nDTW": 2.2294990340299078e-17, "CLS": 0.3365253825823202, "path_length_cm": 349.3960000228964, "cumulative_reward": -349.0628312416843}, "token_totals": {"input": 112566, "output": 4520, "calls": 40}, "finished_at": "2026-04-23T00:53:39.826909+00:00"}