{"episode_id": "map_49_courtyard_sunny_packed_obj_pn_0009", "episode_idx": 7, "agent_name": "GhostAgent_7", "SR": 0.0, "SPL": 0.0, "SoftSPL": 0.4334616833206948, "PLR": 0.7884511934195718, "nDTW": 3.951956538944976e-11, "CLS": 0.037249361627693635, "steps": 40, "path_length_cm": 1736.855480448172, "cumulative_reward": 550.9719904720973, "ended_reason": "max_steps", "metrics": {"SR": 0.0, "SPL": 0.0, "SoftSPL": 0.4334616833206948, "PLR": 0.7884511934195718, "nDTW": 3.951956538944976e-11, "CLS": 0.037249361627693635, "path_length_cm": 1736.855480448172, "cumulative_reward": 550.9719904720973}, "token_totals": {"input": 117334, "output": 5552, "calls": 40}, "finished_at": "2026-04-23T16:41:05.342050+00:00"}