{"episode_id": "map_13_watertown_native_pn_0005", "episode_idx": 5, "agent_name": "GhostAgent_5", "SR": 0.0, "SPL": 0.0, "SoftSPL": 0.0, "PLR": 0.09176948796042715, "nDTW": 7.793417835560765e-18, "CLS": 0.19327127826229246, "steps": 40, "path_length_cm": 394.41699999999946, "cumulative_reward": -382.3573786806937, "ended_reason": "max_steps", "metrics": {"SR": 0.0, "SPL": 0.0, "SoftSPL": 0.0, "PLR": 0.09176948796042715, "nDTW": 7.793417835560765e-18, "CLS": 0.19327127826229246, "path_length_cm": 394.41699999999946, "cumulative_reward": -382.3573786806937}, "token_totals": {"input": 105725, "output": 3004, "calls": 40}, "finished_at": "2026-04-23T18:06:42.726893+00:00"}