{"episode_id": "map_64_cave_lost_expedition_pn_0011", "episode_idx": 1, "agent_name": "GhostAgent_1", "SR": 0.0, "SPL": 0.0, "SoftSPL": 0.5860572362651708, "PLR": 0.7368805097600418, "nDTW": 7.62544050376874e-18, "CLS": 0.09395734438231827, "steps": 40, "path_length_cm": 4225.007565980566, "cumulative_reward": 4024.181230903163, "ended_reason": "max_steps", "metrics": {"SR": 0.0, "SPL": 0.0, "SoftSPL": 0.5860572362651708, "PLR": 0.7368805097600418, "nDTW": 7.62544050376874e-18, "CLS": 0.09395734438231827, "path_length_cm": 4225.007565980566, "cumulative_reward": 4024.181230903163}, "token_totals": {"input": 109222, "output": 4461, "calls": 40}, "finished_at": "2026-04-23T20:02:29.680899+00:00"}