{
  "map": "map_21_hwaseong_remix2",
  "n": 40,
  "SR": 0.1,
  "SPL": 0.09925671156799172,
  "SoftSPL": 0.13839667752282495,
  "nDTW": 0.0007656438481613291,
  "avg_steps": 36.625
}