{"episode_id": "map_32_gothic_night_native_pn_0005", "episode_idx": 4, "agent_name": "GhostAgent_4", "SR": 0.0, "SPL": 0.0, "SoftSPL": 0.0, "PLR": 1.0144688339255103, "nDTW": 7.058485697682559e-100, "CLS": 0.2464345208084989, "steps": 40, "path_length_cm": 4191.379434246639, "cumulative_reward": 1410.9080744546045, "ended_reason": "max_steps", "metrics": {"SR": 0.0, "SPL": 0.0, "SoftSPL": 0.0, "PLR": 1.0144688339255103, "nDTW": 7.058485697682559e-100, "CLS": 0.2464345208084989, "path_length_cm": 4191.379434246639, "cumulative_reward": 1410.9080744546045}, "token_totals": {"input": 121495, "output": 5987, "calls": 40}, "finished_at": "2026-04-23T16:10:42.075796+00:00"}