{"episode_id": "map_62_trainstation_cross_remix_obj_pn_0000", "episode_idx": 0, "agent_name": "GhostAgent_0", "SR": 0.0, "SPL": 0.0, "SoftSPL": 0.0, "PLR": 1.331663138651015, "nDTW": 2.2639586737030726e-13, "CLS": 0.35098552600501415, "steps": 40, "path_length_cm": 1660.7969999999998, "cumulative_reward": 183.70684551318567, "ended_reason": "max_steps", "metrics": {"SR": 0.0, "SPL": 0.0, "SoftSPL": 0.0, "PLR": 1.331663138651015, "nDTW": 2.2639586737030726e-13, "CLS": 0.35098552600501415, "path_length_cm": 1660.7969999999998, "cumulative_reward": 183.70684551318567}, "token_totals": {"input": 122191, "output": 6385, "calls": 40}, "finished_at": "2026-04-23T04:31:25.936554+00:00"}