{"episode_id": "map_26_courtyard_overcast_native_pn_0017", "episode_idx": 7, "agent_name": "GhostAgent_7", "SR": 0.0, "SPL": 0.0, "SoftSPL": 0.25492219681933226, "PLR": 0.3558986602997744, "nDTW": 1.5632363968967817e-08, "CLS": 0.36715704757460943, "steps": 40, "path_length_cm": 402.46799999999985, "cumulative_reward": 287.81733731549207, "ended_reason": "max_steps", "metrics": {"SR": 0.0, "SPL": 0.0, "SoftSPL": 0.25492219681933226, "PLR": 0.3558986602997744, "nDTW": 1.5632363968967817e-08, "CLS": 0.36715704757460943, "path_length_cm": 402.46799999999985, "cumulative_reward": 287.81733731549207}, "token_totals": {"input": 103299, "output": 2924, "calls": 40}, "finished_at": "2026-04-23T00:25:20.957540+00:00"}