{"episode_id": "map_09b_wintertown_demo02_obj_on_0001", "episode_idx": 3, "agent_name": "GhostAgent_3", "SR": 0.0, "SPL": 0.0, "SoftSPL": 0.0, "PLR": 0.7224747404832924, "nDTW": 1.6531452542678114e-63, "CLS": 0.0865082150375636, "steps": 40, "path_length_cm": 4010.5728803812335, "cumulative_reward": -965.539891166386, "ended_reason": "max_steps", "metrics": {"SR": 0.0, "SPL": 0.0, "SoftSPL": 0.0, "PLR": 0.7224747404832924, "nDTW": 1.6531452542678114e-63, "CLS": 0.0865082150375636, "path_length_cm": 4010.5728803812335, "cumulative_reward": -965.539891166386}, "token_totals": {"input": 125588, "output": 6321, "calls": 40}, "finished_at": "2026-04-22T23:15:40.430498+00:00"}