{"episode_id": "map_31_gothic_day_remix_obj_pn_0002", "episode_idx": 1, "agent_name": "GhostAgent_1", "SR": 0.0, "SPL": 0.0, "SoftSPL": 0.0, "PLR": 0.12543303571428577, "nDTW": 2.128195742990168e-07, "CLS": 0.16658848503068652, "steps": 40, "path_length_cm": 393.3580000000002, "cumulative_reward": -272.90368175935873, "ended_reason": "max_steps", "metrics": {"SR": 0.0, "SPL": 0.0, "SoftSPL": 0.0, "PLR": 0.12543303571428577, "nDTW": 2.128195742990168e-07, "CLS": 0.16658848503068652, "path_length_cm": 393.3580000000002, "cumulative_reward": -272.90368175935873}, "token_totals": {"input": 106603, "output": 3288, "calls": 40}, "finished_at": "2026-04-23T18:37:36.063591+00:00"}