{
  "map": "map_26_courtyard_overcast_native",
  "n": 40,
  "SR": 0.05,
  "SPL": 0.043627262964734584,
  "SoftSPL": 0.4675600906037434,
  "nDTW": 0.0020121294348162924,
  "avg_steps": 26.775
}