{"episode_id": "map_58_dungeon_library_on_0002", "episode_idx": 2, "agent_name": "GhostAgent_2", "SR": 1.0, "SPL": 0.7162549723408659, "SoftSPL": 0.709977054161798, "PLR": 1.396150866124947, "nDTW": 1.7869507435286108e-08, "CLS": 0.651972685394919, "steps": 13, "path_length_cm": 3069.6052172796312, "cumulative_reward": 2181.7233182533973, "ended_reason": "success", "metrics": {"SR": 1.0, "SPL": 0.7162549723408659, "SoftSPL": 0.709977054161798, "PLR": 1.396150866124947, "nDTW": 1.7869507435286108e-08, "CLS": 0.651972685394919, "path_length_cm": 3069.6052172796312, "cumulative_reward": 2181.7233182533973}, "token_totals": {"input": 31871, "output": 1216, "calls": 13}, "finished_at": "2026-04-23T02:27:47.690985+00:00"}