{"episode_id": "map_15_middleeast_remix_obj_on_0019", "episode_idx": 7, "agent_name": "GhostAgent_7", "SR": 0.0, "SPL": 0.0, "SoftSPL": 0.13303744106601678, "PLR": 0.0, "nDTW": 2.3649410780138903e-09, "CLS": 0.08334168830496075, "steps": 40, "path_length_cm": 0.0, "cumulative_reward": -0.4000000000000002, "ended_reason": "max_steps", "metrics": {"SR": 0.0, "SPL": 0.0, "SoftSPL": 0.13303744106601678, "PLR": 0.0, "nDTW": 2.3649410780138903e-09, "CLS": 0.08334168830496075, "path_length_cm": 0.0, "cumulative_reward": -0.4000000000000002}, "token_totals": {"input": 31864, "output": 1445, "calls": 40}, "finished_at": "2026-04-23T15:14:50.603343+00:00"}