{"episode_id": "map_19_wintertown_demo02_native_obj_pn_0005", "episode_idx": 5, "agent_name": "GhostAgent_5", "SR": 0.0, "SPL": 0.0, "SoftSPL": 0.09759475845674806, "PLR": 1.2533871423244642, "nDTW": 1.1228196191373077e-65, "CLS": 0.027237785818796052, "steps": 40, "path_length_cm": 7593.194782401531, "cumulative_reward": 672.4940434261742, "ended_reason": "max_steps", "metrics": {"SR": 0.0, "SPL": 0.0, "SoftSPL": 0.09759475845674806, "PLR": 1.2533871423244642, "nDTW": 1.1228196191373077e-65, "CLS": 0.027237785818796052, "path_length_cm": 7593.194782401531, "cumulative_reward": 672.4940434261742}, "token_totals": {"input": 125833, "output": 6928, "calls": 40}, "finished_at": "2026-04-22T23:37:29.377878+00:00"}