{"episode_id": "map_56_containeryard_settlement_obj_pn_0017", "episode_idx": 3, "agent_name": "GhostAgent_3", "SR": 0.0, "SPL": 0.0, "SoftSPL": 0.0, "PLR": 0.0, "nDTW": 1.7508895724631625e-11, "CLS": 0.10000047761155635, "steps": 40, "path_length_cm": 0.0, "cumulative_reward": -0.4000000000000002, "ended_reason": "max_steps", "metrics": {"SR": 0.0, "SPL": 0.0, "SoftSPL": 0.0, "PLR": 0.0, "nDTW": 1.7508895724631625e-11, "CLS": 0.10000047761155635, "path_length_cm": 0.0, "cumulative_reward": -0.4000000000000002}, "token_totals": {"input": 38333, "output": 3302, "calls": 40}, "finished_at": "2026-04-23T19:07:23.154169+00:00"}