{"episode_id": "map_36_dungeon_native_pn_0018", "episode_idx": 8, "agent_name": "GhostAgent_8", "SR": 0.0, "SPL": 0.0, "SoftSPL": 0.0, "PLR": 2.13023814324707, "nDTW": 1.6365189829928092e-12, "CLS": 0.44115074228518647, "steps": 40, "path_length_cm": 3007.87495588343, "cumulative_reward": 479.55845421969514, "ended_reason": "max_steps", "metrics": {"SR": 0.0, "SPL": 0.0, "SoftSPL": 0.0, "PLR": 2.13023814324707, "nDTW": 1.6365189829928092e-12, "CLS": 0.44115074228518647, "path_length_cm": 3007.87495588343, "cumulative_reward": 479.55845421969514}, "token_totals": {"input": 117193, "output": 5444, "calls": 40}, "finished_at": "2026-04-23T01:02:13.511450+00:00"}