{"episode_id": "map_36_dungeon_native_obj_on_0018", "episode_idx": 8, "agent_name": "GhostAgent_8", "SR": 1.0, "SPL": 0.39564353104459643, "SoftSPL": 0.3777251207921893, "PLR": 2.5275277403367458, "nDTW": 1.0402776614606113e-14, "CLS": 0.3089146217781351, "steps": 17, "path_length_cm": 2957.2580067487993, "cumulative_reward": 1119.3568023593155, "ended_reason": "success", "metrics": {"SR": 1.0, "SPL": 0.39564353104459643, "SoftSPL": 0.3777251207921893, "PLR": 2.5275277403367458, "nDTW": 1.0402776614606113e-14, "CLS": 0.3089146217781351, "path_length_cm": 2957.2580067487993, "cumulative_reward": 1119.3568023593155}, "token_totals": {"input": 50385, "output": 3518, "calls": 17}, "finished_at": "2026-04-23T01:44:19.089876+00:00"}