{"episode_id": "map_20_trainstation_native_obj_on_0011", "episode_idx": 1, "agent_name": "GhostAgent_1", "SR": 0.0, "SPL": 0.0, "SoftSPL": 0.014962569298544446, "PLR": 0.0, "nDTW": 2.3790747057644692e-07, "CLS": 0.10000064298738964, "steps": 1, "path_length_cm": 0.0, "cumulative_reward": 0.0, "ended_reason": "no_tool_call", "metrics": {"SR": 0.0, "SPL": 0.0, "SoftSPL": 0.014962569298544446, "PLR": 0.0, "nDTW": 2.3790747057644692e-07, "CLS": 0.10000064298738964, "path_length_cm": 0.0, "cumulative_reward": 0.0}, "token_totals": {"input": 769, "output": 256, "calls": 1}, "finished_at": "2026-04-23T17:54:54.133349+00:00"}