{"episode_id": "map_66_middleeast_bazaar_pn_0016", "episode_idx": 6, "agent_name": "GhostAgent_6", "SR": 0.0, "SPL": 0.0, "SoftSPL": 0.0, "PLR": 0.11122282236698537, "nDTW": 4.7517858550387494e-05, "CLS": 0.2823617896275869, "steps": 40, "path_length_cm": 128.08309000959667, "cumulative_reward": 42.82427482280455, "ended_reason": "max_steps", "metrics": {"SR": 0.0, "SPL": 0.0, "SoftSPL": 0.0, "PLR": 0.11122282236698537, "nDTW": 4.7517858550387494e-05, "CLS": 0.2823617896275869, "path_length_cm": 128.08309000959667, "cumulative_reward": 42.82427482280455}, "token_totals": {"input": 34419, "output": 2376, "calls": 40}, "finished_at": "2026-04-23T18:51:48.324636+00:00"}