{"episode_id": "map_68_B13_suburban_park_obj_pn_0008", "episode_idx": 8, "agent_name": "GhostAgent_8", "SR": 0.0, "SPL": 0.0, "SoftSPL": 0.7476011086784643, "PLR": 1.2420954621494844, "nDTW": 2.5799380280213373e-18, "CLS": 0.18325191604959307, "steps": 40, "path_length_cm": 9387.943817245125, "cumulative_reward": 6885.956040010106, "ended_reason": "max_steps", "metrics": {"SR": 0.0, "SPL": 0.0, "SoftSPL": 0.7476011086784643, "PLR": 1.2420954621494844, "nDTW": 2.5799380280213373e-18, "CLS": 0.18325191604959307, "path_length_cm": 9387.943817245125, "cumulative_reward": 6885.956040010106}, "token_totals": {"input": 119344, "output": 6024, "calls": 40}, "finished_at": "2026-04-23T05:33:39.805908+00:00"}