{"episode_id": "map_49_courtyard_sunny_packed_obj_on_0018", "episode_idx": 4, "agent_name": "GhostAgent_4", "SR": 0.0, "SPL": 0.0, "SoftSPL": 0.0, "PLR": 8.327045661770539, "nDTW": 4.819226479795985e-31, "CLS": 0.001640107436333735, "steps": 40, "path_length_cm": 39041.10377384132, "cumulative_reward": -26060.614280658818, "ended_reason": "max_steps", "metrics": {"SR": 0.0, "SPL": 0.0, "SoftSPL": 0.0, "PLR": 8.327045661770539, "nDTW": 4.819226479795985e-31, "CLS": 0.001640107436333735, "path_length_cm": 39041.10377384132, "cumulative_reward": -26060.614280658818}, "token_totals": {"input": 122575, "output": 6373, "calls": 40}, "finished_at": "2026-04-23T18:51:21.454806+00:00"}