{"episode_id": "map_23_containeryard_demo_remix_obj_pn_0011", "episode_idx": 6, "agent_name": "GhostAgent_6", "SR": 1.0, "SPL": 0.9865192808819511, "SoftSPL": 0.9250972006675675, "PLR": 1.0136649322312252, "nDTW": 0.00026395102973874517, "CLS": 0.5684940222590709, "steps": 7, "path_length_cm": 2198.7912877493623, "cumulative_reward": 2078.2772539585862, "ended_reason": "success", "metrics": {"SR": 1.0, "SPL": 0.9865192808819511, "SoftSPL": 0.9250972006675675, "PLR": 1.0136649322312252, "nDTW": 0.00026395102973874517, "CLS": 0.5684940222590709, "path_length_cm": 2198.7912877493623, "cumulative_reward": 2078.2772539585862}, "token_totals": {"input": 13526, "output": 870, "calls": 7}, "finished_at": "2026-04-23T13:28:20.815758+00:00"}