{"episode_id": "map_40_B2_open_plaza_pn_0005", "episode_idx": 5, "agent_name": "GhostAgent_5", "SR": 0.0, "SPL": 0.0, "SoftSPL": 0.0, "PLR": 5.372080799704887, "nDTW": 1.1855015499137572e-114, "CLS": 0.0465387083164773, "steps": 40, "path_length_cm": 14841.769950192675, "cumulative_reward": -6972.487515430686, "ended_reason": "max_steps", "metrics": {"SR": 0.0, "SPL": 0.0, "SoftSPL": 0.0, "PLR": 5.372080799704887, "nDTW": 1.1855015499137572e-114, "CLS": 0.0465387083164773, "path_length_cm": 14841.769950192675, "cumulative_reward": -6972.487515430686}, "token_totals": {"input": 118956, "output": 4802, "calls": 40}, "finished_at": "2026-04-23T00:55:48.447053+00:00"}