{"episode_id": "map_45_B7_park_with_paths_on_0017", "episode_idx": 7, "agent_name": "GhostAgent_7", "SR": 0.0, "SPL": 0.0, "SoftSPL": 0.0, "PLR": 3.0622168296580408, "nDTW": 4.518650772301462e-130, "CLS": 0.03628484326804851, "steps": 40, "path_length_cm": 14098.44628374562, "cumulative_reward": -5468.122681788135, "ended_reason": "max_steps", "metrics": {"SR": 0.0, "SPL": 0.0, "SoftSPL": 0.0, "PLR": 3.0622168296580408, "nDTW": 4.518650772301462e-130, "CLS": 0.03628484326804851, "path_length_cm": 14098.44628374562, "cumulative_reward": -5468.122681788135}, "token_totals": {"input": 136681, "output": 8907, "calls": 40}, "finished_at": "2026-04-23T14:11:50.110712+00:00"}