{"episode_id": "map_04_courtyard_remix_pn_0010", "episode_idx": 4, "agent_name": "GhostAgent_4", "SR": 0.0, "SPL": 0.0, "SoftSPL": 0.8059491664379086, "PLR": 0.05131150715582932, "nDTW": 7.563657107929472e-08, "CLS": 0.07424573050698102, "steps": 40, "path_length_cm": 400.8460070164102, "cumulative_reward": -398.6667063047157, "ended_reason": "max_steps", "metrics": {"SR": 0.0, "SPL": 0.0, "SoftSPL": 0.8059491664379086, "PLR": 0.05131150715582932, "nDTW": 7.563657107929472e-08, "CLS": 0.07424573050698102, "path_length_cm": 400.8460070164102, "cumulative_reward": -398.6667063047157}, "token_totals": {"input": 478923, "output": 6774, "calls": 40}, "finished_at": "2026-04-22T21:44:56.379046+00:00"}