{"episode_id": "map_49_courtyard_sunny_packed_pn_0014", "episode_idx": 3, "agent_name": "GhostAgent_3", "SR": 0.0, "SPL": 0.0, "SoftSPL": 0.8282185490290535, "PLR": 0.05041416289097939, "nDTW": 6.571282793540003e-05, "CLS": 0.05217146620710082, "steps": 40, "path_length_cm": 400.44423311770953, "cumulative_reward": 27.31366017069788, "ended_reason": "max_steps", "metrics": {"SR": 0.0, "SPL": 0.0, "SoftSPL": 0.8282185490290535, "PLR": 0.05041416289097939, "nDTW": 6.571282793540003e-05, "CLS": 0.05217146620710082, "path_length_cm": 400.44423311770953, "cumulative_reward": 27.31366017069788}, "token_totals": {"input": 117522, "output": 5435, "calls": 40}, "finished_at": "2026-04-23T16:29:25.345540+00:00"}