{"episode_id": "map_27_courtyard_overcast_remix_obj_pn_0012", "episode_idx": 2, "agent_name": "GhostAgent_2", "SR": 0.0, "SPL": 0.0, "SoftSPL": 0.029834669125756275, "PLR": 0.0, "nDTW": 0.001948581312794652, "CLS": 0.0856064908060119, "steps": 40, "path_length_cm": 0.0, "cumulative_reward": -0.4000000000000002, "ended_reason": "max_steps", "metrics": {"SR": 0.0, "SPL": 0.0, "SoftSPL": 0.029834669125756275, "PLR": 0.0, "nDTW": 0.001948581312794652, "CLS": 0.0856064908060119, "path_length_cm": 0.0, "cumulative_reward": -0.4000000000000002}, "token_totals": {"input": 40159, "output": 3870, "calls": 40}, "finished_at": "2026-04-23T15:45:51.483393+00:00"}