{"episode_id": "map_47_wintertown_demo01_minimal_pn_0017", "episode_idx": 6, "agent_name": "GhostAgent_6", "SR": 0.0, "SPL": 0.0, "SoftSPL": 0.0, "PLR": 0.9511547152470037, "nDTW": 4.8706076700341966e-80, "CLS": 0.11681707437577062, "steps": 40, "path_length_cm": 5813.619315891278, "cumulative_reward": -1561.4510619549865, "ended_reason": "max_steps", "metrics": {"SR": 0.0, "SPL": 0.0, "SoftSPL": 0.0, "PLR": 0.9511547152470037, "nDTW": 4.8706076700341966e-80, "CLS": 0.11681707437577062, "path_length_cm": 5813.619315891278, "cumulative_reward": -1561.4510619549865}, "token_totals": {"input": 120823, "output": 5498, "calls": 40}, "finished_at": "2026-04-23T01:45:27.564647+00:00"}