{"episode_id": "map_67_B12_construction_site_obj_on_0018", "episode_idx": 8, "agent_name": "GhostAgent_8", "SR": 0.0, "SPL": 0.0, "SoftSPL": 0.02163063616196048, "PLR": 0.06577722405615262, "nDTW": 2.847693669901933e-09, "CLS": 0.10382050664465761, "steps": 3, "path_length_cm": 402.30600000000004, "cumulative_reward": 101.549656431594, "ended_reason": "no_tool_call", "metrics": {"SR": 0.0, "SPL": 0.0, "SoftSPL": 0.02163063616196048, "PLR": 0.06577722405615262, "nDTW": 2.847693669901933e-09, "CLS": 0.10382050664465761, "path_length_cm": 402.30600000000004, "cumulative_reward": 101.549656431594}, "token_totals": {"input": 3678, "output": 587, "calls": 3}, "finished_at": "2026-04-23T16:01:56.133199+00:00"}