{"episode_id": "map_36_dungeon_native_on_0018", "episode_idx": 8, "agent_name": "GhostAgent_8", "SR": 0.0, "SPL": 0.0, "SoftSPL": 0.028550041648864134, "PLR": 1.7112172739918516, "nDTW": 2.758616785802947e-53, "CLS": 0.14887507499164113, "steps": 40, "path_length_cm": 2416.2216787037546, "cumulative_reward": 68.58730607011854, "ended_reason": "max_steps", "metrics": {"SR": 0.0, "SPL": 0.0, "SoftSPL": 0.028550041648864134, "PLR": 1.7112172739918516, "nDTW": 2.758616785802947e-53, "CLS": 0.14887507499164113, "path_length_cm": 2416.2216787037546, "cumulative_reward": 68.58730607011854}, "token_totals": {"input": 118890, "output": 5437, "calls": 40}, "finished_at": "2026-04-23T01:23:21.956668+00:00"}