{"episode_id": "map_21_hwaseong_remix2_obj_on_0007", "episode_idx": 7, "agent_name": "GhostAgent_7", "SR": 0.0, "SPL": 0.0, "SoftSPL": 0.0, "PLR": 0.0, "nDTW": 1.3996581196954538e-06, "CLS": 0.2500000000004898, "steps": 40, "path_length_cm": 0.0, "cumulative_reward": -0.4000000000000002, "ended_reason": "max_steps", "metrics": {"SR": 0.0, "SPL": 0.0, "SoftSPL": 0.0, "PLR": 0.0, "nDTW": 1.3996581196954538e-06, "CLS": 0.2500000000004898, "path_length_cm": 0.0, "cumulative_reward": -0.4000000000000002}, "token_totals": {"input": 33903, "output": 1973, "calls": 40}, "finished_at": "2026-04-23T18:18:56.954782+00:00"}