{"episode_id": "map_60_B11_forest_camp_pn_0019", "episode_idx": 9, "agent_name": "GhostAgent_9", "SR": 0.0, "SPL": 0.0, "SoftSPL": 0.0899309128142605, "PLR": 2.0300523327407585, "nDTW": 1.1522834959337013e-207, "CLS": 0.12314953460469609, "steps": 40, "path_length_cm": 14366.375850956436, "cumulative_reward": 1291.5781941417881, "ended_reason": "max_steps", "metrics": {"SR": 0.0, "SPL": 0.0, "SoftSPL": 0.0899309128142605, "PLR": 2.0300523327407585, "nDTW": 1.1522834959337013e-207, "CLS": 0.12314953460469609, "path_length_cm": 14366.375850956436, "cumulative_reward": 1291.5781941417881}, "token_totals": {"input": 126880, "output": 6914, "calls": 40}, "finished_at": "2026-04-23T17:32:08.010544+00:00"}