{"episode_id": "map_16_hwaseong_remix_on_0001", "episode_idx": 0, "agent_name": "GhostAgent_0", "SR": 0.0, "SPL": 0.0, "SoftSPL": 0.22074167972214118, "PLR": 1.3932165117718904, "nDTW": 4.052165961843759e-54, "CLS": 0.08621902052887491, "steps": 40, "path_length_cm": 4213.685814698259, "cumulative_reward": 928.1384902661147, "ended_reason": "max_steps", "metrics": {"SR": 0.0, "SPL": 0.0, "SoftSPL": 0.22074167972214118, "PLR": 1.3932165117718904, "nDTW": 4.052165961843759e-54, "CLS": 0.08621902052887491, "path_length_cm": 4213.685814698259, "cumulative_reward": 928.1384902661147}, "token_totals": {"input": 126903, "output": 7073, "calls": 40}, "finished_at": "2026-04-23T13:13:19.713451+00:00"}