{"episode_id": "map_05_middleeast_native_obj_pn_0012", "episode_idx": 1, "agent_name": "GhostAgent_1", "SR": 0.0, "SPL": 0.0, "SoftSPL": 0.20496908474872957, "PLR": 0.006847133990134757, "nDTW": 6.066788112975424e-06, "CLS": 0.07731991294018493, "steps": 40, "path_length_cm": 46.96099999999933, "cumulative_reward": -32.66489023813239, "ended_reason": "max_steps", "metrics": {"SR": 0.0, "SPL": 0.0, "SoftSPL": 0.20496908474872957, "PLR": 0.006847133990134757, "nDTW": 6.066788112975424e-06, "CLS": 0.07731991294018493, "path_length_cm": 46.96099999999933, "cumulative_reward": -32.66489023813239}, "token_totals": {"input": 433024, "output": 4211, "calls": 40}, "finished_at": "2026-04-22T21:43:05.016937+00:00"}