{"episode_id": "map_01_wintertown_native_on_0011", "episode_idx": 1, "agent_name": "GhostAgent_1", "SR": 0.0, "SPL": 0.0, "SoftSPL": 0.4264742031259955, "PLR": 1.8087412167718115, "nDTW": 2.254932810088941e-05, "CLS": 0.22331066842881042, "steps": 40, "path_length_cm": 2162.27777500203, "cumulative_reward": 889.1642966782998, "ended_reason": "max_steps", "metrics": {"SR": 0.0, "SPL": 0.0, "SoftSPL": 0.4264742031259955, "PLR": 1.8087412167718115, "nDTW": 2.254932810088941e-05, "CLS": 0.22331066842881042, "path_length_cm": 2162.27777500203, "cumulative_reward": 889.1642966782998}, "token_totals": {"input": 489264, "output": 8253, "calls": 40}, "finished_at": "2026-04-22T20:23:53.042982+00:00"}