{"episode_id": "map_57_gothic_day_invasion_on_0007", "episode_idx": 7, "agent_name": "GhostAgent_7", "SR": 0.0, "SPL": 0.0, "SoftSPL": 0.39322671325894676, "PLR": 1.8427614408769168, "nDTW": 7.036056377922624e-18, "CLS": 0.02318704731288617, "steps": 40, "path_length_cm": 7534.240716711727, "cumulative_reward": 2887.304604369302, "ended_reason": "max_steps", "metrics": {"SR": 0.0, "SPL": 0.0, "SoftSPL": 0.39322671325894676, "PLR": 1.8427614408769168, "nDTW": 7.036056377922624e-18, "CLS": 0.02318704731288617, "path_length_cm": 7534.240716711727, "cumulative_reward": 2887.304604369302}, "token_totals": {"input": 121695, "output": 5792, "calls": 40}, "finished_at": "2026-04-23T14:56:00.468198+00:00"}