{"episode_id": "map_11_wintertown_demo01_remix_pn_0001", "episode_idx": 1, "agent_name": "GhostAgent_1", "SR": 1.0, "SPL": 0.6508005601051231, "SoftSPL": 0.6429102251536118, "PLR": 1.5365690524889393, "nDTW": 7.094176601807153e-28, "CLS": 0.15560408988490745, "steps": 34, "path_length_cm": 10076.174487220418, "cumulative_reward": 6487.26681921364, "ended_reason": "success", "metrics": {"SR": 1.0, "SPL": 0.6508005601051231, "SoftSPL": 0.6429102251536118, "PLR": 1.5365690524889393, "nDTW": 7.094176601807153e-28, "CLS": 0.15560408988490745, "path_length_cm": 10076.174487220418, "cumulative_reward": 6487.26681921364}, "token_totals": {"input": 106410, "output": 6064, "calls": 34}, "finished_at": "2026-04-22T23:07:56.952509+00:00"}