{"episode_id": "map_01_wintertown_native_obj_on_0002", "episode_idx": 1, "agent_name": "GhostAgent_1", "SR": 1.0, "SPL": 0.8691096862661517, "SoftSPL": 0.8516811535896127, "PLR": 1.1506027556730798, "nDTW": 8.255138802809732e-14, "CLS": 0.1705558387348886, "steps": 26, "path_length_cm": 7973.642578731773, "cumulative_reward": 6737.036969990913, "ended_reason": "success", "metrics": {"SR": 1.0, "SPL": 0.8691096862661517, "SoftSPL": 0.8516811535896127, "PLR": 1.1506027556730798, "nDTW": 8.255138802809732e-14, "CLS": 0.1705558387348886, "path_length_cm": 7973.642578731773, "cumulative_reward": 6737.036969990913}, "token_totals": {"input": 181141, "output": 3223, "calls": 26}, "finished_at": "2026-04-22T21:49:33.548367+00:00"}