{"episode_id": "map_68_B13_suburban_park_on_0012", "episode_idx": 2, "agent_name": "GhostAgent_2", "SR": 0.0, "SPL": 0.0, "SoftSPL": 0.0, "PLR": 0.3685678734496632, "nDTW": 2.0530071390320865e-17, "CLS": 0.39592537263859306, "steps": 10, "path_length_cm": 1933.698719411127, "cumulative_reward": -1323.5667712305374, "ended_reason": "no_tool_call", "metrics": {"SR": 0.0, "SPL": 0.0, "SoftSPL": 0.0, "PLR": 0.3685678734496632, "nDTW": 2.0530071390320865e-17, "CLS": 0.39592537263859306, "path_length_cm": 1933.698719411127, "cumulative_reward": -1323.5667712305374}, "token_totals": {"input": 27656, "output": 2441, "calls": 10}, "finished_at": "2026-04-23T04:16:34.435503+00:00"}