{"episode_id": "map_09b_wintertown_demo02_on_0007", "episode_idx": 2, "agent_name": "GhostAgent_2", "SR": 1.0, "SPL": 0.8904745812077645, "SoftSPL": 0.7842392138730805, "PLR": 1.1229966818858372, "nDTW": 3.9377906464792095e-05, "CLS": 0.5204335940011167, "steps": 12, "path_length_cm": 1198.8551077472255, "cumulative_reward": 942.4477147376598, "ended_reason": "success", "metrics": {"SR": 1.0, "SPL": 0.8904745812077645, "SoftSPL": 0.7842392138730805, "PLR": 1.1229966818858372, "nDTW": 3.9377906464792095e-05, "CLS": 0.5204335940011167, "path_length_cm": 1198.8551077472255, "cumulative_reward": 942.4477147376598}, "token_totals": {"input": 42651, "output": 1568, "calls": 12}, "finished_at": "2026-04-22T19:35:00.251908+00:00"}