{"episode_id": "map_34_temple_plaza_native_on_0011", "episode_idx": 1, "agent_name": "GhostAgent_1", "SR": 0.0, "SPL": 0.0, "SoftSPL": 0.451468179130261, "PLR": 0.00011576967896297018, "nDTW": 2.1816269957566795e-05, "CLS": 0.04579099849126229, "steps": 40, "path_length_cm": 0.5791459228897857, "cumulative_reward": 0.12328006050720398, "ended_reason": "max_steps", "metrics": {"SR": 0.0, "SPL": 0.0, "SoftSPL": 0.451468179130261, "PLR": 0.00011576967896297018, "nDTW": 2.1816269957566795e-05, "CLS": 0.04579099849126229, "path_length_cm": 0.5791459228897857, "cumulative_reward": 0.12328006050720398}, "token_totals": {"input": 32108, "output": 1744, "calls": 40}, "finished_at": "2026-04-23T15:39:44.238236+00:00"}