{"episode_id": "map_36_dungeon_native_pn_0005", "episode_idx": 5, "agent_name": "GhostAgent_5", "SR": 1.0, "SPL": 0.7512136143606549, "SoftSPL": 0.6733436500063368, "PLR": 1.3311792822752326, "nDTW": 8.493856473643636e-06, "CLS": 0.40889185084529056, "steps": 11, "path_length_cm": 2411.630946733925, "cumulative_reward": 1586.4338860874263, "ended_reason": "success", "metrics": {"SR": 1.0, "SPL": 0.7512136143606549, "SoftSPL": 0.6733436500063368, "PLR": 1.3311792822752326, "nDTW": 8.493856473643636e-06, "CLS": 0.40889185084529056, "path_length_cm": 2411.630946733925, "cumulative_reward": 1586.4338860874263}, "token_totals": {"input": 25036, "output": 1025, "calls": 11}, "finished_at": "2026-04-23T00:46:42.820512+00:00"}