{"episode_id": "map_22_containeryard_demo_native_obj_on_0008", "episode_idx": 7, "agent_name": "GhostAgent_7", "SR": 1.0, "SPL": 0.6474267899372161, "SoftSPL": 0.614237064137173, "PLR": 1.544576183041444, "nDTW": 4.302380829845233e-09, "CLS": 0.16435382979327995, "steps": 21, "path_length_cm": 4910.57838417268, "cumulative_reward": 2996.2829719574365, "ended_reason": "success", "metrics": {"SR": 1.0, "SPL": 0.6474267899372161, "SoftSPL": 0.614237064137173, "PLR": 1.544576183041444, "nDTW": 4.302380829845233e-09, "CLS": 0.16435382979327995, "path_length_cm": 4910.57838417268, "cumulative_reward": 2996.2829719574365}, "token_totals": {"input": 56955, "output": 2350, "calls": 21}, "finished_at": "2026-04-23T00:17:52.847884+00:00"}