{"episode_id": "map_68_B13_suburban_park_pn_0003", "episode_idx": 3, "agent_name": "GhostAgent_3", "SR": 0.0, "SPL": 0.0, "SoftSPL": 0.0, "PLR": 0.10105160430413489, "nDTW": 2.7521686021545837e-43, "CLS": 0.2781027266937587, "steps": 40, "path_length_cm": 798.3389999999999, "cumulative_reward": -561.5011695239591, "ended_reason": "max_steps", "metrics": {"SR": 0.0, "SPL": 0.0, "SoftSPL": 0.0, "PLR": 0.10105160430413489, "nDTW": 2.7521686021545837e-43, "CLS": 0.2781027266937587, "path_length_cm": 798.3389999999999, "cumulative_reward": -561.5011695239591}, "token_totals": {"input": 122173, "output": 6591, "calls": 40}, "finished_at": "2026-04-23T05:01:21.360706+00:00"}