{"episode_id": "map_09b_wintertown_demo02_pn_0006", "episode_idx": 6, "agent_name": "GhostAgent_6", "SR": 0.0, "SPL": 0.0, "SoftSPL": 0.0, "PLR": 2.4291450718110434, "nDTW": 1.378134923940005e-70, "CLS": 0.04585579004262301, "steps": 40, "path_length_cm": 12378.777537244769, "cumulative_reward": -1335.7552807354098, "ended_reason": "max_steps", "metrics": {"SR": 0.0, "SPL": 0.0, "SoftSPL": 0.0, "PLR": 2.4291450718110434, "nDTW": 1.378134923940005e-70, "CLS": 0.04585579004262301, "path_length_cm": 12378.777537244769, "cumulative_reward": -1335.7552807354098}, "token_totals": {"input": 134447, "output": 8578, "calls": 40}, "finished_at": "2026-04-22T22:49:48.337617+00:00"}