{"episode_id": "map_66_middleeast_bazaar_pn_0019", "episode_idx": 9, "agent_name": "GhostAgent_9", "SR": 0.0, "SPL": 0.0, "SoftSPL": 0.039040627303577824, "PLR": 0.0, "nDTW": 1.9182229210009024e-10, "CLS": 0.0555555720470074, "steps": 40, "path_length_cm": 0.0, "cumulative_reward": -0.4000000000000002, "ended_reason": "max_steps", "metrics": {"SR": 0.0, "SPL": 0.0, "SoftSPL": 0.039040627303577824, "PLR": 0.0, "nDTW": 1.9182229210009024e-10, "CLS": 0.0555555720470074, "path_length_cm": 0.0, "cumulative_reward": -0.4000000000000002}, "token_totals": {"input": 26323, "output": 120, "calls": 40}, "finished_at": "2026-04-23T18:51:48.334352+00:00"}