{"episode_id": "map_36_dungeon_native_obj_on_0005", "episode_idx": 7, "agent_name": "GhostAgent_7", "SR": 0.0, "SPL": 0.0, "SoftSPL": 0.427165538603707, "PLR": 1.9700812394149394, "nDTW": 4.27538135313507e-27, "CLS": 0.18807873303024628, "steps": 40, "path_length_cm": 3794.4749711751438, "cumulative_reward": 1620.4643368985808, "ended_reason": "max_steps", "metrics": {"SR": 0.0, "SPL": 0.0, "SoftSPL": 0.427165538603707, "PLR": 1.9700812394149394, "nDTW": 4.27538135313507e-27, "CLS": 0.18807873303024628, "path_length_cm": 3794.4749711751438, "cumulative_reward": 1620.4643368985808}, "token_totals": {"input": 115234, "output": 5614, "calls": 40}, "finished_at": "2026-04-23T18:16:24.100290+00:00"}