{"episode_id": "map_47_wintertown_demo01_minimal_on_0004", "episode_idx": 4, "agent_name": "GhostAgent_4", "SR": 0.0, "SPL": 0.0, "SoftSPL": 0.34601454681528643, "PLR": 0.5620454217250413, "nDTW": 1.5099736926738868e-08, "CLS": 0.2570629751457175, "steps": 40, "path_length_cm": 1023.7544947637283, "cumulative_reward": 585.4001218191552, "ended_reason": "max_steps", "metrics": {"SR": 0.0, "SPL": 0.0, "SoftSPL": 0.34601454681528643, "PLR": 0.5620454217250413, "nDTW": 1.5099736926738868e-08, "CLS": 0.2570629751457175, "path_length_cm": 1023.7544947637283, "cumulative_reward": 585.4001218191552}, "token_totals": {"input": 130015, "output": 9681, "calls": 40}, "finished_at": "2026-04-23T01:28:57.258432+00:00"}