{"episode_id": "map_33_gothic_night_remix_pn_0019", "episode_idx": 6, "agent_name": "GhostAgent_6", "SR": 0.0, "SPL": 0.0, "SoftSPL": 1.1945157462167622e-05, "PLR": 0.0, "nDTW": 0.004670398423496614, "CLS": 0.25000545315535855, "steps": 40, "path_length_cm": 0.0, "cumulative_reward": -0.4000000000000002, "ended_reason": "max_steps", "metrics": {"SR": 0.0, "SPL": 0.0, "SoftSPL": 1.1945157462167622e-05, "PLR": 0.0, "nDTW": 0.004670398423496614, "CLS": 0.25000545315535855, "path_length_cm": 0.0, "cumulative_reward": -0.4000000000000002}, "token_totals": {"input": 44202, "output": 4946, "calls": 40}, "finished_at": "2026-04-23T18:22:00.928003+00:00"}