{"episode_id": "map_25_containeryard_day_remix_on_0013", "episode_idx": 3, "agent_name": "GhostAgent_3", "SR": 0.0, "SPL": 0.0, "SoftSPL": 0.0, "PLR": 0.08489549720893158, "nDTW": 1.2334505969000353e-06, "CLS": 0.2736595136534779, "steps": 40, "path_length_cm": 106.54300004223704, "cumulative_reward": -32.50804026346469, "ended_reason": "max_steps", "metrics": {"SR": 0.0, "SPL": 0.0, "SoftSPL": 0.0, "PLR": 0.08489549720893158, "nDTW": 1.2334505969000353e-06, "CLS": 0.2736595136534779, "path_length_cm": 106.54300004223704, "cumulative_reward": -32.50804026346469}, "token_totals": {"input": 122685, "output": 7524, "calls": 40}, "finished_at": "2026-04-23T00:32:48.462162+00:00"}