{"episode_id": "map_42_B4_industrial_yard_on_0013", "episode_idx": 3, "agent_name": "GhostAgent_3", "SR": 0.0, "SPL": 0.0, "SoftSPL": 2.0488185751288412e-06, "PLR": 0.0, "nDTW": 0.016231661066883334, "CLS": 0.25006586670524755, "steps": 40, "path_length_cm": 0.0, "cumulative_reward": -0.4000000000000002, "ended_reason": "max_steps", "metrics": {"SR": 0.0, "SPL": 0.0, "SoftSPL": 2.0488185751288412e-06, "PLR": 0.0, "nDTW": 0.016231661066883334, "CLS": 0.25006586670524755, "path_length_cm": 0.0, "cumulative_reward": -0.4000000000000002}, "token_totals": {"input": 33646, "output": 2108, "calls": 40}, "finished_at": "2026-04-23T16:06:09.555843+00:00"}