{"episode_id": "map_53_courtyard_sanny_big_remix_pn_0018", "episode_idx": 8, "agent_name": "GhostAgent_8", "SR": 0.0, "SPL": 0.0, "SoftSPL": 0.7263148822860146, "PLR": 0.06803114338562863, "nDTW": 7.732296645109125e-05, "CLS": 0.07513604275130684, "steps": 40, "path_length_cm": 382.51734929150643, "cumulative_reward": 117.96902762715048, "ended_reason": "max_steps", "metrics": {"SR": 0.0, "SPL": 0.0, "SoftSPL": 0.7263148822860146, "PLR": 0.06803114338562863, "nDTW": 7.732296645109125e-05, "CLS": 0.07513604275130684, "path_length_cm": 382.51734929150643, "cumulative_reward": 117.96902762715048}, "token_totals": {"input": 108623, "output": 3034, "calls": 40}, "finished_at": "2026-04-23T02:12:37.657285+00:00"}