{"episode_id": "map_15_middleeast_remix_obj_on_0009", "episode_idx": 8, "agent_name": "GhostAgent_8", "SR": 0.0, "SPL": 0.0, "SoftSPL": 0.530686922970174, "PLR": 0.4222812730621595, "nDTW": 1.3532144231223802e-17, "CLS": 0.15838170829952092, "steps": 40, "path_length_cm": 1297.383200854334, "cumulative_reward": 1247.1383284070985, "ended_reason": "max_steps", "metrics": {"SR": 0.0, "SPL": 0.0, "SoftSPL": 0.530686922970174, "PLR": 0.4222812730621595, "nDTW": 1.3532144231223802e-17, "CLS": 0.15838170829952092, "path_length_cm": 1297.383200854334, "cumulative_reward": 1247.1383284070985}, "token_totals": {"input": 39795, "output": 3637, "calls": 40}, "finished_at": "2026-04-23T15:06:48.280630+00:00"}