{"episode_id": "map_15_middleeast_remix_obj_on_0002", "episode_idx": 2, "agent_name": "GhostAgent_2", "SR": 0.0, "SPL": 0.0, "SoftSPL": 0.11090895088887374, "PLR": 0.0, "nDTW": 2.877144619669502e-08, "CLS": 0.10000000730793326, "steps": 40, "path_length_cm": 0.0, "cumulative_reward": -0.4000000000000002, "ended_reason": "max_steps", "metrics": {"SR": 0.0, "SPL": 0.0, "SoftSPL": 0.11090895088887374, "PLR": 0.0, "nDTW": 2.877144619669502e-08, "CLS": 0.10000000730793326, "path_length_cm": 0.0, "cumulative_reward": -0.4000000000000002}, "token_totals": {"input": 32819, "output": 1804, "calls": 40}, "finished_at": "2026-04-23T15:06:48.278260+00:00"}