{"episode_id": "map_15_middleeast_remix_pn_0019", "episode_idx": 9, "agent_name": "GhostAgent_9", "SR": 0.0, "SPL": 0.0, "SoftSPL": 0.1852860304096836, "PLR": 0.09991858377925229, "nDTW": 7.001415126306393e-07, "CLS": 0.11630947565750202, "steps": 40, "path_length_cm": 284.44123000191087, "cumulative_reward": 54.12310085981806, "ended_reason": "max_steps", "metrics": {"SR": 0.0, "SPL": 0.0, "SoftSPL": 0.1852860304096836, "PLR": 0.09991858377925229, "nDTW": 7.001415126306393e-07, "CLS": 0.11630947565750202, "path_length_cm": 284.44123000191087, "cumulative_reward": 54.12310085981806}, "token_totals": {"input": 34685, "output": 2434, "calls": 40}, "finished_at": "2026-04-23T14:51:25.702069+00:00"}