{"episode_id": "map_27_courtyard_overcast_remix_pn_0019", "episode_idx": 9, "agent_name": "GhostAgent_9", "SR": 0.0, "SPL": 0.0, "SoftSPL": 0.387633795135064, "PLR": 0.38988797439877165, "nDTW": 1.6320087763549459e-16, "CLS": 0.41657894286368496, "steps": 40, "path_length_cm": 397.6038574121233, "cumulative_reward": 394.9096480891621, "ended_reason": "max_steps", "metrics": {"SR": 0.0, "SPL": 0.0, "SoftSPL": 0.387633795135064, "PLR": 0.38988797439877165, "nDTW": 1.6320087763549459e-16, "CLS": 0.41657894286368496, "path_length_cm": 397.6038574121233, "cumulative_reward": 394.9096480891621}, "token_totals": {"input": 30061, "output": 1280, "calls": 40}, "finished_at": "2026-04-23T15:29:16.197017+00:00"}