{"episode_id": "map_27_courtyard_overcast_remix_on_0001", "episode_idx": 1, "agent_name": "GhostAgent_1", "SR": 0.0, "SPL": 0.0, "SoftSPL": 0.8153501664466921, "PLR": 0.0, "nDTW": 0.0014167725220810032, "CLS": 0.051284581937354023, "steps": 40, "path_length_cm": 0.0, "cumulative_reward": -0.4000000000000002, "ended_reason": "max_steps", "metrics": {"SR": 0.0, "SPL": 0.0, "SoftSPL": 0.8153501664466921, "PLR": 0.0, "nDTW": 0.0014167725220810032, "CLS": 0.051284581937354023, "path_length_cm": 0.0, "cumulative_reward": -0.4000000000000002}, "token_totals": {"input": 33018, "output": 1981, "calls": 40}, "finished_at": "2026-04-23T15:26:52.919306+00:00"}