{"episode_id": "map_03_watertown_remix_obj_on_0010", "episode_idx": 6, "agent_name": "GhostAgent_6", "SR": 0.0, "SPL": 0.0, "SoftSPL": 0.0, "PLR": 1.9595889669268447, "nDTW": 2.321177420311155e-50, "CLS": 0.0042776307173601185, "steps": 40, "path_length_cm": 15574.675937906877, "cumulative_reward": -7516.134096014492, "ended_reason": "max_steps", "metrics": {"SR": 0.0, "SPL": 0.0, "SoftSPL": 0.0, "PLR": 1.9595889669268447, "nDTW": 2.321177420311155e-50, "CLS": 0.0042776307173601185, "path_length_cm": 15574.675937906877, "cumulative_reward": -7516.134096014492}, "token_totals": {"input": 118675, "output": 3706, "calls": 40}, "finished_at": "2026-04-22T22:38:37.027718+00:00"}