{"episode_id": "map_47_wintertown_demo01_minimal_obj_on_0001", "episode_idx": 1, "agent_name": "GhostAgent_1", "SR": 0.0, "SPL": 0.0, "SoftSPL": 0.12478130162526224, "PLR": 0.04589647557453654, "nDTW": 9.147232474866701e-08, "CLS": 0.08787920144574765, "steps": 40, "path_length_cm": 307.18465205561733, "cumulative_reward": 23.446495187412907, "ended_reason": "max_steps", "metrics": {"SR": 0.0, "SPL": 0.0, "SoftSPL": 0.12478130162526224, "PLR": 0.04589647557453654, "nDTW": 9.147232474866701e-08, "CLS": 0.08787920144574765, "path_length_cm": 307.18465205561733, "cumulative_reward": 23.446495187412907}, "token_totals": {"input": 129303, "output": 8255, "calls": 40}, "finished_at": "2026-04-23T01:57:57.552412+00:00"}