{"episode_id": "map_09b_wintertown_demo02_obj_on_0009", "episode_idx": 5, "agent_name": "GhostAgent_5", "SR": 0.0, "SPL": 0.0, "SoftSPL": 0.061909623761874165, "PLR": 2.982630135127868, "nDTW": 3.755363016480071e-43, "CLS": 0.009329492797041265, "steps": 40, "path_length_cm": 13377.15580865119, "cumulative_reward": 609.7166821163833, "ended_reason": "max_steps", "metrics": {"SR": 0.0, "SPL": 0.0, "SoftSPL": 0.061909623761874165, "PLR": 2.982630135127868, "nDTW": 3.755363016480071e-43, "CLS": 0.009329492797041265, "path_length_cm": 13377.15580865119, "cumulative_reward": 609.7166821163833}, "token_totals": {"input": 136453, "output": 9072, "calls": 40}, "finished_at": "2026-04-23T16:47:09.753853+00:00"}