{"episode_id": "map_47_wintertown_demo01_minimal_obj_on_0008", "episode_idx": 8, "agent_name": "GhostAgent_8", "SR": 0.0, "SPL": 0.0, "SoftSPL": 0.10803715113058932, "PLR": 0.3775344124440767, "nDTW": 3.3976476092337e-35, "CLS": 0.05432202287539486, "steps": 40, "path_length_cm": 3000.201794842962, "cumulative_reward": -14.155479914976512, "ended_reason": "max_steps", "metrics": {"SR": 0.0, "SPL": 0.0, "SoftSPL": 0.10803715113058932, "PLR": 0.3775344124440767, "nDTW": 3.3976476092337e-35, "CLS": 0.05432202287539486, "path_length_cm": 3000.201794842962, "cumulative_reward": -14.155479914976512}, "token_totals": {"input": 120783, "output": 5706, "calls": 40}, "finished_at": "2026-04-23T01:57:57.556329+00:00"}