{"episode_id": "map_22_containeryard_demo_native_on_0013", "episode_idx": 3, "agent_name": "GhostAgent_3", "SR": 0.0, "SPL": 0.0, "SoftSPL": 0.4729614498806294, "PLR": 0.45478496819141945, "nDTW": 1.3051474667548483e-07, "CLS": 0.2725292109951746, "steps": 40, "path_length_cm": 2193.96, "cumulative_reward": 2192.738406878312, "ended_reason": "max_steps", "metrics": {"SR": 0.0, "SPL": 0.0, "SoftSPL": 0.4729614498806294, "PLR": 0.45478496819141945, "nDTW": 1.3051474667548483e-07, "CLS": 0.2725292109951746, "path_length_cm": 2193.96, "cumulative_reward": 2192.738406878312}, "token_totals": {"input": 109981, "output": 4830, "calls": 40}, "finished_at": "2026-04-23T00:04:06.396204+00:00"}