{"episode_id": "map_53_courtyard_sanny_big_remix_obj_pn_0019", "episode_idx": 5, "agent_name": "GhostAgent_5", "SR": 0.0, "SPL": 0.0, "SoftSPL": 0.0, "PLR": 15.111788178423321, "nDTW": 5.717039691061117e-92, "CLS": 0.002780565211284672, "steps": 17, "path_length_cm": 52614.71290081648, "cumulative_reward": -32637.47796875049, "ended_reason": "step_error", "metrics": {"SR": 0.0, "SPL": 0.0, "SoftSPL": 0.0, "PLR": 15.111788178423321, "nDTW": 5.717039691061117e-92, "CLS": 0.002780565211284672, "path_length_cm": 52614.71290081648, "cumulative_reward": -32637.47796875049}, "token_totals": {"input": 52281, "output": 3775, "calls": 17}, "finished_at": "2026-04-23T19:25:24.961281+00:00"}