{"episode_id": "map_31_gothic_day_remix_pn_0018", "episode_idx": 8, "agent_name": "GhostAgent_8", "SR": 0.0, "SPL": 0.0, "SoftSPL": 0.0, "PLR": 0.0766204970984343, "nDTW": 2.7009060764681045e-23, "CLS": 0.2707445846655824, "steps": 40, "path_length_cm": 391.87400000000025, "cumulative_reward": -345.4160931430897, "ended_reason": "max_steps", "metrics": {"SR": 0.0, "SPL": 0.0, "SoftSPL": 0.0, "PLR": 0.0766204970984343, "nDTW": 2.7009060764681045e-23, "CLS": 0.2707445846655824, "path_length_cm": 391.87400000000025, "cumulative_reward": -345.4160931430897}, "token_totals": {"input": 122461, "output": 6247, "calls": 40}, "finished_at": "2026-04-23T00:45:34.534993+00:00"}