{"episode_id": "map_01_wintertown_native_pn_0003", "episode_idx": 3, "agent_name": "GhostAgent_3", "SR": 0.0, "SPL": 0.0, "SoftSPL": 0.0, "PLR": 3.8135617240497943, "nDTW": 4.783785159696959e-113, "CLS": 0.06745694173253147, "steps": 40, "path_length_cm": 7789.276092606186, "cumulative_reward": -3948.2105090386476, "ended_reason": "max_steps", "metrics": {"SR": 0.0, "SPL": 0.0, "SoftSPL": 0.0, "PLR": 3.8135617240497943, "nDTW": 4.783785159696959e-113, "CLS": 0.06745694173253147, "path_length_cm": 7789.276092606186, "cumulative_reward": -3948.2105090386476}, "token_totals": {"input": 464294, "output": 5209, "calls": 40}, "finished_at": "2026-04-22T19:22:10.135471+00:00"}