{"episode_id": "map_53_courtyard_sanny_big_remix_obj_on_0002", "episode_idx": 2, "agent_name": "GhostAgent_2", "SR": 0.0, "SPL": 0.0, "SoftSPL": 0.6336799557101557, "PLR": 1.0036047504284713, "nDTW": 6.445467415876191e-15, "CLS": 0.3199345535243282, "steps": 40, "path_length_cm": 1111.140999436882, "cumulative_reward": 703.7098567149051, "ended_reason": "max_steps", "metrics": {"SR": 0.0, "SPL": 0.0, "SoftSPL": 0.6336799557101557, "PLR": 1.0036047504284713, "nDTW": 6.445467415876191e-15, "CLS": 0.3199345535243282, "path_length_cm": 1111.140999436882, "cumulative_reward": 703.7098567149051}, "token_totals": {"input": 112402, "output": 3881, "calls": 40}, "finished_at": "2026-04-23T14:53:24.658143+00:00"}