{"episode_id": "map_49_courtyard_sunny_packed_pn_0003", "episode_idx": 3, "agent_name": "GhostAgent_3", "SR": 0.0, "SPL": 0.0, "SoftSPL": 0.44000118883557393, "PLR": 0.0, "nDTW": 0.003857017063631671, "CLS": 0.07751994830526725, "steps": 40, "path_length_cm": 0.0, "cumulative_reward": -0.4000000000000002, "ended_reason": "max_steps", "metrics": {"SR": 0.0, "SPL": 0.0, "SoftSPL": 0.44000118883557393, "PLR": 0.0, "nDTW": 0.003857017063631671, "CLS": 0.07751994830526725, "path_length_cm": 0.0, "cumulative_reward": -0.4000000000000002}, "token_totals": {"input": 105808, "output": 2382, "calls": 40}, "finished_at": "2026-04-23T01:33:00.523089+00:00"}