{"episode_id": "map_47_wintertown_demo01_minimal_on_0002", "episode_idx": 2, "agent_name": "GhostAgent_2", "SR": 0.0, "SPL": 0.0, "SoftSPL": 0.46476609227938526, "PLR": 0.23436770718658895, "nDTW": 9.605210336031505e-10, "CLS": 0.09353808857605246, "steps": 40, "path_length_cm": 1000.0704433358937, "cumulative_reward": 697.7640753327651, "ended_reason": "max_steps", "metrics": {"SR": 0.0, "SPL": 0.0, "SoftSPL": 0.46476609227938526, "PLR": 0.23436770718658895, "nDTW": 9.605210336031505e-10, "CLS": 0.09353808857605246, "path_length_cm": 1000.0704433358937, "cumulative_reward": 697.7640753327651}, "token_totals": {"input": 117900, "output": 6122, "calls": 40}, "finished_at": "2026-04-23T01:28:57.257713+00:00"}