{"episode_id": "map_60_B11_forest_camp_pn_0010", "episode_idx": 0, "agent_name": "GhostAgent_0", "SR": 0.0, "SPL": 0.0, "SoftSPL": 0.0, "PLR": 0.3977798611665203, "nDTW": 2.9257392543002136e-13, "CLS": 0.37877720571677836, "steps": 40, "path_length_cm": 398.8299999999999, "cumulative_reward": -395.3610881094197, "ended_reason": "max_steps", "metrics": {"SR": 0.0, "SPL": 0.0, "SoftSPL": 0.0, "PLR": 0.3977798611665203, "nDTW": 2.9257392543002136e-13, "CLS": 0.37877720571677836, "path_length_cm": 398.8299999999999, "cumulative_reward": -395.3610881094197}, "token_totals": {"input": 116269, "output": 4325, "calls": 40}, "finished_at": "2026-04-23T17:32:07.781908+00:00"}