{"episode_id": "map_05_middleeast_native_obj_on_0003", "episode_idx": 4, "agent_name": "GhostAgent_4", "SR": 0.0, "SPL": 0.0, "SoftSPL": 0.18798463414748656, "PLR": 0.12616505870132197, "nDTW": 1.8364444663192098e-10, "CLS": 0.094337271889899, "steps": 40, "path_length_cm": 675.3009999999999, "cumulative_reward": -431.20435986536495, "ended_reason": "max_steps", "metrics": {"SR": 0.0, "SPL": 0.0, "SoftSPL": 0.18798463414748656, "PLR": 0.12616505870132197, "nDTW": 1.8364444663192098e-10, "CLS": 0.094337271889899, "path_length_cm": 675.3009999999999, "cumulative_reward": -431.20435986536495}, "token_totals": {"input": 120567, "output": 5638, "calls": 40}, "finished_at": "2026-04-22T22:33:45.973675+00:00"}