{"episode_id": "map_32_gothic_night_native_on_0002", "episode_idx": 2, "agent_name": "GhostAgent_2", "SR": 0.0, "SPL": 0.0, "SoftSPL": 0.25887662673143763, "PLR": 0.27050367283365956, "nDTW": 1.2325960338502929e-12, "CLS": 0.29643561962885817, "steps": 40, "path_length_cm": 642.595, "cumulative_reward": 593.6810634429439, "ended_reason": "max_steps", "metrics": {"SR": 0.0, "SPL": 0.0, "SoftSPL": 0.25887662673143763, "PLR": 0.27050367283365956, "nDTW": 1.2325960338502929e-12, "CLS": 0.29643561962885817, "path_length_cm": 642.595, "cumulative_reward": 593.6810634429439}, "token_totals": {"input": 112329, "output": 4986, "calls": 40}, "finished_at": "2026-04-23T01:12:41.473168+00:00"}