{"episode_id": "map_19_wintertown_demo02_native_on_0007", "episode_idx": 7, "agent_name": "GhostAgent_7", "SR": 0.0, "SPL": 0.0, "SoftSPL": 0.5095258821597392, "PLR": 1.1484436708089385, "nDTW": 1.8465191952843088e-55, "CLS": 0.054424773352895826, "steps": 40, "path_length_cm": 8865.847325404508, "cumulative_reward": 4376.895680823029, "ended_reason": "max_steps", "metrics": {"SR": 0.0, "SPL": 0.0, "SoftSPL": 0.5095258821597392, "PLR": 1.1484436708089385, "nDTW": 1.8465191952843088e-55, "CLS": 0.054424773352895826, "path_length_cm": 8865.847325404508, "cumulative_reward": 4376.895680823029}, "token_totals": {"input": 126465, "output": 6728, "calls": 40}, "finished_at": "2026-04-22T23:37:15.219168+00:00"}