{"episode_id": "map_08_cave_remix_on_0004", "episode_idx": 4, "agent_name": "GhostAgent_4", "SR": 0.0, "SPL": 0.0, "SoftSPL": 0.005465579186451186, "PLR": 0.0, "nDTW": 0.016360715174931137, "CLS": 0.2500669182502588, "steps": 40, "path_length_cm": 0.0, "cumulative_reward": -0.4000000000000002, "ended_reason": "max_steps", "metrics": {"SR": 0.0, "SPL": 0.0, "SoftSPL": 0.005465579186451186, "PLR": 0.0, "nDTW": 0.016360715174931137, "CLS": 0.2500669182502588, "path_length_cm": 0.0, "cumulative_reward": -0.4000000000000002}, "token_totals": {"input": 31957, "output": 1598, "calls": 40}, "finished_at": "2026-04-23T14:47:31.345792+00:00"}