{"episode_id": "map_56_containeryard_settlement_obj_pn_0015", "episode_idx": 2, "agent_name": "GhostAgent_2", "SR": 0.0, "SPL": 0.0, "SoftSPL": 0.0, "PLR": 0.0, "nDTW": 0.0004239379916823171, "CLS": 0.2500000449308552, "steps": 40, "path_length_cm": 0.0, "cumulative_reward": -0.4000000000000002, "ended_reason": "max_steps", "metrics": {"SR": 0.0, "SPL": 0.0, "SoftSPL": 0.0, "PLR": 0.0, "nDTW": 0.0004239379916823171, "CLS": 0.2500000449308552, "path_length_cm": 0.0, "cumulative_reward": -0.4000000000000002}, "token_totals": {"input": 32870, "output": 1772, "calls": 40}, "finished_at": "2026-04-23T19:07:23.106959+00:00"}