{"episode_id": "map_04_courtyard_remix_pn_0019", "episode_idx": 4, "agent_name": "GhostAgent_4", "SR": 0.0, "SPL": 0.0, "SoftSPL": 0.8843474491301206, "PLR": 0.2564746146954964, "nDTW": 1.390464524242091e-09, "CLS": 0.06582737550557853, "steps": 40, "path_length_cm": 1488.0734087017108, "cumulative_reward": 1266.141430735517, "ended_reason": "max_steps", "metrics": {"SR": 0.0, "SPL": 0.0, "SoftSPL": 0.8843474491301206, "PLR": 0.2564746146954964, "nDTW": 1.390464524242091e-09, "CLS": 0.06582737550557853, "path_length_cm": 1488.0734087017108, "cumulative_reward": 1266.141430735517}, "token_totals": {"input": 110279, "output": 4984, "calls": 40}, "finished_at": "2026-04-22T22:32:30.828247+00:00"}