{"episode_id": "map_11_wintertown_demo01_remix_on_0011", "episode_idx": 1, "agent_name": "GhostAgent_1", "SR": 0.0, "SPL": 0.0, "SoftSPL": 0.0, "PLR": 8.977828017589749, "nDTW": 1.9473287059887362e-56, "CLS": 0.028035171291001686, "steps": 40, "path_length_cm": 10214.344270452386, "cumulative_reward": -173.17843447945097, "ended_reason": "max_steps", "metrics": {"SR": 0.0, "SPL": 0.0, "SoftSPL": 0.0, "PLR": 8.977828017589749, "nDTW": 1.9473287059887362e-56, "CLS": 0.028035171291001686, "path_length_cm": 10214.344270452386, "cumulative_reward": -173.17843447945097}, "token_totals": {"input": 119760, "output": 4876, "calls": 40}, "finished_at": "2026-04-22T23:26:58.967681+00:00"}