{"episode_id": "map_31_gothic_day_remix_pn_0014", "episode_idx": 4, "agent_name": "GhostAgent_4", "SR": 0.0, "SPL": 0.0, "SoftSPL": 0.40138118917918364, "PLR": 1.365125378965244, "nDTW": 2.0689879659791786e-27, "CLS": 0.402298269132653, "steps": 40, "path_length_cm": 2511.2436933830936, "cumulative_reward": 1513.7834282471279, "ended_reason": "max_steps", "metrics": {"SR": 0.0, "SPL": 0.0, "SoftSPL": 0.40138118917918364, "PLR": 1.365125378965244, "nDTW": 2.0689879659791786e-27, "CLS": 0.402298269132653, "path_length_cm": 2511.2436933830936, "cumulative_reward": 1513.7834282471279}, "token_totals": {"input": 131688, "output": 9172, "calls": 40}, "finished_at": "2026-04-23T00:45:34.533309+00:00"}