{"episode_id": "map_32_gothic_night_native_on_0018", "episode_idx": 8, "agent_name": "GhostAgent_8", "SR": 0.0, "SPL": 0.0, "SoftSPL": 0.0953779273565315, "PLR": 0.9191260734229296, "nDTW": 2.2497798619328e-22, "CLS": 0.29430514004334557, "steps": 40, "path_length_cm": 1763.2514592545483, "cumulative_reward": -50.99821360122451, "ended_reason": "max_steps", "metrics": {"SR": 0.0, "SPL": 0.0, "SoftSPL": 0.0953779273565315, "PLR": 0.9191260734229296, "nDTW": 2.2497798619328e-22, "CLS": 0.29430514004334557, "path_length_cm": 1763.2514592545483, "cumulative_reward": -50.99821360122451}, "token_totals": {"input": 115824, "output": 6423, "calls": 40}, "finished_at": "2026-04-23T01:35:02.571142+00:00"}