{"episode_id": "map_36_dungeon_native_obj_on_0004", "episode_idx": 6, "agent_name": "GhostAgent_6", "SR": 1.0, "SPL": 0.9198762493820494, "SoftSPL": 0.9040276336070081, "PLR": 1.0871027496054777, "nDTW": 0.28542467161798174, "CLS": 0.5745018728717449, "steps": 8, "path_length_cm": 1233.0789068225013, "cumulative_reward": 1117.0218839306922, "ended_reason": "success", "metrics": {"SR": 1.0, "SPL": 0.9198762493820494, "SoftSPL": 0.9040276336070081, "PLR": 1.0871027496054777, "nDTW": 0.28542467161798174, "CLS": 0.5745018728717449, "path_length_cm": 1233.0789068225013, "cumulative_reward": 1117.0218839306922}, "token_totals": {"input": 16156, "output": 727, "calls": 8}, "finished_at": "2026-04-23T18:16:24.099805+00:00"}