{"episode_id": "map_31_gothic_day_remix_obj_on_0011", "episode_idx": 0, "agent_name": "GhostAgent_0", "SR": 0.0, "SPL": 0.0, "SoftSPL": 0.0, "PLR": 2.4187352212581015, "nDTW": 2.2408215846048522e-36, "CLS": 0.02838121187697363, "steps": 40, "path_length_cm": 3983.318286481117, "cumulative_reward": -366.45858342609813, "ended_reason": "max_steps", "metrics": {"SR": 0.0, "SPL": 0.0, "SoftSPL": 0.0, "PLR": 2.4187352212581015, "nDTW": 2.2408215846048522e-36, "CLS": 0.02838121187697363, "path_length_cm": 3983.318286481117, "cumulative_reward": -366.45858342609813}, "token_totals": {"input": 120542, "output": 5772, "calls": 40}, "finished_at": "2026-04-23T18:48:30.712834+00:00"}