{"episode_id": "map_28_village_night_native_on_0007", "episode_idx": 7, "agent_name": "GhostAgent_7", "SR": 0.0, "SPL": 0.0, "SoftSPL": 0.2188245312352059, "PLR": 2.2536959201100504, "nDTW": 3.371549723135436e-41, "CLS": 0.0494652580438533, "steps": 40, "path_length_cm": 7469.897664163963, "cumulative_reward": 1460.624142059281, "ended_reason": "max_steps", "metrics": {"SR": 0.0, "SPL": 0.0, "SoftSPL": 0.2188245312352059, "PLR": 2.2536959201100504, "nDTW": 3.371549723135436e-41, "CLS": 0.0494652580438533, "path_length_cm": 7469.897664163963, "cumulative_reward": 1460.624142059281}, "token_totals": {"input": 132887, "output": 8719, "calls": 40}, "finished_at": "2026-04-23T00:37:31.660282+00:00"}