{"episode_id": "map_25_containeryard_day_remix_on_0016", "episode_idx": 6, "agent_name": "GhostAgent_6", "SR": 1.0, "SPL": 1.0, "SoftSPL": 0.9303383523247692, "PLR": 0.9702793227183637, "nDTW": 0.2742987661217239, "CLS": 0.513861424692048, "steps": 8, "path_length_cm": 1195.8401568707018, "cumulative_reward": 1148.5921123834644, "ended_reason": "success", "metrics": {"SR": 1.0, "SPL": 1.0, "SoftSPL": 0.9303383523247692, "PLR": 0.9702793227183637, "nDTW": 0.2742987661217239, "CLS": 0.513861424692048, "path_length_cm": 1195.8401568707018, "cumulative_reward": 1148.5921123834644}, "token_totals": {"input": 17313, "output": 1045, "calls": 8}, "finished_at": "2026-04-23T00:32:48.463118+00:00"}