{
  "map": "map_19_wintertown_demo02_native",
  "n": 39,
  "SR": 0.05128205128205128,
  "SPL": 0.04611905349850825,
  "SoftSPL": 0.2012738448088485,
  "nDTW": 0.0013972380987985037,
  "avg_steps": 31.615384615384617
}