{"episode_id": "map_57_gothic_day_invasion_obj_on_0018", "episode_idx": 8, "agent_name": "GhostAgent_8", "SR": 1.0, "SPL": 0.543992454638327, "SoftSPL": 0.5174185978815228, "PLR": 1.838260791070805, "nDTW": 1.139309987571377e-12, "CLS": 0.13321780537698136, "steps": 32, "path_length_cm": 5794.363456926374, "cumulative_reward": 2687.8464498120456, "ended_reason": "success", "metrics": {"SR": 1.0, "SPL": 0.543992454638327, "SoftSPL": 0.5174185978815228, "PLR": 1.838260791070805, "nDTW": 1.139309987571377e-12, "CLS": 0.13321780537698136, "path_length_cm": 5794.363456926374, "cumulative_reward": 2687.8464498120456}, "token_totals": {"input": 102538, "output": 6262, "calls": 32}, "finished_at": "2026-04-23T19:09:35.146745+00:00"}