{"episode_id": "map_36_dungeon_native_obj_on_0000", "episode_idx": 0, "agent_name": "GhostAgent_0", "SR": 0.0, "SPL": 0.0, "SoftSPL": 1.8808531200287248e-06, "PLR": 0.0, "nDTW": 0.008934669446020253, "CLS": 0.2500199570795274, "steps": 40, "path_length_cm": 0.0, "cumulative_reward": -0.4000000000000002, "ended_reason": "max_steps", "metrics": {"SR": 0.0, "SPL": 0.0, "SoftSPL": 1.8808531200287248e-06, "PLR": 0.0, "nDTW": 0.008934669446020253, "CLS": 0.2500199570795274, "path_length_cm": 0.0, "cumulative_reward": -0.4000000000000002}, "token_totals": {"input": 108119, "output": 2610, "calls": 40}, "finished_at": "2026-04-23T01:34:21.894264+00:00"}