{"episode_id": "map_61_containeryard_day_big_remix_on_0001", "episode_idx": 1, "agent_name": "GhostAgent_1", "SR": 0.0, "SPL": 0.0, "SoftSPL": 0.0, "PLR": 0.10479737695479192, "nDTW": 3.4563130358540575e-08, "CLS": 0.2795957716195792, "steps": 40, "path_length_cm": 138.7140000324408, "cumulative_reward": -139.10446622366476, "ended_reason": "max_steps", "metrics": {"SR": 0.0, "SPL": 0.0, "SoftSPL": 0.0, "PLR": 0.10479737695479192, "nDTW": 3.4563130358540575e-08, "CLS": 0.2795957716195792, "path_length_cm": 138.7140000324408, "cumulative_reward": -139.10446622366476}, "token_totals": {"input": 33063, "output": 1841, "calls": 40}, "finished_at": "2026-04-23T16:30:40.532004+00:00"}