{"episode_id": "map_11_wintertown_demo01_remix_obj_on_0018", "episode_idx": 8, "agent_name": "GhostAgent_8", "SR": 0.0, "SPL": 0.0, "SoftSPL": 0.360089334386066, "PLR": 2.061739200000297, "nDTW": 1.0959596695457084e-22, "CLS": 0.016467927471715146, "steps": 40, "path_length_cm": 11770.613414545694, "cumulative_reward": 3757.0066831260606, "ended_reason": "max_steps", "metrics": {"SR": 0.0, "SPL": 0.0, "SoftSPL": 0.360089334386066, "PLR": 2.061739200000297, "nDTW": 1.0959596695457084e-22, "CLS": 0.016467927471715146, "path_length_cm": 11770.613414545694, "cumulative_reward": 3757.0066831260606}, "token_totals": {"input": 123353, "output": 5786, "calls": 40}, "finished_at": "2026-04-22T23:56:13.665925+00:00"}