{"episode_id": "map_09b_wintertown_demo02_pn_0016", "episode_idx": 6, "agent_name": "GhostAgent_6", "SR": 0.0, "SPL": 0.0, "SoftSPL": 0.8332340406428608, "PLR": 0.8729746838924504, "nDTW": 1.8873730007231018e-14, "CLS": 0.1878857514616637, "steps": 40, "path_length_cm": 2474.4205522526336, "cumulative_reward": 2443.695862104296, "ended_reason": "max_steps", "metrics": {"SR": 0.0, "SPL": 0.0, "SoftSPL": 0.8332340406428608, "PLR": 0.8729746838924504, "nDTW": 1.8873730007231018e-14, "CLS": 0.1878857514616637, "path_length_cm": 2474.4205522526336, "cumulative_reward": 2443.695862104296}, "token_totals": {"input": 104566, "output": 3152, "calls": 40}, "finished_at": "2026-04-22T23:03:09.900641+00:00"}