{"episode_id": "map_20_trainstation_native_on_0001", "episode_idx": 1, "agent_name": "GhostAgent_1", "SR": 0.0, "SPL": 0.0, "SoftSPL": 0.6251549945873415, "PLR": 0.9987103113979539, "nDTW": 4.311339981230292e-18, "CLS": 0.015941795922477006, "steps": 40, "path_length_cm": 7658.300422758675, "cumulative_reward": 4243.320904143187, "ended_reason": "max_steps", "metrics": {"SR": 0.0, "SPL": 0.0, "SoftSPL": 0.6251549945873415, "PLR": 0.9987103113979539, "nDTW": 4.311339981230292e-18, "CLS": 0.015941795922477006, "path_length_cm": 7658.300422758675, "cumulative_reward": 4243.320904143187}, "token_totals": {"input": 133553, "output": 7761, "calls": 40}, "finished_at": "2026-04-23T17:10:14.549232+00:00"}