{"episode_id": "map_20_trainstation_native_obj_on_0019", "episode_idx": 9, "agent_name": "GhostAgent_9", "SR": 0.0, "SPL": 0.0, "SoftSPL": 0.7118140203810137, "PLR": 1.1522140921630404, "nDTW": 2.9970346523230624e-44, "CLS": 0.22479192192669797, "steps": 40, "path_length_cm": 5646.863000000001, "cumulative_reward": 4019.1152872036077, "ended_reason": "max_steps", "metrics": {"SR": 0.0, "SPL": 0.0, "SoftSPL": 0.7118140203810137, "PLR": 1.1522140921630404, "nDTW": 2.9970346523230624e-44, "CLS": 0.22479192192669797, "path_length_cm": 5646.863000000001, "cumulative_reward": 4019.1152872036077}, "token_totals": {"input": 119738, "output": 5397, "calls": 40}, "finished_at": "2026-04-23T17:54:54.620551+00:00"}