{"episode_id": "map_10_B1_urban_grid_obj_on_0017", "episode_idx": 1, "agent_name": "GhostAgent_1", "SR": 0.0, "SPL": 0.0, "SoftSPL": 0.41173832722233383, "PLR": 1.60483745934516, "nDTW": 6.891962958271294e-19, "CLS": 0.15645718014045776, "steps": 40, "path_length_cm": 10588.50892788965, "cumulative_reward": 3474.2973528481525, "ended_reason": "max_steps", "metrics": {"SR": 0.0, "SPL": 0.0, "SoftSPL": 0.41173832722233383, "PLR": 1.60483745934516, "nDTW": 6.891962958271294e-19, "CLS": 0.15645718014045776, "path_length_cm": 10588.50892788965, "cumulative_reward": 3474.2973528481525}, "token_totals": {"input": 111752, "output": 3432, "calls": 40}, "finished_at": "2026-04-23T13:38:36.538003+00:00"}