{"episode_id": "map_06_hwaseong_native_on_0001", "episode_idx": 1, "agent_name": "GhostAgent_1", "SR": 0.0, "SPL": 0.0, "SoftSPL": 0.16897605957493628, "PLR": 2.871620256936772, "nDTW": 4.5027846729249544e-18, "CLS": 0.02881254345071114, "steps": 40, "path_length_cm": 4561.597494346632, "cumulative_reward": 690.9642640300585, "ended_reason": "max_steps", "metrics": {"SR": 0.0, "SPL": 0.0, "SoftSPL": 0.16897605957493628, "PLR": 2.871620256936772, "nDTW": 4.5027846729249544e-18, "CLS": 0.02881254345071114, "path_length_cm": 4561.597494346632, "cumulative_reward": 690.9642640300585}, "token_totals": {"input": 482476, "output": 6252, "calls": 40}, "finished_at": "2026-04-22T19:38:17.565018+00:00"}