{"episode_id": "map_36_dungeon_native_on_0016", "episode_idx": 6, "agent_name": "GhostAgent_6", "SR": 0.0, "SPL": 0.0, "SoftSPL": 0.43524046663965804, "PLR": 1.504912335558527, "nDTW": 1.0609705633908742e-48, "CLS": 0.16913042046028814, "steps": 40, "path_length_cm": 4110.11122701396, "cumulative_reward": 1788.4828116165925, "ended_reason": "max_steps", "metrics": {"SR": 0.0, "SPL": 0.0, "SoftSPL": 0.43524046663965804, "PLR": 1.504912335558527, "nDTW": 1.0609705633908742e-48, "CLS": 0.16913042046028814, "path_length_cm": 4110.11122701396, "cumulative_reward": 1788.4828116165925}, "token_totals": {"input": 120740, "output": 5813, "calls": 40}, "finished_at": "2026-04-23T01:23:21.955671+00:00"}