{"episode_id": "map_04_courtyard_remix_obj_on_0002", "episode_idx": 4, "agent_name": "GhostAgent_4", "SR": 0.0, "SPL": 0.0, "SoftSPL": 0.6791156743064084, "PLR": 0.37842552198969476, "nDTW": 2.407302637324113e-09, "CLS": 0.14695932732246983, "steps": 40, "path_length_cm": 1280.2059723806976, "cumulative_reward": 946.2236104950302, "ended_reason": "max_steps", "metrics": {"SR": 0.0, "SPL": 0.0, "SoftSPL": 0.6791156743064084, "PLR": 0.37842552198969476, "nDTW": 2.407302637324113e-09, "CLS": 0.14695932732246983, "path_length_cm": 1280.2059723806976, "cumulative_reward": 946.2236104950302}, "token_totals": {"input": 111838, "output": 3749, "calls": 40}, "finished_at": "2026-04-22T22:39:55.499957+00:00"}