{"episode_id": "map_57_gothic_day_invasion_on_0015", "episode_idx": 3, "agent_name": "GhostAgent_3", "SR": 1.0, "SPL": 0.5033362451598588, "SoftSPL": 0.4892752943699151, "PLR": 1.986743473405937, "nDTW": 7.54281974040578e-13, "CLS": 0.13230576287645507, "steps": 40, "path_length_cm": 5053.738975606884, "cumulative_reward": 2472.5493434725504, "ended_reason": "success", "metrics": {"SR": 1.0, "SPL": 0.5033362451598588, "SoftSPL": 0.4892752943699151, "PLR": 1.986743473405937, "nDTW": 7.54281974040578e-13, "CLS": 0.13230576287645507, "path_length_cm": 5053.738975606884, "cumulative_reward": 2472.5493434725504}, "token_totals": {"input": 128545, "output": 7569, "calls": 40}, "finished_at": "2026-04-23T19:09:34.701558+00:00"}