{"episode_id": "map_61_containeryard_day_big_remix_on_0018", "episode_idx": 8, "agent_name": "GhostAgent_8", "SR": 0.0, "SPL": 0.0, "SoftSPL": 0.0, "PLR": 0.12808140021773745, "nDTW": 1.7785262650494461e-12, "CLS": 0.28675556510787614, "steps": 40, "path_length_cm": 229.41300000000047, "cumulative_reward": -84.23409163319354, "ended_reason": "max_steps", "metrics": {"SR": 0.0, "SPL": 0.0, "SoftSPL": 0.0, "PLR": 0.12808140021773745, "nDTW": 1.7785262650494461e-12, "CLS": 0.28675556510787614, "path_length_cm": 229.41300000000047, "cumulative_reward": -84.23409163319354}, "token_totals": {"input": 31800, "output": 1580, "calls": 40}, "finished_at": "2026-04-23T16:41:39.321560+00:00"}