{"episode_id": "map_42_B4_industrial_yard_obj_on_0013", "episode_idx": 3, "agent_name": "GhostAgent_3", "SR": 0.0, "SPL": 0.0, "SoftSPL": 0.014861882327973253, "PLR": 0.0, "nDTW": 9.256645514540916e-07, "CLS": 0.10300956593486695, "steps": 40, "path_length_cm": 0.0, "cumulative_reward": -0.4000000000000002, "ended_reason": "max_steps", "metrics": {"SR": 0.0, "SPL": 0.0, "SoftSPL": 0.014861882327973253, "PLR": 0.0, "nDTW": 9.256645514540916e-07, "CLS": 0.10300956593486695, "path_length_cm": 0.0, "cumulative_reward": -0.4000000000000002}, "token_totals": {"input": 31182, "output": 1419, "calls": 40}, "finished_at": "2026-04-23T16:26:58.314452+00:00"}