{"episode_id": "map_40_B2_open_plaza_pn_0009", "episode_idx": 9, "agent_name": "GhostAgent_9", "SR": 0.0, "SPL": 0.0, "SoftSPL": 0.0, "PLR": 1.9912718073319684, "nDTW": 8.298213591534219e-85, "CLS": 0.1256287067006617, "steps": 40, "path_length_cm": 3202.662011322371, "cumulative_reward": -733.1802203437444, "ended_reason": "max_steps", "metrics": {"SR": 0.0, "SPL": 0.0, "SoftSPL": 0.0, "PLR": 1.9912718073319684, "nDTW": 8.298213591534219e-85, "CLS": 0.1256287067006617, "path_length_cm": 3202.662011322371, "cumulative_reward": -733.1802203437444}, "token_totals": {"input": 116006, "output": 4080, "calls": 40}, "finished_at": "2026-04-23T00:55:48.448603+00:00"}