{
  "map": "map_49_courtyard_sunny_packed",
  "n": 40,
  "SR": 0.075,
  "SPL": 0.05064001334707804,
  "SoftSPL": 0.4062218818072479,
  "nDTW": 0.0060419917837165335,
  "avg_steps": 28.7
}