{"episode_id": "map_46_B8_dense_urban_pn_0002", "episode_idx": 2, "agent_name": "GhostAgent_2", "SR": 0.0, "SPL": 0.0, "SoftSPL": 2.7836520222201955e-07, "PLR": 0.0, "nDTW": 1.4706802227181534e-07, "CLS": 0.2500000000000054, "steps": 40, "path_length_cm": 0.0, "cumulative_reward": -0.4000000000000002, "ended_reason": "max_steps", "metrics": {"SR": 0.0, "SPL": 0.0, "SoftSPL": 2.7836520222201955e-07, "PLR": 0.0, "nDTW": 1.4706802227181534e-07, "CLS": 0.2500000000000054, "path_length_cm": 0.0, "cumulative_reward": -0.4000000000000002}, "token_totals": {"input": 36881, "output": 2974, "calls": 40}, "finished_at": "2026-04-23T15:59:39.499559+00:00"}