{"episode_id": "map_25_containeryard_day_remix_obj_on_0017", "episode_idx": 0, "agent_name": "GhostAgent_0", "SR": 0.0, "SPL": 0.0, "SoftSPL": 0.0, "PLR": 0.21732986007118332, "nDTW": 7.846174086383057e-16, "CLS": 0.3195953510183058, "steps": 40, "path_length_cm": 312.02700000000004, "cumulative_reward": -308.1491925845369, "ended_reason": "max_steps", "metrics": {"SR": 0.0, "SPL": 0.0, "SoftSPL": 0.0, "PLR": 0.21732986007118332, "nDTW": 7.846174086383057e-16, "CLS": 0.3195953510183058, "path_length_cm": 312.02700000000004, "cumulative_reward": -308.1491925845369}, "token_totals": {"input": 107367, "output": 4621, "calls": 40}, "finished_at": "2026-04-23T00:59:10.185846+00:00"}