{"episode_id": "map_21_hwaseong_remix2_obj_on_0019", "episode_idx": 9, "agent_name": "GhostAgent_9", "SR": 0.0, "SPL": 0.0, "SoftSPL": 0.0024204952773820843, "PLR": 0.0, "nDTW": 4.4418275263101145e-08, "CLS": 0.16666675015261148, "steps": 40, "path_length_cm": 0.0, "cumulative_reward": -0.4000000000000002, "ended_reason": "max_steps", "metrics": {"SR": 0.0, "SPL": 0.0, "SoftSPL": 0.0024204952773820843, "PLR": 0.0, "nDTW": 4.4418275263101145e-08, "CLS": 0.16666675015261148, "path_length_cm": 0.0, "cumulative_reward": -0.4000000000000002}, "token_totals": {"input": 37173, "output": 2744, "calls": 40}, "finished_at": "2026-04-23T18:27:44.068212+00:00"}