{"episode_id": "map_66_middleeast_bazaar_obj_pn_0009", "episode_idx": 9, "agent_name": "GhostAgent_9", "SR": 0.0, "SPL": 0.0, "SoftSPL": 0.0, "PLR": 0.0, "nDTW": 6.591856660159624e-05, "CLS": 0.08406042125485813, "steps": 40, "path_length_cm": 0.0, "cumulative_reward": -0.4000000000000002, "ended_reason": "max_steps", "metrics": {"SR": 0.0, "SPL": 0.0, "SoftSPL": 0.0, "PLR": 0.0, "nDTW": 6.591856660159624e-05, "CLS": 0.08406042125485813, "path_length_cm": 0.0, "cumulative_reward": -0.4000000000000002}, "token_totals": {"input": 33290, "output": 2018, "calls": 40}, "finished_at": "2026-04-23T19:04:36.077185+00:00"}