{"episode_id": "map_33_gothic_night_remix_pn_0017", "episode_idx": 5, "agent_name": "GhostAgent_5", "SR": 0.0, "SPL": 0.0, "SoftSPL": 0.0, "PLR": 0.23841761780507345, "nDTW": 0.00021052621576553093, "CLS": 0.028385457748278678, "steps": 40, "path_length_cm": 1662.8746696717994, "cumulative_reward": 1530.8780231349883, "ended_reason": "max_steps", "metrics": {"SR": 0.0, "SPL": 0.0, "SoftSPL": 0.0, "PLR": 0.23841761780507345, "nDTW": 0.00021052621576553093, "CLS": 0.028385457748278678, "path_length_cm": 1662.8746696717994, "cumulative_reward": 1530.8780231349883}, "token_totals": {"input": 42034, "output": 4282, "calls": 40}, "finished_at": "2026-04-23T18:22:00.854006+00:00"}