{"episode_id": "map_60_B11_forest_camp_pn_0012", "episode_idx": 2, "agent_name": "GhostAgent_2", "SR": 0.0, "SPL": 0.0, "SoftSPL": 0.2824003902157167, "PLR": 2.8934130478569515, "nDTW": 1.4374477320027708e-80, "CLS": 0.09560949151901817, "steps": 40, "path_length_cm": 11205.204973913702, "cumulative_reward": 3163.950024380066, "ended_reason": "max_steps", "metrics": {"SR": 0.0, "SPL": 0.0, "SoftSPL": 0.2824003902157167, "PLR": 2.8934130478569515, "nDTW": 1.4374477320027708e-80, "CLS": 0.09560949151901817, "path_length_cm": 11205.204973913702, "cumulative_reward": 3163.950024380066}, "token_totals": {"input": 120400, "output": 5108, "calls": 40}, "finished_at": "2026-04-23T17:32:07.818340+00:00"}