{"episode_id": "map_04_courtyard_remix_obj_on_0001", "episode_idx": 3, "agent_name": "GhostAgent_3", "SR": 0.0, "SPL": 0.0, "SoftSPL": 0.10376959892302484, "PLR": 0.20046289109756685, "nDTW": 2.1773971534048476e-16, "CLS": 0.20048892859524015, "steps": 40, "path_length_cm": 848.1604968627164, "cumulative_reward": 66.61511778392232, "ended_reason": "max_steps", "metrics": {"SR": 0.0, "SPL": 0.0, "SoftSPL": 0.10376959892302484, "PLR": 0.20046289109756685, "nDTW": 2.1773971534048476e-16, "CLS": 0.20048892859524015, "path_length_cm": 848.1604968627164, "cumulative_reward": 66.61511778392232}, "token_totals": {"input": 126315, "output": 7437, "calls": 40}, "finished_at": "2026-04-22T22:39:55.499292+00:00"}