{"episode_id": "map_26_courtyard_overcast_native_pn_0009", "episode_idx": 9, "agent_name": "GhostAgent_9", "SR": 0.0, "SPL": 0.0, "SoftSPL": 0.8044993408555141, "PLR": 0.07301955463471427, "nDTW": 0.00016970452795863554, "CLS": 0.12400507038833078, "steps": 40, "path_length_cm": 398.2449999999999, "cumulative_reward": -351.3466191984744, "ended_reason": "max_steps", "metrics": {"SR": 0.0, "SPL": 0.0, "SoftSPL": 0.8044993408555141, "PLR": 0.07301955463471427, "nDTW": 0.00016970452795863554, "CLS": 0.12400507038833078, "path_length_cm": 398.2449999999999, "cumulative_reward": -351.3466191984744}, "token_totals": {"input": 114813, "output": 4145, "calls": 40}, "finished_at": "2026-04-23T00:09:03.478400+00:00"}