{"episode_id": "map_06_hwaseong_native_pn_0008", "episode_idx": 3, "agent_name": "GhostAgent_3", "SR": 1.0, "SPL": 0.9897760285757022, "SoftSPL": 0.9826516884338781, "PLR": 1.010329580762842, "nDTW": 6.101048582096242e-07, "CLS": 0.6397784101364223, "steps": 16, "path_length_cm": 4647.546381396496, "cumulative_reward": 4518.946549397192, "ended_reason": "success", "metrics": {"SR": 1.0, "SPL": 0.9897760285757022, "SoftSPL": 0.9826516884338781, "PLR": 1.010329580762842, "nDTW": 6.101048582096242e-07, "CLS": 0.6397784101364223, "path_length_cm": 4647.546381396496, "cumulative_reward": 4518.946549397192}, "token_totals": {"input": 39053, "output": 1818, "calls": 16}, "finished_at": "2026-04-23T13:11:13.574234+00:00"}