{"episode_id": "map_13_watertown_native_pn_0011", "episode_idx": 1, "agent_name": "GhostAgent_1", "SR": 0.0, "SPL": 0.0, "SoftSPL": 0.1988233499551151, "PLR": 3.497267858644441, "nDTW": 2.886261535150684e-48, "CLS": 0.033863375589689805, "steps": 40, "path_length_cm": 10992.57736061262, "cumulative_reward": 2178.1610200204955, "ended_reason": "max_steps", "metrics": {"SR": 0.0, "SPL": 0.0, "SoftSPL": 0.1988233499551151, "PLR": 3.497267858644441, "nDTW": 2.886261535150684e-48, "CLS": 0.033863375589689805, "path_length_cm": 10992.57736061262, "cumulative_reward": 2178.1610200204955}, "token_totals": {"input": 120318, "output": 5132, "calls": 40}, "finished_at": "2026-04-23T18:23:08.613195+00:00"}