{"episode_id": "map_18_cave_native_on_0009", "episode_idx": 9, "agent_name": "GhostAgent_9", "SR": 0.0, "SPL": 0.0, "SoftSPL": 0.013197318543800464, "PLR": 0.0, "nDTW": 0.0004469716551405998, "CLS": 0.16669214163567225, "steps": 1, "path_length_cm": 0.0, "cumulative_reward": 0.0, "ended_reason": "no_tool_call", "metrics": {"SR": 0.0, "SPL": 0.0, "SoftSPL": 0.013197318543800464, "PLR": 0.0, "nDTW": 0.0004469716551405998, "CLS": 0.16669214163567225, "path_length_cm": 0.0, "cumulative_reward": 0.0}, "token_totals": {"input": 766, "output": 256, "calls": 1}, "finished_at": "2026-04-23T16:57:38.528027+00:00"}