{"episode_id": "map_68_B13_suburban_park_obj_pn_0013", "episode_idx": 3, "agent_name": "GhostAgent_3", "SR": 1.0, "SPL": 0.7034717087553887, "SoftSPL": 0.6816852824105794, "PLR": 1.4215212744933856, "nDTW": 3.130430541007402e-43, "CLS": 0.3045150305893159, "steps": 32, "path_length_cm": 8845.84258691744, "cumulative_reward": 6037.344638617499, "ended_reason": "success", "metrics": {"SR": 1.0, "SPL": 0.7034717087553887, "SoftSPL": 0.6816852824105794, "PLR": 1.4215212744933856, "nDTW": 3.130430541007402e-43, "CLS": 0.3045150305893159, "path_length_cm": 8845.84258691744, "cumulative_reward": 6037.344638617499}, "token_totals": {"input": 91155, "output": 4183, "calls": 32}, "finished_at": "2026-04-23T05:49:04.826094+00:00"}