{"episode_id": "map_65_hwaseong_ceremonial_on_0019", "episode_idx": 9, "agent_name": "GhostAgent_9", "SR": 0.0, "SPL": 0.0, "SoftSPL": 0.0, "PLR": 2.7315056079456514, "nDTW": 1.851626347446509e-70, "CLS": 0.04094089332254833, "steps": 40, "path_length_cm": 13644.799223595232, "cumulative_reward": -322.49616383745365, "ended_reason": "max_steps", "metrics": {"SR": 0.0, "SPL": 0.0, "SoftSPL": 0.0, "PLR": 2.7315056079456514, "nDTW": 1.851626347446509e-70, "CLS": 0.04094089332254833, "path_length_cm": 13644.799223595232, "cumulative_reward": -322.49616383745365}, "token_totals": {"input": 134642, "output": 8232, "calls": 40}, "finished_at": "2026-04-23T03:56:44.270655+00:00"}