{"episode_id": "map_68_B13_suburban_park_obj_pn_0014", "episode_idx": 4, "agent_name": "GhostAgent_4", "SR": 0.0, "SPL": 0.0, "SoftSPL": 0.0, "PLR": 0.0716147249005751, "nDTW": 1.6199580982899486e-19, "CLS": 0.1867250626605781, "steps": 40, "path_length_cm": 400.4810000000001, "cumulative_reward": -81.63640081035885, "ended_reason": "max_steps", "metrics": {"SR": 0.0, "SPL": 0.0, "SoftSPL": 0.0, "PLR": 0.0716147249005751, "nDTW": 1.6199580982899486e-19, "CLS": 0.1867250626605781, "path_length_cm": 400.4810000000001, "cumulative_reward": -81.63640081035885}, "token_totals": {"input": 112393, "output": 4095, "calls": 40}, "finished_at": "2026-04-23T05:49:04.854850+00:00"}