{"episode_id": "map_27_courtyard_overcast_remix_on_0005", "episode_idx": 5, "agent_name": "GhostAgent_5", "SR": 0.0, "SPL": 0.0, "SoftSPL": 0.27161680847089553, "PLR": 0.1314886467647253, "nDTW": 1.1144387358458333e-09, "CLS": 0.14943415431896767, "steps": 40, "path_length_cm": 402.30134875488585, "cumulative_reward": 152.19332983140882, "ended_reason": "max_steps", "metrics": {"SR": 0.0, "SPL": 0.0, "SoftSPL": 0.27161680847089553, "PLR": 0.1314886467647253, "nDTW": 1.1144387358458333e-09, "CLS": 0.14943415431896767, "path_length_cm": 402.30134875488585, "cumulative_reward": 152.19332983140882}, "token_totals": {"input": 32950, "output": 1716, "calls": 40}, "finished_at": "2026-04-23T15:26:52.921433+00:00"}