{"episode_id": "map_18_cave_native_pn_0010", "episode_idx": 0, "agent_name": "GhostAgent_0", "SR": 0.0, "SPL": 0.0, "SoftSPL": 0.0, "PLR": 9.416565806103664, "nDTW": 1.5946248488764788e-138, "CLS": 0.0042548789901434535, "steps": 22, "path_length_cm": 55407.82652837844, "cumulative_reward": -26778.74335591987, "ended_reason": "step_error", "metrics": {"SR": 0.0, "SPL": 0.0, "SoftSPL": 0.0, "PLR": 9.416565806103664, "nDTW": 1.5946248488764788e-138, "CLS": 0.0042548789901434535, "path_length_cm": 55407.82652837844, "cumulative_reward": -26778.74335591987}, "token_totals": {"input": 70217, "output": 4659, "calls": 22}, "finished_at": "2026-04-23T18:24:27.670687+00:00"}