{"episode_id": "map_20_trainstation_native_pn_0004", "episode_idx": 3, "agent_name": "GhostAgent_3", "SR": 0.0, "SPL": 0.0, "SoftSPL": 0.10906705803089511, "PLR": 0.8282085140323405, "nDTW": 9.615042233547758e-202, "CLS": 0.30185635110520004, "steps": 40, "path_length_cm": 6394.846399397911, "cumulative_reward": 1036.8904176417925, "ended_reason": "max_steps", "metrics": {"SR": 0.0, "SPL": 0.0, "SoftSPL": 0.10906705803089511, "PLR": 0.8282085140323405, "nDTW": 9.615042233547758e-202, "CLS": 0.30185635110520004, "path_length_cm": 6394.846399397911, "cumulative_reward": 1036.8904176417925}, "token_totals": {"input": 115302, "output": 3831, "calls": 40}, "finished_at": "2026-04-23T18:21:16.542144+00:00"}