{"episode_id": "map_11_wintertown_demo01_remix_on_0010", "episode_idx": 0, "agent_name": "GhostAgent_0", "SR": 0.0, "SPL": 0.0, "SoftSPL": 0.0, "PLR": 3.672739477047865, "nDTW": 1.4697186006290368e-83, "CLS": 0.08934903528959248, "steps": 40, "path_length_cm": 12744.29580317178, "cumulative_reward": -2589.1994414814426, "ended_reason": "max_steps", "metrics": {"SR": 0.0, "SPL": 0.0, "SoftSPL": 0.0, "PLR": 3.672739477047865, "nDTW": 1.4697186006290368e-83, "CLS": 0.08934903528959248, "path_length_cm": 12744.29580317178, "cumulative_reward": -2589.1994414814426}, "token_totals": {"input": 131153, "output": 7698, "calls": 40}, "finished_at": "2026-04-22T23:26:58.967145+00:00"}