{"episode_id": "map_47_wintertown_demo01_minimal_obj_on_0009", "episode_idx": 9, "agent_name": "GhostAgent_9", "SR": 1.0, "SPL": 0.9733251149736767, "SoftSPL": 0.9615285646812188, "PLR": 1.027405935196735, "nDTW": 0.09953585006612073, "CLS": 0.5040099303225584, "steps": 7, "path_length_cm": 1965.807694227377, "cumulative_reward": 1846.5211556221857, "ended_reason": "success", "metrics": {"SR": 1.0, "SPL": 0.9733251149736767, "SoftSPL": 0.9615285646812188, "PLR": 1.027405935196735, "nDTW": 0.09953585006612073, "CLS": 0.5040099303225584, "path_length_cm": 1965.807694227377, "cumulative_reward": 1846.5211556221857}, "token_totals": {"input": 13922, "output": 1041, "calls": 7}, "finished_at": "2026-04-23T01:57:57.556826+00:00"}