{"episode_id": "map_45_B7_park_with_paths_pn_0013", "episode_idx": 3, "agent_name": "GhostAgent_3", "SR": 0.0, "SPL": 0.0, "SoftSPL": 0.0, "PLR": 0.6000361685985992, "nDTW": 8.220714683119054e-113, "CLS": 0.18517402498767685, "steps": 40, "path_length_cm": 4081.134, "cumulative_reward": -3969.6556864757868, "ended_reason": "max_steps", "metrics": {"SR": 0.0, "SPL": 0.0, "SoftSPL": 0.0, "PLR": 0.6000361685985992, "nDTW": 8.220714683119054e-113, "CLS": 0.18517402498767685, "path_length_cm": 4081.134, "cumulative_reward": -3969.6556864757868}, "token_totals": {"input": 140612, "output": 10240, "calls": 40}, "finished_at": "2026-04-23T19:18:31.267655+00:00"}