{"episode_id": "map_15_middleeast_remix_on_0015", "episode_idx": 6, "agent_name": "GhostAgent_6", "SR": 0.0, "SPL": 0.0, "SoftSPL": 4.2259409134381976e-05, "PLR": 0.0, "nDTW": 4.2259409134381976e-05, "CLS": 4.2259409134381976e-05, "steps": 0, "path_length_cm": 0.0, "cumulative_reward": 0.0, "ended_reason": "spawn_blocked", "metrics": {"SR": 0.0, "SPL": 0.0, "SoftSPL": 4.2259409134381976e-05, "PLR": 0.0, "nDTW": 4.2259409134381976e-05, "CLS": 4.2259409134381976e-05, "path_length_cm": 0.0, "cumulative_reward": 0.0}, "token_totals": {"input": 0, "output": 0, "calls": 0}, "finished_at": "2026-04-23T19:51:25.078078+00:00"}