{"episode_id": "map_13_watertown_native_pn_0015", "episode_idx": 5, "agent_name": "GhostAgent_5", "SR": 1.0, "SPL": 0.9648372515324869, "SoftSPL": 0.937200977160518, "PLR": 1.0364442276784636, "nDTW": 6.242924759683991e-17, "CLS": 0.5550215886125818, "steps": 13, "path_length_cm": 4775.603338989504, "cumulative_reward": 4478.065370719214, "ended_reason": "success", "metrics": {"SR": 1.0, "SPL": 0.9648372515324869, "SoftSPL": 0.937200977160518, "PLR": 1.0364442276784636, "nDTW": 6.242924759683991e-17, "CLS": 0.5550215886125818, "path_length_cm": 4775.603338989504, "cumulative_reward": 4478.065370719214}, "token_totals": {"input": 30513, "output": 1572, "calls": 13}, "finished_at": "2026-04-23T18:23:08.818055+00:00"}