{"episode_id": "map_61_containeryard_day_big_remix_obj_pn_0017", "episode_idx": 9, "agent_name": "GhostAgent_9", "SR": 0.0, "SPL": 0.0, "SoftSPL": 0.0, "PLR": 0.3648911798402857, "nDTW": 3.1097206710094543e-25, "CLS": 0.3937528221099098, "steps": 40, "path_length_cm": 528.7930000009452, "cumulative_reward": -528.6507681919938, "ended_reason": "max_steps", "metrics": {"SR": 0.0, "SPL": 0.0, "SoftSPL": 0.0, "PLR": 0.3648911798402857, "nDTW": 3.1097206710094543e-25, "CLS": 0.3937528221099098, "path_length_cm": 528.7930000009452, "cumulative_reward": -528.6507681919938}, "token_totals": {"input": 34540, "output": 2304, "calls": 40}, "finished_at": "2026-04-23T16:30:51.501640+00:00"}