{"episode_id": "map_16_hwaseong_remix_on_0007", "episode_idx": 7, "agent_name": "GhostAgent_7", "SR": 0.0, "SPL": 0.0, "SoftSPL": 0.38567203168949027, "PLR": 0.43013045965364477, "nDTW": 7.54422475178905e-10, "CLS": 0.08305904901361279, "steps": 40, "path_length_cm": 3043.129989003571, "cumulative_reward": 2359.4854711591634, "ended_reason": "max_steps", "metrics": {"SR": 0.0, "SPL": 0.0, "SoftSPL": 0.38567203168949027, "PLR": 0.43013045965364477, "nDTW": 7.54422475178905e-10, "CLS": 0.08305904901361279, "path_length_cm": 3043.129989003571, "cumulative_reward": 2359.4854711591634}, "token_totals": {"input": 125607, "output": 7524, "calls": 40}, "finished_at": "2026-04-22T23:35:41.081701+00:00"}