{"episode_id": "map_27_courtyard_overcast_remix_obj_pn_0000", "episode_idx": 0, "agent_name": "GhostAgent_0", "SR": 0.0, "SPL": 0.0, "SoftSPL": 0.5504632272559313, "PLR": 0.09647477084320585, "nDTW": 4.327253852379699e-07, "CLS": 0.09660925335358529, "steps": 40, "path_length_cm": 376.99832101482923, "cumulative_reward": 132.81476965746057, "ended_reason": "max_steps", "metrics": {"SR": 0.0, "SPL": 0.0, "SoftSPL": 0.5504632272559313, "PLR": 0.09647477084320585, "nDTW": 4.327253852379699e-07, "CLS": 0.09660925335358529, "path_length_cm": 376.99832101482923, "cumulative_reward": 132.81476965746057}, "token_totals": {"input": 31926, "output": 1596, "calls": 40}, "finished_at": "2026-04-23T15:37:54.361543+00:00"}