{"episode_id": "map_46_B8_dense_urban_pn_0004", "episode_idx": 4, "agent_name": "GhostAgent_4", "SR": 0.0, "SPL": 0.0, "SoftSPL": 0.0, "PLR": 0.0, "nDTW": 0.003320702025885684, "CLS": 0.25000275676548617, "steps": 40, "path_length_cm": 0.0, "cumulative_reward": -0.4000000000000002, "ended_reason": "max_steps", "metrics": {"SR": 0.0, "SPL": 0.0, "SoftSPL": 0.0, "PLR": 0.0, "nDTW": 0.003320702025885684, "CLS": 0.25000275676548617, "path_length_cm": 0.0, "cumulative_reward": -0.4000000000000002}, "token_totals": {"input": 34042, "output": 2210, "calls": 40}, "finished_at": "2026-04-23T15:59:39.500650+00:00"}