{"episode_id": "map_19_wintertown_demo02_native_pn_0013", "episode_idx": 2, "agent_name": "GhostAgent_2", "SR": 1.0, "SPL": 0.7890087504615656, "SoftSPL": 0.7634378335013352, "PLR": 1.2674130666041483, "nDTW": 3.1058310959448545e-08, "CLS": 0.24107296554166305, "steps": 21, "path_length_cm": 3850.7304237407197, "cumulative_reward": 2935.606680749268, "ended_reason": "success", "metrics": {"SR": 1.0, "SPL": 0.7890087504615656, "SoftSPL": 0.7634378335013352, "PLR": 1.2674130666041483, "nDTW": 3.1058310959448545e-08, "CLS": 0.24107296554166305, "path_length_cm": 3850.7304237407197, "cumulative_reward": 2935.606680749268}, "token_totals": {"input": 62461, "output": 3863, "calls": 21}, "finished_at": "2026-04-23T15:28:57.430947+00:00"}