{"episode_id": "map_20_trainstation_native_obj_pn_0014", "episode_idx": 3, "agent_name": "GhostAgent_3", "SR": 0.0, "SPL": 0.0, "SoftSPL": 0.0, "PLR": 4.947573547049815, "nDTW": 0.0, "CLS": 0.0505298286283322, "steps": 40, "path_length_cm": 16087.827, "cumulative_reward": -15134.18710923559, "ended_reason": "max_steps", "metrics": {"SR": 0.0, "SPL": 0.0, "SoftSPL": 0.0, "PLR": 4.947573547049815, "nDTW": 0.0, "CLS": 0.0505298286283322, "path_length_cm": 16087.827, "cumulative_reward": -15134.18710923559}, "token_totals": {"input": 132609, "output": 7049, "calls": 40}, "finished_at": "2026-04-23T19:08:33.252191+00:00"}