{
  "map": "map_67_B12_construction_site",
  "n": 40,
  "SR": 0.0,
  "SPL": 0.0,
  "SoftSPL": 0.1730065495193344,
  "nDTW": 7.98774411733054e-07,
  "avg_steps": 36.525
}