{"episode_id": "map_45_B7_park_with_paths_on_0012", "episode_idx": 2, "agent_name": "GhostAgent_2", "SR": 0.0, "SPL": 0.0, "SoftSPL": 0.0, "PLR": 0.9565445938770472, "nDTW": 9.120958455595937e-57, "CLS": 0.041887739529636425, "steps": 40, "path_length_cm": 5926.779, "cumulative_reward": -1857.5895913099496, "ended_reason": "max_steps", "metrics": {"SR": 0.0, "SPL": 0.0, "SoftSPL": 0.0, "PLR": 0.9565445938770472, "nDTW": 9.120958455595937e-57, "CLS": 0.041887739529636425, "path_length_cm": 5926.779, "cumulative_reward": -1857.5895913099496}, "token_totals": {"input": 122436, "output": 5849, "calls": 40}, "finished_at": "2026-04-23T14:11:50.108013+00:00"}