{"episode_id": "map_49_courtyard_sunny_packed_on_0019", "episode_idx": 9, "agent_name": "GhostAgent_9", "SR": 0.0, "SPL": 0.0, "SoftSPL": 0.7715745048086375, "PLR": 0.0254728581918613, "nDTW": 0.0006382663102907182, "CLS": 0.061880014261337005, "steps": 40, "path_length_cm": 116.21100000000001, "cumulative_reward": 115.09219764108195, "ended_reason": "max_steps", "metrics": {"SR": 0.0, "SPL": 0.0, "SoftSPL": 0.7715745048086375, "PLR": 0.0254728581918613, "nDTW": 0.0006382663102907182, "CLS": 0.061880014261337005, "path_length_cm": 116.21100000000001, "cumulative_reward": 115.09219764108195}, "token_totals": {"input": 114986, "output": 6725, "calls": 40}, "finished_at": "2026-04-23T02:41:35.962768+00:00"}