{"episode_id": "map_47_wintertown_demo01_minimal_on_0008", "episode_idx": 8, "agent_name": "GhostAgent_8", "SR": 0.0, "SPL": 0.0, "SoftSPL": 0.0, "PLR": 6.158752297831488, "nDTW": 8.404377947905289e-100, "CLS": 0.04059708434231814, "steps": 40, "path_length_cm": 12378.291480842572, "cumulative_reward": -455.4156435105373, "ended_reason": "max_steps", "metrics": {"SR": 0.0, "SPL": 0.0, "SoftSPL": 0.0, "PLR": 6.158752297831488, "nDTW": 8.404377947905289e-100, "CLS": 0.04059708434231814, "path_length_cm": 12378.291480842572, "cumulative_reward": -455.4156435105373}, "token_totals": {"input": 126396, "output": 6457, "calls": 40}, "finished_at": "2026-04-23T01:28:57.259889+00:00"}