{"episode_id": "map_22_containeryard_demo_native_on_0010", "episode_idx": 0, "agent_name": "GhostAgent_0", "SR": 0.0, "SPL": 0.0, "SoftSPL": 0.4732249063684801, "PLR": 1.4681401358548154, "nDTW": 2.186510659592387e-24, "CLS": 0.11408788210388267, "steps": 40, "path_length_cm": 4150.402801258846, "cumulative_reward": 1963.6501967878505, "ended_reason": "max_steps", "metrics": {"SR": 0.0, "SPL": 0.0, "SoftSPL": 0.4732249063684801, "PLR": 1.4681401358548154, "nDTW": 2.186510659592387e-24, "CLS": 0.11408788210388267, "path_length_cm": 4150.402801258846, "cumulative_reward": 1963.6501967878505}, "token_totals": {"input": 129660, "output": 7920, "calls": 40}, "finished_at": "2026-04-23T00:04:06.394641+00:00"}