{"episode_id": "map_11_wintertown_demo01_remix_pn_0016", "episode_idx": 3, "agent_name": "GhostAgent_3", "SR": 0.0, "SPL": 0.0, "SoftSPL": 0.3910073231771773, "PLR": 1.3860500875144133, "nDTW": 9.620268077424674e-40, "CLS": 0.028861614992514432, "steps": 40, "path_length_cm": 10018.702684575183, "cumulative_reward": 3571.802576845731, "ended_reason": "max_steps", "metrics": {"SR": 0.0, "SPL": 0.0, "SoftSPL": 0.3910073231771773, "PLR": 1.3860500875144133, "nDTW": 9.620268077424674e-40, "CLS": 0.028861614992514432, "path_length_cm": 10018.702684575183, "cumulative_reward": 3571.802576845731}, "token_totals": {"input": 125507, "output": 6320, "calls": 40}, "finished_at": "2026-04-23T15:11:24.563497+00:00"}