{"episode_id": "map_53_courtyard_sanny_big_remix_on_0017", "episode_idx": 7, "agent_name": "GhostAgent_7", "SR": 0.0, "SPL": 0.0, "SoftSPL": 0.8212146897137843, "PLR": 0.2452555873601575, "nDTW": 9.895596328624513e-13, "CLS": 0.20387321894173357, "steps": 40, "path_length_cm": 1251.6815105395526, "cumulative_reward": 1186.233917904324, "ended_reason": "max_steps", "metrics": {"SR": 0.0, "SPL": 0.0, "SoftSPL": 0.8212146897137843, "PLR": 0.2452555873601575, "nDTW": 9.895596328624513e-13, "CLS": 0.20387321894173357, "path_length_cm": 1251.6815105395526, "cumulative_reward": 1186.233917904324}, "token_totals": {"input": 103846, "output": 3081, "calls": 40}, "finished_at": "2026-04-23T14:35:50.150696+00:00"}