{"episode_id": "map_06_hwaseong_native_obj_pn_0011", "episode_idx": 5, "agent_name": "GhostAgent_5", "SR": 0.0, "SPL": 0.0, "SoftSPL": 0.27823645704791955, "PLR": 0.0, "nDTW": 9.574384923695366e-07, "CLS": 0.08345004670506205, "steps": 0, "path_length_cm": 0.0, "cumulative_reward": 0.0, "ended_reason": "spawn_blocked", "metrics": {"SR": 0.0, "SPL": 0.0, "SoftSPL": 0.27823645704791955, "PLR": 0.0, "nDTW": 9.574384923695366e-07, "CLS": 0.08345004670506205, "path_length_cm": 0.0, "cumulative_reward": 0.0}, "token_totals": {"input": 0, "output": 0, "calls": 0}, "finished_at": "2026-04-23T18:08:28.719025+00:00"}