{"episode_id": "map_16_hwaseong_remix_pn_0009", "episode_idx": 9, "agent_name": "GhostAgent_9", "SR": 0.0, "SPL": 0.0, "SoftSPL": 0.4851982011582284, "PLR": 1.5781600076363458, "nDTW": 7.038356686336315e-31, "CLS": 0.1980770836138753, "steps": 40, "path_length_cm": 5325.690324969765, "cumulative_reward": 2583.607882616951, "ended_reason": "max_steps", "metrics": {"SR": 0.0, "SPL": 0.0, "SoftSPL": 0.4851982011582284, "PLR": 1.5781600076363458, "nDTW": 7.038356686336315e-31, "CLS": 0.1980770836138753, "path_length_cm": 5325.690324969765, "cumulative_reward": 2583.607882616951}, "token_totals": {"input": 122977, "output": 6807, "calls": 40}, "finished_at": "2026-04-22T23:27:14.605763+00:00"}