{"episode_id": "map_09b_wintertown_demo02_pn_0017", "episode_idx": 7, "agent_name": "GhostAgent_7", "SR": 0.0, "SPL": 0.0, "SoftSPL": 0.0, "PLR": 0.3920305224859117, "nDTW": 3.205074922805065e-33, "CLS": 0.41120938764028836, "steps": 40, "path_length_cm": 830.042304954196, "cumulative_reward": -5.671928283511429, "ended_reason": "max_steps", "metrics": {"SR": 0.0, "SPL": 0.0, "SoftSPL": 0.0, "PLR": 0.3920305224859117, "nDTW": 3.205074922805065e-33, "CLS": 0.41120938764028836, "path_length_cm": 830.042304954196, "cumulative_reward": -5.671928283511429}, "token_totals": {"input": 107938, "output": 2549, "calls": 40}, "finished_at": "2026-04-22T23:03:09.900919+00:00"}