{"episode_id": "map_47_wintertown_demo01_minimal_obj_pn_0004", "episode_idx": 3, "agent_name": "GhostAgent_3", "SR": 0.0, "SPL": 0.0, "SoftSPL": 0.22932629447516784, "PLR": 0.7721850181891876, "nDTW": 2.537602600800182e-38, "CLS": 0.020234871511284582, "steps": 40, "path_length_cm": 5600.982254633817, "cumulative_reward": 1303.8471111095769, "ended_reason": "max_steps", "metrics": {"SR": 0.0, "SPL": 0.0, "SoftSPL": 0.22932629447516784, "PLR": 0.7721850181891876, "nDTW": 2.537602600800182e-38, "CLS": 0.020234871511284582, "path_length_cm": 5600.982254633817, "cumulative_reward": 1303.8471111095769}, "token_totals": {"input": 123851, "output": 6491, "calls": 40}, "finished_at": "2026-04-23T02:15:46.726900+00:00"}