{"episode_id": "map_08_cave_remix_obj_pn_0001", "episode_idx": 1, "agent_name": "GhostAgent_1", "SR": 0.0, "SPL": 0.0, "SoftSPL": 0.0, "PLR": 0.11503606804301769, "nDTW": 7.113418572344592e-10, "CLS": 0.15070799734068815, "steps": 40, "path_length_cm": 409.16143717608577, "cumulative_reward": 396.130563766068, "ended_reason": "max_steps", "metrics": {"SR": 0.0, "SPL": 0.0, "SoftSPL": 0.0, "PLR": 0.11503606804301769, "nDTW": 7.113418572344592e-10, "CLS": 0.15070799734068815, "path_length_cm": 409.16143717608577, "cumulative_reward": 396.130563766068}, "token_totals": {"input": 43693, "output": 4884, "calls": 40}, "finished_at": "2026-04-23T15:07:42.542465+00:00"}