{"episode_id": "map_18_cave_native_pn_0015", "episode_idx": 5, "agent_name": "GhostAgent_5", "SR": 0.0, "SPL": 0.0, "SoftSPL": 0.0, "PLR": 2.690193693083757, "nDTW": 2.255961243927233e-86, "CLS": 0.14886006968413099, "steps": 40, "path_length_cm": 9984.115853141748, "cumulative_reward": -1580.3852695203025, "ended_reason": "max_steps", "metrics": {"SR": 0.0, "SPL": 0.0, "SoftSPL": 0.0, "PLR": 2.690193693083757, "nDTW": 2.255961243927233e-86, "CLS": 0.14886006968413099, "path_length_cm": 9984.115853141748, "cumulative_reward": -1580.3852695203025}, "token_totals": {"input": 128512, "output": 8016, "calls": 40}, "finished_at": "2026-04-23T18:24:27.838941+00:00"}