{"episode_id": "map_67_B12_construction_site_obj_pn_0008", "episode_idx": 8, "agent_name": "GhostAgent_8", "SR": 0.0, "SPL": 0.0, "SoftSPL": 0.07930267998486296, "PLR": 5.223845647068432, "nDTW": 1.857576443584406e-15, "CLS": 0.042041811249223855, "steps": 40, "path_length_cm": 8956.283361898826, "cumulative_reward": 548.3018378313624, "ended_reason": "max_steps", "metrics": {"SR": 0.0, "SPL": 0.0, "SoftSPL": 0.07930267998486296, "PLR": 5.223845647068432, "nDTW": 1.857576443584406e-15, "CLS": 0.042041811249223855, "path_length_cm": 8956.283361898826, "cumulative_reward": 548.3018378313624}, "token_totals": {"input": 126806, "output": 7018, "calls": 40}, "finished_at": "2026-04-23T05:57:20.828200+00:00"}