{"episode_id": "map_28_village_night_native_pn_0002", "episode_idx": 2, "agent_name": "GhostAgent_2", "SR": 0.0, "SPL": 0.0, "SoftSPL": 0.0, "PLR": 1.8991997552002482, "nDTW": 2.0945032524491294e-94, "CLS": 0.13168162730434463, "steps": 40, "path_length_cm": 3289.357000014174, "cumulative_reward": 767.7338197535831, "ended_reason": "max_steps", "metrics": {"SR": 0.0, "SPL": 0.0, "SoftSPL": 0.0, "PLR": 1.8991997552002482, "nDTW": 2.0945032524491294e-94, "CLS": 0.13168162730434463, "path_length_cm": 3289.357000014174, "cumulative_reward": 767.7338197535831}, "token_totals": {"input": 106452, "output": 4110, "calls": 40}, "finished_at": "2026-04-23T00:10:12.687666+00:00"}