{"episode_id": "map_42_B4_industrial_yard_obj_pn_0002", "episode_idx": 2, "agent_name": "GhostAgent_2", "SR": 0.0, "SPL": 0.0, "SoftSPL": 0.004879014509539759, "PLR": 0.0, "nDTW": 3.505533973486028e-11, "CLS": 0.12500000000015918, "steps": 40, "path_length_cm": 0.0, "cumulative_reward": -0.4000000000000002, "ended_reason": "max_steps", "metrics": {"SR": 0.0, "SPL": 0.0, "SoftSPL": 0.004879014509539759, "PLR": 0.0, "nDTW": 3.505533973486028e-11, "CLS": 0.12500000000015918, "path_length_cm": 0.0, "cumulative_reward": -0.4000000000000002}, "token_totals": {"input": 33336, "output": 2078, "calls": 40}, "finished_at": "2026-04-23T16:10:19.030204+00:00"}