{"episode_id": "map_46_B8_dense_urban_on_0012", "episode_idx": 2, "agent_name": "GhostAgent_2", "SR": 0.0, "SPL": 0.0, "SoftSPL": 0.4277329044421353, "PLR": 0.44502161156591397, "nDTW": 2.2607142440501647e-63, "CLS": 0.45047079967743936, "steps": 40, "path_length_cm": 1612.3400000000001, "cumulative_reward": 1549.302626729699, "ended_reason": "max_steps", "metrics": {"SR": 0.0, "SPL": 0.0, "SoftSPL": 0.4277329044421353, "PLR": 0.44502161156591397, "nDTW": 2.2607142440501647e-63, "CLS": 0.45047079967743936, "path_length_cm": 1612.3400000000001, "cumulative_reward": 1549.302626729699}, "token_totals": {"input": 32092, "output": 1586, "calls": 40}, "finished_at": "2026-04-23T16:16:03.342698+00:00"}