{"episode_id": "map_27_courtyard_overcast_remix_obj_pn_0016", "episode_idx": 6, "agent_name": "GhostAgent_6", "SR": 0.0, "SPL": 0.0, "SoftSPL": 0.5066279000243479, "PLR": 0.023795414623802497, "nDTW": 0.00012509581774286686, "CLS": 0.05166765016653911, "steps": 40, "path_length_cm": 83.04099999999971, "cumulative_reward": -69.04265228463203, "ended_reason": "max_steps", "metrics": {"SR": 0.0, "SPL": 0.0, "SoftSPL": 0.5066279000243479, "PLR": 0.023795414623802497, "nDTW": 0.00012509581774286686, "CLS": 0.05166765016653911, "path_length_cm": 83.04099999999971, "cumulative_reward": -69.04265228463203}, "token_totals": {"input": 26326, "output": 120, "calls": 40}, "finished_at": "2026-04-23T15:45:51.639938+00:00"}