{"episode_id": "map_31_gothic_day_remix_on_0011", "episode_idx": 1, "agent_name": "GhostAgent_1", "SR": 0.0, "SPL": 0.0, "SoftSPL": 0.02053818011591846, "PLR": 0.7816216825420015, "nDTW": 2.9469264968661712e-31, "CLS": 0.01288527326406738, "steps": 40, "path_length_cm": 6159.679096307799, "cumulative_reward": -659.3721612766012, "ended_reason": "max_steps", "metrics": {"SR": 0.0, "SPL": 0.0, "SoftSPL": 0.02053818011591846, "PLR": 0.7816216825420015, "nDTW": 2.9469264968661712e-31, "CLS": 0.01288527326406738, "path_length_cm": 6159.679096307799, "cumulative_reward": -659.3721612766012}, "token_totals": {"input": 128856, "output": 7326, "calls": 40}, "finished_at": "2026-04-23T18:16:41.365488+00:00"}