{"episode_id": "map_43_B5_residential_courtyard_pn_0006", "episode_idx": 6, "agent_name": "GhostAgent_6", "SR": 0.0, "SPL": 0.0, "SoftSPL": 0.6833358988910965, "PLR": 0.6918140491755141, "nDTW": 0.6833358988910965, "CLS": 0.6833358988910965, "steps": 40, "path_length_cm": 1205.2507639116138, "cumulative_reward": 1190.0762868971226, "ended_reason": "max_steps", "metrics": {"SR": 0.0, "SPL": 0.0, "SoftSPL": 0.6833358988910965, "PLR": 0.6918140491755141, "nDTW": 0.6833358988910965, "CLS": 0.6833358988910965, "path_length_cm": 1205.2507639116138, "cumulative_reward": 1190.0762868971226}, "token_totals": {"input": 34090, "output": 2219, "calls": 40}, "finished_at": "2026-04-23T20:02:01.245977+00:00"}