{"episode_id": "map_08_cave_remix_pn_0008", "episode_idx": 8, "agent_name": "GhostAgent_8", "SR": 0.0, "SPL": 0.0, "SoftSPL": 0.15609040563821974, "PLR": 0.0, "nDTW": 1.913083314091485e-08, "CLS": 0.06250007263345787, "steps": 40, "path_length_cm": 0.0, "cumulative_reward": -0.4000000000000002, "ended_reason": "max_steps", "metrics": {"SR": 0.0, "SPL": 0.0, "SoftSPL": 0.15609040563821974, "PLR": 0.0, "nDTW": 1.913083314091485e-08, "CLS": 0.06250007263345787, "path_length_cm": 0.0, "cumulative_reward": -0.4000000000000002}, "token_totals": {"input": 36592, "output": 2870, "calls": 40}, "finished_at": "2026-04-23T14:46:04.377697+00:00"}