{"episode_id": "map_59_B10_market_plaza_on_0007", "episode_idx": 7, "agent_name": "GhostAgent_7", "SR": 1.0, "SPL": 0.9675379528595743, "SoftSPL": 0.9483932944397564, "PLR": 1.0335511873663288, "nDTW": 0.0010979812201861187, "CLS": 0.40831191178914755, "steps": 22, "path_length_cm": 4678.5141467799185, "cumulative_reward": 4323.902793329081, "ended_reason": "success", "metrics": {"SR": 1.0, "SPL": 0.9675379528595743, "SoftSPL": 0.9483932944397564, "PLR": 1.0335511873663288, "nDTW": 0.0010979812201861187, "CLS": 0.40831191178914755, "path_length_cm": 4678.5141467799185, "cumulative_reward": 4323.902793329081}, "token_totals": {"input": 61032, "output": 2788, "calls": 22}, "finished_at": "2026-04-23T02:34:34.611237+00:00"}