{"episode_id": "map_57_gothic_day_invasion_obj_on_0011", "episode_idx": 0, "agent_name": "GhostAgent_0", "SR": 0.0, "SPL": 0.0, "SoftSPL": 0.10418595674711895, "PLR": 0.9806624192980513, "nDTW": 2.2652250954885396e-33, "CLS": 0.25930933603225065, "steps": 40, "path_length_cm": 1060.0862686370006, "cumulative_reward": 112.21999140090051, "ended_reason": "max_steps", "metrics": {"SR": 0.0, "SPL": 0.0, "SoftSPL": 0.10418595674711895, "PLR": 0.9806624192980513, "nDTW": 2.2652250954885396e-33, "CLS": 0.25930933603225065, "path_length_cm": 1060.0862686370006, "cumulative_reward": 112.21999140090051}, "token_totals": {"input": 120917, "output": 6133, "calls": 40}, "finished_at": "2026-04-23T15:39:01.568442+00:00"}