{"episode_id": "map_34_temple_plaza_native_pn_0013", "episode_idx": 3, "agent_name": "GhostAgent_3", "SR": 0.0, "SPL": 0.0, "SoftSPL": 0.3380018259922133, "PLR": 0.0018657984198273533, "nDTW": 2.7570928941254474e-05, "CLS": 0.03667395107611168, "steps": 40, "path_length_cm": 10.829000738756967, "cumulative_reward": -6.565961739216519, "ended_reason": "max_steps", "metrics": {"SR": 0.0, "SPL": 0.0, "SoftSPL": 0.3380018259922133, "PLR": 0.0018657984198273533, "nDTW": 2.7570928941254474e-05, "CLS": 0.03667395107611168, "path_length_cm": 10.829000738756967, "cumulative_reward": -6.565961739216519}, "token_totals": {"input": 31428, "output": 1595, "calls": 40}, "finished_at": "2026-04-23T15:42:13.771172+00:00"}