{"episode_id": "map_20_trainstation_native_pn_0000", "episode_idx": 0, "agent_name": "GhostAgent_0", "SR": 0.0, "SPL": 0.0, "SoftSPL": 0.0, "PLR": 0.0, "nDTW": 1.6731609422949238e-05, "CLS": 0.07892434438160749, "steps": 40, "path_length_cm": 0.0, "cumulative_reward": -0.4000000000000002, "ended_reason": "max_steps", "metrics": {"SR": 0.0, "SPL": 0.0, "SoftSPL": 0.0, "PLR": 0.0, "nDTW": 1.6731609422949238e-05, "CLS": 0.07892434438160749, "path_length_cm": 0.0, "cumulative_reward": -0.4000000000000002}, "token_totals": {"input": 105311, "output": 2413, "calls": 40}, "finished_at": "2026-04-23T18:21:16.540622+00:00"}