{"episode_id": "map_53_courtyard_sanny_big_remix_obj_on_0000", "episode_idx": 0, "agent_name": "GhostAgent_0", "SR": 0.0, "SPL": 0.0, "SoftSPL": 0.8348420159702922, "PLR": 0.18228861305890096, "nDTW": 9.071990845925038e-10, "CLS": 0.03872299513393408, "steps": 40, "path_length_cm": 1368.2236947836295, "cumulative_reward": 620.3665894835538, "ended_reason": "max_steps", "metrics": {"SR": 0.0, "SPL": 0.0, "SoftSPL": 0.8348420159702922, "PLR": 0.18228861305890096, "nDTW": 9.071990845925038e-10, "CLS": 0.03872299513393408, "path_length_cm": 1368.2236947836295, "cumulative_reward": 620.3665894835538}, "token_totals": {"input": 109035, "output": 3738, "calls": 40}, "finished_at": "2026-04-23T14:53:24.656856+00:00"}