{"episode_id": "map_04_courtyard_remix_obj_on_0012", "episode_idx": 6, "agent_name": "GhostAgent_6", "SR": 0.0, "SPL": 0.0, "SoftSPL": 0.0, "PLR": 8.697288376467874, "nDTW": 3.545975161338384e-32, "CLS": 0.008766755936363611, "steps": 10, "path_length_cm": 24252.910475083252, "cumulative_reward": -19965.79862119904, "ended_reason": "no_tool_call", "metrics": {"SR": 0.0, "SPL": 0.0, "SoftSPL": 0.0, "PLR": 8.697288376467874, "nDTW": 3.545975161338384e-32, "CLS": 0.008766755936363611, "path_length_cm": 24252.910475083252, "cumulative_reward": -19965.79862119904}, "token_totals": {"input": 25624, "output": 2005, "calls": 10}, "finished_at": "2026-04-23T12:52:40.595286+00:00"}