{"episode_id": "map_64_cave_lost_expedition_pn_0008", "episode_idx": 8, "agent_name": "GhostAgent_8", "SR": 0.0, "SPL": 0.0, "SoftSPL": 0.783778988924506, "PLR": 0.7980031399123104, "nDTW": 3.9519795180051625e-07, "CLS": 0.13700680103859497, "steps": 40, "path_length_cm": 3069.4871575471057, "cumulative_reward": 3046.5258969291312, "ended_reason": "max_steps", "metrics": {"SR": 0.0, "SPL": 0.0, "SoftSPL": 0.783778988924506, "PLR": 0.7980031399123104, "nDTW": 3.9519795180051625e-07, "CLS": 0.13700680103859497, "path_length_cm": 3069.4871575471057, "cumulative_reward": 3046.5258969291312}, "token_totals": {"input": 109682, "output": 5656, "calls": 40}, "finished_at": "2026-04-23T19:46:02.407123+00:00"}