{"episode_id": "map_62_trainstation_cross_remix_on_0003", "episode_idx": 1, "agent_name": "GhostAgent_1", "SR": 0.0, "SPL": 0.0, "SoftSPL": 4.062348856193054e-06, "PLR": 0.0, "nDTW": 0.058200376965943955, "CLS": 0.2508468209697445, "steps": 0, "path_length_cm": 0.0, "cumulative_reward": 0.0, "ended_reason": "spawn_blocked", "metrics": {"SR": 0.0, "SPL": 0.0, "SoftSPL": 4.062348856193054e-06, "PLR": 0.0, "nDTW": 0.058200376965943955, "CLS": 0.2508468209697445, "path_length_cm": 0.0, "cumulative_reward": 0.0}, "token_totals": {"input": 0, "output": 0, "calls": 0}, "finished_at": "2026-04-23T19:10:29.280739+00:00"}