{"episode_id": "map_42_B4_industrial_yard_on_0012", "episode_idx": 2, "agent_name": "GhostAgent_2", "SR": 0.0, "SPL": 0.0, "SoftSPL": 0.9406072134161275, "PLR": 0.9437794548345851, "nDTW": 1.2425425105800158e-37, "CLS": 0.3511531463324646, "steps": 40, "path_length_cm": 6000.408206920068, "cumulative_reward": 5979.840860932622, "ended_reason": "max_steps", "metrics": {"SR": 0.0, "SPL": 0.0, "SoftSPL": 0.9406072134161275, "PLR": 0.9437794548345851, "nDTW": 1.2425425105800158e-37, "CLS": 0.3511531463324646, "path_length_cm": 6000.408206920068, "cumulative_reward": 5979.840860932622}, "token_totals": {"input": 33465, "output": 1961, "calls": 40}, "finished_at": "2026-04-23T16:06:09.555473+00:00"}