{
  "map": "map_06_hwaseong_native",
  "n": 38,
  "SR": 0.05263157894736842,
  "SPL": 0.042533223368626395,
  "SoftSPL": 0.2921209006721188,
  "nDTW": 0.0013634847988852584,
  "avg_steps": 32.526315789473685
}