{"episode_id": "map_27_courtyard_overcast_remix_on_0003", "episode_idx": 3, "agent_name": "GhostAgent_3", "SR": 0.0, "SPL": 0.0, "SoftSPL": 0.7802633252438691, "PLR": 0.11458893612099136, "nDTW": 2.020338812795937e-05, "CLS": 0.10331302433175854, "steps": 40, "path_length_cm": 396.2600000000002, "cumulative_reward": -66.92802975027813, "ended_reason": "max_steps", "metrics": {"SR": 0.0, "SPL": 0.0, "SoftSPL": 0.7802633252438691, "PLR": 0.11458893612099136, "nDTW": 2.020338812795937e-05, "CLS": 0.10331302433175854, "path_length_cm": 396.2600000000002, "cumulative_reward": -66.92802975027813}, "token_totals": {"input": 34849, "output": 2410, "calls": 40}, "finished_at": "2026-04-23T15:26:52.920443+00:00"}