{"episode_id": "map_03_watertown_remix_obj_pn_0002", "episode_idx": 2, "agent_name": "GhostAgent_2", "SR": 0.0, "SPL": 0.0, "SoftSPL": 0.10761463051977706, "PLR": 1.0955944491180551, "nDTW": 2.1434838266718982e-58, "CLS": 0.0571083247882796, "steps": 40, "path_length_cm": 8009.397999999998, "cumulative_reward": 572.6501370339663, "ended_reason": "max_steps", "metrics": {"SR": 0.0, "SPL": 0.0, "SoftSPL": 0.10761463051977706, "PLR": 1.0955944491180551, "nDTW": 2.1434838266718982e-58, "CLS": 0.0571083247882796, "path_length_cm": 8009.397999999998, "cumulative_reward": 572.6501370339663}, "token_totals": {"input": 479501, "output": 6981, "calls": 40}, "finished_at": "2026-04-22T20:59:56.165166+00:00"}