{"episode_id": "map_58_dungeon_library_on_0009", "episode_idx": 9, "agent_name": "GhostAgent_9", "SR": 0.0, "SPL": 0.0, "SoftSPL": 0.005875506503718153, "PLR": 0.0, "nDTW": 0.005459481272846704, "CLS": 0.16748743030233673, "steps": 40, "path_length_cm": 0.0, "cumulative_reward": -0.4000000000000002, "ended_reason": "max_steps", "metrics": {"SR": 0.0, "SPL": 0.0, "SoftSPL": 0.005875506503718153, "PLR": 0.0, "nDTW": 0.005459481272846704, "CLS": 0.16748743030233673, "path_length_cm": 0.0, "cumulative_reward": -0.4000000000000002}, "token_totals": {"input": 106622, "output": 2278, "calls": 40}, "finished_at": "2026-04-23T02:27:47.693938+00:00"}