{"episode_id": "map_22_containeryard_demo_native_pn_0010", "episode_idx": 0, "agent_name": "GhostAgent_0", "SR": 0.0, "SPL": 0.0, "SoftSPL": 0.21130466425301458, "PLR": 1.9007485555668242, "nDTW": 5.771850322266904e-37, "CLS": 0.08855375075024587, "steps": 40, "path_length_cm": 5373.378151616301, "cumulative_reward": 1134.9960860024219, "ended_reason": "max_steps", "metrics": {"SR": 0.0, "SPL": 0.0, "SoftSPL": 0.21130466425301458, "PLR": 1.9007485555668242, "nDTW": 5.771850322266904e-37, "CLS": 0.08855375075024587, "path_length_cm": 5373.378151616301, "cumulative_reward": 1134.9960860024219}, "token_totals": {"input": 120074, "output": 4930, "calls": 40}, "finished_at": "2026-04-23T00:03:03.488921+00:00"}