{"episode_id": "map_26_courtyard_overcast_native_pn_0002", "episode_idx": 2, "agent_name": "GhostAgent_2", "SR": 0.0, "SPL": 0.0, "SoftSPL": 0.8510998218707008, "PLR": 0.2903160081583064, "nDTW": 1.1363733396098473e-09, "CLS": 0.050811494326463875, "steps": 40, "path_length_cm": 1747.7168849134123, "cumulative_reward": 855.7080001334374, "ended_reason": "max_steps", "metrics": {"SR": 0.0, "SPL": 0.0, "SoftSPL": 0.8510998218707008, "PLR": 0.2903160081583064, "nDTW": 1.1363733396098473e-09, "CLS": 0.050811494326463875, "path_length_cm": 1747.7168849134123, "cumulative_reward": 855.7080001334374}, "token_totals": {"input": 114749, "output": 5592, "calls": 40}, "finished_at": "2026-04-23T00:09:03.475839+00:00"}