{"episode_id": "map_62_trainstation_cross_remix_pn_0017", "episode_idx": 7, "agent_name": "GhostAgent_7", "SR": 0.0, "SPL": 0.0, "SoftSPL": 0.0, "PLR": 0.06952487934419337, "nDTW": 4.1958885606012034e-05, "CLS": 0.14564137136264754, "steps": 40, "path_length_cm": 103.43911548829088, "cumulative_reward": -33.31248354663927, "ended_reason": "max_steps", "metrics": {"SR": 0.0, "SPL": 0.0, "SoftSPL": 0.0, "PLR": 0.06952487934419337, "nDTW": 4.1958885606012034e-05, "CLS": 0.14564137136264754, "path_length_cm": 103.43911548829088, "cumulative_reward": -33.31248354663927}, "token_totals": {"input": 113281, "output": 4716, "calls": 40}, "finished_at": "2026-04-23T04:17:13.736212+00:00"}