{"episode_id": "map_05_middleeast_native_pn_0011", "episode_idx": 2, "agent_name": "GhostAgent_2", "SR": 0.0, "SPL": 0.0, "SoftSPL": 0.029182770568211502, "PLR": 0.0, "nDTW": 9.046067916584456e-05, "CLS": 0.1250036893087137, "steps": 40, "path_length_cm": 0.0, "cumulative_reward": -0.4000000000000002, "ended_reason": "max_steps", "metrics": {"SR": 0.0, "SPL": 0.0, "SoftSPL": 0.029182770568211502, "PLR": 0.0, "nDTW": 9.046067916584456e-05, "CLS": 0.1250036893087137, "path_length_cm": 0.0, "cumulative_reward": -0.4000000000000002}, "token_totals": {"input": 410270, "output": 3520, "calls": 40}, "finished_at": "2026-04-22T19:35:51.533804+00:00"}