{"episode_id": "map_62_trainstation_cross_remix_obj_on_0018", "episode_idx": 9, "agent_name": "GhostAgent_9", "SR": 0.0, "SPL": 0.0, "SoftSPL": 0.0, "PLR": 40.733858749451386, "nDTW": 2.87546693039e-312, "CLS": 0.006161308556244776, "steps": 14, "path_length_cm": 50852.55660140261, "cumulative_reward": -49686.55092561725, "ended_reason": "step_error", "metrics": {"SR": 0.0, "SPL": 0.0, "SoftSPL": 0.0, "PLR": 40.733858749451386, "nDTW": 2.87546693039e-312, "CLS": 0.006161308556244776, "path_length_cm": 50852.55660140261, "cumulative_reward": -49686.55092561725}, "token_totals": {"input": 43698, "output": 3506, "calls": 14}, "finished_at": "2026-04-23T19:24:19.698330+00:00"}