{"episode_id": "map_36_dungeon_native_pn_0012", "episode_idx": 2, "agent_name": "GhostAgent_2", "SR": 0.0, "SPL": 0.0, "SoftSPL": 0.0, "PLR": 1.1378093015474675, "nDTW": 3.8128630090809964e-42, "CLS": 0.1743266958677357, "steps": 40, "path_length_cm": 2179.0072153005394, "cumulative_reward": -596.546790329304, "ended_reason": "max_steps", "metrics": {"SR": 0.0, "SPL": 0.0, "SoftSPL": 0.0, "PLR": 1.1378093015474675, "nDTW": 3.8128630090809964e-42, "CLS": 0.1743266958677357, "path_length_cm": 2179.0072153005394, "cumulative_reward": -596.546790329304}, "token_totals": {"input": 124304, "output": 6687, "calls": 40}, "finished_at": "2026-04-23T01:02:13.509497+00:00"}