{"episode_id": "map_04_courtyard_remix_pn_0005", "episode_idx": 0, "agent_name": "GhostAgent_0", "SR": 1.0, "SPL": 1.0, "SoftSPL": 0.9429341776232509, "PLR": 0.6151308349768705, "nDTW": 0.07122743889066929, "CLS": 0.23591205494647638, "steps": 9, "path_length_cm": 1467.757534029961, "cumulative_reward": 1348.124892815757, "ended_reason": "success", "metrics": {"SR": 1.0, "SPL": 1.0, "SoftSPL": 0.9429341776232509, "PLR": 0.6151308349768705, "nDTW": 0.07122743889066929, "CLS": 0.23591205494647638, "path_length_cm": 1467.757534029961, "cumulative_reward": 1348.124892815757}, "token_totals": {"input": 20680, "output": 4608, "calls": 9}, "finished_at": "2026-04-22T15:54:51.193094+00:00"}