{"episode_id": "map_64_cave_lost_expedition_pn_0019", "episode_idx": 9, "agent_name": "GhostAgent_9", "SR": 0.0, "SPL": 0.0, "SoftSPL": 0.0, "PLR": 49.857138607227355, "nDTW": 1.350318266392497e-203, "CLS": 0.0023558313338938697, "steps": 22, "path_length_cm": 51774.644158061325, "cumulative_reward": -39893.241857710746, "ended_reason": "step_error", "metrics": {"SR": 0.0, "SPL": 0.0, "SoftSPL": 0.0, "PLR": 49.857138607227355, "nDTW": 1.350318266392497e-203, "CLS": 0.0023558313338938697, "path_length_cm": 51774.644158061325, "cumulative_reward": -39893.241857710746}, "token_totals": {"input": 64535, "output": 3426, "calls": 22}, "finished_at": "2026-04-23T20:02:29.907382+00:00"}