{"episode_id": "map_49_courtyard_sunny_packed_on_0008", "episode_idx": 8, "agent_name": "GhostAgent_8", "SR": 0.0, "SPL": 0.0, "SoftSPL": 0.17357549982071918, "PLR": 0.27241352682800635, "nDTW": 7.473860579187869e-10, "CLS": 0.18092991198901773, "steps": 40, "path_length_cm": 650.7768466452292, "cumulative_reward": 296.97910865742733, "ended_reason": "max_steps", "metrics": {"SR": 0.0, "SPL": 0.0, "SoftSPL": 0.17357549982071918, "PLR": 0.27241352682800635, "nDTW": 7.473860579187869e-10, "CLS": 0.18092991198901773, "path_length_cm": 650.7768466452292, "cumulative_reward": 296.97910865742733}, "token_totals": {"input": 122809, "output": 7895, "calls": 40}, "finished_at": "2026-04-23T02:05:40.658989+00:00"}