{"episode_id": "map_61_containeryard_day_big_remix_on_0002", "episode_idx": 2, "agent_name": "GhostAgent_2", "SR": 0.0, "SPL": 0.0, "SoftSPL": 0.0, "PLR": 0.5643918600623993, "nDTW": 2.68648779190366e-30, "CLS": 0.44561203395168253, "steps": 40, "path_length_cm": 655.9080001715174, "cumulative_reward": -493.5613074389587, "ended_reason": "max_steps", "metrics": {"SR": 0.0, "SPL": 0.0, "SoftSPL": 0.0, "PLR": 0.5643918600623993, "nDTW": 2.68648779190366e-30, "CLS": 0.44561203395168253, "path_length_cm": 655.9080001715174, "cumulative_reward": -493.5613074389587}, "token_totals": {"input": 34469, "output": 2224, "calls": 40}, "finished_at": "2026-04-23T16:30:40.532835+00:00"}