{"episode_id": "map_61_containeryard_day_big_remix_obj_on_0015", "episode_idx": 4, "agent_name": "GhostAgent_4", "SR": 0.0, "SPL": 0.0, "SoftSPL": 0.10729216873750669, "PLR": 0.4702883827410767, "nDTW": 1.9137649279766983e-21, "CLS": 0.4725620113507896, "steps": 39, "path_length_cm": 478.2691765961928, "cumulative_reward": 108.72261550461475, "ended_reason": "success", "metrics": {"SR": 0.0, "SPL": 0.0, "SoftSPL": 0.10729216873750669, "PLR": 0.4702883827410767, "nDTW": 1.9137649279766983e-21, "CLS": 0.4725620113507896, "path_length_cm": 478.2691765961928, "cumulative_reward": 108.72261550461475}, "token_totals": {"input": 36770, "output": 3086, "calls": 39}, "finished_at": "2026-04-23T17:03:17.739155+00:00"}