{"episode_id": "map_21_hwaseong_remix2_obj_on_0018", "episode_idx": 8, "agent_name": "GhostAgent_8", "SR": 1.0, "SPL": 0.9813958770534903, "SoftSPL": 0.9635943358163014, "PLR": 1.0189567975385898, "nDTW": 2.6753764393092063e-17, "CLS": 0.2947186240646088, "steps": 23, "path_length_cm": 8017.355874393132, "cumulative_reward": 7717.338419820749, "ended_reason": "success", "metrics": {"SR": 1.0, "SPL": 0.9813958770534903, "SoftSPL": 0.9635943358163014, "PLR": 1.0189567975385898, "nDTW": 2.6753764393092063e-17, "CLS": 0.2947186240646088, "path_length_cm": 8017.355874393132, "cumulative_reward": 7717.338419820749}, "token_totals": {"input": 14866, "output": 69, "calls": 23}, "finished_at": "2026-04-23T18:27:44.007146+00:00"}