{"episode_id": "map_27_courtyard_overcast_remix_on_0000", "episode_idx": 0, "agent_name": "GhostAgent_0", "SR": 0.0, "SPL": 0.0, "SoftSPL": 0.21650465073903968, "PLR": 0.07640330984308069, "nDTW": 7.451126393271212e-05, "CLS": 0.11991390181115676, "steps": 40, "path_length_cm": 268.7578107702175, "cumulative_reward": 237.37325631934843, "ended_reason": "max_steps", "metrics": {"SR": 0.0, "SPL": 0.0, "SoftSPL": 0.21650465073903968, "PLR": 0.07640330984308069, "nDTW": 7.451126393271212e-05, "CLS": 0.11991390181115676, "path_length_cm": 268.7578107702175, "cumulative_reward": 237.37325631934843}, "token_totals": {"input": 32093, "output": 1411, "calls": 40}, "finished_at": "2026-04-23T15:26:52.918245+00:00"}