{"episode_id": "map_47_wintertown_demo01_minimal_obj_pn_0002", "episode_idx": 1, "agent_name": "GhostAgent_1", "SR": 0.0, "SPL": 0.0, "SoftSPL": 0.054834816331800096, "PLR": 0.2888064872010817, "nDTW": 9.399495155357195e-07, "CLS": 0.17447117804676224, "steps": 40, "path_length_cm": 1283.984544993185, "cumulative_reward": -393.54098755974894, "ended_reason": "max_steps", "metrics": {"SR": 0.0, "SPL": 0.0, "SoftSPL": 0.054834816331800096, "PLR": 0.2888064872010817, "nDTW": 9.399495155357195e-07, "CLS": 0.17447117804676224, "path_length_cm": 1283.984544993185, "cumulative_reward": -393.54098755974894}, "token_totals": {"input": 118037, "output": 5884, "calls": 40}, "finished_at": "2026-04-23T02:15:46.725942+00:00"}