{"episode_id": "map_37_dungeon_remix_obj_pn_0017", "episode_idx": 7, "agent_name": "GhostAgent_7", "SR": 0.0, "SPL": 0.0, "SoftSPL": 0.3588159016084934, "PLR": 1.9035437688735795, "nDTW": 7.229486904474126e-35, "CLS": 0.40239724797129417, "steps": 40, "path_length_cm": 4415.936012221373, "cumulative_reward": 2327.354414595227, "ended_reason": "max_steps", "metrics": {"SR": 0.0, "SPL": 0.0, "SoftSPL": 0.3588159016084934, "PLR": 1.9035437688735795, "nDTW": 7.229486904474126e-35, "CLS": 0.40239724797129417, "path_length_cm": 4415.936012221373, "cumulative_reward": 2327.354414595227}, "token_totals": {"input": 119110, "output": 5388, "calls": 40}, "finished_at": "2026-04-23T16:52:58.130041+00:00"}