{"episode_id": "map_06_hwaseong_native_on_0016", "episode_idx": 1, "agent_name": "GhostAgent_1", "SR": 1.0, "SPL": 0.8093794269512643, "SoftSPL": 0.7800803942804945, "PLR": 1.2355144777607667, "nDTW": 8.773150636717443e-25, "CLS": 0.44214212299067013, "steps": 26, "path_length_cm": 5035.759329036444, "cumulative_reward": 3930.525728775237, "ended_reason": "success", "metrics": {"SR": 1.0, "SPL": 0.8093794269512643, "SoftSPL": 0.7800803942804945, "PLR": 1.2355144777607667, "nDTW": 8.773150636717443e-25, "CLS": 0.44214212299067013, "path_length_cm": 5035.759329036444, "cumulative_reward": 3930.525728775237}, "token_totals": {"input": 73778, "output": 2904, "calls": 26}, "finished_at": "2026-04-23T13:55:46.451616+00:00"}