{"episode_id": "map_47_wintertown_demo01_minimal_on_0010", "episode_idx": 0, "agent_name": "GhostAgent_0", "SR": 0.0, "SPL": 0.0, "SoftSPL": 0.15291900989400814, "PLR": 1.9479093851150493, "nDTW": 8.772608847875697e-82, "CLS": 0.03244180168490356, "steps": 40, "path_length_cm": 12432.025194056672, "cumulative_reward": 1892.755147591715, "ended_reason": "max_steps", "metrics": {"SR": 0.0, "SPL": 0.0, "SoftSPL": 0.15291900989400814, "PLR": 1.9479093851150493, "nDTW": 8.772608847875697e-82, "CLS": 0.03244180168490356, "path_length_cm": 12432.025194056672, "cumulative_reward": 1892.755147591715}, "token_totals": {"input": 132195, "output": 8404, "calls": 40}, "finished_at": "2026-04-23T01:44:15.741143+00:00"}