{"episode_id": "map_10_B1_urban_grid_obj_on_0004", "episode_idx": 0, "agent_name": "GhostAgent_0", "SR": 0.0, "SPL": 0.0, "SoftSPL": 0.21209543954692356, "PLR": 0.6163119633527783, "nDTW": 0.21209543954692356, "CLS": 0.21209543954692356, "steps": 15, "path_length_cm": 4384.9240306230795, "cumulative_reward": -9.04279115333115, "ended_reason": "no_tool_call", "metrics": {"SR": 0.0, "SPL": 0.0, "SoftSPL": 0.21209543954692356, "PLR": 0.6163119633527783, "nDTW": 0.21209543954692356, "CLS": 0.21209543954692356, "path_length_cm": 4384.9240306230795, "cumulative_reward": -9.04279115333115}, "token_totals": {"input": 41053, "output": 2314, "calls": 15}, "finished_at": "2026-04-23T20:03:35.511675+00:00"}