{"episode_id": "map_36_dungeon_native_obj_on_0015", "episode_idx": 0, "agent_name": "GhostAgent_0", "SR": 1.0, "SPL": 1.0, "SoftSPL": 0.8657590546624101, "PLR": 0.9313503800061237, "nDTW": 0.11658056539535663, "CLS": 0.5159421988603821, "steps": 4, "path_length_cm": 1058.7777389985615, "cumulative_reward": 980.5486984778436, "ended_reason": "success", "metrics": {"SR": 1.0, "SPL": 1.0, "SoftSPL": 0.8657590546624101, "PLR": 0.9313503800061237, "nDTW": 0.11658056539535663, "CLS": 0.5159421988603821, "path_length_cm": 1058.7777389985615, "cumulative_reward": 980.5486984778436}, "token_totals": {"input": 5474, "output": 378, "calls": 4}, "finished_at": "2026-04-23T18:24:50.627313+00:00"}