{"episode_id": "map_26_courtyard_overcast_native_on_0019", "episode_idx": 9, "agent_name": "GhostAgent_9", "SR": 0.0, "SPL": 0.0, "SoftSPL": 0.01827700109737984, "PLR": 0.0, "nDTW": 0.0033147251732837625, "CLS": 0.14081827953043255, "steps": 0, "path_length_cm": 0.0, "cumulative_reward": 0.0, "ended_reason": "spawn_blocked", "metrics": {"SR": 0.0, "SPL": 0.0, "SoftSPL": 0.01827700109737984, "PLR": 0.0, "nDTW": 0.0033147251732837625, "CLS": 0.14081827953043255, "path_length_cm": 0.0, "cumulative_reward": 0.0}, "token_totals": {"input": 0, "output": 0, "calls": 0}, "finished_at": "2026-04-23T17:47:32.757742+00:00"}