{"episode_id": "map_59_B10_market_plaza_obj_on_0002", "episode_idx": 2, "agent_name": "GhostAgent_2", "SR": 0.0, "SPL": 0.0, "SoftSPL": 0.3067029202308605, "PLR": 2.4643860238254924, "nDTW": 3.03716160615621e-22, "CLS": 0.05239491128526601, "steps": 40, "path_length_cm": 9190.508730233123, "cumulative_reward": 2813.931732552116, "ended_reason": "max_steps", "metrics": {"SR": 0.0, "SPL": 0.0, "SoftSPL": 0.3067029202308605, "PLR": 2.4643860238254924, "nDTW": 3.03716160615621e-22, "CLS": 0.05239491128526601, "path_length_cm": 9190.508730233123, "cumulative_reward": 2813.931732552116}, "token_totals": {"input": 117117, "output": 4525, "calls": 40}, "finished_at": "2026-04-23T03:02:22.960005+00:00"}