{"episode_id": "map_45_B7_park_with_paths_obj_pn_0012", "episode_idx": 2, "agent_name": "GhostAgent_2", "SR": 0.0, "SPL": 0.0, "SoftSPL": 0.5178637342906155, "PLR": 1.6788847456368208, "nDTW": 3.7943219664541105e-42, "CLS": 0.16573949437421176, "steps": 40, "path_length_cm": 7357.477353888978, "cumulative_reward": 3833.464957322819, "ended_reason": "max_steps", "metrics": {"SR": 0.0, "SPL": 0.0, "SoftSPL": 0.5178637342906155, "PLR": 1.6788847456368208, "nDTW": 3.7943219664541105e-42, "CLS": 0.16573949437421176, "path_length_cm": 7357.477353888978, "cumulative_reward": 3833.464957322819}, "token_totals": {"input": 124953, "output": 7114, "calls": 40}, "finished_at": "2026-04-23T19:45:16.307159+00:00"}