{"episode_id": "map_22_containeryard_demo_native_obj_on_0006", "episode_idx": 5, "agent_name": "GhostAgent_5", "SR": 1.0, "SPL": 0.9380853415036822, "SoftSPL": 0.9342539660524075, "PLR": 1.0660010936713638, "nDTW": 8.804240884897417e-20, "CLS": 0.8538387197451117, "steps": 17, "path_length_cm": 5033.2840639333945, "cumulative_reward": 4704.6874649807905, "ended_reason": "success", "metrics": {"SR": 1.0, "SPL": 0.9380853415036822, "SoftSPL": 0.9342539660524075, "PLR": 1.0660010936713638, "nDTW": 8.804240884897417e-20, "CLS": 0.8538387197451117, "path_length_cm": 5033.2840639333945, "cumulative_reward": 4704.6874649807905}, "token_totals": {"input": 48755, "output": 2749, "calls": 17}, "finished_at": "2026-04-23T00:17:52.847325+00:00"}