{"episode_id": "map_61_containeryard_day_big_remix_obj_on_0005", "episode_idx": 5, "agent_name": "GhostAgent_5", "SR": 0.0, "SPL": 0.0, "SoftSPL": 0.09994417322481264, "PLR": 0.4398879056350104, "nDTW": 2.6143833420977976e-27, "CLS": 0.44655496557110347, "steps": 40, "path_length_cm": 596.4880000410741, "cumulative_reward": 135.12336500609422, "ended_reason": "max_steps", "metrics": {"SR": 0.0, "SPL": 0.0, "SoftSPL": 0.09994417322481264, "PLR": 0.4398879056350104, "nDTW": 2.6143833420977976e-27, "CLS": 0.44655496557110347, "path_length_cm": 596.4880000410741, "cumulative_reward": 135.12336500609422}, "token_totals": {"input": 36722, "output": 2897, "calls": 40}, "finished_at": "2026-04-23T16:53:40.270465+00:00"}