{"episode_id": "map_21_hwaseong_remix2_on_0013", "episode_idx": 3, "agent_name": "GhostAgent_3", "SR": 0.0, "SPL": 0.0, "SoftSPL": 0.0, "PLR": 0.0, "nDTW": 6.983628773406803e-07, "CLS": 0.2500000000001219, "steps": 40, "path_length_cm": 0.0, "cumulative_reward": -0.4000000000000002, "ended_reason": "max_steps", "metrics": {"SR": 0.0, "SPL": 0.0, "SoftSPL": 0.0, "PLR": 0.0, "nDTW": 6.983628773406803e-07, "CLS": 0.2500000000001219, "path_length_cm": 0.0, "cumulative_reward": -0.4000000000000002}, "token_totals": {"input": 32484, "output": 1663, "calls": 40}, "finished_at": "2026-04-23T18:05:53.276894+00:00"}