{"episode_id": "map_27_courtyard_overcast_remix_pn_0016", "episode_idx": 6, "agent_name": "GhostAgent_6", "SR": 0.0, "SPL": 0.0, "SoftSPL": 0.007166874488825914, "PLR": 0.0, "nDTW": 0.002433638166178504, "CLS": 0.1669527807708077, "steps": 40, "path_length_cm": 0.0, "cumulative_reward": -0.4000000000000002, "ended_reason": "max_steps", "metrics": {"SR": 0.0, "SPL": 0.0, "SoftSPL": 0.007166874488825914, "PLR": 0.0, "nDTW": 0.002433638166178504, "CLS": 0.1669527807708077, "path_length_cm": 0.0, "cumulative_reward": -0.4000000000000002}, "token_totals": {"input": 35019, "output": 2422, "calls": 40}, "finished_at": "2026-04-23T15:29:16.196208+00:00"}