{"episode_id": "map_08_cave_remix_obj_pn_0007", "episode_idx": 7, "agent_name": "GhostAgent_7", "SR": 0.0, "SPL": 0.0, "SoftSPL": 0.0, "PLR": 0.04762308678922595, "nDTW": 3.437506696380115e-06, "CLS": 0.14902924115281135, "steps": 40, "path_length_cm": 139.23799999999937, "cumulative_reward": 138.82554421203804, "ended_reason": "max_steps", "metrics": {"SR": 0.0, "SPL": 0.0, "SoftSPL": 0.0, "PLR": 0.04762308678922595, "nDTW": 3.437506696380115e-06, "CLS": 0.14902924115281135, "path_length_cm": 139.23799999999937, "cumulative_reward": 138.82554421203804}, "token_totals": {"input": 37735, "output": 3298, "calls": 40}, "finished_at": "2026-04-23T15:07:42.545761+00:00"}