{"episode_id": "map_50_B9_sparse_wilderness_on_0002", "episode_idx": 2, "agent_name": "GhostAgent_2", "SR": 0.0, "SPL": 0.0, "SoftSPL": 0.0, "PLR": 3.1903388719215604, "nDTW": 2.921182000293166e-82, "CLS": 0.03493274472025241, "steps": 40, "path_length_cm": 6961.191804977968, "cumulative_reward": -2787.678251260395, "ended_reason": "max_steps", "metrics": {"SR": 0.0, "SPL": 0.0, "SoftSPL": 0.0, "PLR": 3.1903388719215604, "nDTW": 2.921182000293166e-82, "CLS": 0.03493274472025241, "path_length_cm": 6961.191804977968, "cumulative_reward": -2787.678251260395}, "token_totals": {"input": 123480, "output": 5624, "calls": 40}, "finished_at": "2026-04-23T14:18:08.220868+00:00"}