{"episode_id": "map_67_B12_construction_site_obj_pn_0011", "episode_idx": 1, "agent_name": "GhostAgent_1", "SR": 0.0, "SPL": 0.0, "SoftSPL": 0.07809577457047967, "PLR": 0.05061587363315482, "nDTW": 4.950309605251825e-08, "CLS": 0.1179573555755239, "steps": 4, "path_length_cm": 374.84799999999996, "cumulative_reward": -352.24944586480547, "ended_reason": "no_tool_call", "metrics": {"SR": 0.0, "SPL": 0.0, "SoftSPL": 0.07809577457047967, "PLR": 0.05061587363315482, "nDTW": 4.950309605251825e-08, "CLS": 0.1179573555755239, "path_length_cm": 374.84799999999996, "cumulative_reward": -352.24944586480547}, "token_totals": {"input": 6479, "output": 992, "calls": 4}, "finished_at": "2026-04-23T06:14:49.103101+00:00"}