{"episode_id": "map_68_B13_suburban_park_obj_pn_0012", "episode_idx": 2, "agent_name": "GhostAgent_2", "SR": 0.0, "SPL": 0.0, "SoftSPL": 0.0, "PLR": 4.273968996212974, "nDTW": 1.9438191584919807e-62, "CLS": 0.04463309711150158, "steps": 40, "path_length_cm": 13606.992353553285, "cumulative_reward": -5639.547550919098, "ended_reason": "max_steps", "metrics": {"SR": 0.0, "SPL": 0.0, "SoftSPL": 0.0, "PLR": 4.273968996212974, "nDTW": 1.9438191584919807e-62, "CLS": 0.04463309711150158, "path_length_cm": 13606.992353553285, "cumulative_reward": -5639.547550919098}, "token_totals": {"input": 134093, "output": 8570, "calls": 40}, "finished_at": "2026-04-23T05:49:04.802507+00:00"}