{"episode_id": "map_49_courtyard_sunny_packed_obj_on_0013", "episode_idx": 1, "agent_name": "GhostAgent_1", "SR": 0.0, "SPL": 0.0, "SoftSPL": 0.09718802053181776, "PLR": 0.0, "nDTW": 0.0009797000811346854, "CLS": 0.11527310883739399, "steps": 0, "path_length_cm": 0.0, "cumulative_reward": 0.0, "ended_reason": "spawn_blocked", "metrics": {"SR": 0.0, "SPL": 0.0, "SoftSPL": 0.09718802053181776, "PLR": 0.0, "nDTW": 0.0009797000811346854, "CLS": 0.11527310883739399, "path_length_cm": 0.0, "cumulative_reward": 0.0}, "token_totals": {"input": 0, "output": 0, "calls": 0}, "finished_at": "2026-04-23T18:51:21.166293+00:00"}