{"episode_id": "map_08_cave_remix_obj_pn_0006", "episode_idx": 3, "agent_name": "GhostAgent_3", "SR": 0.0, "SPL": 0.0, "SoftSPL": 0.007256710403311439, "PLR": 0.04519427953502139, "nDTW": 5.921703630292224e-11, "CLS": 0.13742132051441097, "steps": 40, "path_length_cm": 198.85708966807087, "cumulative_reward": 3.0108348347654177, "ended_reason": "max_steps", "metrics": {"SR": 0.0, "SPL": 0.0, "SoftSPL": 0.007256710403311439, "PLR": 0.04519427953502139, "nDTW": 5.921703630292224e-11, "CLS": 0.13742132051441097, "path_length_cm": 198.85708966807087, "cumulative_reward": 3.0108348347654177}, "token_totals": {"input": 39632, "output": 3694, "calls": 40}, "finished_at": "2026-04-23T17:51:24.071017+00:00"}