{"episode_id": "map_61_containeryard_day_big_remix_obj_on_0001", "episode_idx": 1, "agent_name": "GhostAgent_1", "SR": 0.0, "SPL": 0.0, "SoftSPL": 0.0, "PLR": 0.14098304819872082, "nDTW": 1.4790711304395963e-10, "CLS": 0.21141659607027521, "steps": 40, "path_length_cm": 252.49500000198105, "cumulative_reward": -250.673243102083, "ended_reason": "max_steps", "metrics": {"SR": 0.0, "SPL": 0.0, "SoftSPL": 0.0, "PLR": 0.14098304819872082, "nDTW": 1.4790711304395963e-10, "CLS": 0.21141659607027521, "path_length_cm": 252.49500000198105, "cumulative_reward": -250.673243102083}, "token_totals": {"input": 33350, "output": 2021, "calls": 40}, "finished_at": "2026-04-23T16:53:40.267672+00:00"}