{"episode_id": "map_05_middleeast_native_pn_0010", "episode_idx": 1, "agent_name": "GhostAgent_1", "SR": 0.0, "SPL": 0.0, "SoftSPL": 0.6275446529393747, "PLR": 0.8701514743506412, "nDTW": 3.4555667262316073e-35, "CLS": 0.1294803489131253, "steps": 40, "path_length_cm": 4751.64485750129, "cumulative_reward": 3405.3687334480906, "ended_reason": "max_steps", "metrics": {"SR": 0.0, "SPL": 0.0, "SoftSPL": 0.6275446529393747, "PLR": 0.8701514743506412, "nDTW": 3.4555667262316073e-35, "CLS": 0.1294803489131253, "path_length_cm": 4751.64485750129, "cumulative_reward": 3405.3687334480906}, "token_totals": {"input": 476710, "output": 7216, "calls": 40}, "finished_at": "2026-04-22T19:35:51.530305+00:00"}