{"episode_id": "map_36_dungeon_native_obj_pn_0009", "episode_idx": 9, "agent_name": "GhostAgent_9", "SR": 0.0, "SPL": 0.0, "SoftSPL": 0.0, "PLR": 1.1154570242121185, "nDTW": 2.6685866017178835e-50, "CLS": 0.22662914113113056, "steps": 40, "path_length_cm": 1157.744, "cumulative_reward": -378.03394777247877, "ended_reason": "max_steps", "metrics": {"SR": 0.0, "SPL": 0.0, "SoftSPL": 0.0, "PLR": 1.1154570242121185, "nDTW": 2.6685866017178835e-50, "CLS": 0.22662914113113056, "path_length_cm": 1157.744, "cumulative_reward": -378.03394777247877}, "token_totals": {"input": 125515, "output": 6915, "calls": 40}, "finished_at": "2026-04-23T01:20:30.561631+00:00"}