{"episode_id": "map_11_wintertown_demo01_remix_pn_0011", "episode_idx": 8, "agent_name": "GhostAgent_8", "SR": 0.0, "SPL": 0.0, "SoftSPL": 0.0, "PLR": 7.4110408814928705, "nDTW": 1.6774180895085105e-41, "CLS": 0.043949486688560586, "steps": 40, "path_length_cm": 8431.763542100884, "cumulative_reward": -602.2965205669952, "ended_reason": "max_steps", "metrics": {"SR": 0.0, "SPL": 0.0, "SoftSPL": 0.0, "PLR": 7.4110408814928705, "nDTW": 1.6774180895085105e-41, "CLS": 0.043949486688560586, "path_length_cm": 8431.763542100884, "cumulative_reward": -602.2965205669952}, "token_totals": {"input": 124816, "output": 6224, "calls": 40}, "finished_at": "2026-04-22T23:07:56.955034+00:00"}