{"episode_id": "map_49_courtyard_sunny_packed_on_0001", "episode_idx": 1, "agent_name": "GhostAgent_1", "SR": 0.0, "SPL": 0.0, "SoftSPL": 0.8829275207751164, "PLR": 0.1486124224337605, "nDTW": 2.7497808199382354e-06, "CLS": 0.09404883507077665, "steps": 40, "path_length_cm": 921.480242045878, "cumulative_reward": 816.8769797111926, "ended_reason": "max_steps", "metrics": {"SR": 0.0, "SPL": 0.0, "SoftSPL": 0.8829275207751164, "PLR": 0.1486124224337605, "nDTW": 2.7497808199382354e-06, "CLS": 0.09404883507077665, "path_length_cm": 921.480242045878, "cumulative_reward": 816.8769797111926}, "token_totals": {"input": 113221, "output": 5257, "calls": 40}, "finished_at": "2026-04-23T02:05:40.655533+00:00"}