{"episode_id": "map_45_B7_park_with_paths_on_0010", "episode_idx": 0, "agent_name": "GhostAgent_0", "SR": 0.0, "SPL": 0.0, "SoftSPL": 0.5055465370667412, "PLR": 1.6403694302098302, "nDTW": 1.06137614034194e-42, "CLS": 0.06878432833078818, "steps": 40, "path_length_cm": 12345.141468956046, "cumulative_reward": 6237.598709310612, "ended_reason": "max_steps", "metrics": {"SR": 0.0, "SPL": 0.0, "SoftSPL": 0.5055465370667412, "PLR": 1.6403694302098302, "nDTW": 1.06137614034194e-42, "CLS": 0.06878432833078818, "path_length_cm": 12345.141468956046, "cumulative_reward": 6237.598709310612}, "token_totals": {"input": 112410, "output": 3408, "calls": 40}, "finished_at": "2026-04-23T14:11:50.106740+00:00"}