{"episode_id": "map_67_B12_construction_site_obj_pn_0018", "episode_idx": 8, "agent_name": "GhostAgent_8", "SR": 0.0, "SPL": 0.0, "SoftSPL": 0.12368623108074303, "PLR": 1.2629066594141887, "nDTW": 8.092716263099387e-50, "CLS": 0.021997605335883387, "steps": 40, "path_length_cm": 7724.177081242466, "cumulative_reward": 908.3383450429194, "ended_reason": "max_steps", "metrics": {"SR": 0.0, "SPL": 0.0, "SoftSPL": 0.12368623108074303, "PLR": 1.2629066594141887, "nDTW": 8.092716263099387e-50, "CLS": 0.021997605335883387, "path_length_cm": 7724.177081242466, "cumulative_reward": 908.3383450429194}, "token_totals": {"input": 119256, "output": 5263, "calls": 40}, "finished_at": "2026-04-23T06:14:49.308841+00:00"}