{"episode_id": "map_33_gothic_night_remix_on_0000", "episode_idx": 0, "agent_name": "GhostAgent_0", "SR": 0.0, "SPL": 0.0, "SoftSPL": 3.361132730694827e-06, "PLR": 7.592935808623502e-05, "nDTW": 0.0006154627098714993, "CLS": 0.24817593980140676, "steps": 40, "path_length_cm": 0.2199999999997999, "cumulative_reward": -0.61767863654668, "ended_reason": "max_steps", "metrics": {"SR": 0.0, "SPL": 0.0, "SoftSPL": 3.361132730694827e-06, "PLR": 7.592935808623502e-05, "nDTW": 0.0006154627098714993, "CLS": 0.24817593980140676, "path_length_cm": 0.2199999999997999, "cumulative_reward": -0.61767863654668}, "token_totals": {"input": 36028, "output": 2592, "calls": 40}, "finished_at": "2026-04-23T18:04:03.132535+00:00"}