{"episode_id": "map_40_B2_open_plaza_pn_0010", "episode_idx": 0, "agent_name": "GhostAgent_0", "SR": 0.0, "SPL": 0.0, "SoftSPL": 0.2135949881183405, "PLR": 1.209830099541119, "nDTW": 9.77609697590931e-41, "CLS": 0.09306228716650972, "steps": 40, "path_length_cm": 2777.9513830613405, "cumulative_reward": 592.8483712180246, "ended_reason": "max_steps", "metrics": {"SR": 0.0, "SPL": 0.0, "SoftSPL": 0.2135949881183405, "PLR": 1.209830099541119, "nDTW": 9.77609697590931e-41, "CLS": 0.09306228716650972, "path_length_cm": 2777.9513830613405, "cumulative_reward": 592.8483712180246}, "token_totals": {"input": 121498, "output": 5497, "calls": 40}, "finished_at": "2026-04-23T16:18:24.668077+00:00"}