{"episode_id": "map_47_wintertown_demo01_minimal_on_0017", "episode_idx": 7, "agent_name": "GhostAgent_7", "SR": 0.0, "SPL": 0.0, "SoftSPL": 0.0024212969575718724, "PLR": 5.438582414572111e-06, "nDTW": 8.774509240696123e-09, "CLS": 0.16666802632532968, "steps": 2, "path_length_cm": 0.033241540276875224, "cumulative_reward": -0.03600076333874313, "ended_reason": "no_tool_call", "metrics": {"SR": 0.0, "SPL": 0.0, "SoftSPL": 0.0024212969575718724, "PLR": 5.438582414572111e-06, "nDTW": 8.774509240696123e-09, "CLS": 0.16666802632532968, "path_length_cm": 0.033241540276875224, "cumulative_reward": -0.03600076333874313}, "token_totals": {"input": 2081, "output": 512, "calls": 2}, "finished_at": "2026-04-23T01:44:15.743666+00:00"}