{"episode_id": "map_09b_wintertown_demo02_obj_pn_0017", "episode_idx": 7, "agent_name": "GhostAgent_7", "SR": 0.0, "SPL": 0.0, "SoftSPL": 0.42113000204275597, "PLR": 0.0, "nDTW": 1.5092899314106115e-05, "CLS": 0.09261866668355759, "steps": 0, "path_length_cm": 0.0, "cumulative_reward": 0.0, "ended_reason": "spawn_blocked", "metrics": {"SR": 0.0, "SPL": 0.0, "SoftSPL": 0.42113000204275597, "PLR": 0.0, "nDTW": 1.5092899314106115e-05, "CLS": 0.09261866668355759, "path_length_cm": 0.0, "cumulative_reward": 0.0}, "token_totals": {"input": 0, "output": 0, "calls": 0}, "finished_at": "2026-04-23T17:57:23.347311+00:00"}