{"episode_id": "map_18_cave_native_pn_0007", "episode_idx": 7, "agent_name": "GhostAgent_7", "SR": 0.0, "SPL": 0.0, "SoftSPL": 0.4273797160170844, "PLR": 2.004788084035571, "nDTW": 2.2620333931446853e-24, "CLS": 0.1880121536767513, "steps": 40, "path_length_cm": 9236.740331100447, "cumulative_reward": 3944.7355637144847, "ended_reason": "max_steps", "metrics": {"SR": 0.0, "SPL": 0.0, "SoftSPL": 0.4273797160170844, "PLR": 2.004788084035571, "nDTW": 2.2620333931446853e-24, "CLS": 0.1880121536767513, "path_length_cm": 9236.740331100447, "cumulative_reward": 3944.7355637144847}, "token_totals": {"input": 118779, "output": 5889, "calls": 40}, "finished_at": "2026-04-23T18:10:13.632704+00:00"}