{"episode_id": "map_26_courtyard_overcast_native_obj_on_0016", "episode_idx": 6, "agent_name": "GhostAgent_6", "SR": 0.0, "SPL": 0.0, "SoftSPL": 0.515353406570473, "PLR": 0.0, "nDTW": 0.0015715974634138955, "CLS": 0.07001318013203019, "steps": 40, "path_length_cm": 0.0, "cumulative_reward": -0.4000000000000002, "ended_reason": "max_steps", "metrics": {"SR": 0.0, "SPL": 0.0, "SoftSPL": 0.515353406570473, "PLR": 0.0, "nDTW": 0.0015715974634138955, "CLS": 0.07001318013203019, "path_length_cm": 0.0, "cumulative_reward": -0.4000000000000002}, "token_totals": {"input": 116178, "output": 3884, "calls": 40}, "finished_at": "2026-04-23T18:11:25.137052+00:00"}