{
  "map": "map_47_wintertown_demo01_minimal",
  "n": 39,
  "SR": 0.05128205128205128,
  "SPL": 0.04423720341521964,
  "SoftSPL": 0.21982640212937193,
  "nDTW": 0.003423831072794763,
  "avg_steps": 37.0
}