{"episode_id": "map_26_courtyard_overcast_native_on_0015", "episode_idx": 5, "agent_name": "GhostAgent_5", "SR": 0.0, "SPL": 0.0, "SoftSPL": 0.0, "PLR": 10.205591662437271, "nDTW": 1.7832496651101022e-126, "CLS": 0.004126822336553971, "steps": 35, "path_length_cm": 53973.29206596576, "cumulative_reward": -50363.7098405735, "ended_reason": "step_error", "metrics": {"SR": 0.0, "SPL": 0.0, "SoftSPL": 0.0, "PLR": 10.205591662437271, "nDTW": 1.7832496651101022e-126, "CLS": 0.004126822336553971, "path_length_cm": 53973.29206596576, "cumulative_reward": -50363.7098405735}, "token_totals": {"input": 111752, "output": 6251, "calls": 35}, "finished_at": "2026-04-23T17:47:32.755934+00:00"}