{"episode_id": "map_27_courtyard_overcast_remix_on_0012", "episode_idx": 2, "agent_name": "GhostAgent_2", "SR": 0.0, "SPL": 0.0, "SoftSPL": 0.04729585664245761, "PLR": 0.0, "nDTW": 0.03360315136108208, "CLS": 0.16968269641588726, "steps": 40, "path_length_cm": 0.0, "cumulative_reward": -0.4000000000000002, "ended_reason": "max_steps", "metrics": {"SR": 0.0, "SPL": 0.0, "SoftSPL": 0.04729585664245761, "PLR": 0.0, "nDTW": 0.03360315136108208, "CLS": 0.16968269641588726, "path_length_cm": 0.0, "cumulative_reward": -0.4000000000000002}, "token_totals": {"input": 35247, "output": 2433, "calls": 40}, "finished_at": "2026-04-23T15:36:21.596505+00:00"}