{"episode_id": "map_06_hwaseong_native_obj_pn_0002", "episode_idx": 5, "agent_name": "GhostAgent_5", "SR": 0.0, "SPL": 0.0, "SoftSPL": 0.003255186399489518, "PLR": 0.14968653288270053, "nDTW": 2.611320410040419e-13, "CLS": 0.16087580288663206, "steps": 40, "path_length_cm": 525.2709999999997, "cumulative_reward": -515.0260981951533, "ended_reason": "max_steps", "metrics": {"SR": 0.0, "SPL": 0.0, "SoftSPL": 0.003255186399489518, "PLR": 0.14968653288270053, "nDTW": 2.611320410040419e-13, "CLS": 0.16087580288663206, "path_length_cm": 525.2709999999997, "cumulative_reward": -515.0260981951533}, "token_totals": {"input": 114355, "output": 3650, "calls": 40}, "finished_at": "2026-04-23T13:57:33.016335+00:00"}