{"episode_id": "map_42_B4_industrial_yard_on_0005", "episode_idx": 5, "agent_name": "GhostAgent_5", "SR": 0.0, "SPL": 0.0, "SoftSPL": 0.001626445810182231, "PLR": 0.0, "nDTW": 2.0063919700861516e-06, "CLS": 0.16666667779071534, "steps": 40, "path_length_cm": 0.0, "cumulative_reward": -0.4000000000000002, "ended_reason": "max_steps", "metrics": {"SR": 0.0, "SPL": 0.0, "SoftSPL": 0.001626445810182231, "PLR": 0.0, "nDTW": 2.0063919700861516e-06, "CLS": 0.16666667779071534, "path_length_cm": 0.0, "cumulative_reward": -0.4000000000000002}, "token_totals": {"input": 34752, "output": 2253, "calls": 40}, "finished_at": "2026-04-23T15:54:15.640266+00:00"}