{"episode_id": "map_19_wintertown_demo02_native_obj_pn_0006", "episode_idx": 6, "agent_name": "GhostAgent_6", "SR": 0.0, "SPL": 0.0, "SoftSPL": 0.03806430997369881, "PLR": 0.021196719683308496, "nDTW": 0.0007295302561933551, "CLS": 0.13103060925089954, "steps": 40, "path_length_cm": 35.152851889995645, "cumulative_reward": -35.50288427306083, "ended_reason": "max_steps", "metrics": {"SR": 0.0, "SPL": 0.0, "SoftSPL": 0.03806430997369881, "PLR": 0.021196719683308496, "nDTW": 0.0007295302561933551, "CLS": 0.13103060925089954, "path_length_cm": 35.152851889995645, "cumulative_reward": -35.50288427306083}, "token_totals": {"input": 133526, "output": 8774, "calls": 40}, "finished_at": "2026-04-22T23:37:29.378376+00:00"}