{"episode_id": "map_19_wintertown_demo02_native_obj_pn_0013", "episode_idx": 0, "agent_name": "GhostAgent_0", "SR": 0.0, "SPL": 0.0, "SoftSPL": 0.0, "PLR": 0.08735936059092618, "nDTW": 2.963029634895397e-10, "CLS": 0.094529063681503, "steps": 40, "path_length_cm": 403.0000871228193, "cumulative_reward": -403.2596977066887, "ended_reason": "max_steps", "metrics": {"SR": 0.0, "SPL": 0.0, "SoftSPL": 0.0, "PLR": 0.08735936059092618, "nDTW": 2.963029634895397e-10, "CLS": 0.094529063681503, "path_length_cm": 403.0000871228193, "cumulative_reward": -403.2596977066887}, "token_totals": {"input": 123151, "output": 5905, "calls": 40}, "finished_at": "2026-04-23T15:41:15.249643+00:00"}