{"episode_id": "map_05_middleeast_native_on_0013", "episode_idx": 2, "agent_name": "GhostAgent_2", "SR": 0.0, "SPL": 0.0, "SoftSPL": 0.3830392617066711, "PLR": 0.07468518179520033, "nDTW": 2.878766584491589e-06, "CLS": 0.09130629513577716, "steps": 40, "path_length_cm": 428.3829999999998, "cumulative_reward": -130.45534830094314, "ended_reason": "max_steps", "metrics": {"SR": 0.0, "SPL": 0.0, "SoftSPL": 0.3830392617066711, "PLR": 0.07468518179520033, "nDTW": 2.878766584491589e-06, "CLS": 0.09130629513577716, "path_length_cm": 428.3829999999998, "cumulative_reward": -130.45534830094314}, "token_totals": {"input": 473143, "output": 6422, "calls": 40}, "finished_at": "2026-04-22T21:01:50.891538+00:00"}