{"episode_id": "map_59_B10_market_plaza_pn_0015", "episode_idx": 2, "agent_name": "GhostAgent_2", "SR": 0.0, "SPL": 0.0, "SoftSPL": 0.0, "PLR": 1.2498663385371287, "nDTW": 1.244144314832616e-34, "CLS": 0.022713200821191954, "steps": 40, "path_length_cm": 3680.1439431788776, "cumulative_reward": 1357.529691553721, "ended_reason": "max_steps", "metrics": {"SR": 0.0, "SPL": 0.0, "SoftSPL": 0.0, "PLR": 1.2498663385371287, "nDTW": 1.244144314832616e-34, "CLS": 0.022713200821191954, "path_length_cm": 3680.1439431788776, "cumulative_reward": 1357.529691553721}, "token_totals": {"input": 111484, "output": 3472, "calls": 40}, "finished_at": "2026-04-23T04:01:43.654254+00:00"}