{"episode_id": "map_05_middleeast_native_on_0006", "episode_idx": 0, "agent_name": "GhostAgent_0", "SR": 0.0, "SPL": 0.0, "SoftSPL": 0.3219611521468624, "PLR": 0.5512152747144898, "nDTW": 3.875165100705011e-44, "CLS": 0.11339397013436435, "steps": 40, "path_length_cm": 3985.264387574773, "cumulative_reward": 2123.91360806515, "ended_reason": "max_steps", "metrics": {"SR": 0.0, "SPL": 0.0, "SoftSPL": 0.3219611521468624, "PLR": 0.5512152747144898, "nDTW": 3.875165100705011e-44, "CLS": 0.11339397013436435, "path_length_cm": 3985.264387574773, "cumulative_reward": 2123.91360806515}, "token_totals": {"input": 499533, "output": 7408, "calls": 40}, "finished_at": "2026-04-22T21:01:50.890565+00:00"}