{"episode_id": "map_68_B13_suburban_park_obj_pn_0016", "episode_idx": 6, "agent_name": "GhostAgent_6", "SR": 0.0, "SPL": 0.0, "SoftSPL": 0.0, "PLR": 1.8295565267839873, "nDTW": 1.77873493761708e-85, "CLS": 0.02186332248305024, "steps": 40, "path_length_cm": 11825.795999999998, "cumulative_reward": -1286.249999981706, "ended_reason": "max_steps", "metrics": {"SR": 0.0, "SPL": 0.0, "SoftSPL": 0.0, "PLR": 1.8295565267839873, "nDTW": 1.77873493761708e-85, "CLS": 0.02186332248305024, "path_length_cm": 11825.795999999998, "cumulative_reward": -1286.249999981706}, "token_totals": {"input": 124385, "output": 5746, "calls": 40}, "finished_at": "2026-04-23T05:49:04.908140+00:00"}