{"episode_id": "map_15_middleeast_remix_obj_pn_0014", "episode_idx": 3, "agent_name": "GhostAgent_3", "SR": 0.0, "SPL": 0.0, "SoftSPL": 0.4554530777136354, "PLR": 0.9787090995182185, "nDTW": 4.302417971216197e-06, "CLS": 0.5543051671248279, "steps": 40, "path_length_cm": 2431.495099752067, "cumulative_reward": 2276.450233972763, "ended_reason": "max_steps", "metrics": {"SR": 0.0, "SPL": 0.0, "SoftSPL": 0.4554530777136354, "PLR": 0.9787090995182185, "nDTW": 4.302417971216197e-06, "CLS": 0.5543051671248279, "path_length_cm": 2431.495099752067, "cumulative_reward": 2276.450233972763}, "token_totals": {"input": 33522, "output": 2090, "calls": 40}, "finished_at": "2026-04-23T15:09:16.348530+00:00"}