{"episode_id": "map_42_B4_industrial_yard_on_0001", "episode_idx": 1, "agent_name": "GhostAgent_1", "SR": 0.0, "SPL": 0.0, "SoftSPL": 0.002701852926071835, "PLR": 0.0, "nDTW": 3.201006780863243e-07, "CLS": 0.16666696095493774, "steps": 40, "path_length_cm": 0.0, "cumulative_reward": -0.4000000000000002, "ended_reason": "max_steps", "metrics": {"SR": 0.0, "SPL": 0.0, "SoftSPL": 0.002701852926071835, "PLR": 0.0, "nDTW": 3.201006780863243e-07, "CLS": 0.16666696095493774, "path_length_cm": 0.0, "cumulative_reward": -0.4000000000000002}, "token_totals": {"input": 36492, "output": 2763, "calls": 40}, "finished_at": "2026-04-23T15:54:15.637820+00:00"}