{"episode_id": "map_60_B11_forest_camp_pn_0003", "episode_idx": 3, "agent_name": "GhostAgent_3", "SR": 1.0, "SPL": 0.965574823299126, "SoftSPL": 0.9400706640523487, "PLR": 1.0356525210374188, "nDTW": 2.1911532365365173e-11, "CLS": 0.35288605062275136, "steps": 19, "path_length_cm": 6794.004816307991, "cumulative_reward": 6388.607141792045, "ended_reason": "success", "metrics": {"SR": 1.0, "SPL": 0.965574823299126, "SoftSPL": 0.9400706640523487, "PLR": 1.0356525210374188, "nDTW": 2.1911532365365173e-11, "CLS": 0.35288605062275136, "path_length_cm": 6794.004816307991, "cumulative_reward": 6388.607141792045}, "token_totals": {"input": 48202, "output": 2233, "calls": 19}, "finished_at": "2026-04-23T17:13:38.961041+00:00"}