{
  "map": "map_28_village_night_native",
  "n": 30,
  "SR": 0.16666666666666666,
  "SPL": 0.14423794501331122,
  "SoftSPL": 0.2665587967442665,
  "nDTW": 0.0025692486770173347,
  "avg_steps": 30.533333333333335
}