{"episode_id": "map_03_watertown_remix_obj_on_0008", "episode_idx": 4, "agent_name": "GhostAgent_4", "SR": 0.0, "SPL": 0.0, "SoftSPL": 0.21120176515543876, "PLR": 0.7246136405310131, "nDTW": 3.2423963325879836e-46, "CLS": 0.05520888365190466, "steps": 40, "path_length_cm": 3992.106683641105, "cumulative_reward": 773.9859724155549, "ended_reason": "max_steps", "metrics": {"SR": 0.0, "SPL": 0.0, "SoftSPL": 0.21120176515543876, "PLR": 0.7246136405310131, "nDTW": 3.2423963325879836e-46, "CLS": 0.05520888365190466, "path_length_cm": 3992.106683641105, "cumulative_reward": 773.9859724155549}, "token_totals": {"input": 127310, "output": 7155, "calls": 40}, "finished_at": "2026-04-22T22:38:37.025251+00:00"}