{"episode_id": "map_45_B7_park_with_paths_obj_pn_0006", "episode_idx": 6, "agent_name": "GhostAgent_6", "SR": 0.0, "SPL": 0.0, "SoftSPL": 0.049173510616889564, "PLR": 0.0, "nDTW": 7.111123855658208e-08, "CLS": 0.12500001705396646, "steps": 0, "path_length_cm": 0.0, "cumulative_reward": 0.0, "ended_reason": "spawn_blocked", "metrics": {"SR": 0.0, "SPL": 0.0, "SoftSPL": 0.049173510616889564, "PLR": 0.0, "nDTW": 7.111123855658208e-08, "CLS": 0.12500001705396646, "path_length_cm": 0.0, "cumulative_reward": 0.0}, "token_totals": {"input": 0, "output": 0, "calls": 0}, "finished_at": "2026-04-23T19:32:11.781028+00:00"}