{"episode_id": "map_15_middleeast_remix_obj_on_0007", "episode_idx": 1, "agent_name": "GhostAgent_1", "SR": 0.0, "SPL": 0.0, "SoftSPL": 0.0012037160021951543, "PLR": 0.0, "nDTW": 0.0012037160021951543, "CLS": 0.0012037160021951543, "steps": 0, "path_length_cm": 0.0, "cumulative_reward": 0.0, "ended_reason": "spawn_blocked", "metrics": {"SR": 0.0, "SPL": 0.0, "SoftSPL": 0.0012037160021951543, "PLR": 0.0, "nDTW": 0.0012037160021951543, "CLS": 0.0012037160021951543, "path_length_cm": 0.0, "cumulative_reward": 0.0}, "token_totals": {"input": 0, "output": 0, "calls": 0}, "finished_at": "2026-04-23T19:51:54.391756+00:00"}