{"episode_id": "map_60_B11_forest_camp_pn_0004", "episode_idx": 4, "agent_name": "GhostAgent_4", "SR": 0.0, "SPL": 0.0, "SoftSPL": 0.0, "PLR": 1.430695268977154, "nDTW": 2.5850661718239203e-53, "CLS": 0.1747413632295156, "steps": 30, "path_length_cm": 3612.977683606076, "cumulative_reward": -1259.2139682889112, "ended_reason": "no_tool_call", "metrics": {"SR": 0.0, "SPL": 0.0, "SoftSPL": 0.0, "PLR": 1.430695268977154, "nDTW": 2.5850661718239203e-53, "CLS": 0.1747413632295156, "path_length_cm": 3612.977683606076, "cumulative_reward": -1259.2139682889112}, "token_totals": {"input": 87071, "output": 3660, "calls": 30}, "finished_at": "2026-04-23T17:13:38.961391+00:00"}