{"episode_id": "map_45_B7_park_with_paths_obj_pn_0018", "episode_idx": 8, "agent_name": "GhostAgent_8", "SR": 0.0, "SPL": 0.0, "SoftSPL": 0.3774040032739335, "PLR": 2.0866225237222227, "nDTW": 8.200968568823165e-10, "CLS": 0.05434367598942586, "steps": 40, "path_length_cm": 9053.875996655963, "cumulative_reward": 3067.8300476694767, "ended_reason": "max_steps", "metrics": {"SR": 0.0, "SPL": 0.0, "SoftSPL": 0.3774040032739335, "PLR": 2.0866225237222227, "nDTW": 8.200968568823165e-10, "CLS": 0.05434367598942586, "path_length_cm": 9053.875996655963, "cumulative_reward": 3067.8300476694767}, "token_totals": {"input": 125380, "output": 6924, "calls": 40}, "finished_at": "2026-04-23T19:45:16.457172+00:00"}