{"episode_id": "map_22_containeryard_demo_native_pn_0019", "episode_idx": 8, "agent_name": "GhostAgent_8", "SR": 0.0, "SPL": 0.0, "SoftSPL": 0.032187709591446456, "PLR": 0.10337160049189584, "nDTW": 2.592418130058205e-13, "CLS": 0.15767273953618902, "steps": 40, "path_length_cm": 400.965, "cumulative_reward": -255.8104164055162, "ended_reason": "max_steps", "metrics": {"SR": 0.0, "SPL": 0.0, "SoftSPL": 0.032187709591446456, "PLR": 0.10337160049189584, "nDTW": 2.592418130058205e-13, "CLS": 0.15767273953618902, "path_length_cm": 400.965, "cumulative_reward": -255.8104164055162}, "token_totals": {"input": 112665, "output": 3671, "calls": 40}, "finished_at": "2026-04-23T00:03:03.492410+00:00"}