{"episode_id": "map_34_temple_plaza_native_on_0015", "episode_idx": 5, "agent_name": "GhostAgent_5", "SR": 0.0, "SPL": 0.0, "SoftSPL": 0.4846962927087674, "PLR": 0.4578003747196085, "nDTW": 4.5698571827423905e-06, "CLS": 0.26178124836279604, "steps": 40, "path_length_cm": 625.8955163091543, "cumulative_reward": 584.8746407875333, "ended_reason": "max_steps", "metrics": {"SR": 0.0, "SPL": 0.0, "SoftSPL": 0.4846962927087674, "PLR": 0.4578003747196085, "nDTW": 4.5698571827423905e-06, "CLS": 0.26178124836279604, "path_length_cm": 625.8955163091543, "cumulative_reward": 584.8746407875333}, "token_totals": {"input": 39693, "output": 3495, "calls": 40}, "finished_at": "2026-04-23T15:39:44.409711+00:00"}