{"episode_id": "map_13_watertown_native_on_0005", "episode_idx": 5, "agent_name": "GhostAgent_5", "SR": 0.0, "SPL": 0.0, "SoftSPL": 0.0, "PLR": 2.5917480822073977, "nDTW": 2.9784375568587316e-69, "CLS": 0.04464971528966419, "steps": 40, "path_length_cm": 11139.099999999997, "cumulative_reward": -1280.5930051555035, "ended_reason": "max_steps", "metrics": {"SR": 0.0, "SPL": 0.0, "SoftSPL": 0.0, "PLR": 2.5917480822073977, "nDTW": 2.9784375568587316e-69, "CLS": 0.04464971528966419, "path_length_cm": 11139.099999999997, "cumulative_reward": -1280.5930051555035}, "token_totals": {"input": 130707, "output": 7246, "calls": 40}, "finished_at": "2026-04-23T16:49:28.256587+00:00"}