{"episode_id": "map_10_B1_urban_grid_on_0001", "episode_idx": 1, "agent_name": "GhostAgent_1", "SR": 0.0, "SPL": 0.0, "SoftSPL": 0.0, "PLR": 8.210864464645628, "nDTW": 5.400974611148525e-234, "CLS": 0.020580552120320193, "steps": 40, "path_length_cm": 48888.308108946534, "cumulative_reward": -36598.33827818811, "ended_reason": "max_steps", "metrics": {"SR": 0.0, "SPL": 0.0, "SoftSPL": 0.0, "PLR": 8.210864464645628, "nDTW": 5.400974611148525e-234, "CLS": 0.020580552120320193, "path_length_cm": 48888.308108946534, "cumulative_reward": -36598.33827818811}, "token_totals": {"input": 129027, "output": 6803, "calls": 40}, "finished_at": "2026-04-23T12:58:19.916740+00:00"}