{"episode_id": "map_33_gothic_night_remix_on_0014", "episode_idx": 4, "agent_name": "GhostAgent_4", "SR": 0.0, "SPL": 0.0, "SoftSPL": 0.02279972202129177, "PLR": 0.0, "nDTW": 4.255802042120787e-07, "CLS": 0.06377054979997207, "steps": 40, "path_length_cm": 0.0, "cumulative_reward": -0.4000000000000002, "ended_reason": "max_steps", "metrics": {"SR": 0.0, "SPL": 0.0, "SoftSPL": 0.02279972202129177, "PLR": 0.0, "nDTW": 4.255802042120787e-07, "CLS": 0.06377054979997207, "path_length_cm": 0.0, "cumulative_reward": -0.4000000000000002}, "token_totals": {"input": 33548, "output": 2033, "calls": 40}, "finished_at": "2026-04-23T18:16:55.990852+00:00"}