{"episode_id": "map_67_B12_construction_site_obj_pn_0003", "episode_idx": 3, "agent_name": "GhostAgent_3", "SR": 0.0, "SPL": 0.0, "SoftSPL": 0.27993631468717095, "PLR": 1.1522835272010683, "nDTW": 2.5435440309393e-12, "CLS": 0.01406868501570882, "steps": 22, "path_length_cm": 7778.6167015588035, "cumulative_reward": 2040.7037730266022, "ended_reason": "no_tool_call", "metrics": {"SR": 0.0, "SPL": 0.0, "SoftSPL": 0.27993631468717095, "PLR": 1.1522835272010683, "nDTW": 2.5435440309393e-12, "CLS": 0.01406868501570882, "path_length_cm": 7778.6167015588035, "cumulative_reward": 2040.7037730266022}, "token_totals": {"input": 69492, "output": 4805, "calls": 22}, "finished_at": "2026-04-23T05:57:20.826287+00:00"}