{"episode_id": "map_45_B7_park_with_paths_obj_pn_0014", "episode_idx": 4, "agent_name": "GhostAgent_4", "SR": 0.0, "SPL": 0.0, "SoftSPL": 0.5768237302074364, "PLR": 1.3098755681461545, "nDTW": 2.3025085796608444e-30, "CLS": 0.030604521422507313, "steps": 40, "path_length_cm": 8758.234110051315, "cumulative_reward": 5018.330439364456, "ended_reason": "max_steps", "metrics": {"SR": 0.0, "SPL": 0.0, "SoftSPL": 0.5768237302074364, "PLR": 1.3098755681461545, "nDTW": 2.3025085796608444e-30, "CLS": 0.030604521422507313, "path_length_cm": 8758.234110051315, "cumulative_reward": 5018.330439364456}, "token_totals": {"input": 123851, "output": 6175, "calls": 40}, "finished_at": "2026-04-23T19:45:16.359238+00:00"}