{"episode_id": "map_42_B4_industrial_yard_obj_pn_0015", "episode_idx": 5, "agent_name": "GhostAgent_5", "SR": 0.0, "SPL": 0.0, "SoftSPL": 0.22036579976433135, "PLR": 0.5665950352423121, "nDTW": 1.270811707535589e-47, "CLS": 0.11037552663852682, "steps": 40, "path_length_cm": 3203.3526847991075, "cumulative_reward": 1254.5110828304269, "ended_reason": "max_steps", "metrics": {"SR": 0.0, "SPL": 0.0, "SoftSPL": 0.22036579976433135, "PLR": 0.5665950352423121, "nDTW": 1.270811707535589e-47, "CLS": 0.11037552663852682, "path_length_cm": 3203.3526847991075, "cumulative_reward": 1254.5110828304269}, "token_totals": {"input": 38841, "output": 3517, "calls": 40}, "finished_at": "2026-04-23T16:18:17.089314+00:00"}