{"episode_id": "map_04_courtyard_remix_pn_0013", "episode_idx": 1, "agent_name": "GhostAgent_1", "SR": 0.0, "SPL": 0.0, "SoftSPL": 0.9136958148786575, "PLR": 0.2646683716398484, "nDTW": 8.847584597570139e-05, "CLS": 0.0783020197264531, "steps": 23, "path_length_cm": 1330.5064310195328, "cumulative_reward": 965.1700362706881, "ended_reason": "success", "metrics": {"SR": 0.0, "SPL": 0.0, "SoftSPL": 0.9136958148786575, "PLR": 0.2646683716398484, "nDTW": 8.847584597570139e-05, "CLS": 0.0783020197264531, "path_length_cm": 1330.5064310195328, "cumulative_reward": 965.1700362706881}, "token_totals": {"input": 160369, "output": 3931, "calls": 23}, "finished_at": "2026-04-22T22:01:28.088048+00:00"}