{"episode_id": "map_31_gothic_day_remix_pn_0016", "episode_idx": 6, "agent_name": "GhostAgent_6", "SR": 0.0, "SPL": 0.0, "SoftSPL": 0.5948973803165565, "PLR": 0.13894632805341015, "nDTW": 3.9984591831377654e-10, "CLS": 0.04269593462107519, "steps": 40, "path_length_cm": 1061.411, "cumulative_reward": 1058.8932744759754, "ended_reason": "max_steps", "metrics": {"SR": 0.0, "SPL": 0.0, "SoftSPL": 0.5948973803165565, "PLR": 0.13894632805341015, "nDTW": 3.9984591831377654e-10, "CLS": 0.04269593462107519, "path_length_cm": 1061.411, "cumulative_reward": 1058.8932744759754}, "token_totals": {"input": 111484, "output": 5438, "calls": 40}, "finished_at": "2026-04-23T00:45:34.534181+00:00"}