{"episode_id": "map_13_watertown_native_on_0013", "episode_idx": 3, "agent_name": "GhostAgent_3", "SR": 0.0, "SPL": 0.0, "SoftSPL": 0.3028596785641896, "PLR": 0.2800737635576639, "nDTW": 4.3563658752723477e-29, "CLS": 0.14306637035422448, "steps": 40, "path_length_cm": 1968.5712663435659, "cumulative_reward": 1001.368668031455, "ended_reason": "max_steps", "metrics": {"SR": 0.0, "SPL": 0.0, "SoftSPL": 0.3028596785641896, "PLR": 0.2800737635576639, "nDTW": 4.3563658752723477e-29, "CLS": 0.14306637035422448, "path_length_cm": 1968.5712663435659, "cumulative_reward": 1001.368668031455}, "token_totals": {"input": 124688, "output": 6517, "calls": 40}, "finished_at": "2026-04-23T17:06:59.667441+00:00"}