{"episode_id": "map_67_B12_construction_site_obj_on_0008", "episode_idx": 8, "agent_name": "GhostAgent_8", "SR": 1.0, "SPL": 0.879912013523826, "SoftSPL": 0.7806130601404996, "PLR": 1.1364772666249343, "nDTW": 0.09607094723789183, "CLS": 0.17970862610334154, "steps": 9, "path_length_cm": 1948.49027362845, "cumulative_reward": 1418.5898641168292, "ended_reason": "success", "metrics": {"SR": 1.0, "SPL": 0.879912013523826, "SoftSPL": 0.7806130601404996, "PLR": 1.1364772666249343, "nDTW": 0.09607094723789183, "CLS": 0.17970862610334154, "path_length_cm": 1948.49027362845, "cumulative_reward": 1418.5898641168292}, "token_totals": {"input": 18432, "output": 835, "calls": 9}, "finished_at": "2026-04-23T15:47:09.095001+00:00"}