{"episode_id": "map_04_courtyard_remix_obj_on_0013", "episode_idx": 5, "agent_name": "GhostAgent_5", "SR": 1.0, "SPL": 1.0, "SoftSPL": 0.945488201443498, "PLR": 0.9575955082569275, "nDTW": 0.20103655392701741, "CLS": 0.526553982036628, "steps": 9, "path_length_cm": 1483.8708476847696, "cumulative_reward": 1467.6869178534923, "ended_reason": "success", "metrics": {"SR": 1.0, "SPL": 1.0, "SoftSPL": 0.945488201443498, "PLR": 0.9575955082569275, "nDTW": 0.20103655392701741, "CLS": 0.526553982036628, "path_length_cm": 1483.8708476847696, "cumulative_reward": 1467.6869178534923}, "token_totals": {"input": 19580, "output": 834, "calls": 9}, "finished_at": "2026-04-22T22:59:57.539951+00:00"}