{"episode_id": "map_26_courtyard_overcast_native_obj_on_0013", "episode_idx": 3, "agent_name": "GhostAgent_3", "SR": 0.0, "SPL": 0.0, "SoftSPL": 0.0980602639004957, "PLR": 0.2794678170033082, "nDTW": 1.3048032793829098e-29, "CLS": 0.34696734385593975, "steps": 40, "path_length_cm": 731.8339883520531, "cumulative_reward": 256.386400667367, "ended_reason": "max_steps", "metrics": {"SR": 0.0, "SPL": 0.0, "SoftSPL": 0.0980602639004957, "PLR": 0.2794678170033082, "nDTW": 1.3048032793829098e-29, "CLS": 0.34696734385593975, "path_length_cm": 731.8339883520531, "cumulative_reward": 256.386400667367}, "token_totals": {"input": 111315, "output": 3369, "calls": 40}, "finished_at": "2026-04-23T18:11:25.007211+00:00"}