{"episode_id": "map_09b_wintertown_demo02_on_0018", "episode_idx": 1, "agent_name": "GhostAgent_1", "SR": 0.0, "SPL": 0.0, "SoftSPL": 0.0, "PLR": 5.998363891867242, "nDTW": 2.263580667777541e-78, "CLS": 0.006669876807206285, "steps": 8, "path_length_cm": 46825.208000000006, "cumulative_reward": -33877.20222107855, "ended_reason": "step_error", "metrics": {"SR": 0.0, "SPL": 0.0, "SoftSPL": 0.0, "PLR": 5.998363891867242, "nDTW": 2.263580667777541e-78, "CLS": 0.006669876807206285, "path_length_cm": 46825.208000000006, "cumulative_reward": -33877.20222107855}, "token_totals": {"input": 18379, "output": 1354, "calls": 8}, "finished_at": "2026-04-23T16:47:09.752305+00:00"}