{"episode_id": "map_01_wintertown_native_on_0013", "episode_idx": 2, "agent_name": "GhostAgent_2", "SR": 1.0, "SPL": 0.9372715423340328, "SoftSPL": 0.9201678491650301, "PLR": 1.066926664080463, "nDTW": 1.4296034483608555e-16, "CLS": 0.5545202807557449, "steps": 38, "path_length_cm": 6898.886510410604, "cumulative_reward": 6324.235146743385, "ended_reason": "success", "metrics": {"SR": 1.0, "SPL": 0.9372715423340328, "SoftSPL": 0.9201678491650301, "PLR": 1.066926664080463, "nDTW": 1.4296034483608555e-16, "CLS": 0.5545202807557449, "path_length_cm": 6898.886510410604, "cumulative_reward": 6324.235146743385}, "token_totals": {"input": 301894, "output": 11656, "calls": 38}, "finished_at": "2026-04-22T17:05:04.258121+00:00"}