{"episode_id": "map_53_courtyard_sanny_big_remix_obj_pn_0017", "episode_idx": 4, "agent_name": "GhostAgent_4", "SR": 0.0, "SPL": 0.0, "SoftSPL": 0.008256898848687744, "PLR": 0.12916793255382558, "nDTW": 9.41502648718e-11, "CLS": 0.2871783366118259, "steps": 40, "path_length_cm": 203.9768323716992, "cumulative_reward": 21.232285087821346, "ended_reason": "max_steps", "metrics": {"SR": 0.0, "SPL": 0.0, "SoftSPL": 0.008256898848687744, "PLR": 0.12916793255382558, "nDTW": 9.41502648718e-11, "CLS": 0.2871783366118259, "path_length_cm": 203.9768323716992, "cumulative_reward": 21.232285087821346}, "token_totals": {"input": 120594, "output": 7023, "calls": 40}, "finished_at": "2026-04-23T19:25:24.915315+00:00"}