{"episode_id": "map_33_gothic_night_remix_on_0006", "episode_idx": 6, "agent_name": "GhostAgent_6", "SR": 0.0, "SPL": 0.0, "SoftSPL": 0.1615448678591188, "PLR": 3.676928092750181e-05, "nDTW": 1.186793416481921e-07, "CLS": 0.0629931667868811, "steps": 40, "path_length_cm": 0.28708535316170225, "cumulative_reward": -0.4244251410658765, "ended_reason": "max_steps", "metrics": {"SR": 0.0, "SPL": 0.0, "SoftSPL": 0.1615448678591188, "PLR": 3.676928092750181e-05, "nDTW": 1.186793416481921e-07, "CLS": 0.0629931667868811, "path_length_cm": 0.28708535316170225, "cumulative_reward": -0.4244251410658765}, "token_totals": {"input": 32193, "output": 1508, "calls": 40}, "finished_at": "2026-04-23T18:04:03.135635+00:00"}