{"episode_id": "map_16_hwaseong_remix_on_0002", "episode_idx": 0, "agent_name": "GhostAgent_0", "SR": 0.0, "SPL": 0.0, "SoftSPL": 0.24518641540778235, "PLR": 2.2564258514932636, "nDTW": 0.24518641540778235, "CLS": 0.24518641540778235, "steps": 40, "path_length_cm": 12060.460790680403, "cumulative_reward": 1580.6151032317534, "ended_reason": "max_steps", "metrics": {"SR": 0.0, "SPL": 0.0, "SoftSPL": 0.24518641540778235, "PLR": 2.2564258514932636, "nDTW": 0.24518641540778235, "CLS": 0.24518641540778235, "path_length_cm": 12060.460790680403, "cumulative_reward": 1580.6151032317534}, "token_totals": {"input": 121722, "output": 5149, "calls": 40}, "finished_at": "2026-04-23T20:11:13.480051+00:00"}