{"episode_id": "map_34_temple_plaza_native_pn_0007", "episode_idx": 7, "agent_name": "GhostAgent_7", "SR": 0.0, "SPL": 0.0, "SoftSPL": 0.8620856502050096, "PLR": 0.6838720431814826, "nDTW": 3.4151392346223507e-07, "CLS": 0.07883324904692492, "steps": 40, "path_length_cm": 2385.2089122083753, "cumulative_reward": 2333.8378617271105, "ended_reason": "max_steps", "metrics": {"SR": 0.0, "SPL": 0.0, "SoftSPL": 0.8620856502050096, "PLR": 0.6838720431814826, "nDTW": 3.4151392346223507e-07, "CLS": 0.07883324904692492, "path_length_cm": 2385.2089122083753, "cumulative_reward": 2333.8378617271105}, "token_totals": {"input": 34962, "output": 2556, "calls": 40}, "finished_at": "2026-04-23T15:33:32.936184+00:00"}