{"episode_id": "map_10_B1_urban_grid_on_0019", "episode_idx": 9, "agent_name": "GhostAgent_9", "SR": 1.0, "SPL": 0.9990636001796991, "SoftSPL": 0.9761694511500091, "PLR": 1.000937277486771, "nDTW": 2.359275858456047e-39, "CLS": 0.5065739148206562, "steps": 19, "path_length_cm": 7492.526, "cumulative_reward": 7316.285282532927, "ended_reason": "success", "metrics": {"SR": 1.0, "SPL": 0.9990636001796991, "SoftSPL": 0.9761694511500091, "PLR": 1.000937277486771, "nDTW": 2.359275858456047e-39, "CLS": 0.5065739148206562, "path_length_cm": 7492.526, "cumulative_reward": 7316.285282532927}, "token_totals": {"input": 46240, "output": 1617, "calls": 19}, "finished_at": "2026-04-23T13:13:44.058696+00:00"}