{"episode_id": "map_20_trainstation_native_pn_0011", "episode_idx": 0, "agent_name": "GhostAgent_0", "SR": 0.0, "SPL": 0.0, "SoftSPL": 0.5632120698702006, "PLR": 0.848186646652948, "nDTW": 2.9586927527567682e-31, "CLS": 0.07478410325331059, "steps": 40, "path_length_cm": 3723.0389486849162, "cumulative_reward": 2547.92532837522, "ended_reason": "max_steps", "metrics": {"SR": 0.0, "SPL": 0.0, "SoftSPL": 0.5632120698702006, "PLR": 0.848186646652948, "nDTW": 2.9586927527567682e-31, "CLS": 0.07478410325331059, "path_length_cm": 3723.0389486849162, "cumulative_reward": 2547.92532837522}, "token_totals": {"input": 121557, "output": 6859, "calls": 40}, "finished_at": "2026-04-23T18:36:47.157153+00:00"}