{"episode_id": "map_57_gothic_day_invasion_on_0013", "episode_idx": 2, "agent_name": "GhostAgent_2", "SR": 0.0, "SPL": 0.0, "SoftSPL": 0.8525346611730119, "PLR": 1.0510728839888548, "nDTW": 8.146163888836688e-05, "CLS": 0.3605048903286342, "steps": 40, "path_length_cm": 2124.176255626116, "cumulative_reward": 1775.6970709996958, "ended_reason": "max_steps", "metrics": {"SR": 0.0, "SPL": 0.0, "SoftSPL": 0.8525346611730119, "PLR": 1.0510728839888548, "nDTW": 8.146163888836688e-05, "CLS": 0.3605048903286342, "path_length_cm": 2124.176255626116, "cumulative_reward": 1775.6970709996958}, "token_totals": {"input": 120231, "output": 5732, "calls": 40}, "finished_at": "2026-04-23T19:09:34.605156+00:00"}