{"episode_id": "map_32_gothic_night_native_pn_0002", "episode_idx": 2, "agent_name": "GhostAgent_2", "SR": 0.0, "SPL": 0.0, "SoftSPL": 0.0, "PLR": 1.2395064531972024, "nDTW": 2.562679435426575e-14, "CLS": 0.3441937924187391, "steps": 40, "path_length_cm": 2944.5095548926142, "cumulative_reward": 2810.9358669950943, "ended_reason": "max_steps", "metrics": {"SR": 0.0, "SPL": 0.0, "SoftSPL": 0.0, "PLR": 1.2395064531972024, "nDTW": 2.562679435426575e-14, "CLS": 0.3441937924187391, "path_length_cm": 2944.5095548926142, "cumulative_reward": 2810.9358669950943}, "token_totals": {"input": 108204, "output": 4356, "calls": 40}, "finished_at": "2026-04-23T16:10:42.074637+00:00"}