{"episode_id": "map_62_trainstation_cross_remix_obj_pn_0015", "episode_idx": 0, "agent_name": "GhostAgent_0", "SR": 1.0, "SPL": 0.8860122578873166, "SoftSPL": 0.7933497464576277, "PLR": 1.1286525565509506, "nDTW": 0.00421851946804867, "CLS": 0.4732914040497897, "steps": 6, "path_length_cm": 1561.5923907183296, "cumulative_reward": 1492.5448335546935, "ended_reason": "success", "metrics": {"SR": 1.0, "SPL": 0.8860122578873166, "SoftSPL": 0.7933497464576277, "PLR": 1.1286525565509506, "nDTW": 0.00421851946804867, "CLS": 0.4732914040497897, "path_length_cm": 1561.5923907183296, "cumulative_reward": 1492.5448335546935}, "token_totals": {"input": 11136, "output": 744, "calls": 6}, "finished_at": "2026-04-23T04:40:51.563306+00:00"}