{"episode_id": "map_36_dungeon_native_pn_0010", "episode_idx": 0, "agent_name": "GhostAgent_0", "SR": 0.0, "SPL": 0.0, "SoftSPL": 0.0, "PLR": 1.0256499308295284, "nDTW": 0.006415812130744829, "CLS": 0.7270027729382668, "steps": 40, "path_length_cm": 2666.9052066422482, "cumulative_reward": 2075.8444857101044, "ended_reason": "max_steps", "metrics": {"SR": 0.0, "SPL": 0.0, "SoftSPL": 0.0, "PLR": 1.0256499308295284, "nDTW": 0.006415812130744829, "CLS": 0.7270027729382668, "path_length_cm": 2666.9052066422482, "cumulative_reward": 2075.8444857101044}, "token_totals": {"input": 125048, "output": 8163, "calls": 40}, "finished_at": "2026-04-23T01:02:13.508370+00:00"}