{"episode_id": "map_36_dungeon_native_obj_pn_0013", "episode_idx": 3, "agent_name": "GhostAgent_3", "SR": 0.0, "SPL": 0.0, "SoftSPL": 0.3915096137310347, "PLR": 1.1767638211412903, "nDTW": 1.7149270499533148e-26, "CLS": 0.23904946421935191, "steps": 40, "path_length_cm": 2919.915837036095, "cumulative_reward": 2444.5193498170456, "ended_reason": "max_steps", "metrics": {"SR": 0.0, "SPL": 0.0, "SoftSPL": 0.3915096137310347, "PLR": 1.1767638211412903, "nDTW": 1.7149270499533148e-26, "CLS": 0.23904946421935191, "path_length_cm": 2919.915837036095, "cumulative_reward": 2444.5193498170456}, "token_totals": {"input": 117933, "output": 4955, "calls": 40}, "finished_at": "2026-04-23T01:38:15.079449+00:00"}