{"episode_id": "map_03_watertown_remix_pn_0017", "episode_idx": 2, "agent_name": "GhostAgent_2", "SR": 0.0, "SPL": 0.0, "SoftSPL": 0.0, "PLR": 1.33907700183496, "nDTW": 3.134113351458345e-58, "CLS": 0.01688497842794202, "steps": 40, "path_length_cm": 8056.53, "cumulative_reward": -7607.975743533503, "ended_reason": "max_steps", "metrics": {"SR": 0.0, "SPL": 0.0, "SoftSPL": 0.0, "PLR": 1.33907700183496, "nDTW": 3.134113351458345e-58, "CLS": 0.01688497842794202, "path_length_cm": 8056.53, "cumulative_reward": -7607.975743533503}, "token_totals": {"input": 570634, "output": 10161, "calls": 40}, "finished_at": "2026-04-22T20:31:15.353647+00:00"}