{"episode_id": "map_25_containeryard_day_remix_on_0012", "episode_idx": 2, "agent_name": "GhostAgent_2", "SR": 0.0, "SPL": 0.0, "SoftSPL": 0.0, "PLR": 0.6246378458396742, "nDTW": 1.592676875652853e-30, "CLS": 0.4043149975365718, "steps": 40, "path_length_cm": 659.7300000189472, "cumulative_reward": -659.6087704636591, "ended_reason": "max_steps", "metrics": {"SR": 0.0, "SPL": 0.0, "SoftSPL": 0.0, "PLR": 0.6246378458396742, "nDTW": 1.592676875652853e-30, "CLS": 0.4043149975365718, "path_length_cm": 659.7300000189472, "cumulative_reward": -659.6087704636591}, "token_totals": {"input": 116024, "output": 6084, "calls": 40}, "finished_at": "2026-04-23T00:32:48.461810+00:00"}