{
  "map": "map_62_trainstation_cross_remix",
  "n": 38,
  "SR": 0.05263157894736842,
  "SPL": 0.036005307065207375,
  "SoftSPL": 0.1659043210945153,
  "nDTW": 0.009492843843002172,
  "avg_steps": 19.44736842105263
}