{"episode_id": "map_08_cave_remix_obj_on_0000", "episode_idx": 0, "agent_name": "GhostAgent_0", "SR": 0.0, "SPL": 0.0, "SoftSPL": 0.06558863040135998, "PLR": 0.04040765494158382, "nDTW": 0.00021668381064405285, "CLS": 0.1187037906291322, "steps": 40, "path_length_cm": 83.33149455638006, "cumulative_reward": 80.1532634182937, "ended_reason": "max_steps", "metrics": {"SR": 0.0, "SPL": 0.0, "SoftSPL": 0.06558863040135998, "PLR": 0.04040765494158382, "nDTW": 0.00021668381064405285, "CLS": 0.1187037906291322, "path_length_cm": 83.33149455638006, "cumulative_reward": 80.1532634182937}, "token_totals": {"input": 36216, "output": 2688, "calls": 40}, "finished_at": "2026-04-23T15:06:20.567414+00:00"}