{"episode_id": "map_64_cave_lost_expedition_pn_0010", "episode_idx": 0, "agent_name": "GhostAgent_0", "SR": 0.0, "SPL": 0.0, "SoftSPL": 0.0, "PLR": 7.479972984813266, "nDTW": 3.0669682577817816e-116, "CLS": 0.005347638427185262, "steps": 29, "path_length_cm": 52762.98143757429, "cumulative_reward": -41837.28222486378, "ended_reason": "step_error", "metrics": {"SR": 0.0, "SPL": 0.0, "SoftSPL": 0.0, "PLR": 7.479972984813266, "nDTW": 3.0669682577817816e-116, "CLS": 0.005347638427185262, "path_length_cm": 52762.98143757429, "cumulative_reward": -41837.28222486378}, "token_totals": {"input": 88354, "output": 4967, "calls": 29}, "finished_at": "2026-04-23T20:02:29.661242+00:00"}