{"episode_id": "map_08_cave_remix_obj_on_0014", "episode_idx": 1, "agent_name": "GhostAgent_1", "SR": 0.0, "SPL": 0.0, "SoftSPL": 0.0, "PLR": 0.46699142613166084, "nDTW": 4.251095098847757e-40, "CLS": 0.2388656721046113, "steps": 40, "path_length_cm": 1460.5670542836438, "cumulative_reward": -344.0573919111085, "ended_reason": "max_steps", "metrics": {"SR": 0.0, "SPL": 0.0, "SoftSPL": 0.0, "PLR": 0.46699142613166084, "nDTW": 4.251095098847757e-40, "CLS": 0.2388656721046113, "path_length_cm": 1460.5670542836438, "cumulative_reward": -344.0573919111085}, "token_totals": {"input": 34659, "output": 2317, "calls": 40}, "finished_at": "2026-04-23T15:12:20.434420+00:00"}