{"episode_id": "map_26_courtyard_overcast_native_on_0017", "episode_idx": 7, "agent_name": "GhostAgent_7", "SR": 0.0, "SPL": 0.0, "SoftSPL": 0.0, "PLR": 47.26336206928133, "nDTW": 9.714391272936449e-266, "CLS": 0.0050963250435984995, "steps": 19, "path_length_cm": 53447.772996046784, "cumulative_reward": -51023.69554998426, "ended_reason": "step_error", "metrics": {"SR": 0.0, "SPL": 0.0, "SoftSPL": 0.0, "PLR": 47.26336206928133, "nDTW": 9.714391272936449e-266, "CLS": 0.0050963250435984995, "path_length_cm": 53447.772996046784, "cumulative_reward": -51023.69554998426}, "token_totals": {"input": 58053, "output": 3836, "calls": 19}, "finished_at": "2026-04-23T17:47:32.756875+00:00"}