{"episode_id": "map_28_village_night_native_obj_on_0002", "episode_idx": 2, "agent_name": "GhostAgent_2", "SR": 0.0, "SPL": 0.0, "SoftSPL": 0.8675617732125955, "PLR": 1.0315493343078335, "nDTW": 5.3581658079263034e-20, "CLS": 0.1698355806044044, "steps": 40, "path_length_cm": 7823.631193657617, "cumulative_reward": 6662.073781724266, "ended_reason": "max_steps", "metrics": {"SR": 0.0, "SPL": 0.0, "SoftSPL": 0.8675617732125955, "PLR": 1.0315493343078335, "nDTW": 5.3581658079263034e-20, "CLS": 0.1698355806044044, "path_length_cm": 7823.631193657617, "cumulative_reward": 6662.073781724266}, "token_totals": {"input": 110642, "output": 3379, "calls": 40}, "finished_at": "2026-04-23T01:07:42.120206+00:00"}