{"episode_id": "map_33_gothic_night_remix_pn_0008", "episode_idx": 8, "agent_name": "GhostAgent_8", "SR": 0.0, "SPL": 0.0, "SoftSPL": 0.0, "PLR": 0.2933963121221464, "nDTW": 2.0647229261857827e-08, "CLS": 0.29797693520192453, "steps": 40, "path_length_cm": 906.9877555156761, "cumulative_reward": 81.9397922308085, "ended_reason": "max_steps", "metrics": {"SR": 0.0, "SPL": 0.0, "SoftSPL": 0.0, "PLR": 0.2933963121221464, "nDTW": 2.0647229261857827e-08, "CLS": 0.29797693520192453, "path_length_cm": 906.9877555156761, "cumulative_reward": 81.9397922308085}, "token_totals": {"input": 45855, "output": 5420, "calls": 40}, "finished_at": "2026-04-23T18:09:43.408675+00:00"}