{"episode_id": "map_36_dungeon_native_obj_on_0010", "episode_idx": 0, "agent_name": "GhostAgent_0", "SR": 1.0, "SPL": 0.9239969294072155, "SoftSPL": 0.8565488247772554, "PLR": 1.0822546787482767, "nDTW": 8.855872555648244e-08, "CLS": 0.5122670790067472, "steps": 13, "path_length_cm": 2120.3100764164737, "cumulative_reward": 1818.5164375906388, "ended_reason": "success", "metrics": {"SR": 1.0, "SPL": 0.9239969294072155, "SoftSPL": 0.8565488247772554, "PLR": 1.0822546787482767, "nDTW": 8.855872555648244e-08, "CLS": 0.5122670790067472, "path_length_cm": 2120.3100764164737, "cumulative_reward": 1818.5164375906388}, "token_totals": {"input": 34998, "output": 2144, "calls": 13}, "finished_at": "2026-04-23T01:44:18.825842+00:00"}