{"episode_id": "map_67_B12_construction_site_obj_pn_0002", "episode_idx": 2, "agent_name": "GhostAgent_2", "SR": 0.0, "SPL": 0.0, "SoftSPL": 0.0696842356811323, "PLR": 3.108649430928819, "nDTW": 4.1529661255777073e-41, "CLS": 0.02410982812878477, "steps": 40, "path_length_cm": 9863.90007680869, "cumulative_reward": 643.7274217400986, "ended_reason": "max_steps", "metrics": {"SR": 0.0, "SPL": 0.0, "SoftSPL": 0.0696842356811323, "PLR": 3.108649430928819, "nDTW": 4.1529661255777073e-41, "CLS": 0.02410982812878477, "path_length_cm": 9863.90007680869, "cumulative_reward": 643.7274217400986}, "token_totals": {"input": 126166, "output": 6894, "calls": 40}, "finished_at": "2026-04-23T05:57:20.825904+00:00"}