{"episode_id": "map_42_B4_industrial_yard_pn_0003", "episode_idx": 3, "agent_name": "GhostAgent_3", "SR": 0.0, "SPL": 0.0, "SoftSPL": 0.0, "PLR": 0.0, "nDTW": 0.0003871552905261934, "CLS": 0.25000003747230476, "steps": 40, "path_length_cm": 0.0, "cumulative_reward": -0.4000000000000002, "ended_reason": "max_steps", "metrics": {"SR": 0.0, "SPL": 0.0, "SoftSPL": 0.0, "PLR": 0.0, "nDTW": 0.0003871552905261934, "CLS": 0.25000003747230476, "path_length_cm": 0.0, "cumulative_reward": -0.4000000000000002}, "token_totals": {"input": 36874, "output": 3024, "calls": 40}, "finished_at": "2026-04-23T15:55:15.199882+00:00"}