{"episode_id": "map_45_B7_park_with_paths_on_0009", "episode_idx": 9, "agent_name": "GhostAgent_9", "SR": 0.0, "SPL": 0.0, "SoftSPL": 0.0, "PLR": 0.17235710238491775, "nDTW": 0.0006761113142141733, "CLS": 0.3020647306154235, "steps": 3, "path_length_cm": 401.52999999999975, "cumulative_reward": -188.50853649974033, "ended_reason": "no_tool_call", "metrics": {"SR": 0.0, "SPL": 0.0, "SoftSPL": 0.0, "PLR": 0.17235710238491775, "nDTW": 0.0006761113142141733, "CLS": 0.3020647306154235, "path_length_cm": 401.52999999999975, "cumulative_reward": -188.50853649974033}, "token_totals": {"input": 3868, "output": 690, "calls": 3}, "finished_at": "2026-04-23T13:56:48.692101+00:00"}