{"episode_id": "map_08_cave_remix_pn_0005", "episode_idx": 5, "agent_name": "GhostAgent_5", "SR": 0.0, "SPL": 0.0, "SoftSPL": 0.06059420679581151, "PLR": 0.0004161255411255441, "nDTW": 0.006731246105854499, "CLS": 0.11157080785361023, "steps": 40, "path_length_cm": 0.7690000000000055, "cumulative_reward": -0.9473648583849812, "ended_reason": "max_steps", "metrics": {"SR": 0.0, "SPL": 0.0, "SoftSPL": 0.06059420679581151, "PLR": 0.0004161255411255441, "nDTW": 0.006731246105854499, "CLS": 0.11157080785361023, "path_length_cm": 0.7690000000000055, "cumulative_reward": -0.9473648583849812}, "token_totals": {"input": 32174, "output": 1811, "calls": 40}, "finished_at": "2026-04-23T14:46:04.375901+00:00"}