{"episode_id": "map_03_watertown_remix_on_0016", "episode_idx": 2, "agent_name": "GhostAgent_2", "SR": 0.0, "SPL": 0.0, "SoftSPL": 0.27064093142388496, "PLR": 2.7638993876612883, "nDTW": 7.96474490976025e-35, "CLS": 0.10378083162852712, "steps": 40, "path_length_cm": 5829.810061412326, "cumulative_reward": 1577.3890829638488, "ended_reason": "max_steps", "metrics": {"SR": 0.0, "SPL": 0.0, "SoftSPL": 0.27064093142388496, "PLR": 2.7638993876612883, "nDTW": 7.96474490976025e-35, "CLS": 0.10378083162852712, "path_length_cm": 5829.810061412326, "cumulative_reward": 1577.3890829638488}, "token_totals": {"input": 472995, "output": 6266, "calls": 40}, "finished_at": "2026-04-22T20:58:26.982965+00:00"}