{"episode_id": "map_28_village_night_native_on_0001", "episode_idx": 1, "agent_name": "GhostAgent_1", "SR": 0.0, "SPL": 0.0, "SoftSPL": 0.3066485091415513, "PLR": 0.6744300300093591, "nDTW": 3.7984428040910487e-23, "CLS": 0.3876361769778323, "steps": 40, "path_length_cm": 737.1790000014298, "cumulative_reward": 334.7820208587211, "ended_reason": "max_steps", "metrics": {"SR": 0.0, "SPL": 0.0, "SoftSPL": 0.3066485091415513, "PLR": 0.6744300300093591, "nDTW": 3.7984428040910487e-23, "CLS": 0.3876361769778323, "path_length_cm": 737.1790000014298, "cumulative_reward": 334.7820208587211}, "token_totals": {"input": 116354, "output": 6299, "calls": 40}, "finished_at": "2026-04-23T00:37:31.657662+00:00"}