{"episode_id": "map_34_temple_plaza_native_pn_0017", "episode_idx": 7, "agent_name": "GhostAgent_7", "SR": 0.0, "SPL": 0.0, "SoftSPL": 0.7407361313027375, "PLR": 0.7408493401066825, "nDTW": 7.13120476072502e-05, "CLS": 0.4455807615277581, "steps": 40, "path_length_cm": 2008.3536591084035, "cumulative_reward": 1997.7049247285106, "ended_reason": "max_steps", "metrics": {"SR": 0.0, "SPL": 0.0, "SoftSPL": 0.7407361313027375, "PLR": 0.7408493401066825, "nDTW": 7.13120476072502e-05, "CLS": 0.4455807615277581, "path_length_cm": 2008.3536591084035, "cumulative_reward": 1997.7049247285106}, "token_totals": {"input": 33063, "output": 2139, "calls": 40}, "finished_at": "2026-04-23T15:42:13.922421+00:00"}