{"episode_id": "map_47_wintertown_demo01_minimal_obj_on_0004", "episode_idx": 4, "agent_name": "GhostAgent_4", "SR": 0.0, "SPL": 0.0, "SoftSPL": 0.4513949857691776, "PLR": 0.5325598068869248, "nDTW": 2.553096785905676e-17, "CLS": 0.0309098540556835, "steps": 40, "path_length_cm": 3862.879954469758, "cumulative_reward": 3162.4138295135676, "ended_reason": "max_steps", "metrics": {"SR": 0.0, "SPL": 0.0, "SoftSPL": 0.4513949857691776, "PLR": 0.5325598068869248, "nDTW": 2.553096785905676e-17, "CLS": 0.0309098540556835, "path_length_cm": 3862.879954469758, "cumulative_reward": 3162.4138295135676}, "token_totals": {"input": 113189, "output": 4048, "calls": 40}, "finished_at": "2026-04-23T01:57:57.554201+00:00"}