{"episode_id": "map_20_trainstation_native_pn_0015", "episode_idx": 4, "agent_name": "GhostAgent_4", "SR": 0.0, "SPL": 0.0, "SoftSPL": 0.023784797396027336, "PLR": 1.3852546251999844, "nDTW": 2.754598750920975e-49, "CLS": 0.022045733885124826, "steps": 40, "path_length_cm": 6812.779214557288, "cumulative_reward": 60.42336863359002, "ended_reason": "max_steps", "metrics": {"SR": 0.0, "SPL": 0.0, "SoftSPL": 0.023784797396027336, "PLR": 1.3852546251999844, "nDTW": 2.754598750920975e-49, "CLS": 0.022045733885124826, "path_length_cm": 6812.779214557288, "cumulative_reward": 60.42336863359002}, "token_totals": {"input": 127290, "output": 6810, "calls": 40}, "finished_at": "2026-04-23T18:36:47.159641+00:00"}