{"episode_id": "map_68_B13_suburban_park_obj_pn_0005", "episode_idx": 5, "agent_name": "GhostAgent_5", "SR": 0.0, "SPL": 0.0, "SoftSPL": 0.5165042163999812, "PLR": 0.9972938346898048, "nDTW": 4.413583815777897e-35, "CLS": 0.04013184856765814, "steps": 40, "path_length_cm": 5190.196357999457, "cumulative_reward": 2484.6401688132996, "ended_reason": "max_steps", "metrics": {"SR": 0.0, "SPL": 0.0, "SoftSPL": 0.5165042163999812, "PLR": 0.9972938346898048, "nDTW": 4.413583815777897e-35, "CLS": 0.04013184856765814, "path_length_cm": 5190.196357999457, "cumulative_reward": 2484.6401688132996}, "token_totals": {"input": 119070, "output": 5240, "calls": 40}, "finished_at": "2026-04-23T05:33:39.805071+00:00"}