{"episode_id": "map_18_cave_native_on_0003", "episode_idx": 3, "agent_name": "GhostAgent_3", "SR": 1.0, "SPL": 1.0, "SoftSPL": 0.9815991888383125, "PLR": 0.9971236221701131, "nDTW": 7.914048121888975e-05, "CLS": 0.19459733803172452, "steps": 12, "path_length_cm": 6344.956860010194, "cumulative_reward": 6232.456406974209, "ended_reason": "success", "metrics": {"SR": 1.0, "SPL": 1.0, "SoftSPL": 0.9815991888383125, "PLR": 0.9971236221701131, "nDTW": 7.914048121888975e-05, "CLS": 0.19459733803172452, "path_length_cm": 6344.956860010194, "cumulative_reward": 6232.456406974209}, "token_totals": {"input": 27761, "output": 1416, "calls": 12}, "finished_at": "2026-04-23T16:57:38.525914+00:00"}