{"episode_id": "map_36_dungeon_native_pn_0001", "episode_idx": 1, "agent_name": "GhostAgent_1", "SR": 1.0, "SPL": 0.9432221625237215, "SoftSPL": 0.9376019555393807, "PLR": 1.0601956142806925, "nDTW": 0.0003815673663270613, "CLS": 0.892633300194548, "steps": 7, "path_length_cm": 1989.5100799784334, "cumulative_reward": 1867.7305111174119, "ended_reason": "success", "metrics": {"SR": 1.0, "SPL": 0.9432221625237215, "SoftSPL": 0.9376019555393807, "PLR": 1.0601956142806925, "nDTW": 0.0003815673663270613, "CLS": 0.892633300194548, "path_length_cm": 1989.5100799784334, "cumulative_reward": 1867.7305111174119}, "token_totals": {"input": 12706, "output": 684, "calls": 7}, "finished_at": "2026-04-23T00:46:42.818597+00:00"}