{
  "map": "map_23_containeryard_demo_remix",
  "n": 30,
  "SR": 0.23333333333333334,
  "SPL": 0.20854233872039377,
  "SoftSPL": 0.3941567654140626,
  "nDTW": 6.610612886785511e-05,
  "avg_steps": 31.833333333333332
}