{"episode_id": "map_36_dungeon_native_pn_0004", "episode_idx": 4, "agent_name": "GhostAgent_4", "SR": 1.0, "SPL": 0.37796451764972044, "SoftSPL": 0.33125548439525626, "PLR": 2.6457509985811747, "nDTW": 7.981738304762127e-13, "CLS": 0.2042748653973831, "steps": 19, "path_length_cm": 3229.959276577884, "cumulative_reward": 1072.1935875276058, "ended_reason": "success", "metrics": {"SR": 1.0, "SPL": 0.37796451764972044, "SoftSPL": 0.33125548439525626, "PLR": 2.6457509985811747, "nDTW": 7.981738304762127e-13, "CLS": 0.2042748653973831, "path_length_cm": 3229.959276577884, "cumulative_reward": 1072.1935875276058}, "token_totals": {"input": 54740, "output": 3102, "calls": 19}, "finished_at": "2026-04-23T00:46:42.820045+00:00"}