{"episode_id": "map_08_cave_remix_on_0001", "episode_idx": 1, "agent_name": "GhostAgent_1", "SR": 0.0, "SPL": 0.0, "SoftSPL": 0.0, "PLR": 0.0006283866128563175, "nDTW": 0.0068149500822621755, "CLS": 0.2501720142740483, "steps": 40, "path_length_cm": 1.223255083782879, "cumulative_reward": -1.4843936239211875, "ended_reason": "max_steps", "metrics": {"SR": 0.0, "SPL": 0.0, "SoftSPL": 0.0, "PLR": 0.0006283866128563175, "nDTW": 0.0068149500822621755, "CLS": 0.2501720142740483, "path_length_cm": 1.223255083782879, "cumulative_reward": -1.4843936239211875}, "token_totals": {"input": 35174, "output": 2516, "calls": 40}, "finished_at": "2026-04-23T14:47:31.343529+00:00"}