{"episode_id": "map_50_B9_sparse_wilderness_on_0014", "episode_idx": 4, "agent_name": "GhostAgent_4", "SR": 0.0, "SPL": 0.0, "SoftSPL": 0.0, "PLR": 7.336633845792903, "nDTW": 5.257228371554819e-129, "CLS": 0.008518894783167138, "steps": 38, "path_length_cm": 41707.8096509327, "cumulative_reward": -23993.463597484384, "ended_reason": "success", "metrics": {"SR": 0.0, "SPL": 0.0, "SoftSPL": 0.0, "PLR": 7.336633845792903, "nDTW": 5.257228371554819e-129, "CLS": 0.008518894783167138, "path_length_cm": 41707.8096509327, "cumulative_reward": -23993.463597484384}, "token_totals": {"input": 118913, "output": 6031, "calls": 38}, "finished_at": "2026-04-23T14:32:20.816889+00:00"}