{"episode_id": "map_42_B4_industrial_yard_obj_on_0003", "episode_idx": 3, "agent_name": "GhostAgent_3", "SR": 0.0, "SPL": 0.0, "SoftSPL": 0.13473987657244246, "PLR": 0.32721353281416604, "nDTW": 4.887142376155305e-80, "CLS": 0.3715889248577061, "steps": 40, "path_length_cm": 2004.1927048927514, "cumulative_reward": 824.8885715923143, "ended_reason": "max_steps", "metrics": {"SR": 0.0, "SPL": 0.0, "SoftSPL": 0.13473987657244246, "PLR": 0.32721353281416604, "nDTW": 4.887142376155305e-80, "CLS": 0.3715889248577061, "path_length_cm": 2004.1927048927514, "cumulative_reward": 824.8885715923143}, "token_totals": {"input": 37652, "output": 3062, "calls": 40}, "finished_at": "2026-04-23T16:17:04.744285+00:00"}