{"episode_id": "map_06_hwaseong_native_on_0013", "episode_idx": 3, "agent_name": "GhostAgent_3", "SR": 0.0, "SPL": 0.0, "SoftSPL": 0.0, "PLR": 0.0, "nDTW": 3.0870581248738993e-06, "CLS": 0.16666670998691566, "steps": 0, "path_length_cm": 0.0, "cumulative_reward": 0.0, "ended_reason": "reset_error", "metrics": {"SR": 0.0, "SPL": 0.0, "SoftSPL": 0.0, "PLR": 0.0, "nDTW": 3.0870581248738993e-06, "CLS": 0.16666670998691566, "path_length_cm": 0.0, "cumulative_reward": 0.0}, "token_totals": {"input": 0, "output": 0, "calls": 0}, "finished_at": "2026-04-23T17:17:51.489394+00:00"}