{"episode_id": "map_13_watertown_native_on_0014", "episode_idx": 4, "agent_name": "GhostAgent_4", "SR": 0.0, "SPL": 0.0, "SoftSPL": 0.0, "PLR": 0.1782778044164207, "nDTW": 1.1332925426052248e-29, "CLS": 0.23361808122533337, "steps": 40, "path_length_cm": 896.4770706201481, "cumulative_reward": -848.6785533527227, "ended_reason": "max_steps", "metrics": {"SR": 0.0, "SPL": 0.0, "SoftSPL": 0.0, "PLR": 0.1782778044164207, "nDTW": 1.1332925426052248e-29, "CLS": 0.23361808122533337, "path_length_cm": 896.4770706201481, "cumulative_reward": -848.6785533527227}, "token_totals": {"input": 120089, "output": 5710, "calls": 40}, "finished_at": "2026-04-23T17:06:59.761509+00:00"}