{"episode_id": "map_31_gothic_day_remix_obj_pn_0017", "episode_idx": 6, "agent_name": "GhostAgent_6", "SR": 0.0, "SPL": 0.0, "SoftSPL": 0.48765020967701256, "PLR": 0.6777546766578002, "nDTW": 2.4944806581398168e-11, "CLS": 0.0734785067250936, "steps": 40, "path_length_cm": 2512.5450271187306, "cumulative_reward": 2358.5784848111502, "ended_reason": "max_steps", "metrics": {"SR": 0.0, "SPL": 0.0, "SoftSPL": 0.48765020967701256, "PLR": 0.6777546766578002, "nDTW": 2.4944806581398168e-11, "CLS": 0.0734785067250936, "path_length_cm": 2512.5450271187306, "cumulative_reward": 2358.5784848111502}, "token_totals": {"input": 116625, "output": 6003, "calls": 40}, "finished_at": "2026-04-23T01:13:30.008623+00:00"}