{"episode_id": "map_01_wintertown_native_obj_on_0004", "episode_idx": 3, "agent_name": "GhostAgent_3", "SR": 1.0, "SPL": 0.8415194089701452, "SoftSPL": 0.8357863884134807, "PLR": 1.1883267210958377, "nDTW": 6.436370646213441e-11, "CLS": 0.1134522361787833, "steps": 29, "path_length_cm": 8222.804995630813, "cumulative_reward": 6742.97035077433, "ended_reason": "success", "metrics": {"SR": 1.0, "SPL": 0.8415194089701452, "SoftSPL": 0.8357863884134807, "PLR": 1.1883267210958377, "nDTW": 6.436370646213441e-11, "CLS": 0.1134522361787833, "path_length_cm": 8222.804995630813, "cumulative_reward": 6742.97035077433}, "token_totals": {"input": 235845, "output": 3947, "calls": 29}, "finished_at": "2026-04-22T21:49:33.549255+00:00"}