{"episode_id": "map_06_hwaseong_native_pn_0007", "episode_idx": 2, "agent_name": "GhostAgent_2", "SR": 0.0, "SPL": 0.0, "SoftSPL": 0.019965674612970385, "PLR": 0.496827663094296, "nDTW": 8.11665294559367e-38, "CLS": 0.08052124627415141, "steps": 40, "path_length_cm": 2762.9579999999987, "cumulative_reward": -698.8665655638598, "ended_reason": "max_steps", "metrics": {"SR": 0.0, "SPL": 0.0, "SoftSPL": 0.019965674612970385, "PLR": 0.496827663094296, "nDTW": 8.11665294559367e-38, "CLS": 0.08052124627415141, "path_length_cm": 2762.9579999999987, "cumulative_reward": -698.8665655638598}, "token_totals": {"input": 111631, "output": 3192, "calls": 40}, "finished_at": "2026-04-23T13:11:13.571567+00:00"}