{"episode_id": "map_46_B8_dense_urban_on_0013", "episode_idx": 0, "agent_name": "GhostAgent_0", "SR": 0.0, "SPL": 0.0, "SoftSPL": 0.008674101277190593, "PLR": 0.0, "nDTW": 0.008674101277190593, "CLS": 0.008674101277190593, "steps": 0, "path_length_cm": 0.0, "cumulative_reward": 0.0, "ended_reason": "spawn_blocked", "metrics": {"SR": 0.0, "SPL": 0.0, "SoftSPL": 0.008674101277190593, "PLR": 0.0, "nDTW": 0.008674101277190593, "CLS": 0.008674101277190593, "path_length_cm": 0.0, "cumulative_reward": 0.0}, "token_totals": {"input": 0, "output": 0, "calls": 0}, "finished_at": "2026-04-23T19:59:31.040259+00:00"}