{"episode_id": "map_42_B4_industrial_yard_on_0007", "episode_idx": 7, "agent_name": "GhostAgent_7", "SR": 1.0, "SPL": 1.0, "SoftSPL": 0.9578877455823157, "PLR": 0.9583782488282916, "nDTW": 2.9304857461724466e-10, "CLS": 0.551124198012929, "steps": 9, "path_length_cm": 3598.9020000000005, "cumulative_reward": 3599.470508365351, "ended_reason": "success", "metrics": {"SR": 1.0, "SPL": 1.0, "SoftSPL": 0.9578877455823157, "PLR": 0.9583782488282916, "nDTW": 2.9304857461724466e-10, "CLS": 0.551124198012929, "path_length_cm": 3598.9020000000005, "cumulative_reward": 3599.470508365351}, "token_totals": {"input": 6407, "output": 394, "calls": 9}, "finished_at": "2026-04-23T15:54:15.641193+00:00"}