{"episode_id": "map_18_cave_native_on_0014", "episode_idx": 4, "agent_name": "GhostAgent_4", "SR": 0.0, "SPL": 0.0, "SoftSPL": 0.10960072401898968, "PLR": 0.0, "nDTW": 0.027943867021113476, "CLS": 0.13558784202978388, "steps": 0, "path_length_cm": 0.0, "cumulative_reward": 0.0, "ended_reason": "spawn_blocked", "metrics": {"SR": 0.0, "SPL": 0.0, "SoftSPL": 0.10960072401898968, "PLR": 0.0, "nDTW": 0.027943867021113476, "CLS": 0.13558784202978388, "path_length_cm": 0.0, "cumulative_reward": 0.0}, "token_totals": {"input": 0, "output": 0, "calls": 0}, "finished_at": "2026-04-23T17:14:56.962831+00:00"}