{"episode_id": "map_47_wintertown_demo01_minimal_obj_on_0007", "episode_idx": 7, "agent_name": "GhostAgent_7", "SR": 0.0, "SPL": 0.0, "SoftSPL": 0.00907078823094598, "PLR": 0.002869147548100571, "nDTW": 3.3200163658680397e-10, "CLS": 0.1257214266473978, "steps": 40, "path_length_cm": 17.133745795943142, "cumulative_reward": 3.0003471507612716, "ended_reason": "max_steps", "metrics": {"SR": 0.0, "SPL": 0.0, "SoftSPL": 0.00907078823094598, "PLR": 0.002869147548100571, "nDTW": 3.3200163658680397e-10, "CLS": 0.1257214266473978, "path_length_cm": 17.133745795943142, "cumulative_reward": 3.0003471507612716}, "token_totals": {"input": 107895, "output": 2603, "calls": 40}, "finished_at": "2026-04-23T01:57:57.555783+00:00"}