{"episode_id": "map_36_dungeon_native_pn_0019", "episode_idx": 9, "agent_name": "GhostAgent_9", "SR": 0.0, "SPL": 0.0, "SoftSPL": 0.5414609718757147, "PLR": 1.2324579287385977, "nDTW": 2.9686537185601126e-12, "CLS": 0.7564704891903234, "steps": 40, "path_length_cm": 2273.317947875493, "cumulative_reward": 1854.6100266846092, "ended_reason": "max_steps", "metrics": {"SR": 0.0, "SPL": 0.0, "SoftSPL": 0.5414609718757147, "PLR": 1.2324579287385977, "nDTW": 2.9686537185601126e-12, "CLS": 0.7564704891903234, "path_length_cm": 2273.317947875493, "cumulative_reward": 1854.6100266846092}, "token_totals": {"input": 113442, "output": 5277, "calls": 40}, "finished_at": "2026-04-23T01:02:13.511705+00:00"}