{"episode_id": "map_66_middleeast_bazaar_pn_0008", "episode_idx": 8, "agent_name": "GhostAgent_8", "SR": 0.0, "SPL": 0.0, "SoftSPL": 0.0031533273201548306, "PLR": 0.0, "nDTW": 9.965768482054846e-06, "CLS": 0.16670235682100712, "steps": 40, "path_length_cm": 0.0, "cumulative_reward": -0.4000000000000002, "ended_reason": "max_steps", "metrics": {"SR": 0.0, "SPL": 0.0, "SoftSPL": 0.0031533273201548306, "PLR": 0.0, "nDTW": 9.965768482054846e-06, "CLS": 0.16670235682100712, "path_length_cm": 0.0, "cumulative_reward": -0.4000000000000002}, "token_totals": {"input": 35240, "output": 2590, "calls": 40}, "finished_at": "2026-04-23T18:41:08.111166+00:00"}