{"episode_id": "map_59_B10_market_plaza_on_0001", "episode_idx": 0, "agent_name": "GhostAgent_0", "SR": 1.0, "SPL": 0.8217392572279328, "SoftSPL": 0.8083452950313333, "PLR": 1.2169310291605326, "nDTW": 2.689892851710804e-19, "CLS": 0.2526278564076847, "steps": 28, "path_length_cm": 6295.427600053267, "cumulative_reward": 4898.119151201102, "ended_reason": "success", "metrics": {"SR": 1.0, "SPL": 0.8217392572279328, "SoftSPL": 0.8083452950313333, "PLR": 1.2169310291605326, "nDTW": 2.689892851710804e-19, "CLS": 0.2526278564076847, "path_length_cm": 6295.427600053267, "cumulative_reward": 4898.119151201102}, "token_totals": {"input": 77841, "output": 3024, "calls": 28}, "finished_at": "2026-04-23T14:55:22.520530+00:00"}