{"episode_id": "map_47_wintertown_demo01_minimal_obj_pn_0000", "episode_idx": 9, "agent_name": "GhostAgent_9", "SR": 0.0, "SPL": 0.0, "SoftSPL": 0.1036341399492151, "PLR": 0.06243869490772545, "nDTW": 4.143042330087594e-14, "CLS": 0.10254147729735426, "steps": 40, "path_length_cm": 409.34558626725175, "cumulative_reward": -114.10866072983808, "ended_reason": "max_steps", "metrics": {"SR": 0.0, "SPL": 0.0, "SoftSPL": 0.1036341399492151, "PLR": 0.06243869490772545, "nDTW": 4.143042330087594e-14, "CLS": 0.10254147729735426, "path_length_cm": 409.34558626725175, "cumulative_reward": -114.10866072983808}, "token_totals": {"input": 120482, "output": 6275, "calls": 40}, "finished_at": "2026-04-23T01:45:27.565945+00:00"}