{"episode_id": "map_67_B12_construction_site_on_0014", "episode_idx": 4, "agent_name": "GhostAgent_4", "SR": 0.0, "SPL": 0.0, "SoftSPL": 0.5391656449373561, "PLR": 1.2306343574386924, "nDTW": 1.1115146874403546e-22, "CLS": 0.056076794374981656, "steps": 40, "path_length_cm": 4389.131273866543, "cumulative_reward": 2343.2264447337334, "ended_reason": "max_steps", "metrics": {"SR": 0.0, "SPL": 0.0, "SoftSPL": 0.5391656449373561, "PLR": 1.2306343574386924, "nDTW": 1.1115146874403546e-22, "CLS": 0.056076794374981656, "path_length_cm": 4389.131273866543, "cumulative_reward": 2343.2264447337334}, "token_totals": {"input": 130188, "output": 7872, "calls": 40}, "finished_at": "2026-04-23T15:33:28.802068+00:00"}