{"episode_id": "map_19_wintertown_demo02_native_obj_on_0000", "episode_idx": 4, "agent_name": "GhostAgent_4", "SR": 0.0, "SPL": 0.0, "SoftSPL": 0.4177612539565878, "PLR": 0.24239389183933405, "nDTW": 6.339791238662586e-05, "CLS": 0.20044897433795883, "steps": 40, "path_length_cm": 468.14017118714264, "cumulative_reward": 466.5868040836956, "ended_reason": "max_steps", "metrics": {"SR": 0.0, "SPL": 0.0, "SoftSPL": 0.4177612539565878, "PLR": 0.24239389183933405, "nDTW": 6.339791238662586e-05, "CLS": 0.20044897433795883, "path_length_cm": 468.14017118714264, "cumulative_reward": 466.5868040836956}, "token_totals": {"input": 105004, "output": 3667, "calls": 40}, "finished_at": "2026-04-23T13:18:36.418443+00:00"}