{"episode_id": "map_57_gothic_day_invasion_obj_on_0012", "episode_idx": 1, "agent_name": "GhostAgent_1", "SR": 0.0, "SPL": 0.0, "SoftSPL": 0.13356976168803514, "PLR": 0.22100443095911518, "nDTW": 3.011594333663901e-08, "CLS": 0.1975256392955475, "steps": 40, "path_length_cm": 393.92934796307486, "cumulative_reward": 220.2420194227334, "ended_reason": "max_steps", "metrics": {"SR": 0.0, "SPL": 0.0, "SoftSPL": 0.13356976168803514, "PLR": 0.22100443095911518, "nDTW": 3.011594333663901e-08, "CLS": 0.1975256392955475, "path_length_cm": 393.92934796307486, "cumulative_reward": 220.2420194227334}, "token_totals": {"input": 133139, "output": 9332, "calls": 40}, "finished_at": "2026-04-23T15:39:01.579581+00:00"}