{"episode_id": "map_03_watertown_remix_obj_pn_0009", "episode_idx": 4, "agent_name": "GhostAgent_4", "SR": 0.0, "SPL": 0.0, "SoftSPL": 0.0, "PLR": 0.20252611315828897, "nDTW": 8.703896294376279e-28, "CLS": 0.23939278040480275, "steps": 40, "path_length_cm": 797.4809999999998, "cumulative_reward": -719.5874311080838, "ended_reason": "max_steps", "metrics": {"SR": 0.0, "SPL": 0.0, "SoftSPL": 0.0, "PLR": 0.20252611315828897, "nDTW": 8.703896294376279e-28, "CLS": 0.23939278040480275, "path_length_cm": 797.4809999999998, "cumulative_reward": -719.5874311080838}, "token_totals": {"input": 439854, "output": 4341, "calls": 40}, "finished_at": "2026-04-22T21:49:47.729580+00:00"}