{"episode_id": "map_57_gothic_day_invasion_pn_0017", "episode_idx": 6, "agent_name": "GhostAgent_6", "SR": 0.0, "SPL": 0.0, "SoftSPL": 0.0, "PLR": 1.5193640279559364, "nDTW": 8.157454332678376e-12, "CLS": 0.11415415397353379, "steps": 40, "path_length_cm": 2262.1203266624752, "cumulative_reward": 723.0960650274865, "ended_reason": "max_steps", "metrics": {"SR": 0.0, "SPL": 0.0, "SoftSPL": 0.0, "PLR": 1.5193640279559364, "nDTW": 8.157454332678376e-12, "CLS": 0.11415415397353379, "path_length_cm": 2262.1203266624752, "cumulative_reward": 723.0960650274865}, "token_totals": {"input": 123497, "output": 6868, "calls": 40}, "finished_at": "2026-04-23T03:15:56.377325+00:00"}