{"episode_id": "map_59_B10_market_plaza_on_0016", "episode_idx": 6, "agent_name": "GhostAgent_6", "SR": 1.0, "SPL": 0.7172054447695669, "SoftSPL": 0.657532243823437, "PLR": 1.3943006251455508, "nDTW": 0.00010921466336093231, "CLS": 0.4383773302082708, "steps": 9, "path_length_cm": 1921.6948366068555, "cumulative_reward": 1265.9916103927512, "ended_reason": "success", "metrics": {"SR": 1.0, "SPL": 0.7172054447695669, "SoftSPL": 0.657532243823437, "PLR": 1.3943006251455508, "nDTW": 0.00010921466336093231, "CLS": 0.4383773302082708, "path_length_cm": 1921.6948366068555, "cumulative_reward": 1265.9916103927512}, "token_totals": {"input": 20219, "output": 1152, "calls": 9}, "finished_at": "2026-04-23T02:47:45.599677+00:00"}