{"episode_id": "map_20_trainstation_native_on_0013", "episode_idx": 3, "agent_name": "GhostAgent_3", "SR": 0.0, "SPL": 0.0, "SoftSPL": 0.8871517180150413, "PLR": 0.8395495278900744, "nDTW": 1.0824255969535108e-06, "CLS": 0.05157828616788293, "steps": 34, "path_length_cm": 4627.487856291465, "cumulative_reward": 3422.809492523587, "ended_reason": "success", "metrics": {"SR": 0.0, "SPL": 0.0, "SoftSPL": 0.8871517180150413, "PLR": 0.8395495278900744, "nDTW": 1.0824255969535108e-06, "CLS": 0.05157828616788293, "path_length_cm": 4627.487856291465, "cumulative_reward": 3422.809492523587}, "token_totals": {"input": 95319, "output": 4448, "calls": 34}, "finished_at": "2026-04-23T17:25:02.997037+00:00"}