{"episode_id": "map_36_dungeon_native_on_0005", "episode_idx": 2, "agent_name": "GhostAgent_2", "SR": 0.0, "SPL": 0.0, "SoftSPL": 0.0, "PLR": 27.863838405070453, "nDTW": 8.037898096403795e-281, "CLS": 0.008974291793626113, "steps": 14, "path_length_cm": 50479.522846545886, "cumulative_reward": -48422.759577141136, "ended_reason": "step_error", "metrics": {"SR": 0.0, "SPL": 0.0, "SoftSPL": 0.0, "PLR": 27.863838405070453, "nDTW": 8.037898096403795e-281, "CLS": 0.008974291793626113, "path_length_cm": 50479.522846545886, "cumulative_reward": -48422.759577141136}, "token_totals": {"input": 42894, "output": 3305, "calls": 14}, "finished_at": "2026-04-23T18:16:24.098140+00:00"}