{"episode_id": "map_05_middleeast_native_obj_pn_0001", "episode_idx": 3, "agent_name": "GhostAgent_3", "SR": 0.0, "SPL": 0.0, "SoftSPL": 0.025640053407855246, "PLR": 2.0488339775414938e-05, "nDTW": 1.045149684465833e-10, "CLS": 0.10000512235504874, "steps": 40, "path_length_cm": 0.1479547017375792, "cumulative_reward": -0.28835365679824476, "ended_reason": "max_steps", "metrics": {"SR": 0.0, "SPL": 0.0, "SoftSPL": 0.025640053407855246, "PLR": 2.0488339775414938e-05, "nDTW": 1.045149684465833e-10, "CLS": 0.10000512235504874, "path_length_cm": 0.1479547017375792, "cumulative_reward": -0.28835365679824476}, "token_totals": {"input": 462371, "output": 7705, "calls": 40}, "finished_at": "2026-04-22T20:23:45.535132+00:00"}