{"episode_id": "map_61_containeryard_day_big_remix_on_0016", "episode_idx": 6, "agent_name": "GhostAgent_6", "SR": 0.0, "SPL": 0.0, "SoftSPL": 0.0, "PLR": 0.3845352832978564, "nDTW": 1.019527885290284e-16, "CLS": 0.38683807990622193, "steps": 40, "path_length_cm": 664.7000000030087, "cumulative_reward": -525.3605631280543, "ended_reason": "max_steps", "metrics": {"SR": 0.0, "SPL": 0.0, "SoftSPL": 0.0, "PLR": 0.3845352832978564, "nDTW": 1.019527885290284e-16, "CLS": 0.38683807990622193, "path_length_cm": 664.7000000030087, "cumulative_reward": -525.3605631280543}, "token_totals": {"input": 32442, "output": 1783, "calls": 40}, "finished_at": "2026-04-23T16:41:39.320991+00:00"}