{"episode_id": "map_23_containeryard_demo_remix_pn_0000", "episode_idx": 0, "agent_name": "GhostAgent_0", "SR": 0.0, "SPL": 0.0, "SoftSPL": 0.165906094529538, "PLR": 3.829339957209845, "nDTW": 1.1881782353313801e-26, "CLS": 0.11657621183432626, "steps": 40, "path_length_cm": 6374.5107597693695, "cumulative_reward": 1057.1706731708443, "ended_reason": "max_steps", "metrics": {"SR": 0.0, "SPL": 0.0, "SoftSPL": 0.165906094529538, "PLR": 3.829339957209845, "nDTW": 1.1881782353313801e-26, "CLS": 0.11657621183432626, "path_length_cm": 6374.5107597693695, "cumulative_reward": 1057.1706731708443}, "token_totals": {"input": 120962, "output": 5684, "calls": 40}, "finished_at": "2026-04-23T12:58:35.690723+00:00"}