{"episode_id": "map_45_B7_park_with_paths_obj_on_0011", "episode_idx": 1, "agent_name": "GhostAgent_1", "SR": 0.0, "SPL": 0.0, "SoftSPL": 0.33001427226664426, "PLR": 0.9216505098047407, "nDTW": 4.688965213607426e-15, "CLS": 0.043520873107173584, "steps": 17, "path_length_cm": 4845.734235885091, "cumulative_reward": 1708.561422209155, "ended_reason": "no_tool_call", "metrics": {"SR": 0.0, "SPL": 0.0, "SoftSPL": 0.33001427226664426, "PLR": 0.9216505098047407, "nDTW": 4.688965213607426e-15, "CLS": 0.043520873107173584, "path_length_cm": 4845.734235885091, "cumulative_reward": 1708.561422209155}, "token_totals": {"input": 50559, "output": 3418, "calls": 17}, "finished_at": "2026-04-23T14:39:58.453570+00:00"}