{"episode_id": "map_31_gothic_day_remix_pn_0009", "episode_idx": 9, "agent_name": "GhostAgent_9", "SR": 0.0, "SPL": 0.0, "SoftSPL": 0.19363492183263298, "PLR": 1.4273458241762988, "nDTW": 2.15560619739214e-23, "CLS": 0.21098841657201528, "steps": 40, "path_length_cm": 2528.99987819205, "cumulative_reward": 772.741573310296, "ended_reason": "max_steps", "metrics": {"SR": 0.0, "SPL": 0.0, "SoftSPL": 0.19363492183263298, "PLR": 1.4273458241762988, "nDTW": 2.15560619739214e-23, "CLS": 0.21098841657201528, "path_length_cm": 2528.99987819205, "cumulative_reward": 772.741573310296}, "token_totals": {"input": 119827, "output": 6015, "calls": 40}, "finished_at": "2026-04-23T00:28:54.988672+00:00"}