{"episode_id": "map_42_B4_industrial_yard_on_0006", "episode_idx": 6, "agent_name": "GhostAgent_6", "SR": 1.0, "SPL": 0.9810874622471587, "SoftSPL": 0.9619686253953061, "PLR": 1.019277116955019, "nDTW": 1.044090799306434e-34, "CLS": 0.5534554551353703, "steps": 18, "path_length_cm": 7205.748999999999, "cumulative_reward": 6934.022694647936, "ended_reason": "success", "metrics": {"SR": 1.0, "SPL": 0.9810874622471587, "SoftSPL": 0.9619686253953061, "PLR": 1.019277116955019, "nDTW": 1.044090799306434e-34, "CLS": 0.5534554551353703, "path_length_cm": 7205.748999999999, "cumulative_reward": 6934.022694647936}, "token_totals": {"input": 15150, "output": 1136, "calls": 18}, "finished_at": "2026-04-23T15:54:15.640720+00:00"}