{"episode_id": "map_19_wintertown_demo02_native_obj_pn_0014", "episode_idx": 1, "agent_name": "GhostAgent_1", "SR": 0.0, "SPL": 0.0, "SoftSPL": 0.0, "PLR": 0.07165126999098106, "nDTW": 5.767936395302146e-06, "CLS": 0.14653708983552138, "steps": 6, "path_length_cm": 393.7402083925388, "cumulative_reward": -375.1852432881758, "ended_reason": "no_tool_call", "metrics": {"SR": 0.0, "SPL": 0.0, "SoftSPL": 0.0, "PLR": 0.07165126999098106, "nDTW": 5.767936395302146e-06, "CLS": 0.14653708983552138, "path_length_cm": 393.7402083925388, "cumulative_reward": -375.1852432881758}, "token_totals": {"input": 11585, "output": 1082, "calls": 6}, "finished_at": "2026-04-23T15:41:15.285324+00:00"}