{"episode_id": "map_27_courtyard_overcast_remix_obj_on_0005", "episode_idx": 5, "agent_name": "GhostAgent_5", "SR": 0.0, "SPL": 0.0, "SoftSPL": 0.21616883511726148, "PLR": 0.0060207644871700765, "nDTW": 0.0005041011013810409, "CLS": 0.06470594391316292, "steps": 40, "path_length_cm": 15.883679831827738, "cumulative_reward": 7.86190807748163, "ended_reason": "max_steps", "metrics": {"SR": 0.0, "SPL": 0.0, "SoftSPL": 0.21616883511726148, "PLR": 0.0060207644871700765, "nDTW": 0.0005041011013810409, "CLS": 0.06470594391316292, "path_length_cm": 15.883679831827738, "cumulative_reward": 7.86190807748163}, "token_totals": {"input": 34509, "output": 2235, "calls": 40}, "finished_at": "2026-04-23T15:43:37.280562+00:00"}