{"episode_id": "map_08_cave_remix_obj_pn_0014", "episode_idx": 1, "agent_name": "GhostAgent_1", "SR": 0.0, "SPL": 0.0, "SoftSPL": 0.0, "PLR": 0.46792760424278435, "nDTW": 3.610926915841333e-40, "CLS": 0.23838777592645138, "steps": 40, "path_length_cm": 1463.4950543057748, "cumulative_reward": -313.8607792769313, "ended_reason": "max_steps", "metrics": {"SR": 0.0, "SPL": 0.0, "SoftSPL": 0.0, "PLR": 0.46792760424278435, "nDTW": 3.610926915841333e-40, "CLS": 0.23838777592645138, "path_length_cm": 1463.4950543057748, "cumulative_reward": -313.8607792769313}, "token_totals": {"input": 37256, "output": 3071, "calls": 40}, "finished_at": "2026-04-23T15:13:50.510258+00:00"}