{"episode_id": "map_49_courtyard_sunny_packed_pn_0005", "episode_idx": 1, "agent_name": "GhostAgent_1", "SR": 0.0, "SPL": 0.0, "SoftSPL": 0.0, "PLR": 6.986849372769995, "nDTW": 4.323128689830107e-15, "CLS": 0.002504699294180638, "steps": 12, "path_length_cm": 23454.713607401416, "cumulative_reward": -19633.62769869717, "ended_reason": "no_tool_call", "metrics": {"SR": 0.0, "SPL": 0.0, "SoftSPL": 0.0, "PLR": 6.986849372769995, "nDTW": 4.323128689830107e-15, "CLS": 0.002504699294180638, "path_length_cm": 23454.713607401416, "cumulative_reward": -19633.62769869717}, "token_totals": {"input": 32301, "output": 2301, "calls": 12}, "finished_at": "2026-04-23T16:29:25.344866+00:00"}