{
  "map": "map_26_courtyard_overcast_native",
  "n": 40,
  "SR": 0.075,
  "SPL": 0.046947765201260205,
  "SoftSPL": 0.36556906253773164,
  "nDTW": 0.00414835057534212,
  "avg_steps": 15.175
}