{"episode_id": "map_23_containeryard_demo_remix_pn_0002", "episode_idx": 2, "agent_name": "GhostAgent_2", "SR": 0.0, "SPL": 0.0, "SoftSPL": 0.5414994043366144, "PLR": 1.1903598154566892, "nDTW": 4.21058381849007e-51, "CLS": 0.05350236910583401, "steps": 40, "path_length_cm": 9474.169000005026, "cumulative_reward": 5110.223188779639, "ended_reason": "max_steps", "metrics": {"SR": 0.0, "SPL": 0.0, "SoftSPL": 0.5414994043366144, "PLR": 1.1903598154566892, "nDTW": 4.21058381849007e-51, "CLS": 0.05350236910583401, "path_length_cm": 9474.169000005026, "cumulative_reward": 5110.223188779639}, "token_totals": {"input": 115807, "output": 4669, "calls": 40}, "finished_at": "2026-04-23T12:58:35.691987+00:00"}