{"episode_id": "map_27_courtyard_overcast_remix_obj_pn_0018", "episode_idx": 8, "agent_name": "GhostAgent_8", "SR": 1.0, "SPL": 0.958655516260979, "SoftSPL": 0.8525323014950164, "PLR": 1.043127570892489, "nDTW": 0.13302166922278086, "CLS": 0.3007939549138085, "steps": 13, "path_length_cm": 1427.0402420837606, "cumulative_reward": 1088.6781747030188, "ended_reason": "success", "metrics": {"SR": 1.0, "SPL": 0.958655516260979, "SoftSPL": 0.8525323014950164, "PLR": 1.043127570892489, "nDTW": 0.13302166922278086, "CLS": 0.3007939549138085, "path_length_cm": 1427.0402420837606, "cumulative_reward": 1088.6781747030188}, "token_totals": {"input": 9650, "output": 608, "calls": 13}, "finished_at": "2026-04-23T15:45:51.717161+00:00"}