{"episode_id": "map_53_courtyard_sanny_big_remix_obj_on_0014", "episode_idx": 3, "agent_name": "GhostAgent_3", "SR": 0.0, "SPL": 0.0, "SoftSPL": 0.154963836333311, "PLR": 0.0, "nDTW": 9.588438254766694e-05, "CLS": 0.09572921315113442, "steps": 2, "path_length_cm": 0.0, "cumulative_reward": -0.01, "ended_reason": "no_tool_call", "metrics": {"SR": 0.0, "SPL": 0.0, "SoftSPL": 0.154963836333311, "PLR": 0.0, "nDTW": 9.588438254766694e-05, "CLS": 0.09572921315113442, "path_length_cm": 0.0, "cumulative_reward": -0.01}, "token_totals": {"input": 2008, "output": 423, "calls": 2}, "finished_at": "2026-04-23T18:58:11.107612+00:00"}