{"episode_id": "map_26_courtyard_overcast_native_on_0014", "episode_idx": 4, "agent_name": "GhostAgent_4", "SR": 0.0, "SPL": 0.0, "SoftSPL": 0.0, "PLR": 18.221557364835096, "nDTW": 1.6239703335928632e-205, "CLS": 0.006098010237369901, "steps": 13, "path_length_cm": 52634.60838848901, "cumulative_reward": -34485.50243696215, "ended_reason": "step_error", "metrics": {"SR": 0.0, "SPL": 0.0, "SoftSPL": 0.0, "PLR": 18.221557364835096, "nDTW": 1.6239703335928632e-205, "CLS": 0.006098010237369901, "path_length_cm": 52634.60838848901, "cumulative_reward": -34485.50243696215}, "token_totals": {"input": 34804, "output": 1924, "calls": 13}, "finished_at": "2026-04-23T17:47:32.755535+00:00"}