{"episode_id": "map_33_gothic_night_remix_pn_0002", "episode_idx": 2, "agent_name": "GhostAgent_2", "SR": 0.0, "SPL": 0.0, "SoftSPL": 0.0, "PLR": 0.8814003222998457, "nDTW": 6.851305921222225e-24, "CLS": 0.3100419953442318, "steps": 40, "path_length_cm": 959.6774849232949, "cumulative_reward": 911.6238802295447, "ended_reason": "max_steps", "metrics": {"SR": 0.0, "SPL": 0.0, "SoftSPL": 0.0, "PLR": 0.8814003222998457, "nDTW": 6.851305921222225e-24, "CLS": 0.3100419953442318, "path_length_cm": 959.6774849232949, "cumulative_reward": 911.6238802295447}, "token_totals": {"input": 35836, "output": 2646, "calls": 40}, "finished_at": "2026-04-23T18:09:43.405818+00:00"}