{"episode_id": "map_25_containeryard_day_remix_obj_on_0014", "episode_idx": 9, "agent_name": "GhostAgent_9", "SR": 0.0, "SPL": 0.0, "SoftSPL": 0.10385684400095883, "PLR": 0.6420358139584941, "nDTW": 1.3575710600882372e-33, "CLS": 0.3906328439973016, "steps": 40, "path_length_cm": 922.5220000025413, "cumulative_reward": 148.8274059657394, "ended_reason": "max_steps", "metrics": {"SR": 0.0, "SPL": 0.0, "SoftSPL": 0.10385684400095883, "PLR": 0.6420358139584941, "nDTW": 1.3575710600882372e-33, "CLS": 0.3906328439973016, "path_length_cm": 922.5220000025413, "cumulative_reward": 148.8274059657394}, "token_totals": {"input": 104638, "output": 3270, "calls": 40}, "finished_at": "2026-04-23T00:49:03.000308+00:00"}