{"episode_id": "map_13_watertown_native_on_0001", "episode_idx": 1, "agent_name": "GhostAgent_1", "SR": 0.0, "SPL": 0.0, "SoftSPL": 0.036537447305276395, "PLR": 4.511264353913608, "nDTW": 3.075133592621559e-75, "CLS": 0.055520354557572885, "steps": 40, "path_length_cm": 11517.528571402678, "cumulative_reward": 420.41791088543187, "ended_reason": "max_steps", "metrics": {"SR": 0.0, "SPL": 0.0, "SoftSPL": 0.036537447305276395, "PLR": 4.511264353913608, "nDTW": 3.075133592621559e-75, "CLS": 0.055520354557572885, "path_length_cm": 11517.528571402678, "cumulative_reward": 420.41791088543187}, "token_totals": {"input": 122513, "output": 5549, "calls": 40}, "finished_at": "2026-04-23T16:49:28.255099+00:00"}