{"episode_id": "map_66_middleeast_bazaar_obj_pn_0016", "episode_idx": 6, "agent_name": "GhostAgent_6", "SR": 0.0, "SPL": 0.0, "SoftSPL": 0.0, "PLR": 0.00459742732790879, "nDTW": 0.015951802963172158, "CLS": 0.18234500969477266, "steps": 40, "path_length_cm": 9.714777712330786, "cumulative_reward": 2.808540017671575, "ended_reason": "max_steps", "metrics": {"SR": 0.0, "SPL": 0.0, "SoftSPL": 0.0, "PLR": 0.00459742732790879, "nDTW": 0.015951802963172158, "CLS": 0.18234500969477266, "path_length_cm": 9.714777712330786, "cumulative_reward": 2.808540017671575}, "token_totals": {"input": 32526, "output": 1885, "calls": 40}, "finished_at": "2026-04-23T19:13:48.661684+00:00"}