{"episode_id": "map_61_containeryard_day_big_remix_on_0003", "episode_idx": 3, "agent_name": "GhostAgent_3", "SR": 0.0, "SPL": 0.0, "SoftSPL": 0.15933912963343877, "PLR": 0.0, "nDTW": 9.028746359554388e-05, "CLS": 0.12545699690638468, "steps": 40, "path_length_cm": 0.0, "cumulative_reward": -0.4000000000000002, "ended_reason": "max_steps", "metrics": {"SR": 0.0, "SPL": 0.0, "SoftSPL": 0.15933912963343877, "PLR": 0.0, "nDTW": 9.028746359554388e-05, "CLS": 0.12545699690638468, "path_length_cm": 0.0, "cumulative_reward": -0.4000000000000002}, "token_totals": {"input": 34582, "output": 2354, "calls": 40}, "finished_at": "2026-04-23T16:30:40.533384+00:00"}