{"episode_id": "map_04_courtyard_remix_obj_pn_0007", "episode_idx": 2, "agent_name": "GhostAgent_2", "SR": 0.0, "SPL": 0.0, "SoftSPL": 0.0, "PLR": 0.3008200186823723, "nDTW": 1.162251294334492e-13, "CLS": 0.3039140541257098, "steps": 40, "path_length_cm": 399.2633697961786, "cumulative_reward": -281.61957539778336, "ended_reason": "max_steps", "metrics": {"SR": 0.0, "SPL": 0.0, "SoftSPL": 0.0, "PLR": 0.3008200186823723, "nDTW": 1.162251294334492e-13, "CLS": 0.3039140541257098, "path_length_cm": 399.2633697961786, "cumulative_reward": -281.61957539778336}, "token_totals": {"input": 120966, "output": 6141, "calls": 40}, "finished_at": "2026-04-22T22:44:52.702300+00:00"}