{"episode_id": "map_10_B1_urban_grid_obj_on_0019", "episode_idx": 1, "agent_name": "GhostAgent_1", "SR": 1.0, "SPL": 0.7554638115077301, "SoftSPL": 0.7227431684682287, "PLR": 1.3236901420919587, "nDTW": 0.7227431684682287, "CLS": 0.7227431684682287, "steps": 29, "path_length_cm": 4608.969942651412, "cumulative_reward": 2882.3242961822416, "ended_reason": "success", "metrics": {"SR": 1.0, "SPL": 0.7554638115077301, "SoftSPL": 0.7227431684682287, "PLR": 1.3236901420919587, "nDTW": 0.7227431684682287, "CLS": 0.7227431684682287, "path_length_cm": 4608.969942651412, "cumulative_reward": 2882.3242961822416}, "token_totals": {"input": 78820, "output": 2528, "calls": 29}, "finished_at": "2026-04-23T20:03:35.540619+00:00"}