{"episode_id": "map_42_B4_industrial_yard_obj_on_0008", "episode_idx": 8, "agent_name": "GhostAgent_8", "SR": 0.0, "SPL": 0.0, "SoftSPL": 0.9085710107157424, "PLR": 0.8882296401035632, "nDTW": 9.633397117415877e-10, "CLS": 0.2607949849499044, "steps": 40, "path_length_cm": 2797.8256610658127, "cumulative_reward": 2793.6646605204637, "ended_reason": "max_steps", "metrics": {"SR": 0.0, "SPL": 0.0, "SoftSPL": 0.9085710107157424, "PLR": 0.8882296401035632, "nDTW": 9.633397117415877e-10, "CLS": 0.2607949849499044, "path_length_cm": 2797.8256610658127, "cumulative_reward": 2793.6646605204637}, "token_totals": {"input": 35085, "output": 2385, "calls": 40}, "finished_at": "2026-04-23T16:17:04.747346+00:00"}