{"episode_id": "map_06_hwaseong_native_obj_on_0000", "episode_idx": 5, "agent_name": "GhostAgent_5", "SR": 0.0, "SPL": 0.0, "SoftSPL": 0.021759202035542158, "PLR": 0.08520071356935557, "nDTW": 2.2731144638940797e-10, "CLS": 0.14685036637768273, "steps": 40, "path_length_cm": 479.991, "cumulative_reward": 34.006461813831876, "ended_reason": "max_steps", "metrics": {"SR": 0.0, "SPL": 0.0, "SoftSPL": 0.021759202035542158, "PLR": 0.08520071356935557, "nDTW": 2.2731144638940797e-10, "CLS": 0.14685036637768273, "path_length_cm": 479.991, "cumulative_reward": 34.006461813831876}, "token_totals": {"input": 112168, "output": 3399, "calls": 40}, "finished_at": "2026-04-23T13:55:46.454079+00:00"}