{"episode_id": "map_20_trainstation_native_on_0004", "episode_idx": 4, "agent_name": "GhostAgent_4", "SR": 0.0, "SPL": 0.0, "SoftSPL": 0.19384214241164485, "PLR": 1.300350461118646, "nDTW": 2.4152471475530423e-131, "CLS": 0.19225586291950697, "steps": 40, "path_length_cm": 10040.396015435403, "cumulative_reward": 1945.8527698484402, "ended_reason": "max_steps", "metrics": {"SR": 0.0, "SPL": 0.0, "SoftSPL": 0.19384214241164485, "PLR": 1.300350461118646, "nDTW": 2.4152471475530423e-131, "CLS": 0.19225586291950697, "path_length_cm": 10040.396015435403, "cumulative_reward": 1945.8527698484402}, "token_totals": {"input": 120245, "output": 5509, "calls": 40}, "finished_at": "2026-04-23T17:10:14.550997+00:00"}