{"episode_id": "map_09b_wintertown_demo02_on_0001", "episode_idx": 1, "agent_name": "GhostAgent_1", "SR": 1.0, "SPL": 1.0, "SoftSPL": 0.8972813869777069, "PLR": 0.9346544107292443, "nDTW": 2.872257396877815e-05, "CLS": 0.5371401406365741, "steps": 17, "path_length_cm": 1591.333253163504, "cumulative_reward": 1529.8307905932693, "ended_reason": "success", "metrics": {"SR": 1.0, "SPL": 1.0, "SoftSPL": 0.8972813869777069, "PLR": 0.9346544107292443, "nDTW": 2.872257396877815e-05, "CLS": 0.5371401406365741, "path_length_cm": 1591.333253163504, "cumulative_reward": 1529.8307905932693}, "token_totals": {"input": 78557, "output": 1786, "calls": 17}, "finished_at": "2026-04-22T19:16:22.889114+00:00"}