{"episode_id": "map_15_middleeast_remix_pn_0003", "episode_idx": 3, "agent_name": "GhostAgent_3", "SR": 0.0, "SPL": 0.0, "SoftSPL": 0.2092935875855153, "PLR": 0.0, "nDTW": 0.002372768858749161, "CLS": 0.09298793420973814, "steps": 40, "path_length_cm": 0.0, "cumulative_reward": -0.4000000000000002, "ended_reason": "max_steps", "metrics": {"SR": 0.0, "SPL": 0.0, "SoftSPL": 0.2092935875855153, "PLR": 0.0, "nDTW": 0.002372768858749161, "CLS": 0.09298793420973814, "path_length_cm": 0.0, "cumulative_reward": -0.4000000000000002}, "token_totals": {"input": 32943, "output": 1869, "calls": 40}, "finished_at": "2026-04-23T14:44:17.418047+00:00"}