{
  "map": "map_22_containeryard_demo_native",
  "n": 38,
  "SR": 0.15789473684210525,
  "SPL": 0.1277572066261408,
  "SoftSPL": 0.2921957244012634,
  "nDTW": 4.1577820502020044e-05,
  "avg_steps": 31.18421052631579
}