{"episode_id": "map_19_wintertown_demo02_native_on_0011", "episode_idx": 1, "agent_name": "GhostAgent_1", "SR": 0.0, "SPL": 0.0, "SoftSPL": 0.2535467129692941, "PLR": 0.20388900759464598, "nDTW": 1.3697680637608445e-19, "CLS": 0.19620243399783385, "steps": 40, "path_length_cm": 1247.7130542059676, "cumulative_reward": 1118.6084698787754, "ended_reason": "max_steps", "metrics": {"SR": 0.0, "SPL": 0.0, "SoftSPL": 0.2535467129692941, "PLR": 0.20388900759464598, "nDTW": 1.3697680637608445e-19, "CLS": 0.19620243399783385, "path_length_cm": 1247.7130542059676, "cumulative_reward": 1118.6084698787754}, "token_totals": {"input": 109730, "output": 4738, "calls": 40}, "finished_at": "2026-04-22T23:58:11.525655+00:00"}