{"episode_id": "map_46_B8_dense_urban_on_0010", "episode_idx": 0, "agent_name": "GhostAgent_0", "SR": 0.0, "SPL": 0.0, "SoftSPL": 0.08689132176492786, "PLR": 0.0, "nDTW": 2.0059941192861092e-07, "CLS": 0.12502189867531857, "steps": 40, "path_length_cm": 0.0, "cumulative_reward": -0.4000000000000002, "ended_reason": "max_steps", "metrics": {"SR": 0.0, "SPL": 0.0, "SoftSPL": 0.08689132176492786, "PLR": 0.0, "nDTW": 2.0059941192861092e-07, "CLS": 0.12502189867531857, "path_length_cm": 0.0, "cumulative_reward": -0.4000000000000002}, "token_totals": {"input": 34632, "output": 2039, "calls": 40}, "finished_at": "2026-04-23T16:16:03.297079+00:00"}