{"episode_id": "map_25_containeryard_day_remix_on_0009", "episode_idx": 9, "agent_name": "GhostAgent_9", "SR": 0.0, "SPL": 0.0, "SoftSPL": 6.73081376412199e-07, "PLR": 0.0, "nDTW": 0.00011651460784805152, "CLS": 0.2500000033939135, "steps": 40, "path_length_cm": 0.0, "cumulative_reward": -0.4000000000000002, "ended_reason": "max_steps", "metrics": {"SR": 0.0, "SPL": 0.0, "SoftSPL": 6.73081376412199e-07, "PLR": 0.0, "nDTW": 0.00011651460784805152, "CLS": 0.2500000033939135, "path_length_cm": 0.0, "cumulative_reward": -0.4000000000000002}, "token_totals": {"input": 105924, "output": 2088, "calls": 40}, "finished_at": "2026-04-23T00:17:54.581759+00:00"}