{"episode_id": "map_26_courtyard_overcast_native_pn_0013", "episode_idx": 3, "agent_name": "GhostAgent_3", "SR": 0.0, "SPL": 0.0, "SoftSPL": 0.8469772917054954, "PLR": 0.4304065784935661, "nDTW": 7.150269860140552e-09, "CLS": 0.05990599644693642, "steps": 40, "path_length_cm": 2462.924172245303, "cumulative_reward": 624.5680449033524, "ended_reason": "max_steps", "metrics": {"SR": 0.0, "SPL": 0.0, "SoftSPL": 0.8469772917054954, "PLR": 0.4304065784935661, "nDTW": 7.150269860140552e-09, "CLS": 0.05990599644693642, "path_length_cm": 2462.924172245303, "cumulative_reward": 624.5680449033524}, "token_totals": {"input": 123957, "output": 6401, "calls": 40}, "finished_at": "2026-04-23T18:33:26.077968+00:00"}