{"episode_id": "map_40_B2_open_plaza_obj_on_0013", "episode_idx": 5, "agent_name": "GhostAgent_5", "SR": 0.0, "SPL": 0.0, "SoftSPL": 0.0779876965299382, "PLR": 0.7224480637539058, "nDTW": 9.222945545561475e-117, "CLS": 0.15380696907338676, "steps": 40, "path_length_cm": 5196.214923030605, "cumulative_reward": 485.2989807155991, "ended_reason": "max_steps", "metrics": {"SR": 0.0, "SPL": 0.0, "SoftSPL": 0.0779876965299382, "PLR": 0.7224480637539058, "nDTW": 9.222945545561475e-117, "CLS": 0.15380696907338676, "path_length_cm": 5196.214923030605, "cumulative_reward": 485.2989807155991}, "token_totals": {"input": 121083, "output": 5595, "calls": 40}, "finished_at": "2026-04-23T14:01:28.678856+00:00"}