{"episode_id": "map_22_containeryard_demo_native_on_0017", "episode_idx": 7, "agent_name": "GhostAgent_7", "SR": 0.0, "SPL": 0.0, "SoftSPL": 0.3529794243622226, "PLR": 0.3717032634193299, "nDTW": 2.6109864858309205e-19, "CLS": 0.12593639162470965, "steps": 40, "path_length_cm": 2788.0978574841492, "cumulative_reward": 2189.0311028952897, "ended_reason": "max_steps", "metrics": {"SR": 0.0, "SPL": 0.0, "SoftSPL": 0.3529794243622226, "PLR": 0.3717032634193299, "nDTW": 2.6109864858309205e-19, "CLS": 0.12593639162470965, "path_length_cm": 2788.0978574841492, "cumulative_reward": 2189.0311028952897}, "token_totals": {"input": 118475, "output": 6336, "calls": 40}, "finished_at": "2026-04-23T00:04:06.397853+00:00"}