{"episode_id": "map_31_gothic_day_remix_on_0012", "episode_idx": 2, "agent_name": "GhostAgent_2", "SR": 0.0, "SPL": 0.0, "SoftSPL": 0.09083983688079988, "PLR": 0.027163989386483057, "nDTW": 0.0022842794517565763, "CLS": 0.18101750248324644, "steps": 40, "path_length_cm": 61.46586026405227, "cumulative_reward": 52.927649879945136, "ended_reason": "max_steps", "metrics": {"SR": 0.0, "SPL": 0.0, "SoftSPL": 0.09083983688079988, "PLR": 0.027163989386483057, "nDTW": 0.0022842794517565763, "CLS": 0.18101750248324644, "path_length_cm": 61.46586026405227, "cumulative_reward": 52.927649879945136}, "token_totals": {"input": 118067, "output": 6207, "calls": 40}, "finished_at": "2026-04-23T18:16:41.365943+00:00"}