{"episode_id": "map_25_containeryard_day_remix_on_0004", "episode_idx": 4, "agent_name": "GhostAgent_4", "SR": 0.0, "SPL": 0.0, "SoftSPL": 0.0, "PLR": 0.09562692089183006, "nDTW": 6.3269603100375074e-09, "CLS": 0.2765333615468464, "steps": 40, "path_length_cm": 149.6590000033408, "cumulative_reward": -150.04673794200835, "ended_reason": "max_steps", "metrics": {"SR": 0.0, "SPL": 0.0, "SoftSPL": 0.0, "PLR": 0.09562692089183006, "nDTW": 6.3269603100375074e-09, "CLS": 0.2765333615468464, "path_length_cm": 149.6590000033408, "cumulative_reward": -150.04673794200835}, "token_totals": {"input": 106253, "output": 2435, "calls": 40}, "finished_at": "2026-04-23T00:17:54.579798+00:00"}