{"episode_id": "map_06_hwaseong_native_obj_pn_0013", "episode_idx": 7, "agent_name": "GhostAgent_7", "SR": 0.0, "SPL": 0.0, "SoftSPL": 0.349005290199779, "PLR": 0.570766793980557, "nDTW": 6.231544156324376e-15, "CLS": 0.38370734089472347, "steps": 40, "path_length_cm": 4064.658646653138, "cumulative_reward": 1980.908049428265, "ended_reason": "max_steps", "metrics": {"SR": 0.0, "SPL": 0.0, "SoftSPL": 0.349005290199779, "PLR": 0.570766793980557, "nDTW": 6.231544156324376e-15, "CLS": 0.38370734089472347, "path_length_cm": 4064.658646653138, "cumulative_reward": 1980.908049428265}, "token_totals": {"input": 115658, "output": 4828, "calls": 40}, "finished_at": "2026-04-23T18:08:32.088526+00:00"}