{"episode_id": "map_21_hwaseong_remix2_obj_on_0003", "episode_idx": 3, "agent_name": "GhostAgent_3", "SR": 0.0, "SPL": 0.0, "SoftSPL": 0.017529082456603784, "PLR": 0.0, "nDTW": 1.7904279359312095e-10, "CLS": 0.100000010875872, "steps": 40, "path_length_cm": 0.0, "cumulative_reward": -0.4000000000000002, "ended_reason": "max_steps", "metrics": {"SR": 0.0, "SPL": 0.0, "SoftSPL": 0.017529082456603784, "PLR": 0.0, "nDTW": 1.7904279359312095e-10, "CLS": 0.100000010875872, "path_length_cm": 0.0, "cumulative_reward": -0.4000000000000002}, "token_totals": {"input": 33917, "output": 2093, "calls": 40}, "finished_at": "2026-04-23T18:18:56.953209+00:00"}