{"episode_id": "map_21_hwaseong_remix2_obj_on_0000", "episode_idx": 0, "agent_name": "GhostAgent_0", "SR": 0.0, "SPL": 0.0, "SoftSPL": 0.017279840175737582, "PLR": 0.0, "nDTW": 2.226030032329888e-07, "CLS": 0.16666666670167943, "steps": 40, "path_length_cm": 0.0, "cumulative_reward": -0.4000000000000002, "ended_reason": "max_steps", "metrics": {"SR": 0.0, "SPL": 0.0, "SoftSPL": 0.017279840175737582, "PLR": 0.0, "nDTW": 2.226030032329888e-07, "CLS": 0.16666666670167943, "path_length_cm": 0.0, "cumulative_reward": -0.4000000000000002}, "token_totals": {"input": 33946, "output": 1984, "calls": 40}, "finished_at": "2026-04-23T18:18:56.951199+00:00"}