{"episode_id": "map_01_wintertown_native_obj_on_0018", "episode_idx": 2, "agent_name": "GhostAgent_2", "SR": 0.0, "SPL": 0.0, "SoftSPL": 0.11366855443953072, "PLR": 0.05531069729434, "nDTW": 1.7657327458305852e-15, "CLS": 0.11604653781764675, "steps": 40, "path_length_cm": 399.34599999999955, "cumulative_reward": 388.3552162607475, "ended_reason": "max_steps", "metrics": {"SR": 0.0, "SPL": 0.0, "SoftSPL": 0.11366855443953072, "PLR": 0.05531069729434, "nDTW": 1.7657327458305852e-15, "CLS": 0.11604653781764675, "path_length_cm": 399.34599999999955, "cumulative_reward": 388.3552162607475}, "token_totals": {"input": 105628, "output": 3212, "calls": 40}, "finished_at": "2026-04-22T22:42:20.798154+00:00"}