{"episode_id": "map_61_containeryard_day_big_remix_on_0004", "episode_idx": 4, "agent_name": "GhostAgent_4", "SR": 0.0, "SPL": 0.0, "SoftSPL": 1.5865525442304573e-06, "PLR": 0.0, "nDTW": 0.0037083578818773357, "CLS": 0.250003437979545, "steps": 40, "path_length_cm": 0.0, "cumulative_reward": -0.4000000000000002, "ended_reason": "max_steps", "metrics": {"SR": 0.0, "SPL": 0.0, "SoftSPL": 1.5865525442304573e-06, "PLR": 0.0, "nDTW": 0.0037083578818773357, "CLS": 0.250003437979545, "path_length_cm": 0.0, "cumulative_reward": -0.4000000000000002}, "token_totals": {"input": 31397, "output": 1434, "calls": 40}, "finished_at": "2026-04-23T16:30:40.533973+00:00"}