{"episode_id": "map_06_hwaseong_native_obj_pn_0003", "episode_idx": 6, "agent_name": "GhostAgent_6", "SR": 0.0, "SPL": 0.0, "SoftSPL": 0.48650325199552674, "PLR": 1.3958174399723768, "nDTW": 9.645263269234782e-48, "CLS": 0.04534146214165631, "steps": 40, "path_length_cm": 10484.18020607412, "cumulative_reward": 6032.117646991045, "ended_reason": "max_steps", "metrics": {"SR": 0.0, "SPL": 0.0, "SoftSPL": 0.48650325199552674, "PLR": 1.3958174399723768, "nDTW": 9.645263269234782e-48, "CLS": 0.04534146214165631, "path_length_cm": 10484.18020607412, "cumulative_reward": 6032.117646991045}, "token_totals": {"input": 126083, "output": 7155, "calls": 40}, "finished_at": "2026-04-23T13:57:33.016699+00:00"}