{"episode_id": "map_09b_wintertown_demo02_on_0008", "episode_idx": 3, "agent_name": "GhostAgent_3", "SR": 0.0, "SPL": 0.0, "SoftSPL": 0.4881573229911087, "PLR": 0.16407509819937913, "nDTW": 7.185004285752372e-10, "CLS": 0.10865956683715855, "steps": 40, "path_length_cm": 1038.3623849626267, "cumulative_reward": 274.8557524485058, "ended_reason": "max_steps", "metrics": {"SR": 0.0, "SPL": 0.0, "SoftSPL": 0.4881573229911087, "PLR": 0.16407509819937913, "nDTW": 7.185004285752372e-10, "CLS": 0.10865956683715855, "path_length_cm": 1038.3623849626267, "cumulative_reward": 274.8557524485058}, "token_totals": {"input": 480767, "output": 8015, "calls": 40}, "finished_at": "2026-04-22T19:35:00.252243+00:00"}