{"episode_id": "map_04_courtyard_remix_obj_on_0000", "episode_idx": 1, "agent_name": "GhostAgent_1", "SR": 0.0, "SPL": 0.0, "SoftSPL": 0.6458653873798098, "PLR": 0.4572339086295616, "nDTW": 6.162601164429976e-15, "CLS": 0.024324349923414725, "steps": 40, "path_length_cm": 2405.987688904185, "cumulative_reward": -1241.0689821607793, "ended_reason": "max_steps", "metrics": {"SR": 0.0, "SPL": 0.0, "SoftSPL": 0.6458653873798098, "PLR": 0.4572339086295616, "nDTW": 6.162601164429976e-15, "CLS": 0.024324349923414725, "path_length_cm": 2405.987688904185, "cumulative_reward": -1241.0689821607793}, "token_totals": {"input": 114680, "output": 3920, "calls": 40}, "finished_at": "2026-04-23T12:52:40.593503+00:00"}