{"episode_id": "map_40_B2_open_plaza_obj_on_0014", "episode_idx": 4, "agent_name": "GhostAgent_4", "SR": 0.0, "SPL": 0.0, "SoftSPL": 0.0, "PLR": 0.33971286949530244, "nDTW": 0.02439727815769703, "CLS": 0.37916926369903425, "steps": 2, "path_length_cm": 395.4631485081765, "cumulative_reward": -321.2162946673359, "ended_reason": "no_tool_call", "metrics": {"SR": 0.0, "SPL": 0.0, "SoftSPL": 0.0, "PLR": 0.33971286949530244, "nDTW": 0.02439727815769703, "CLS": 0.37916926369903425, "path_length_cm": 395.4631485081765, "cumulative_reward": -321.2162946673359}, "token_totals": {"input": 2076, "output": 512, "calls": 2}, "finished_at": "2026-04-23T02:11:58.262940+00:00"}