{"episode_id": "map_59_B10_market_plaza_obj_on_0013", "episode_idx": 3, "agent_name": "GhostAgent_3", "SR": 0.0, "SPL": 0.0, "SoftSPL": 0.5639082680566991, "PLR": 1.479003379576915, "nDTW": 5.195483001719542e-65, "CLS": 0.04248802173789462, "steps": 40, "path_length_cm": 11624.685552832434, "cumulative_reward": 6471.350656360704, "ended_reason": "max_steps", "metrics": {"SR": 0.0, "SPL": 0.0, "SoftSPL": 0.5639082680566991, "PLR": 1.479003379576915, "nDTW": 5.195483001719542e-65, "CLS": 0.04248802173789462, "path_length_cm": 11624.685552832434, "cumulative_reward": 6471.350656360704}, "token_totals": {"input": 121666, "output": 6386, "calls": 40}, "finished_at": "2026-04-23T03:16:42.738295+00:00"}