{"episode_id": "map_31_gothic_day_remix_obj_pn_0018", "episode_idx": 7, "agent_name": "GhostAgent_7", "SR": 0.0, "SPL": 0.0, "SoftSPL": 0.0, "PLR": 0.8959688313141101, "nDTW": 4.277625204786888e-09, "CLS": 0.14830181133154285, "steps": 27, "path_length_cm": 1171.8645135406641, "cumulative_reward": 797.6628003960363, "ended_reason": "no_tool_call", "metrics": {"SR": 0.0, "SPL": 0.0, "SoftSPL": 0.0, "PLR": 0.8959688313141101, "nDTW": 4.277625204786888e-09, "CLS": 0.14830181133154285, "path_length_cm": 1171.8645135406641, "cumulative_reward": 797.6628003960363}, "token_totals": {"input": 76595, "output": 4067, "calls": 27}, "finished_at": "2026-04-23T01:13:30.059061+00:00"}