{"episode_id": "map_53_courtyard_sanny_big_remix_on_0004", "episode_idx": 4, "agent_name": "GhostAgent_4", "SR": 0.0, "SPL": 0.0, "SoftSPL": 0.17053666746744334, "PLR": 0.0631231982144886, "nDTW": 8.4328500222936e-05, "CLS": 0.10162124502310102, "steps": 6, "path_length_cm": 244.35999999999967, "cumulative_reward": -103.3690488849805, "ended_reason": "no_tool_call", "metrics": {"SR": 0.0, "SPL": 0.0, "SoftSPL": 0.17053666746744334, "PLR": 0.0631231982144886, "nDTW": 8.4328500222936e-05, "CLS": 0.10162124502310102, "path_length_cm": 244.35999999999967, "cumulative_reward": -103.3690488849805}, "token_totals": {"input": 12703, "output": 1434, "calls": 6}, "finished_at": "2026-04-23T14:20:55.447601+00:00"}