{"episode_id": "map_09b_wintertown_demo02_obj_pn_0002", "episode_idx": 2, "agent_name": "GhostAgent_2", "SR": 0.0, "SPL": 0.0, "SoftSPL": 0.0, "PLR": 3.0377475232402853, "nDTW": 4.252085152925905e-48, "CLS": 0.009160314283545138, "steps": 40, "path_length_cm": 13624.358396683147, "cumulative_reward": -582.4277175500201, "ended_reason": "max_steps", "metrics": {"SR": 0.0, "SPL": 0.0, "SoftSPL": 0.0, "PLR": 3.0377475232402853, "nDTW": 4.252085152925905e-48, "CLS": 0.009160314283545138, "path_length_cm": 13624.358396683147, "cumulative_reward": -582.4277175500201}, "token_totals": {"input": 130836, "output": 7729, "calls": 40}, "finished_at": "2026-04-22T23:16:35.300498+00:00"}