{"episode_id": "map_10_B1_urban_grid_obj_on_0010", "episode_idx": 7, "agent_name": "GhostAgent_7", "SR": 0.0, "SPL": 0.0, "SoftSPL": 0.5099592552812482, "PLR": 1.7924573583448984, "nDTW": 8.524674785424327e-23, "CLS": 0.04357037258530289, "steps": 40, "path_length_cm": 10748.4526247416, "cumulative_reward": 4638.211666280525, "ended_reason": "max_steps", "metrics": {"SR": 0.0, "SPL": 0.0, "SoftSPL": 0.5099592552812482, "PLR": 1.7924573583448984, "nDTW": 8.524674785424327e-23, "CLS": 0.04357037258530289, "path_length_cm": 10748.4526247416, "cumulative_reward": 4638.211666280525}, "token_totals": {"input": 115532, "output": 4474, "calls": 40}, "finished_at": "2026-04-23T13:30:39.579623+00:00"}