{"episode_id": "map_34_temple_plaza_native_on_0019", "episode_idx": 9, "agent_name": "GhostAgent_9", "SR": 0.0, "SPL": 0.0, "SoftSPL": 1.6274547390837668e-06, "PLR": 0.0, "nDTW": 0.002751551333251481, "CLS": 0.2500018927586849, "steps": 40, "path_length_cm": 0.0, "cumulative_reward": -0.4000000000000002, "ended_reason": "max_steps", "metrics": {"SR": 0.0, "SPL": 0.0, "SoftSPL": 1.6274547390837668e-06, "PLR": 0.0, "nDTW": 0.002751551333251481, "CLS": 0.2500018927586849, "path_length_cm": 0.0, "cumulative_reward": -0.4000000000000002}, "token_totals": {"input": 32906, "output": 1859, "calls": 40}, "finished_at": "2026-04-23T15:39:44.555148+00:00"}