{"episode_id": "map_20_trainstation_native_obj_on_0007", "episode_idx": 7, "agent_name": "GhostAgent_7", "SR": 0.0, "SPL": 0.0, "SoftSPL": 0.0, "PLR": 1.1821623760189903, "nDTW": 1.1602530155295921e-55, "CLS": 0.21332678306916872, "steps": 40, "path_length_cm": 1284.8449999999998, "cumulative_reward": -592.7069405743778, "ended_reason": "max_steps", "metrics": {"SR": 0.0, "SPL": 0.0, "SoftSPL": 0.0, "PLR": 1.1821623760189903, "nDTW": 1.1602530155295921e-55, "CLS": 0.21332678306916872, "path_length_cm": 1284.8449999999998, "cumulative_reward": -592.7069405743778}, "token_totals": {"input": 111510, "output": 4179, "calls": 40}, "finished_at": "2026-04-23T17:39:38.788592+00:00"}