{
  "map": "map_66_middleeast_bazaar",
  "n": 40,
  "SR": 0.0,
  "SPL": 0.0,
  "SoftSPL": 0.07861948728852554,
  "nDTW": 0.004507847719901985,
  "avg_steps": 36.5
}