{"episode_id": "map_53_courtyard_sanny_big_remix_obj_on_0006", "episode_idx": 6, "agent_name": "GhostAgent_6", "SR": 0.0, "SPL": 0.0, "SoftSPL": 0.0, "PLR": 0.4607534831708996, "nDTW": 2.4946613368078787e-18, "CLS": 0.13465667613743726, "steps": 40, "path_length_cm": 1082.6831422898115, "cumulative_reward": -225.39938569302245, "ended_reason": "max_steps", "metrics": {"SR": 0.0, "SPL": 0.0, "SoftSPL": 0.0, "PLR": 0.4607534831708996, "nDTW": 2.4946613368078787e-18, "CLS": 0.13465667613743726, "path_length_cm": 1082.6831422898115, "cumulative_reward": -225.39938569302245}, "token_totals": {"input": 132997, "output": 9140, "calls": 40}, "finished_at": "2026-04-23T14:53:24.660140+00:00"}