{"episode_id": "map_16_hwaseong_remix_on_0012", "episode_idx": 3, "agent_name": "GhostAgent_3", "SR": 0.0, "SPL": 0.0, "SoftSPL": 0.0014532473191964934, "PLR": 0.0, "nDTW": 0.0014532473191964934, "CLS": 0.0014532473191964934, "steps": 0, "path_length_cm": 0.0, "cumulative_reward": 0.0, "ended_reason": "spawn_blocked", "metrics": {"SR": 0.0, "SPL": 0.0, "SoftSPL": 0.0014532473191964934, "PLR": 0.0, "nDTW": 0.0014532473191964934, "CLS": 0.0014532473191964934, "path_length_cm": 0.0, "cumulative_reward": 0.0}, "token_totals": {"input": 0, "output": 0, "calls": 0}, "finished_at": "2026-04-23T20:11:13.660132+00:00"}