{"episode_id": "map_06_hwaseong_native_on_0008", "episode_idx": 1, "agent_name": "GhostAgent_1", "SR": 0.0, "SPL": 0.0, "SoftSPL": 0.010937482876597682, "PLR": 0.0, "nDTW": 0.0004929181583032291, "CLS": 0.13035741247469879, "steps": 0, "path_length_cm": 0.0, "cumulative_reward": 0.0, "ended_reason": "spawn_blocked", "metrics": {"SR": 0.0, "SPL": 0.0, "SoftSPL": 0.010937482876597682, "PLR": 0.0, "nDTW": 0.0004929181583032291, "CLS": 0.13035741247469879, "path_length_cm": 0.0, "cumulative_reward": 0.0}, "token_totals": {"input": 0, "output": 0, "calls": 0}, "finished_at": "2026-04-23T17:17:51.487022+00:00"}