{"episode_id": "map_19_wintertown_demo02_native_obj_pn_0001", "episode_idx": 1, "agent_name": "GhostAgent_1", "SR": 0.0, "SPL": 0.0, "SoftSPL": 0.0, "PLR": 0.08942497067748749, "nDTW": 5.828148029377556e-15, "CLS": 0.1522474764438182, "steps": 40, "path_length_cm": 406.3729999999996, "cumulative_reward": -349.13983791304963, "ended_reason": "max_steps", "metrics": {"SR": 0.0, "SPL": 0.0, "SoftSPL": 0.0, "PLR": 0.08942497067748749, "nDTW": 5.828148029377556e-15, "CLS": 0.1522474764438182, "path_length_cm": 406.3729999999996, "cumulative_reward": -349.13983791304963}, "token_totals": {"input": 110735, "output": 3520, "calls": 40}, "finished_at": "2026-04-22T23:37:29.375881+00:00"}