{"episode_id": "map_27_courtyard_overcast_remix_obj_on_0015", "episode_idx": 5, "agent_name": "GhostAgent_5", "SR": 0.0, "SPL": 0.0, "SoftSPL": 0.4613499023179283, "PLR": 0.05712981721902193, "nDTW": 1.811820593007913e-05, "CLS": 0.07502192263481455, "steps": 40, "path_length_cm": 200.7296118862389, "cumulative_reward": -118.42665151894117, "ended_reason": "max_steps", "metrics": {"SR": 0.0, "SPL": 0.0, "SoftSPL": 0.4613499023179283, "PLR": 0.05712981721902193, "nDTW": 1.811820593007913e-05, "CLS": 0.07502192263481455, "path_length_cm": 200.7296118862389, "cumulative_reward": -118.42665151894117}, "token_totals": {"input": 39890, "output": 3573, "calls": 40}, "finished_at": "2026-04-23T15:52:12.560060+00:00"}