{"episode_id": "map_13_watertown_native_on_0008", "episode_idx": 8, "agent_name": "GhostAgent_8", "SR": 0.0, "SPL": 0.0, "SoftSPL": 0.0, "PLR": 3.159314761023774, "nDTW": 3.672167907201303e-172, "CLS": 0.03518157592017844, "steps": 40, "path_length_cm": 14709.61156158864, "cumulative_reward": -7775.209562666222, "ended_reason": "max_steps", "metrics": {"SR": 0.0, "SPL": 0.0, "SoftSPL": 0.0, "PLR": 3.159314761023774, "nDTW": 3.672167907201303e-172, "CLS": 0.03518157592017844, "path_length_cm": 14709.61156158864, "cumulative_reward": -7775.209562666222}, "token_totals": {"input": 130602, "output": 6994, "calls": 40}, "finished_at": "2026-04-23T16:49:28.257525+00:00"}