{"episode_id": "map_01_wintertown_native_pn_0019", "episode_idx": 2, "agent_name": "GhostAgent_2", "SR": 0.0, "SPL": 0.0, "SoftSPL": 0.10164350538963507, "PLR": 0.33421842851248273, "nDTW": 1.3515553807037749e-27, "CLS": 0.08388787413303914, "steps": 40, "path_length_cm": 2136.116979626112, "cumulative_reward": 478.8304625092295, "ended_reason": "max_steps", "metrics": {"SR": 0.0, "SPL": 0.0, "SoftSPL": 0.10164350538963507, "PLR": 0.33421842851248273, "nDTW": 1.3515553807037749e-27, "CLS": 0.08388787413303914, "path_length_cm": 2136.116979626112, "cumulative_reward": 478.8304625092295}, "token_totals": {"input": 422429, "output": 3134, "calls": 40}, "finished_at": "2026-04-22T21:00:15.490921+00:00"}