{"episode_id": "map_20_trainstation_native_on_0003", "episode_idx": 3, "agent_name": "GhostAgent_3", "SR": 0.0, "SPL": 0.0, "SoftSPL": 0.0, "PLR": 0.17811862865029324, "nDTW": 5.636173230670089e-12, "CLS": 0.30458559984634004, "steps": 40, "path_length_cm": 227.14399999999995, "cumulative_reward": -227.2667620563218, "ended_reason": "max_steps", "metrics": {"SR": 0.0, "SPL": 0.0, "SoftSPL": 0.0, "PLR": 0.17811862865029324, "nDTW": 5.636173230670089e-12, "CLS": 0.30458559984634004, "path_length_cm": 227.14399999999995, "cumulative_reward": -227.2667620563218}, "token_totals": {"input": 108518, "output": 4329, "calls": 40}, "finished_at": "2026-04-23T17:10:14.550504+00:00"}