{"episode_id": "map_23_containeryard_demo_remix_obj_pn_0009", "episode_idx": 4, "agent_name": "GhostAgent_4", "SR": 0.0, "SPL": 0.0, "SoftSPL": 0.5508183311267688, "PLR": 0.6111783497097388, "nDTW": 1.2633759806551962e-09, "CLS": 0.18627516334878666, "steps": 12, "path_length_cm": 4024.432191117214, "cumulative_reward": 3659.9522543162802, "ended_reason": "no_tool_call", "metrics": {"SR": 0.0, "SPL": 0.0, "SoftSPL": 0.5508183311267688, "PLR": 0.6111783497097388, "nDTW": 1.2633759806551962e-09, "CLS": 0.18627516334878666, "path_length_cm": 4024.432191117214, "cumulative_reward": 3659.9522543162802}, "token_totals": {"input": 31530, "output": 2253, "calls": 12}, "finished_at": "2026-04-23T13:28:20.694815+00:00"}