{"episode_id": "map_28_village_night_native_obj_on_0001", "episode_idx": 1, "agent_name": "GhostAgent_1", "SR": 0.0, "SPL": 0.0, "SoftSPL": 0.0, "PLR": 1.3165425561308737, "nDTW": 1.2909402311467855e-43, "CLS": 0.19154507818687272, "steps": 40, "path_length_cm": 1432.0560000057965, "cumulative_reward": -201.25018179231665, "ended_reason": "max_steps", "metrics": {"SR": 0.0, "SPL": 0.0, "SoftSPL": 0.0, "PLR": 1.3165425561308737, "nDTW": 1.2909402311467855e-43, "CLS": 0.19154507818687272, "path_length_cm": 1432.0560000057965, "cumulative_reward": -201.25018179231665}, "token_totals": {"input": 107535, "output": 4032, "calls": 40}, "finished_at": "2026-04-23T01:07:42.054554+00:00"}