{"episode_id": "map_15_middleeast_remix_obj_on_0000", "episode_idx": 0, "agent_name": "GhostAgent_0", "SR": 0.0, "SPL": 0.0, "SoftSPL": 0.03613903875939428, "PLR": 0.0, "nDTW": 0.03613903875939428, "CLS": 0.03613903875939428, "steps": 0, "path_length_cm": 0.0, "cumulative_reward": 0.0, "ended_reason": "spawn_blocked", "metrics": {"SR": 0.0, "SPL": 0.0, "SoftSPL": 0.03613903875939428, "PLR": 0.0, "nDTW": 0.03613903875939428, "CLS": 0.03613903875939428, "path_length_cm": 0.0, "cumulative_reward": 0.0}, "token_totals": {"input": 0, "output": 0, "calls": 0}, "finished_at": "2026-04-23T19:51:54.347924+00:00"}