{"episode_id": "map_53_courtyard_sanny_big_remix_pn_0017", "episode_idx": 7, "agent_name": "GhostAgent_7", "SR": 0.0, "SPL": 0.0, "SoftSPL": 0.7594719989160563, "PLR": 0.22256239737595968, "nDTW": 1.3593098273972656e-05, "CLS": 0.22256242738473905, "steps": 14, "path_length_cm": 1135.8650000000002, "cumulative_reward": 871.3851560028554, "ended_reason": "success", "metrics": {"SR": 0.0, "SPL": 0.0, "SoftSPL": 0.7594719989160563, "PLR": 0.22256239737595968, "nDTW": 1.3593098273972656e-05, "CLS": 0.22256242738473905, "path_length_cm": 1135.8650000000002, "cumulative_reward": 871.3851560028554}, "token_totals": {"input": 37237, "output": 2323, "calls": 14}, "finished_at": "2026-04-23T02:12:37.656933+00:00"}