{"episode_id": "map_67_B12_construction_site_on_0009", "episode_idx": 9, "agent_name": "GhostAgent_9", "SR": 0.0, "SPL": 0.0, "SoftSPL": 0.2707671526560968, "PLR": 2.950486839450149, "nDTW": 2.01440367841559e-72, "CLS": 0.09045402664917047, "steps": 40, "path_length_cm": 10368.099268433009, "cumulative_reward": 2806.9377947977673, "ended_reason": "max_steps", "metrics": {"SR": 0.0, "SPL": 0.0, "SoftSPL": 0.2707671526560968, "PLR": 2.950486839450149, "nDTW": 2.01440367841559e-72, "CLS": 0.09045402664917047, "path_length_cm": 10368.099268433009, "cumulative_reward": 2806.9377947977673}, "token_totals": {"input": 133031, "output": 8679, "calls": 40}, "finished_at": "2026-04-23T15:16:42.408736+00:00"}