{"episode_id": "map_08_cave_remix_obj_on_0012", "episode_idx": 0, "agent_name": "GhostAgent_0", "SR": 0.0, "SPL": 0.0, "SoftSPL": 0.7397190639096842, "PLR": 0.7406626783759414, "nDTW": 1.4125390123505855e-14, "CLS": 0.2416369576142119, "steps": 40, "path_length_cm": 1989.9754511265605, "cumulative_reward": 1982.2473179573983, "ended_reason": "max_steps", "metrics": {"SR": 0.0, "SPL": 0.0, "SoftSPL": 0.7397190639096842, "PLR": 0.7406626783759414, "nDTW": 1.4125390123505855e-14, "CLS": 0.2416369576142119, "path_length_cm": 1989.9754511265605, "cumulative_reward": 1982.2473179573983}, "token_totals": {"input": 30857, "output": 1465, "calls": 40}, "finished_at": "2026-04-23T15:12:20.430085+00:00"}