{"episode_id": "map_23_containeryard_demo_remix_pn_0012", "episode_idx": 2, "agent_name": "GhostAgent_2", "SR": 0.0, "SPL": 0.0, "SoftSPL": 0.0, "PLR": 8.671389815307744, "nDTW": 3.4946094331419845e-84, "CLS": 0.02914080189776484, "steps": 40, "path_length_cm": 10024.0399125976, "cumulative_reward": -5354.794632899409, "ended_reason": "max_steps", "metrics": {"SR": 0.0, "SPL": 0.0, "SoftSPL": 0.0, "PLR": 8.671389815307744, "nDTW": 3.4946094331419845e-84, "CLS": 0.02914080189776484, "path_length_cm": 10024.0399125976, "cumulative_reward": -5354.794632899409}, "token_totals": {"input": 135823, "output": 9028, "calls": 40}, "finished_at": "2026-04-23T13:14:02.987637+00:00"}