{"episode_id": "map_49_courtyard_sunny_packed_pn_0012", "episode_idx": 2, "agent_name": "GhostAgent_2", "SR": 0.0, "SPL": 0.0, "SoftSPL": 0.04884217057710888, "PLR": 1.2979685015322595, "nDTW": 5.1828926106036006e-20, "CLS": 0.09557771204359847, "steps": 40, "path_length_cm": 1524.0356754441332, "cumulative_reward": 192.5450441104307, "ended_reason": "max_steps", "metrics": {"SR": 0.0, "SPL": 0.0, "SoftSPL": 0.04884217057710888, "PLR": 1.2979685015322595, "nDTW": 5.1828926106036006e-20, "CLS": 0.09557771204359847, "path_length_cm": 1524.0356754441332, "cumulative_reward": 192.5450441104307}, "token_totals": {"input": 115961, "output": 6305, "calls": 40}, "finished_at": "2026-04-23T01:44:08.474921+00:00"}