{"episode_id": "map_67_B12_construction_site_obj_pn_0012", "episode_idx": 3, "agent_name": "GhostAgent_3", "SR": 0.0, "SPL": 0.0, "SoftSPL": 0.30119024061625455, "PLR": 0.9591071536734387, "nDTW": 5.333509267235711e-77, "CLS": 0.06516525838309074, "steps": 40, "path_length_cm": 6403.267907926905, "cumulative_reward": 1209.3853596116505, "ended_reason": "max_steps", "metrics": {"SR": 0.0, "SPL": 0.0, "SoftSPL": 0.30119024061625455, "PLR": 0.9591071536734387, "nDTW": 5.333509267235711e-77, "CLS": 0.06516525838309074, "path_length_cm": 6403.267907926905, "cumulative_reward": 1209.3853596116505}, "token_totals": {"input": 130754, "output": 7994, "calls": 40}, "finished_at": "2026-04-23T17:18:57.421338+00:00"}