{"episode_id": "map_65_hwaseong_ceremonial_on_0013", "episode_idx": 3, "agent_name": "GhostAgent_3", "SR": 0.0, "SPL": 0.0, "SoftSPL": 0.28886539369790143, "PLR": 0.039725194600068035, "nDTW": 5.771920409459927e-07, "CLS": 0.07039759001342968, "steps": 40, "path_length_cm": 203.21900000000005, "cumulative_reward": 201.54515409295118, "ended_reason": "max_steps", "metrics": {"SR": 0.0, "SPL": 0.0, "SoftSPL": 0.28886539369790143, "PLR": 0.039725194600068035, "nDTW": 5.771920409459927e-07, "CLS": 0.07039759001342968, "path_length_cm": 203.21900000000005, "cumulative_reward": 201.54515409295118}, "token_totals": {"input": 102160, "output": 2625, "calls": 40}, "finished_at": "2026-04-23T03:56:43.750064+00:00"}