{"episode_id": "map_67_B12_construction_site_obj_pn_0014", "episode_idx": 4, "agent_name": "GhostAgent_4", "SR": 0.0, "SPL": 0.0, "SoftSPL": 0.2889257248363364, "PLR": 1.9397771896550182, "nDTW": 8.601209525313698e-43, "CLS": 0.010520888137024172, "steps": 40, "path_length_cm": 14061.018096827502, "cumulative_reward": 3918.666923902677, "ended_reason": "max_steps", "metrics": {"SR": 0.0, "SPL": 0.0, "SoftSPL": 0.2889257248363364, "PLR": 1.9397771896550182, "nDTW": 8.601209525313698e-43, "CLS": 0.010520888137024172, "path_length_cm": 14061.018096827502, "cumulative_reward": 3918.666923902677}, "token_totals": {"input": 123229, "output": 5810, "calls": 40}, "finished_at": "2026-04-23T06:14:49.202672+00:00"}