{"episode_id": "map_11_wintertown_demo01_remix_obj_pn_0011", "episode_idx": 4, "agent_name": "GhostAgent_4", "SR": 0.0, "SPL": 0.0, "SoftSPL": 0.0, "PLR": 1.2848783867088391, "nDTW": 2.007123686417067e-34, "CLS": 0.21955144533326457, "steps": 40, "path_length_cm": 1655.2702792453963, "cumulative_reward": 1156.1609516612589, "ended_reason": "max_steps", "metrics": {"SR": 0.0, "SPL": 0.0, "SoftSPL": 0.0, "PLR": 1.2848783867088391, "nDTW": 2.007123686417067e-34, "CLS": 0.21955144533326457, "path_length_cm": 1655.2702792453963, "cumulative_reward": 1156.1609516612589}, "token_totals": {"input": 124913, "output": 7300, "calls": 40}, "finished_at": "2026-04-22T23:46:04.946560+00:00"}