{"episode_id": "map_06_hwaseong_native_pn_0015", "episode_idx": 9, "agent_name": "GhostAgent_9", "SR": 0.0, "SPL": 0.0, "SoftSPL": 0.6629955040481279, "PLR": 0.6660985939686279, "nDTW": 2.108215055792756e-19, "CLS": 0.46158154840717713, "steps": 40, "path_length_cm": 876.232717407911, "cumulative_reward": 871.7466241553184, "ended_reason": "max_steps", "metrics": {"SR": 0.0, "SPL": 0.0, "SoftSPL": 0.6629955040481279, "PLR": 0.6660985939686279, "nDTW": 2.108215055792756e-19, "CLS": 0.46158154840717713, "path_length_cm": 876.232717407911, "cumulative_reward": 871.7466241553184}, "token_totals": {"input": 108414, "output": 4607, "calls": 40}, "finished_at": "2026-04-23T13:11:13.576592+00:00"}