{"episode_id": "map_57_gothic_day_invasion_obj_on_0015", "episode_idx": 4, "agent_name": "GhostAgent_4", "SR": 0.0, "SPL": 0.0, "SoftSPL": 0.05773254263224026, "PLR": 0.28793352850083054, "nDTW": 2.9404176273902837e-22, "CLS": 0.07088390364839378, "steps": 40, "path_length_cm": 2171.246272383778, "cumulative_reward": 192.62632077599196, "ended_reason": "max_steps", "metrics": {"SR": 0.0, "SPL": 0.0, "SoftSPL": 0.05773254263224026, "PLR": 0.28793352850083054, "nDTW": 2.9404176273902837e-22, "CLS": 0.07088390364839378, "path_length_cm": 2171.246272383778, "cumulative_reward": 192.62632077599196}, "token_totals": {"input": 129265, "output": 7733, "calls": 40}, "finished_at": "2026-04-23T15:39:01.854767+00:00"}