{"episode_id": "map_67_B12_construction_site_obj_on_0001", "episode_idx": 1, "agent_name": "GhostAgent_1", "SR": 0.0, "SPL": 0.0, "SoftSPL": 0.1797437770436957, "PLR": 1.1727680316074542, "nDTW": 2.8417961253266775e-09, "CLS": 0.029941272362744943, "steps": 18, "path_length_cm": 5219.157843382338, "cumulative_reward": 606.7199230441468, "ended_reason": "no_tool_call", "metrics": {"SR": 0.0, "SPL": 0.0, "SoftSPL": 0.1797437770436957, "PLR": 1.1727680316074542, "nDTW": 2.8417961253266775e-09, "CLS": 0.029941272362744943, "path_length_cm": 5219.157843382338, "cumulative_reward": 606.7199230441468}, "token_totals": {"input": 53836, "output": 3640, "calls": 18}, "finished_at": "2026-04-23T15:47:09.092796+00:00"}