{"episode_id": "map_57_gothic_day_invasion_obj_pn_0005", "episode_idx": 3, "agent_name": "GhostAgent_3", "SR": 0.0, "SPL": 0.0, "SoftSPL": 0.0, "PLR": 2.5004015898559864, "nDTW": 1.7385117288273495e-25, "CLS": 0.03775388154307438, "steps": 40, "path_length_cm": 6328.816472116284, "cumulative_reward": 1640.7314029763006, "ended_reason": "max_steps", "metrics": {"SR": 0.0, "SPL": 0.0, "SoftSPL": 0.0, "PLR": 2.5004015898559864, "nDTW": 1.7385117288273495e-25, "CLS": 0.03775388154307438, "path_length_cm": 6328.816472116284, "cumulative_reward": 1640.7314029763006}, "token_totals": {"input": 118025, "output": 5297, "calls": 40}, "finished_at": "2026-04-23T03:30:58.513938+00:00"}