{"episode_id": "map_18_cave_native_on_0012", "episode_idx": 2, "agent_name": "GhostAgent_2", "SR": 0.0, "SPL": 0.0, "SoftSPL": 0.29606381943707116, "PLR": 0.0, "nDTW": 0.0007403582555722773, "CLS": 0.13298981575818067, "steps": 40, "path_length_cm": 0.0, "cumulative_reward": -0.4000000000000002, "ended_reason": "max_steps", "metrics": {"SR": 0.0, "SPL": 0.0, "SoftSPL": 0.29606381943707116, "PLR": 0.0, "nDTW": 0.0007403582555722773, "CLS": 0.13298981575818067, "path_length_cm": 0.0, "cumulative_reward": -0.4000000000000002}, "token_totals": {"input": 106392, "output": 2088, "calls": 40}, "finished_at": "2026-04-23T17:14:56.880476+00:00"}