{"episode_id": "map_06_hwaseong_native_obj_pn_0005", "episode_idx": 8, "agent_name": "GhostAgent_8", "SR": 0.0, "SPL": 0.0, "SoftSPL": 0.23522778148601242, "PLR": 0.04620962991635678, "nDTW": 1.3423604614618752e-10, "CLS": 0.0968586781158364, "steps": 40, "path_length_cm": 274.5730000000003, "cumulative_reward": -255.95324932129552, "ended_reason": "max_steps", "metrics": {"SR": 0.0, "SPL": 0.0, "SoftSPL": 0.23522778148601242, "PLR": 0.04620962991635678, "nDTW": 1.3423604614618752e-10, "CLS": 0.0968586781158364, "path_length_cm": 274.5730000000003, "cumulative_reward": -255.95324932129552}, "token_totals": {"input": 118736, "output": 5473, "calls": 40}, "finished_at": "2026-04-23T13:57:33.017333+00:00"}