{"episode_id": "map_59_B10_market_plaza_pn_0004", "episode_idx": 3, "agent_name": "GhostAgent_3", "SR": 0.0, "SPL": 0.0, "SoftSPL": 0.5662101905006659, "PLR": 1.614206745368353, "nDTW": 3.2453643817590834e-48, "CLS": 0.19935807004968284, "steps": 40, "path_length_cm": 10807.324007118023, "cumulative_reward": 6118.8203951790365, "ended_reason": "max_steps", "metrics": {"SR": 0.0, "SPL": 0.0, "SoftSPL": 0.5662101905006659, "PLR": 1.614206745368353, "nDTW": 3.2453643817590834e-48, "CLS": 0.19935807004968284, "path_length_cm": 10807.324007118023, "cumulative_reward": 6118.8203951790365}, "token_totals": {"input": 118874, "output": 5972, "calls": 40}, "finished_at": "2026-04-23T03:30:47.114895+00:00"}