{"episode_id": "map_10_B1_urban_grid_obj_on_0002", "episode_idx": 2, "agent_name": "GhostAgent_2", "SR": 0.0, "SPL": 0.0, "SoftSPL": 0.4192056441632727, "PLR": 1.4655232452171558, "nDTW": 7.49303277916032e-86, "CLS": 0.07581678239949291, "steps": 40, "path_length_cm": 10843.743561708136, "cumulative_reward": 4505.81220356534, "ended_reason": "max_steps", "metrics": {"SR": 0.0, "SPL": 0.0, "SoftSPL": 0.4192056441632727, "PLR": 1.4655232452171558, "nDTW": 7.49303277916032e-86, "CLS": 0.07581678239949291, "path_length_cm": 10843.743561708136, "cumulative_reward": 4505.81220356534}, "token_totals": {"input": 123953, "output": 6009, "calls": 40}, "finished_at": "2026-04-23T13:30:39.578211+00:00"}