{"episode_id": "map_26_courtyard_overcast_native_obj_on_0000", "episode_idx": 0, "agent_name": "GhostAgent_0", "SR": 0.0, "SPL": 0.0, "SoftSPL": 0.7787849291898175, "PLR": 0.0, "nDTW": 0.015093211491652174, "CLS": 0.062498082006493504, "steps": 1, "path_length_cm": 0.0, "cumulative_reward": 0.0, "ended_reason": "no_tool_call", "metrics": {"SR": 0.0, "SPL": 0.0, "SoftSPL": 0.7787849291898175, "PLR": 0.0, "nDTW": 0.015093211491652174, "CLS": 0.062498082006493504, "path_length_cm": 0.0, "cumulative_reward": 0.0}, "token_totals": {"input": 769, "output": 256, "calls": 1}, "finished_at": "2026-04-23T17:59:48.208770+00:00"}