{"episode_id": "map_27_courtyard_overcast_remix_pn_0013", "episode_idx": 3, "agent_name": "GhostAgent_3", "SR": 0.0, "SPL": 0.0, "SoftSPL": 0.8414458798767329, "PLR": 0.2172578844566825, "nDTW": 7.666526839874109e-06, "CLS": 0.15614345458526294, "steps": 40, "path_length_cm": 734.6922975517849, "cumulative_reward": 691.9271580223477, "ended_reason": "max_steps", "metrics": {"SR": 0.0, "SPL": 0.0, "SoftSPL": 0.8414458798767329, "PLR": 0.2172578844566825, "nDTW": 7.666526839874109e-06, "CLS": 0.15614345458526294, "path_length_cm": 734.6922975517849, "cumulative_reward": 691.9271580223477}, "token_totals": {"input": 31623, "output": 1645, "calls": 40}, "finished_at": "2026-04-23T15:29:16.194245+00:00"}