{"episode_id": "map_28_village_night_native_pn_0017", "episode_idx": 2, "agent_name": "GhostAgent_2", "SR": 0.0, "SPL": 0.0, "SoftSPL": 0.5243536446313188, "PLR": 1.1503138464585998, "nDTW": 2.517460919757824e-21, "CLS": 0.7027433115102618, "steps": 40, "path_length_cm": 3271.619113851368, "cumulative_reward": 1978.3305786351204, "ended_reason": "max_steps", "metrics": {"SR": 0.0, "SPL": 0.0, "SoftSPL": 0.5243536446313188, "PLR": 1.1503138464585998, "nDTW": 2.517460919757824e-21, "CLS": 0.7027433115102618, "path_length_cm": 3271.619113851368, "cumulative_reward": 1978.3305786351204}, "token_totals": {"input": 119056, "output": 6091, "calls": 40}, "finished_at": "2026-04-23T00:25:13.846115+00:00"}