{"episode_id": "map_20_trainstation_native_on_0006", "episode_idx": 6, "agent_name": "GhostAgent_6", "SR": 0.0, "SPL": 0.0, "SoftSPL": 0.0, "PLR": 4.448928924974862, "nDTW": 2.1728692206693124e-60, "CLS": 0.05732459683670478, "steps": 40, "path_length_cm": 4764.091050020081, "cumulative_reward": -1130.0210139735643, "ended_reason": "max_steps", "metrics": {"SR": 0.0, "SPL": 0.0, "SoftSPL": 0.0, "PLR": 4.448928924974862, "nDTW": 2.1728692206693124e-60, "CLS": 0.05732459683670478, "path_length_cm": 4764.091050020081, "cumulative_reward": -1130.0210139735643}, "token_totals": {"input": 128286, "output": 7553, "calls": 40}, "finished_at": "2026-04-23T17:10:14.551740+00:00"}