{"episode_id": "map_20_trainstation_native_on_0019", "episode_idx": 9, "agent_name": "GhostAgent_9", "SR": 1.0, "SPL": 0.9204543075243544, "SoftSPL": 0.9081013843100894, "PLR": 1.0864200339173717, "nDTW": 0.00024064778999674202, "CLS": 0.1987389498668626, "steps": 18, "path_length_cm": 4373.003599522509, "cumulative_reward": 3736.7926110795647, "ended_reason": "success", "metrics": {"SR": 1.0, "SPL": 0.9204543075243544, "SoftSPL": 0.9081013843100894, "PLR": 1.0864200339173717, "nDTW": 0.00024064778999674202, "CLS": 0.1987389498668626, "path_length_cm": 4373.003599522509, "cumulative_reward": 3736.7926110795647}, "token_totals": {"input": 48748, "output": 2903, "calls": 18}, "finished_at": "2026-04-23T17:25:02.999580+00:00"}