{"episode_id": "map_47_wintertown_demo01_minimal_obj_on_0013", "episode_idx": 3, "agent_name": "GhostAgent_3", "SR": 0.0, "SPL": 0.0, "SoftSPL": 0.0, "PLR": 1.9986042424489237, "nDTW": 3.66238129087512e-51, "CLS": 0.031291474430759504, "steps": 40, "path_length_cm": 4258.585947725318, "cumulative_reward": -814.3716834983871, "ended_reason": "max_steps", "metrics": {"SR": 0.0, "SPL": 0.0, "SoftSPL": 0.0, "PLR": 1.9986042424489237, "nDTW": 3.66238129087512e-51, "CLS": 0.031291474430759504, "path_length_cm": 4258.585947725318, "cumulative_reward": -814.3716834983871}, "token_totals": {"input": 121186, "output": 5483, "calls": 40}, "finished_at": "2026-04-23T02:13:36.119149+00:00"}