{"episode_id": "map_28_village_night_native_on_0003", "episode_idx": 3, "agent_name": "GhostAgent_3", "SR": 0.0, "SPL": 0.0, "SoftSPL": 0.6418486005288172, "PLR": 1.3386189307330978, "nDTW": 1.6850565796661682e-06, "CLS": 0.321116216653009, "steps": 11, "path_length_cm": 2219.0687600441784, "cumulative_reward": 1424.1995687386677, "ended_reason": "success", "metrics": {"SR": 0.0, "SPL": 0.0, "SoftSPL": 0.6418486005288172, "PLR": 1.3386189307330978, "nDTW": 1.6850565796661682e-06, "CLS": 0.321116216653009, "path_length_cm": 2219.0687600441784, "cumulative_reward": 1424.1995687386677}, "token_totals": {"input": 25568, "output": 918, "calls": 11}, "finished_at": "2026-04-23T00:37:31.658651+00:00"}