{"episode_id": "map_19_wintertown_demo02_native_obj_pn_0019", "episode_idx": 3, "agent_name": "GhostAgent_3", "SR": 0.0, "SPL": 0.0, "SoftSPL": 0.0, "PLR": 0.00856486859275571, "nDTW": 0.000683718342567364, "CLS": 0.0872114631566996, "steps": 40, "path_length_cm": 33.88741647935353, "cumulative_reward": -1.1044097748289463, "ended_reason": "max_steps", "metrics": {"SR": 0.0, "SPL": 0.0, "SoftSPL": 0.0, "PLR": 0.00856486859275571, "nDTW": 0.000683718342567364, "CLS": 0.0872114631566996, "path_length_cm": 33.88741647935353, "cumulative_reward": -1.1044097748289463}, "token_totals": {"input": 111470, "output": 3204, "calls": 40}, "finished_at": "2026-04-23T15:41:15.436688+00:00"}