{"episode_id": "map_40_B2_open_plaza_obj_on_0001", "episode_idx": 1, "agent_name": "GhostAgent_1", "SR": 0.0, "SPL": 0.0, "SoftSPL": 0.06230782339724441, "PLR": 3.7100701496506274, "nDTW": 1.1861513950521053e-41, "CLS": 0.031054103131426432, "steps": 40, "path_length_cm": 11319.015918867603, "cumulative_reward": 688.2783212759132, "ended_reason": "max_steps", "metrics": {"SR": 0.0, "SPL": 0.0, "SoftSPL": 0.06230782339724441, "PLR": 3.7100701496506274, "nDTW": 1.1861513950521053e-41, "CLS": 0.031054103131426432, "path_length_cm": 11319.015918867603, "cumulative_reward": 688.2783212759132}, "token_totals": {"input": 124238, "output": 5985, "calls": 40}, "finished_at": "2026-04-23T01:57:51.039588+00:00"}