{"episode_id": "map_36_dungeon_native_obj_on_0019", "episode_idx": 9, "agent_name": "GhostAgent_9", "SR": 0.0, "SPL": 0.0, "SoftSPL": 0.8286919411124269, "PLR": 1.1078684058690156, "nDTW": 1.5834209842807267e-18, "CLS": 0.4080340328571549, "steps": 40, "path_length_cm": 2881.1668910391963, "cumulative_reward": 2387.201310612412, "ended_reason": "max_steps", "metrics": {"SR": 0.0, "SPL": 0.0, "SoftSPL": 0.8286919411124269, "PLR": 1.1078684058690156, "nDTW": 1.5834209842807267e-18, "CLS": 0.4080340328571549, "path_length_cm": 2881.1668910391963, "cumulative_reward": 2387.201310612412}, "token_totals": {"input": 116767, "output": 6111, "calls": 40}, "finished_at": "2026-04-23T01:44:19.131173+00:00"}