{"episode_id": "map_23_containeryard_demo_remix_on_0008", "episode_idx": 8, "agent_name": "GhostAgent_8", "SR": 0.0, "SPL": 0.0, "SoftSPL": 0.0, "PLR": 1.8653880175873423, "nDTW": 2.9698737510671243e-66, "CLS": 0.06671404097682848, "steps": 40, "path_length_cm": 5623.174871256691, "cumulative_reward": -1412.483332294505, "ended_reason": "max_steps", "metrics": {"SR": 0.0, "SPL": 0.0, "SoftSPL": 0.0, "PLR": 1.8653880175873423, "nDTW": 2.9698737510671243e-66, "CLS": 0.06671404097682848, "path_length_cm": 5623.174871256691, "cumulative_reward": -1412.483332294505}, "token_totals": {"input": 123010, "output": 5781, "calls": 40}, "finished_at": "2026-04-23T17:30:07.823976+00:00"}