{"episode_id": "map_33_gothic_night_remix_on_0008", "episode_idx": 8, "agent_name": "GhostAgent_8", "SR": 0.0, "SPL": 0.0, "SoftSPL": 0.029507091425245324, "PLR": 0.03379654480049651, "nDTW": 2.3690010258323955e-07, "CLS": 0.17635894953833126, "steps": 40, "path_length_cm": 104.47661080356687, "cumulative_reward": -4.756169824743567, "ended_reason": "max_steps", "metrics": {"SR": 0.0, "SPL": 0.0, "SoftSPL": 0.029507091425245324, "PLR": 0.03379654480049651, "nDTW": 2.3690010258323955e-07, "CLS": 0.17635894953833126, "path_length_cm": 104.47661080356687, "cumulative_reward": -4.756169824743567}, "token_totals": {"input": 37622, "output": 2964, "calls": 40}, "finished_at": "2026-04-23T18:04:03.136419+00:00"}