{"episode_id": "map_22_containeryard_demo_native_obj_on_0010", "episode_idx": 8, "agent_name": "GhostAgent_8", "SR": 0.0, "SPL": 0.0, "SoftSPL": 0.1196345237017634, "PLR": 1.541240931881792, "nDTW": 2.0151180394723534e-72, "CLS": 0.07218146776713721, "steps": 40, "path_length_cm": 5627.563839398625, "cumulative_reward": 441.73430618471957, "ended_reason": "max_steps", "metrics": {"SR": 0.0, "SPL": 0.0, "SoftSPL": 0.1196345237017634, "PLR": 1.541240931881792, "nDTW": 2.0151180394723534e-72, "CLS": 0.07218146776713721, "path_length_cm": 5627.563839398625, "cumulative_reward": 441.73430618471957}, "token_totals": {"input": 121865, "output": 5746, "calls": 40}, "finished_at": "2026-04-23T00:17:52.848116+00:00"}