{"episode_id": "map_68_B13_suburban_park_on_0006", "episode_idx": 6, "agent_name": "GhostAgent_6", "SR": 0.0, "SPL": 0.0, "SoftSPL": 0.3040210999454722, "PLR": 2.0479925689084806, "nDTW": 8.608370673806456e-98, "CLS": 0.05425405187151944, "steps": 40, "path_length_cm": 14292.591979675572, "cumulative_reward": 4313.401650213418, "ended_reason": "max_steps", "metrics": {"SR": 0.0, "SPL": 0.0, "SoftSPL": 0.3040210999454722, "PLR": 2.0479925689084806, "nDTW": 8.608370673806456e-98, "CLS": 0.05425405187151944, "path_length_cm": 14292.591979675572, "cumulative_reward": 4313.401650213418}, "token_totals": {"input": 130574, "output": 8004, "calls": 40}, "finished_at": "2026-04-23T04:00:24.148867+00:00"}