{"episode_id": "map_04_courtyard_remix_pn_0003", "episode_idx": 0, "agent_name": "GhostAgent_0", "SR": 0.0, "SPL": 0.0, "SoftSPL": 0.8635367568799832, "PLR": 0.5975989017953991, "nDTW": 0.0003750368635385107, "CLS": 0.0866951951760703, "steps": 40, "path_length_cm": 3879.629998422785, "cumulative_reward": 492.6200017111227, "ended_reason": "max_steps", "metrics": {"SR": 0.0, "SPL": 0.0, "SoftSPL": 0.8635367568799832, "PLR": 0.5975989017953991, "nDTW": 0.0003750368635385107, "CLS": 0.0866951951760703, "path_length_cm": 3879.629998422785, "cumulative_reward": 492.6200017111227}, "token_totals": {"input": 507032, "output": 8370, "calls": 40}, "finished_at": "2026-04-22T21:44:56.376314+00:00"}