{"episode_id": "map_32_gothic_night_native_on_0012", "episode_idx": 2, "agent_name": "GhostAgent_2", "SR": 1.0, "SPL": 1.0, "SoftSPL": 0.8619427037983443, "PLR": 0.9296792161805294, "nDTW": 0.2598288672963495, "CLS": 0.36701124529175577, "steps": 4, "path_length_cm": 1200.383210347976, "cumulative_reward": 1111.609661010402, "ended_reason": "success", "metrics": {"SR": 1.0, "SPL": 1.0, "SoftSPL": 0.8619427037983443, "PLR": 0.9296792161805294, "nDTW": 0.2598288672963495, "CLS": 0.36701124529175577, "path_length_cm": 1200.383210347976, "cumulative_reward": 1111.609661010402}, "token_totals": {"input": 5711, "output": 607, "calls": 4}, "finished_at": "2026-04-23T01:35:01.615624+00:00"}