{"episode_id": "map_13_watertown_native_pn_0003", "episode_idx": 3, "agent_name": "GhostAgent_3", "SR": 0.0, "SPL": 0.0, "SoftSPL": 0.0, "PLR": 0.10518107561321757, "nDTW": 7.353135199290978e-25, "CLS": 0.1583055699372447, "steps": 40, "path_length_cm": 790.7649999999994, "cumulative_reward": -754.4187751269556, "ended_reason": "max_steps", "metrics": {"SR": 0.0, "SPL": 0.0, "SoftSPL": 0.0, "PLR": 0.10518107561321757, "nDTW": 7.353135199290978e-25, "CLS": 0.1583055699372447, "path_length_cm": 790.7649999999994, "cumulative_reward": -754.4187751269556}, "token_totals": {"input": 111263, "output": 3363, "calls": 40}, "finished_at": "2026-04-23T18:06:42.725615+00:00"}