{"episode_id": "map_06_hwaseong_native_pn_0005", "episode_idx": 0, "agent_name": "GhostAgent_0", "SR": 0.0, "SPL": 0.0, "SoftSPL": 0.0, "PLR": 1.5571551777470751, "nDTW": 3.2276781126985887e-203, "CLS": 0.16054918839999816, "steps": 40, "path_length_cm": 9954.457047887283, "cumulative_reward": 1835.9239809212465, "ended_reason": "max_steps", "metrics": {"SR": 0.0, "SPL": 0.0, "SoftSPL": 0.0, "PLR": 1.5571551777470751, "nDTW": 3.2276781126985887e-203, "CLS": 0.16054918839999816, "path_length_cm": 9954.457047887283, "cumulative_reward": 1835.9239809212465}, "token_totals": {"input": 126563, "output": 7074, "calls": 40}, "finished_at": "2026-04-23T13:11:13.570630+00:00"}