{
  "map": "map_65_hwaseong_ceremonial",
  "n": 20,
  "SR": 0.2,
  "SPL": 0.16257150364429823,
  "SoftSPL": 0.3325084281252491,
  "nDTW": 6.415608288849742e-05,
  "avg_steps": 32.25
}