{"episode_id": "map_65_hwaseong_ceremonial_on_0010", "episode_idx": 0, "agent_name": "GhostAgent_0", "SR": 1.0, "SPL": 0.5723826994332252, "SoftSPL": 0.542886225510249, "PLR": 1.7470828538147687, "nDTW": 7.566167919191113e-12, "CLS": 0.14706195703778174, "steps": 20, "path_length_cm": 4870.098279979897, "cumulative_reward": 2598.2941155025146, "ended_reason": "success", "metrics": {"SR": 1.0, "SPL": 0.5723826994332252, "SoftSPL": 0.542886225510249, "PLR": 1.7470828538147687, "nDTW": 7.566167919191113e-12, "CLS": 0.14706195703778174, "path_length_cm": 4870.098279979897, "cumulative_reward": 2598.2941155025146}, "token_totals": {"input": 57613, "output": 2911, "calls": 20}, "finished_at": "2026-04-23T03:56:43.563916+00:00"}