{"episode_id": "map_09b_wintertown_demo02_obj_on_0004", "episode_idx": 6, "agent_name": "GhostAgent_6", "SR": 0.0, "SPL": 0.0, "SoftSPL": 0.8310220304988297, "PLR": 0.6576614123147039, "nDTW": 1.824810115644762e-07, "CLS": 0.0985903091638349, "steps": 40, "path_length_cm": 2333.455033647924, "cumulative_reward": 1637.108283364247, "ended_reason": "max_steps", "metrics": {"SR": 0.0, "SPL": 0.0, "SoftSPL": 0.8310220304988297, "PLR": 0.6576614123147039, "nDTW": 1.824810115644762e-07, "CLS": 0.0985903091638349, "path_length_cm": 2333.455033647924, "cumulative_reward": 1637.108283364247}, "token_totals": {"input": 122028, "output": 7089, "calls": 40}, "finished_at": "2026-04-22T23:15:40.432177+00:00"}