{"episode_id": "map_34_temple_plaza_native_pn_0015", "episode_idx": 5, "agent_name": "GhostAgent_5", "SR": 0.0, "SPL": 0.0, "SoftSPL": 0.4673791922381388, "PLR": 0.4564120435754699, "nDTW": 6.5842316106838e-07, "CLS": 0.2623405308866974, "steps": 40, "path_length_cm": 623.9974177355109, "cumulative_reward": 589.0934792539086, "ended_reason": "max_steps", "metrics": {"SR": 0.0, "SPL": 0.0, "SoftSPL": 0.4673791922381388, "PLR": 0.4564120435754699, "nDTW": 6.5842316106838e-07, "CLS": 0.2623405308866974, "path_length_cm": 623.9974177355109, "cumulative_reward": 589.0934792539086}, "token_totals": {"input": 36381, "output": 2924, "calls": 40}, "finished_at": "2026-04-23T15:42:13.842785+00:00"}