{"episode_id": "map_59_B10_market_plaza_obj_pn_0001", "episode_idx": 8, "agent_name": "GhostAgent_8", "SR": 0.0, "SPL": 0.0, "SoftSPL": 0.0, "PLR": 0.05560510356842636, "nDTW": 6.927204100945287e-20, "CLS": 0.181832935123354, "steps": 40, "path_length_cm": 401.5150000000001, "cumulative_reward": -354.78583285425975, "ended_reason": "max_steps", "metrics": {"SR": 0.0, "SPL": 0.0, "SoftSPL": 0.0, "PLR": 0.05560510356842636, "nDTW": 6.927204100945287e-20, "CLS": 0.181832935123354, "path_length_cm": 401.5150000000001, "cumulative_reward": -354.78583285425975}, "token_totals": {"input": 114575, "output": 4418, "calls": 40}, "finished_at": "2026-04-23T04:01:43.656377+00:00"}