{"episode_id": "map_04_courtyard_remix_obj_pn_0019", "episode_idx": 7, "agent_name": "GhostAgent_7", "SR": 0.0, "SPL": 0.0, "SoftSPL": 0.0, "PLR": 8.976741113491848, "nDTW": 1.2269007539154765e-92, "CLS": 0.001826408028708362, "steps": 18, "path_length_cm": 52777.85170266396, "cumulative_reward": -40303.2881339119, "ended_reason": "step_error", "metrics": {"SR": 0.0, "SPL": 0.0, "SoftSPL": 0.0, "PLR": 8.976741113491848, "nDTW": 1.2269007539154765e-92, "CLS": 0.001826408028708362, "path_length_cm": 52777.85170266396, "cumulative_reward": -40303.2881339119}, "token_totals": {"input": 53793, "output": 3197, "calls": 18}, "finished_at": "2026-04-23T17:53:20.440361+00:00"}