{"episode_id": "map_03_watertown_remix_pn_0005", "episode_idx": 1, "agent_name": "GhostAgent_1", "SR": 0.0, "SPL": 0.0, "SoftSPL": 0.3487143423003565, "PLR": 1.0103090013420262, "nDTW": 1.2189645449640104e-70, "CLS": 0.06187005475598082, "steps": 40, "path_length_cm": 7210.6359611181215, "cumulative_reward": 1696.9419416913613, "ended_reason": "max_steps", "metrics": {"SR": 0.0, "SPL": 0.0, "SoftSPL": 0.3487143423003565, "PLR": 1.0103090013420262, "nDTW": 1.2189645449640104e-70, "CLS": 0.06187005475598082, "path_length_cm": 7210.6359611181215, "cumulative_reward": 1696.9419416913613}, "token_totals": {"input": 474746, "output": 6260, "calls": 40}, "finished_at": "2026-04-22T19:22:05.425211+00:00"}