{"episode_id": "map_62_trainstation_cross_remix_on_0004", "episode_idx": 4, "agent_name": "GhostAgent_4", "SR": 0.0, "SPL": 0.0, "SoftSPL": 0.12547713892280365, "PLR": 0.02475193190726841, "nDTW": 3.0403538833695263e-05, "CLS": 0.10667951686735598, "steps": 40, "path_length_cm": 66.30299999999988, "cumulative_reward": 0.17897266275449475, "ended_reason": "max_steps", "metrics": {"SR": 0.0, "SPL": 0.0, "SoftSPL": 0.12547713892280365, "PLR": 0.02475193190726841, "nDTW": 3.0403538833695263e-05, "CLS": 0.10667951686735598, "path_length_cm": 66.30299999999988, "cumulative_reward": 0.17897266275449475}, "token_totals": {"input": 114883, "output": 3961, "calls": 40}, "finished_at": "2026-04-23T02:58:41.290959+00:00"}