{"episode_id": "map_22_containeryard_demo_native_obj_pn_0010", "episode_idx": 7, "agent_name": "GhostAgent_7", "SR": 0.0, "SPL": 0.0, "SoftSPL": 0.0, "PLR": 3.0514804049628714, "nDTW": 1.2503132203885196e-115, "CLS": 0.03649883502420828, "steps": 40, "path_length_cm": 11141.931432249032, "cumulative_reward": -647.8465244490399, "ended_reason": "max_steps", "metrics": {"SR": 0.0, "SPL": 0.0, "SoftSPL": 0.0, "PLR": 3.0514804049628714, "nDTW": 1.2503132203885196e-115, "CLS": 0.03649883502420828, "path_length_cm": 11141.931432249032, "cumulative_reward": -647.8465244490399}, "token_totals": {"input": 122229, "output": 5625, "calls": 40}, "finished_at": "2026-04-23T00:19:23.157845+00:00"}