{"episode_id": "map_04_courtyard_remix_on_0011", "episode_idx": 2, "agent_name": "GhostAgent_2", "SR": 1.0, "SPL": 0.797618653099981, "SoftSPL": 0.7681619769953645, "PLR": 1.2537319634056383, "nDTW": 6.610284237185717e-19, "CLS": 0.530146341975441, "steps": 27, "path_length_cm": 3131.2833398430203, "cumulative_reward": 2407.560346819924, "ended_reason": "success", "metrics": {"SR": 1.0, "SPL": 0.797618653099981, "SoftSPL": 0.7681619769953645, "PLR": 1.2537319634056383, "nDTW": 6.610284237185717e-19, "CLS": 0.530146341975441, "path_length_cm": 3131.2833398430203, "cumulative_reward": 2407.560346819924}, "token_totals": {"input": 232500, "output": 4819, "calls": 27}, "finished_at": "2026-04-22T20:20:20.531544+00:00"}