{"episode_id": "map_66_middleeast_bazaar_pn_0000", "episode_idx": 0, "agent_name": "GhostAgent_0", "SR": 0.0, "SPL": 0.0, "SoftSPL": 0.3153554434372031, "PLR": 0.4092098700234075, "nDTW": 2.409404567377043e-07, "CLS": 0.2524560435519745, "steps": 40, "path_length_cm": 800.7909788462066, "cumulative_reward": 765.0785519421563, "ended_reason": "max_steps", "metrics": {"SR": 0.0, "SPL": 0.0, "SoftSPL": 0.3153554434372031, "PLR": 0.4092098700234075, "nDTW": 2.409404567377043e-07, "CLS": 0.2524560435519745, "path_length_cm": 800.7909788462066, "cumulative_reward": 765.0785519421563}, "token_totals": {"input": 34585, "output": 2431, "calls": 40}, "finished_at": "2026-04-23T18:41:08.106991+00:00"}