{"episode_id": "map_68_B13_suburban_park_on_0017", "episode_idx": 7, "agent_name": "GhostAgent_7", "SR": 0.0, "SPL": 0.0, "SoftSPL": 0.0, "PLR": 0.6478622458810708, "nDTW": 2.6838506566673828e-81, "CLS": 0.17150422303127338, "steps": 40, "path_length_cm": 4404.485000000001, "cumulative_reward": -1051.4977759664418, "ended_reason": "max_steps", "metrics": {"SR": 0.0, "SPL": 0.0, "SoftSPL": 0.0, "PLR": 0.6478622458810708, "nDTW": 2.6838506566673828e-81, "CLS": 0.17150422303127338, "path_length_cm": 4404.485000000001, "cumulative_reward": -1051.4977759664418}, "token_totals": {"input": 113480, "output": 3411, "calls": 40}, "finished_at": "2026-04-23T04:16:34.437077+00:00"}