{"episode_id": "map_45_B7_park_with_paths_obj_on_0000", "episode_idx": 0, "agent_name": "GhostAgent_0", "SR": 0.0, "SPL": 0.0, "SoftSPL": 0.0885384978432638, "PLR": 1.7907133570956535, "nDTW": 1.4466354223579524e-83, "CLS": 0.022602291883048242, "steps": 40, "path_length_cm": 13400.463172287475, "cumulative_reward": 1157.6174181719196, "ended_reason": "max_steps", "metrics": {"SR": 0.0, "SPL": 0.0, "SoftSPL": 0.0885384978432638, "PLR": 1.7907133570956535, "nDTW": 1.4466354223579524e-83, "CLS": 0.022602291883048242, "path_length_cm": 13400.463172287475, "cumulative_reward": 1157.6174181719196}, "token_totals": {"input": 122254, "output": 5790, "calls": 40}, "finished_at": "2026-04-23T14:26:19.756358+00:00"}