{"episode_id": "map_67_B12_construction_site_on_0002", "episode_idx": 2, "agent_name": "GhostAgent_2", "SR": 0.0, "SPL": 0.0, "SoftSPL": 0.1681822202606571, "PLR": 2.7178413998098243, "nDTW": 2.972242828691148e-79, "CLS": 0.04088235480993041, "steps": 40, "path_length_cm": 13617.825868989117, "cumulative_reward": 2289.1688860533695, "ended_reason": "max_steps", "metrics": {"SR": 0.0, "SPL": 0.0, "SoftSPL": 0.1681822202606571, "PLR": 2.7178413998098243, "nDTW": 2.972242828691148e-79, "CLS": 0.04088235480993041, "path_length_cm": 13617.825868989117, "cumulative_reward": 2289.1688860533695}, "token_totals": {"input": 126905, "output": 6715, "calls": 40}, "finished_at": "2026-04-23T15:16:42.406421+00:00"}