{
  "map": "map_47_wintertown_demo01_minimal",
  "n": 40,
  "SR": 0.075,
  "SPL": 0.06175004698062976,
  "SoftSPL": 0.21619072795500735,
  "nDTW": 0.0025925526468052297,
  "avg_steps": 35.575
}