{"episode_id": "map_08_cave_remix_obj_on_0006", "episode_idx": 6, "agent_name": "GhostAgent_6", "SR": 0.0, "SPL": 0.0, "SoftSPL": 0.003749052679357656, "PLR": 0.04520200671993974, "nDTW": 5.923783127824593e-11, "CLS": 0.13742365535304873, "steps": 40, "path_length_cm": 198.89108966807086, "cumulative_reward": 5.0906075092812975, "ended_reason": "max_steps", "metrics": {"SR": 0.0, "SPL": 0.0, "SoftSPL": 0.003749052679357656, "PLR": 0.04520200671993974, "nDTW": 5.923783127824593e-11, "CLS": 0.13742365535304873, "path_length_cm": 198.89108966807086, "cumulative_reward": 5.0906075092812975}, "token_totals": {"input": 37968, "output": 3161, "calls": 40}, "finished_at": "2026-04-23T15:06:20.570390+00:00"}