{"episode_id": "map_45_B7_park_with_paths_on_0015", "episode_idx": 5, "agent_name": "GhostAgent_5", "SR": 1.0, "SPL": 0.6212292751967056, "SoftSPL": 0.6017142153449601, "PLR": 1.6097116474161022, "nDTW": 1.0394260784379623e-18, "CLS": 0.3988500977619907, "steps": 22, "path_length_cm": 5191.899559109999, "cumulative_reward": 3126.3221921891254, "ended_reason": "success", "metrics": {"SR": 1.0, "SPL": 0.6212292751967056, "SoftSPL": 0.6017142153449601, "PLR": 1.6097116474161022, "nDTW": 1.0394260784379623e-18, "CLS": 0.3988500977619907, "path_length_cm": 5191.899559109999, "cumulative_reward": 3126.3221921891254}, "token_totals": {"input": 59159, "output": 2236, "calls": 22}, "finished_at": "2026-04-23T14:11:50.109694+00:00"}