{"episode_id": "map_67_B12_construction_site_pn_0018", "episode_idx": 8, "agent_name": "GhostAgent_8", "SR": 0.0, "SPL": 0.0, "SoftSPL": 0.08410268458876259, "PLR": 1.9290974697729761, "nDTW": 3.2501583599135055e-32, "CLS": 0.13527701942019302, "steps": 40, "path_length_cm": 13018.66860256051, "cumulative_reward": 815.1696659161516, "ended_reason": "max_steps", "metrics": {"SR": 0.0, "SPL": 0.0, "SoftSPL": 0.08410268458876259, "PLR": 1.9290974697729761, "nDTW": 3.2501583599135055e-32, "CLS": 0.13527701942019302, "path_length_cm": 13018.66860256051, "cumulative_reward": 815.1696659161516}, "token_totals": {"input": 119984, "output": 5256, "calls": 40}, "finished_at": "2026-04-23T05:39:06.656934+00:00"}