{"episode_id": "map_45_B7_park_with_paths_obj_on_0018", "episode_idx": 7, "agent_name": "GhostAgent_7", "SR": 1.0, "SPL": 0.9997362318207514, "SoftSPL": 0.9733574887418902, "PLR": 1.0002638377712572, "nDTW": 0.9733574887418902, "CLS": 0.9733574887418902, "steps": 13, "path_length_cm": 4340.154794727862, "cumulative_reward": 3910.1223565822, "ended_reason": "success", "metrics": {"SR": 1.0, "SPL": 0.9997362318207514, "SoftSPL": 0.9733574887418902, "PLR": 1.0002638377712572, "nDTW": 0.9733574887418902, "CLS": 0.9733574887418902, "path_length_cm": 4340.154794727862, "cumulative_reward": 3910.1223565822}, "token_totals": {"input": 30677, "output": 1251, "calls": 13}, "finished_at": "2026-04-23T20:21:23.799189+00:00"}