{"episode_id": "map_27_courtyard_overcast_remix_obj_pn_0008", "episode_idx": 8, "agent_name": "GhostAgent_8", "SR": 0.0, "SPL": 0.0, "SoftSPL": 0.4046439446738974, "PLR": 0.11408830006739491, "nDTW": 2.0168328197587806e-06, "CLS": 0.11409088534178068, "steps": 40, "path_length_cm": 404.64952356203696, "cumulative_reward": 128.80938289210778, "ended_reason": "max_steps", "metrics": {"SR": 0.0, "SPL": 0.0, "SoftSPL": 0.4046439446738974, "PLR": 0.11408830006739491, "nDTW": 2.0168328197587806e-06, "CLS": 0.11409088534178068, "path_length_cm": 404.64952356203696, "cumulative_reward": 128.80938289210778}, "token_totals": {"input": 38630, "output": 3402, "calls": 40}, "finished_at": "2026-04-23T15:37:54.366438+00:00"}