{"episode_id": "map_45_B7_park_with_paths_obj_on_0008", "episode_idx": 4, "agent_name": "GhostAgent_4", "SR": 0.0, "SPL": 0.0, "SoftSPL": 0.0, "PLR": 9.029737845928922, "nDTW": 0.0, "CLS": 0.0, "steps": 33, "path_length_cm": 58304.024, "cumulative_reward": -55139.76629556318, "ended_reason": "step_error", "metrics": {"SR": 0.0, "SPL": 0.0, "SoftSPL": 0.0, "PLR": 9.029737845928922, "nDTW": 0.0, "CLS": 0.0, "path_length_cm": 58304.024, "cumulative_reward": -55139.76629556318}, "token_totals": {"input": 103640, "output": 4526, "calls": 33}, "finished_at": "2026-04-23T20:21:23.723273+00:00"}