{"episode_id": "map_68_B13_suburban_park_obj_pn_0003", "episode_idx": 3, "agent_name": "GhostAgent_3", "SR": 1.0, "SPL": 0.9890380971730237, "SoftSPL": 0.973005361437532, "PLR": 1.0110833979583889, "nDTW": 0.00023071249775645443, "CLS": 0.22372522667057973, "steps": 21, "path_length_cm": 7593.296983671378, "cumulative_reward": 7281.208800716954, "ended_reason": "success", "metrics": {"SR": 1.0, "SPL": 0.9890380971730237, "SoftSPL": 0.973005361437532, "PLR": 1.0110833979583889, "nDTW": 0.00023071249775645443, "CLS": 0.22372522667057973, "path_length_cm": 7593.296983671378, "cumulative_reward": 7281.208800716954}, "token_totals": {"input": 52443, "output": 1952, "calls": 21}, "finished_at": "2026-04-23T05:33:39.804474+00:00"}