{"episode_id": "map_03_watertown_remix_obj_on_0003", "episode_idx": 4, "agent_name": "GhostAgent_4", "SR": 0.0, "SPL": 0.0, "SoftSPL": 0.0, "PLR": 1.9272857687495062, "nDTW": 8.713708695770069e-91, "CLS": 0.12972015592055947, "steps": 40, "path_length_cm": 4307.984787455021, "cumulative_reward": -60.57236724118347, "ended_reason": "max_steps", "metrics": {"SR": 0.0, "SPL": 0.0, "SoftSPL": 0.0, "PLR": 1.9272857687495062, "nDTW": 8.713708695770069e-91, "CLS": 0.12972015592055947, "path_length_cm": 4307.984787455021, "cumulative_reward": -60.57236724118347}, "token_totals": {"input": 495405, "output": 7395, "calls": 40}, "finished_at": "2026-04-22T21:51:39.218064+00:00"}