{"episode_id": "map_40_B2_open_plaza_on_0016", "episode_idx": 6, "agent_name": "GhostAgent_6", "SR": 0.0, "SPL": 0.0, "SoftSPL": 0.15815574533494114, "PLR": 1.1901139406941323, "nDTW": 7.251011350676748e-172, "CLS": 0.21006392032156962, "steps": 40, "path_length_cm": 7211.257400847956, "cumulative_reward": 1140.1003900265723, "ended_reason": "max_steps", "metrics": {"SR": 0.0, "SPL": 0.0, "SoftSPL": 0.15815574533494114, "PLR": 1.1901139406941323, "nDTW": 7.251011350676748e-172, "CLS": 0.21006392032156962, "path_length_cm": 7211.257400847956, "cumulative_reward": 1140.1003900265723}, "token_totals": {"input": 124276, "output": 6400, "calls": 40}, "finished_at": "2026-04-23T01:40:54.876587+00:00"}