{"episode_id": "map_03_watertown_remix_on_0009", "episode_idx": 0, "agent_name": "GhostAgent_0", "SR": 0.0, "SPL": 0.0, "SoftSPL": 0.11961078023545169, "PLR": 0.898558430039046, "nDTW": 2.6843539688888714e-62, "CLS": 0.070060537329531, "steps": 40, "path_length_cm": 5514.524969824029, "cumulative_reward": 83.39542268297718, "ended_reason": "max_steps", "metrics": {"SR": 0.0, "SPL": 0.0, "SoftSPL": 0.11961078023545169, "PLR": 0.898558430039046, "nDTW": 2.6843539688888714e-62, "CLS": 0.070060537329531, "path_length_cm": 5514.524969824029, "cumulative_reward": 83.39542268297718}, "token_totals": {"input": 475643, "output": 6469, "calls": 40}, "finished_at": "2026-04-22T20:29:48.399202+00:00"}