{"episode_id": "map_40_B2_open_plaza_pn_0013", "episode_idx": 3, "agent_name": "GhostAgent_3", "SR": 0.0, "SPL": 0.0, "SoftSPL": 0.5345831736051653, "PLR": 1.7183716267787275, "nDTW": 1.9425035115881062e-50, "CLS": 0.20915816386390915, "steps": 40, "path_length_cm": 6816.934896877622, "cumulative_reward": 3643.8213805564997, "ended_reason": "max_steps", "metrics": {"SR": 0.0, "SPL": 0.0, "SoftSPL": 0.5345831736051653, "PLR": 1.7183716267787275, "nDTW": 1.9425035115881062e-50, "CLS": 0.20915816386390915, "path_length_cm": 6816.934896877622, "cumulative_reward": 3643.8213805564997}, "token_totals": {"input": 126930, "output": 7239, "calls": 40}, "finished_at": "2026-04-23T16:18:24.669716+00:00"}