{"episode_id": "map_06_hwaseong_native_pn_0002", "episode_idx": 2, "agent_name": "GhostAgent_2", "SR": 0.0, "SPL": 0.0, "SoftSPL": 0.0, "PLR": 1.9483530548634798, "nDTW": 1.9847551183724387e-47, "CLS": 0.05709597827556257, "steps": 40, "path_length_cm": 4383.4826369540515, "cumulative_reward": 2633.5432778056384, "ended_reason": "max_steps", "metrics": {"SR": 0.0, "SPL": 0.0, "SoftSPL": 0.0, "PLR": 1.9483530548634798, "nDTW": 1.9847551183724387e-47, "CLS": 0.05709597827556257, "path_length_cm": 4383.4826369540515, "cumulative_reward": 2633.5432778056384}, "token_totals": {"input": 443438, "output": 4213, "calls": 40}, "finished_at": "2026-04-22T19:32:09.397034+00:00"}