{"episode_id": "map_20_trainstation_native_obj_pn_0011", "episode_idx": 0, "agent_name": "GhostAgent_0", "SR": 0.0, "SPL": 0.0, "SoftSPL": 0.0, "PLR": 2.9457073652504615, "nDTW": 5.960543995169676e-99, "CLS": 0.013579335243291683, "steps": 40, "path_length_cm": 13183.042000000001, "cumulative_reward": -8818.874124184986, "ended_reason": "max_steps", "metrics": {"SR": 0.0, "SPL": 0.0, "SoftSPL": 0.0, "PLR": 2.9457073652504615, "nDTW": 5.960543995169676e-99, "CLS": 0.013579335243291683, "path_length_cm": 13183.042000000001, "cumulative_reward": -8818.874124184986}, "token_totals": {"input": 133545, "output": 7881, "calls": 40}, "finished_at": "2026-04-23T19:08:33.040919+00:00"}