{"episode_id": "map_57_gothic_day_invasion_on_0018", "episode_idx": 8, "agent_name": "GhostAgent_8", "SR": 0.0, "SPL": 0.0, "SoftSPL": 0.0, "PLR": 0.054510752899069266, "nDTW": 3.4410119129289087e-09, "CLS": 0.2644133719833966, "steps": 2, "path_length_cm": 402.9920000000002, "cumulative_reward": -402.1167963847463, "ended_reason": "no_tool_call", "metrics": {"SR": 0.0, "SPL": 0.0, "SoftSPL": 0.0, "PLR": 0.054510752899069266, "nDTW": 3.4410119129289087e-09, "CLS": 0.2644133719833966, "path_length_cm": 402.9920000000002, "cumulative_reward": -402.1167963847463}, "token_totals": {"input": 2089, "output": 512, "calls": 2}, "finished_at": "2026-04-23T15:09:07.930191+00:00"}