{"episode_id": "map_62_trainstation_cross_remix_on_0010", "episode_idx": 4, "agent_name": "GhostAgent_4", "SR": 0.0, "SPL": 0.0, "SoftSPL": 0.009998773884486334, "PLR": 0.0, "nDTW": 0.0008010190902384251, "CLS": 0.10022816810110784, "steps": 0, "path_length_cm": 0.0, "cumulative_reward": 0.0, "ended_reason": "spawn_blocked", "metrics": {"SR": 0.0, "SPL": 0.0, "SoftSPL": 0.009998773884486334, "PLR": 0.0, "nDTW": 0.0008010190902384251, "CLS": 0.10022816810110784, "path_length_cm": 0.0, "cumulative_reward": 0.0}, "token_totals": {"input": 0, "output": 0, "calls": 0}, "finished_at": "2026-04-23T19:10:29.282275+00:00"}