{"episode_id": "map_45_B7_park_with_paths_pn_0008", "episode_idx": 8, "agent_name": "GhostAgent_8", "SR": 0.0, "SPL": 0.0, "SoftSPL": 0.7396520783995524, "PLR": 1.0110860800453039, "nDTW": 7.292928668930329e-36, "CLS": 0.11049672204598662, "steps": 40, "path_length_cm": 5520.661438237765, "cumulative_reward": 4049.36217724049, "ended_reason": "max_steps", "metrics": {"SR": 0.0, "SPL": 0.0, "SoftSPL": 0.7396520783995524, "PLR": 1.0110860800453039, "nDTW": 7.292928668930329e-36, "CLS": 0.11049672204598662, "path_length_cm": 5520.661438237765, "cumulative_reward": 4049.36217724049}, "token_totals": {"input": 126373, "output": 6959, "calls": 40}, "finished_at": "2026-04-23T19:03:34.998297+00:00"}