{"episode_id": "map_26_courtyard_overcast_native_obj_on_0003", "episode_idx": 3, "agent_name": "GhostAgent_3", "SR": 0.0, "SPL": 0.0, "SoftSPL": 0.0, "PLR": 1.5237847881545774, "nDTW": 3.911453078350633e-20, "CLS": 0.24881296378935808, "steps": 40, "path_length_cm": 3552.3690009290035, "cumulative_reward": -139.1988560047614, "ended_reason": "max_steps", "metrics": {"SR": 0.0, "SPL": 0.0, "SoftSPL": 0.0, "PLR": 1.5237847881545774, "nDTW": 3.911453078350633e-20, "CLS": 0.24881296378935808, "path_length_cm": 3552.3690009290035, "cumulative_reward": -139.1988560047614}, "token_totals": {"input": 118499, "output": 5250, "calls": 40}, "finished_at": "2026-04-23T17:59:48.210872+00:00"}