{"episode_id": "map_25_containeryard_day_remix_pn_0006", "episode_idx": 5, "agent_name": "GhostAgent_5", "SR": 0.0, "SPL": 0.0, "SoftSPL": 0.0, "PLR": 0.2898536116903423, "nDTW": 7.362656398036197e-15, "CLS": 0.3533333401958786, "steps": 40, "path_length_cm": 307.6970000259997, "cumulative_reward": 299.9649036129804, "ended_reason": "max_steps", "metrics": {"SR": 0.0, "SPL": 0.0, "SoftSPL": 0.0, "PLR": 0.2898536116903423, "nDTW": 7.362656398036197e-15, "CLS": 0.3533333401958786, "path_length_cm": 307.6970000259997, "cumulative_reward": 299.9649036129804}, "token_totals": {"input": 113608, "output": 4644, "calls": 40}, "finished_at": "2026-04-23T15:37:25.614578+00:00"}