{"episode_id": "map_18_cave_native_pn_0009", "episode_idx": 9, "agent_name": "GhostAgent_9", "SR": 0.0, "SPL": 0.0, "SoftSPL": 0.013392084739762276, "PLR": 0.0023096943563471963, "nDTW": 0.0002927148294142339, "CLS": 0.16727166222788506, "steps": 40, "path_length_cm": 6.717076224072479, "cumulative_reward": 0.1664209987580758, "ended_reason": "max_steps", "metrics": {"SR": 0.0, "SPL": 0.0, "SoftSPL": 0.013392084739762276, "PLR": 0.0023096943563471963, "nDTW": 0.0002927148294142339, "CLS": 0.16727166222788506, "path_length_cm": 6.717076224072479, "cumulative_reward": 0.1664209987580758}, "token_totals": {"input": 116157, "output": 4624, "calls": 40}, "finished_at": "2026-04-23T18:10:13.633326+00:00"}