{"episode_id": "map_18_cave_native_pn_0012", "episode_idx": 2, "agent_name": "GhostAgent_2", "SR": 0.0, "SPL": 0.0, "SoftSPL": 0.010131437049111236, "PLR": 0.2435915250159348, "nDTW": 2.4083239256385013e-16, "CLS": 0.24532967823696283, "steps": 40, "path_length_cm": 848.3610760034965, "cumulative_reward": -510.2308337065788, "ended_reason": "max_steps", "metrics": {"SR": 0.0, "SPL": 0.0, "SoftSPL": 0.010131437049111236, "PLR": 0.2435915250159348, "nDTW": 2.4083239256385013e-16, "CLS": 0.24532967823696283, "path_length_cm": 848.3610760034965, "cumulative_reward": -510.2308337065788}, "token_totals": {"input": 117556, "output": 5129, "calls": 40}, "finished_at": "2026-04-23T18:24:27.712018+00:00"}