{"episode_id": "map_43_B5_residential_courtyard_on_0011", "episode_idx": 1, "agent_name": "GhostAgent_1", "SR": 1.0, "SPL": 0.9680888397438486, "SoftSPL": 0.9542525516413698, "PLR": 1.0329630494083528, "nDTW": 0.9542525516413698, "CLS": 0.9542525516413698, "steps": 28, "path_length_cm": 6275.994258551317, "cumulative_reward": 5986.9027002299335, "ended_reason": "success", "metrics": {"SR": 1.0, "SPL": 0.9680888397438486, "SoftSPL": 0.9542525516413698, "PLR": 1.0329630494083528, "nDTW": 0.9542525516413698, "CLS": 0.9542525516413698, "path_length_cm": 6275.994258551317, "cumulative_reward": 5986.9027002299335}, "token_totals": {"input": 27580, "output": 2588, "calls": 28}, "finished_at": "2026-04-23T20:16:36.001415+00:00"}