{"episode_id": "map_40_B2_open_plaza_on_0010", "episode_idx": 0, "agent_name": "GhostAgent_0", "SR": 0.0, "SPL": 0.0, "SoftSPL": 0.0, "PLR": 1.0407294819589312, "nDTW": 1.4759815386122395e-52, "CLS": 0.10750962228818063, "steps": 40, "path_length_cm": 2389.671, "cumulative_reward": -401.2298441747994, "ended_reason": "max_steps", "metrics": {"SR": 0.0, "SPL": 0.0, "SoftSPL": 0.0, "PLR": 1.0407294819589312, "nDTW": 1.4759815386122395e-52, "CLS": 0.10750962228818063, "path_length_cm": 2389.671, "cumulative_reward": -401.2298441747994}, "token_totals": {"input": 120703, "output": 5724, "calls": 40}, "finished_at": "2026-04-23T01:40:54.873543+00:00"}