{"episode_id": "map_05_middleeast_native_obj_pn_0006", "episode_idx": 4, "agent_name": "GhostAgent_4", "SR": 0.0, "SPL": 0.0, "SoftSPL": 0.45264149456099056, "PLR": 0.20896879765352586, "nDTW": 1.465707444969566e-14, "CLS": 0.07568391434595742, "steps": 40, "path_length_cm": 1632.100641561427, "cumulative_reward": 1212.5445218673676, "ended_reason": "max_steps", "metrics": {"SR": 0.0, "SPL": 0.0, "SoftSPL": 0.45264149456099056, "PLR": 0.20896879765352586, "nDTW": 1.465707444969566e-14, "CLS": 0.07568391434595742, "path_length_cm": 1632.100641561427, "cumulative_reward": 1212.5445218673676}, "token_totals": {"input": 506903, "output": 7932, "calls": 40}, "finished_at": "2026-04-22T20:54:32.755122+00:00"}