{"episode_id": "map_45_B7_park_with_paths_obj_on_0015", "episode_idx": 5, "agent_name": "GhostAgent_5", "SR": 1.0, "SPL": 0.6573930255536234, "SoftSPL": 0.6290215390961618, "PLR": 1.5211600384075419, "nDTW": 2.182525386688395e-23, "CLS": 0.09379086050441462, "steps": 40, "path_length_cm": 6725.398396608575, "cumulative_reward": 4140.026179952268, "ended_reason": "success", "metrics": {"SR": 1.0, "SPL": 0.6573930255536234, "SoftSPL": 0.6290215390961618, "PLR": 1.5211600384075419, "nDTW": 2.182525386688395e-23, "CLS": 0.09379086050441462, "path_length_cm": 6725.398396608575, "cumulative_reward": 4140.026179952268}, "token_totals": {"input": 127732, "output": 7391, "calls": 40}, "finished_at": "2026-04-23T14:39:58.569492+00:00"}