{"episode_id": "map_01_wintertown_native_pn_0017", "episode_idx": 3, "agent_name": "GhostAgent_3", "SR": 0.0, "SPL": 0.0, "SoftSPL": 0.11361511959913972, "PLR": 1.604564798417416, "nDTW": 8.991653205909959e-89, "CLS": 0.15584476589749394, "steps": 40, "path_length_cm": 7233.939708945159, "cumulative_reward": 821.4809516095729, "ended_reason": "max_steps", "metrics": {"SR": 0.0, "SPL": 0.0, "SoftSPL": 0.11361511959913972, "PLR": 1.604564798417416, "nDTW": 8.991653205909959e-89, "CLS": 0.15584476589749394, "path_length_cm": 7233.939708945159, "cumulative_reward": 821.4809516095729}, "token_totals": {"input": 484949, "output": 7362, "calls": 40}, "finished_at": "2026-04-22T20:26:28.688662+00:00"}