{"episode_id": "map_31_gothic_day_remix_obj_pn_0010", "episode_idx": 9, "agent_name": "GhostAgent_9", "SR": 0.0, "SPL": 0.0, "SoftSPL": 0.0, "PLR": 1.7781576339380378, "nDTW": 1.6823131814664224e-205, "CLS": 0.1405949618705604, "steps": 40, "path_length_cm": 6569.741228534529, "cumulative_reward": -1473.9034666016796, "ended_reason": "max_steps", "metrics": {"SR": 0.0, "SPL": 0.0, "SoftSPL": 0.0, "PLR": 1.7781576339380378, "nDTW": 1.6823131814664224e-205, "CLS": 0.1405949618705604, "path_length_cm": 6569.741228534529, "cumulative_reward": -1473.9034666016796}, "token_totals": {"input": 133712, "output": 8244, "calls": 40}, "finished_at": "2026-04-23T01:01:10.748853+00:00"}