{"episode_id": "map_68_B13_suburban_park_on_0005", "episode_idx": 5, "agent_name": "GhostAgent_5", "SR": 0.0, "SPL": 0.0, "SoftSPL": 0.4231729337155618, "PLR": 1.504733307150229, "nDTW": 6.210552462887445e-46, "CLS": 0.1346413316115209, "steps": 40, "path_length_cm": 8730.77864208013, "cumulative_reward": 3693.923103253709, "ended_reason": "max_steps", "metrics": {"SR": 0.0, "SPL": 0.0, "SoftSPL": 0.4231729337155618, "PLR": 1.504733307150229, "nDTW": 6.210552462887445e-46, "CLS": 0.1346413316115209, "path_length_cm": 8730.77864208013, "cumulative_reward": 3693.923103253709}, "token_totals": {"input": 120258, "output": 5465, "calls": 40}, "finished_at": "2026-04-23T04:00:24.147994+00:00"}