{"episode_id": "map_01_wintertown_native_pn_0002", "episode_idx": 2, "agent_name": "GhostAgent_2", "SR": 0.0, "SPL": 0.0, "SoftSPL": 0.9232490075827975, "PLR": 0.9664365084088979, "nDTW": 8.679657327536314e-06, "CLS": 0.11178809771852113, "steps": 40, "path_length_cm": 5582.823442490765, "cumulative_reward": 4606.406174602001, "ended_reason": "max_steps", "metrics": {"SR": 0.0, "SPL": 0.0, "SoftSPL": 0.9232490075827975, "PLR": 0.9664365084088979, "nDTW": 8.679657327536314e-06, "CLS": 0.11178809771852113, "path_length_cm": 5582.823442490765, "cumulative_reward": 4606.406174602001}, "token_totals": {"input": 456543, "output": 6500, "calls": 40}, "finished_at": "2026-04-22T19:22:10.135016+00:00"}