{"episode_id": "map_40_B2_open_plaza_obj_on_0018", "episode_idx": 7, "agent_name": "GhostAgent_7", "SR": 0.0, "SPL": 0.0, "SoftSPL": 0.0, "PLR": 2.61938582214834, "nDTW": 2.0475369823689737e-85, "CLS": 0.0240789382927033, "steps": 40, "path_length_cm": 14416.89001423869, "cumulative_reward": -4669.27671027257, "ended_reason": "max_steps", "metrics": {"SR": 0.0, "SPL": 0.0, "SoftSPL": 0.0, "PLR": 2.61938582214834, "nDTW": 2.0475369823689737e-85, "CLS": 0.0240789382927033, "path_length_cm": 14416.89001423869, "cumulative_reward": -4669.27671027257}, "token_totals": {"input": 127366, "output": 6298, "calls": 40}, "finished_at": "2026-04-23T14:01:28.739057+00:00"}