{"episode_id": "map_64_cave_lost_expedition_pn_0015", "episode_idx": 5, "agent_name": "GhostAgent_5", "SR": 0.0, "SPL": 0.0, "SoftSPL": 0.0, "PLR": 0.20654477057451204, "nDTW": 1.1627665653916018e-13, "CLS": 0.2418290771506579, "steps": 40, "path_length_cm": 397.5140000000001, "cumulative_reward": 386.65022534406125, "ended_reason": "max_steps", "metrics": {"SR": 0.0, "SPL": 0.0, "SoftSPL": 0.0, "PLR": 0.20654477057451204, "nDTW": 1.1627665653916018e-13, "CLS": 0.2418290771506579, "path_length_cm": 397.5140000000001, "cumulative_reward": 386.65022534406125}, "token_totals": {"input": 106040, "output": 3613, "calls": 40}, "finished_at": "2026-04-23T20:02:29.795840+00:00"}