{"episode_id": "map_37_dungeon_remix_on_0003", "episode_idx": 3, "agent_name": "GhostAgent_3", "SR": 1.0, "SPL": 0.7510897237276903, "SoftSPL": 0.6865954465011008, "PLR": 1.3313988574320488, "nDTW": 0.6865954465011008, "CLS": 0.6865954465011008, "steps": 8, "path_length_cm": 1946.7980373142902, "cumulative_reward": 1339.0848408438535, "ended_reason": "success", "metrics": {"SR": 1.0, "SPL": 0.7510897237276903, "SoftSPL": 0.6865954465011008, "PLR": 1.3313988574320488, "nDTW": 0.6865954465011008, "CLS": 0.6865954465011008, "path_length_cm": 1946.7980373142902, "cumulative_reward": 1339.0848408438535}, "token_totals": {"input": 17613, "output": 1151, "calls": 8}, "finished_at": "2026-04-23T20:20:58.512959+00:00"}