{"episode_id": "map_20_trainstation_native_obj_on_0018", "episode_idx": 8, "agent_name": "GhostAgent_8", "SR": 0.0, "SPL": 0.0, "SoftSPL": 0.16136689440969265, "PLR": 0.28473228413277163, "nDTW": 1.0512976764924483e-11, "CLS": 0.22994158721068425, "steps": 40, "path_length_cm": 1037.0690092054288, "cumulative_reward": 284.13110868810736, "ended_reason": "max_steps", "metrics": {"SR": 0.0, "SPL": 0.0, "SoftSPL": 0.16136689440969265, "PLR": 0.28473228413277163, "nDTW": 1.0512976764924483e-11, "CLS": 0.22994158721068425, "path_length_cm": 1037.0690092054288, "cumulative_reward": 284.13110868810736}, "token_totals": {"input": 108451, "output": 4467, "calls": 40}, "finished_at": "2026-04-23T17:54:54.570602+00:00"}