{"episode_id": "map_22_containeryard_demo_native_pn_0003", "episode_idx": 3, "agent_name": "GhostAgent_3", "SR": 0.0, "SPL": 0.0, "SoftSPL": 0.40572098379300986, "PLR": 1.989588616625848, "nDTW": 7.4507370167281035e-31, "CLS": 0.016743110188367227, "steps": 40, "path_length_cm": 11180.533022901287, "cumulative_reward": 4224.406449329958, "ended_reason": "max_steps", "metrics": {"SR": 0.0, "SPL": 0.0, "SoftSPL": 0.40572098379300986, "PLR": 1.989588616625848, "nDTW": 7.4507370167281035e-31, "CLS": 0.016743110188367227, "path_length_cm": 11180.533022901287, "cumulative_reward": 4224.406449329958}, "token_totals": {"input": 119431, "output": 5105, "calls": 40}, "finished_at": "2026-04-22T23:47:20.262114+00:00"}