{"episode_id": "map_47_wintertown_demo01_minimal_on_0016", "episode_idx": 6, "agent_name": "GhostAgent_6", "SR": 0.0, "SPL": 0.0, "SoftSPL": 0.43088932846110833, "PLR": 1.4538669115030367, "nDTW": 6.508515203198848e-33, "CLS": 0.028605625179483157, "steps": 40, "path_length_cm": 9290.253180511749, "cumulative_reward": 3099.378508697078, "ended_reason": "max_steps", "metrics": {"SR": 0.0, "SPL": 0.0, "SoftSPL": 0.43088932846110833, "PLR": 1.4538669115030367, "nDTW": 6.508515203198848e-33, "CLS": 0.028605625179483157, "path_length_cm": 9290.253180511749, "cumulative_reward": 3099.378508697078}, "token_totals": {"input": 120651, "output": 6230, "calls": 40}, "finished_at": "2026-04-23T01:44:15.743276+00:00"}