{"episode_id": "map_15_middleeast_remix_obj_on_0013", "episode_idx": 2, "agent_name": "GhostAgent_2", "SR": 0.0, "SPL": 0.0, "SoftSPL": 0.7310749986568199, "PLR": 0.689995524629105, "nDTW": 5.881161180840786e-10, "CLS": 0.08782852822980668, "steps": 40, "path_length_cm": 3699.6732035983055, "cumulative_reward": 3615.7228366517215, "ended_reason": "max_steps", "metrics": {"SR": 0.0, "SPL": 0.0, "SoftSPL": 0.7310749986568199, "PLR": 0.689995524629105, "nDTW": 5.881161180840786e-10, "CLS": 0.08782852822980668, "path_length_cm": 3699.6732035983055, "cumulative_reward": 3615.7228366517215}, "token_totals": {"input": 34079, "output": 2019, "calls": 40}, "finished_at": "2026-04-23T15:14:50.354287+00:00"}