{"episode_id": "map_18_cave_native_on_0000", "episode_idx": 0, "agent_name": "GhostAgent_0", "SR": 0.0, "SPL": 0.0, "SoftSPL": 0.0, "PLR": 0.21032178689688305, "nDTW": 4.3451892184042846e-14, "CLS": 0.22969043590103158, "steps": 40, "path_length_cm": 389.6358327515586, "cumulative_reward": -58.66100490834316, "ended_reason": "max_steps", "metrics": {"SR": 0.0, "SPL": 0.0, "SoftSPL": 0.0, "PLR": 0.21032178689688305, "nDTW": 4.3451892184042846e-14, "CLS": 0.22969043590103158, "path_length_cm": 389.6358327515586, "cumulative_reward": -58.66100490834316}, "token_totals": {"input": 114991, "output": 4796, "calls": 40}, "finished_at": "2026-04-23T16:57:38.524409+00:00"}