{"episode_id": "map_03_watertown_remix_pn_0000", "episode_idx": 0, "agent_name": "GhostAgent_0", "SR": 0.0, "SPL": 0.0, "SoftSPL": 0.38886418305603077, "PLR": 0.4128361118710505, "nDTW": 5.775894620478631e-27, "CLS": 0.0995945992598137, "steps": 40, "path_length_cm": 1981.6835191200605, "cumulative_reward": 1390.9931741809733, "ended_reason": "max_steps", "metrics": {"SR": 0.0, "SPL": 0.0, "SoftSPL": 0.38886418305603077, "PLR": 0.4128361118710505, "nDTW": 5.775894620478631e-27, "CLS": 0.0995945992598137, "path_length_cm": 1981.6835191200605, "cumulative_reward": 1390.9931741809733}, "token_totals": {"input": 202689, "output": 31704, "calls": 40}, "finished_at": "2026-04-22T15:16:36.602800+00:00"}