{
  "map": "map_43_B5_residential_courtyard",
  "n": 20,
  "SR": 0.2,
  "SPL": 0.19614057606315446,
  "SoftSPL": 0.271240811513833,
  "nDTW": 0.271240811513833,
  "avg_steps": 28.75
}