{"episode_id": "map_22_containeryard_demo_native_pn_0004", "episode_idx": 4, "agent_name": "GhostAgent_4", "SR": 0.0, "SPL": 0.0, "SoftSPL": 0.6076415402565121, "PLR": 0.9064055283395159, "nDTW": 2.686006623778047e-26, "CLS": 0.07994181610864526, "steps": 40, "path_length_cm": 7230.777589886221, "cumulative_reward": 4513.9835282336335, "ended_reason": "max_steps", "metrics": {"SR": 0.0, "SPL": 0.0, "SoftSPL": 0.6076415402565121, "PLR": 0.9064055283395159, "nDTW": 2.686006623778047e-26, "CLS": 0.07994181610864526, "path_length_cm": 7230.777589886221, "cumulative_reward": 4513.9835282336335}, "token_totals": {"input": 118009, "output": 4403, "calls": 40}, "finished_at": "2026-04-22T23:47:20.262400+00:00"}