{"episode_id": "map_65_hwaseong_ceremonial_pn_0003", "episode_idx": 3, "agent_name": "GhostAgent_3", "SR": 0.0, "SPL": 0.0, "SoftSPL": 0.0, "PLR": 3.444939337265362, "nDTW": 6.5037703777605895e-137, "CLS": 0.03225799095040728, "steps": 40, "path_length_cm": 14641.646721851868, "cumulative_reward": -5948.091762634553, "ended_reason": "max_steps", "metrics": {"SR": 0.0, "SPL": 0.0, "SoftSPL": 0.0, "PLR": 3.444939337265362, "nDTW": 6.5037703777605895e-137, "CLS": 0.03225799095040728, "path_length_cm": 14641.646721851868, "cumulative_reward": -5948.091762634553}, "token_totals": {"input": 139601, "output": 9730, "calls": 40}, "finished_at": "2026-04-23T13:18:15.742642+00:00"}