{"episode_id": "map_49_courtyard_sunny_packed_on_0006", "episode_idx": 6, "agent_name": "GhostAgent_6", "SR": 1.0, "SPL": 0.7668983809707688, "SoftSPL": 0.7347187876230095, "PLR": 1.3039537242654788, "nDTW": 0.09346420566437082, "CLS": 0.311921969348559, "steps": 11, "path_length_cm": 2398.7532711587746, "cumulative_reward": 1589.5558214984958, "ended_reason": "success", "metrics": {"SR": 1.0, "SPL": 0.7668983809707688, "SoftSPL": 0.7347187876230095, "PLR": 1.3039537242654788, "nDTW": 0.09346420566437082, "CLS": 0.311921969348559, "path_length_cm": 2398.7532711587746, "cumulative_reward": 1589.5558214984958}, "token_totals": {"input": 27236, "output": 1627, "calls": 11}, "finished_at": "2026-04-23T02:05:40.657955+00:00"}