{"episode_id": "map_45_B7_park_with_paths_pn_0001", "episode_idx": 1, "agent_name": "GhostAgent_1", "SR": 0.0, "SPL": 0.0, "SoftSPL": 0.23290280947852304, "PLR": 0.8721410669185682, "nDTW": 4.476290533621899e-187, "CLS": 0.28665087505348413, "steps": 40, "path_length_cm": 6073.886917983661, "cumulative_reward": 1621.6097927064238, "ended_reason": "max_steps", "metrics": {"SR": 0.0, "SPL": 0.0, "SoftSPL": 0.23290280947852304, "PLR": 0.8721410669185682, "nDTW": 4.476290533621899e-187, "CLS": 0.28665087505348413, "path_length_cm": 6073.886917983661, "cumulative_reward": 1621.6097927064238}, "token_totals": {"input": 120054, "output": 5362, "calls": 40}, "finished_at": "2026-04-23T19:03:34.995364+00:00"}