{"episode_id": "map_34_temple_plaza_native_on_0002", "episode_idx": 2, "agent_name": "GhostAgent_2", "SR": 0.0, "SPL": 0.0, "SoftSPL": 0.33323146847512575, "PLR": 0.18516279362172358, "nDTW": 1.3047703897344874e-07, "CLS": 0.15184464288737842, "steps": 40, "path_length_cm": 395.085556006544, "cumulative_reward": 389.18846483893384, "ended_reason": "max_steps", "metrics": {"SR": 0.0, "SPL": 0.0, "SoftSPL": 0.33323146847512575, "PLR": 0.18516279362172358, "nDTW": 1.3047703897344874e-07, "CLS": 0.15184464288737842, "path_length_cm": 395.085556006544, "cumulative_reward": 389.18846483893384}, "token_totals": {"input": 31378, "output": 1479, "calls": 40}, "finished_at": "2026-04-23T15:29:23.956272+00:00"}