{"episode_id": "map_15_middleeast_remix_obj_on_0008", "episode_idx": 7, "agent_name": "GhostAgent_7", "SR": 0.0, "SPL": 0.0, "SoftSPL": 0.0, "PLR": 0.19115753992584197, "nDTW": 0.00027258299352400536, "CLS": 0.2969823018346392, "steps": 3, "path_length_cm": 775.0138372721397, "cumulative_reward": -767.0095672180069, "ended_reason": "no_tool_call", "metrics": {"SR": 0.0, "SPL": 0.0, "SoftSPL": 0.0, "PLR": 0.19115753992584197, "nDTW": 0.00027258299352400536, "CLS": 0.2969823018346392, "path_length_cm": 775.0138372721397, "cumulative_reward": -767.0095672180069}, "token_totals": {"input": 1677, "output": 510, "calls": 3}, "finished_at": "2026-04-23T15:06:48.280270+00:00"}