{"episode_id": "map_06_hwaseong_native_pn_0018", "episode_idx": 2, "agent_name": "GhostAgent_2", "SR": 0.0, "SPL": 0.0, "SoftSPL": 0.0, "PLR": 4.5724093112993565, "nDTW": 2.2525327592657965e-283, "CLS": 0.0855412301708697, "steps": 40, "path_length_cm": 16508.226577515197, "cumulative_reward": -8873.19119936326, "ended_reason": "max_steps", "metrics": {"SR": 0.0, "SPL": 0.0, "SoftSPL": 0.0, "PLR": 4.5724093112993565, "nDTW": 2.2525327592657965e-283, "CLS": 0.0855412301708697, "path_length_cm": 16508.226577515197, "cumulative_reward": -8873.19119936326}, "token_totals": {"input": 134959, "output": 8600, "calls": 40}, "finished_at": "2026-04-23T13:57:33.013102+00:00"}