{"episode_id": "map_47_wintertown_demo01_minimal_on_0019", "episode_idx": 9, "agent_name": "GhostAgent_9", "SR": 0.0, "SPL": 0.0, "SoftSPL": 0.14656599607216086, "PLR": 4.340978060814971, "nDTW": 8.516075693584279e-18, "CLS": 0.09319798001639523, "steps": 40, "path_length_cm": 5978.221346231945, "cumulative_reward": 875.8017441666644, "ended_reason": "max_steps", "metrics": {"SR": 0.0, "SPL": 0.0, "SoftSPL": 0.14656599607216086, "PLR": 4.340978060814971, "nDTW": 8.516075693584279e-18, "CLS": 0.09319798001639523, "path_length_cm": 5978.221346231945, "cumulative_reward": 875.8017441666644}, "token_totals": {"input": 124342, "output": 6353, "calls": 40}, "finished_at": "2026-04-23T01:44:15.744285+00:00"}