{"episode_id": "map_22_containeryard_demo_native_obj_on_0013", "episode_idx": 1, "agent_name": "GhostAgent_1", "SR": 1.0, "SPL": 0.9436593553273208, "SoftSPL": 0.8925169196107916, "PLR": 1.0597044307933945, "nDTW": 1.3240425543111295e-07, "CLS": 0.4336149525529382, "steps": 15, "path_length_cm": 3703.9742999078435, "cumulative_reward": 3229.605199206555, "ended_reason": "success", "metrics": {"SR": 1.0, "SPL": 0.9436593553273208, "SoftSPL": 0.8925169196107916, "PLR": 1.0597044307933945, "nDTW": 1.3240425543111295e-07, "CLS": 0.4336149525529382, "path_length_cm": 3703.9742999078435, "cumulative_reward": 3229.605199206555}, "token_totals": {"input": 37652, "output": 1656, "calls": 15}, "finished_at": "2026-04-23T00:32:10.840454+00:00"}