{"episode_id": "map_28_village_night_native_pn_0003", "episode_idx": 3, "agent_name": "GhostAgent_3", "SR": 0.0, "SPL": 0.0, "SoftSPL": 0.0, "PLR": 5.9633650247346175, "nDTW": 9.962727395294328e-66, "CLS": 0.1490597949387192, "steps": 40, "path_length_cm": 9885.649102453317, "cumulative_reward": -1224.1933347271797, "ended_reason": "max_steps", "metrics": {"SR": 0.0, "SPL": 0.0, "SoftSPL": 0.0, "PLR": 5.9633650247346175, "nDTW": 9.962727395294328e-66, "CLS": 0.1490597949387192, "path_length_cm": 9885.649102453317, "cumulative_reward": -1224.1933347271797}, "token_totals": {"input": 137478, "output": 9524, "calls": 40}, "finished_at": "2026-04-23T00:10:12.688029+00:00"}