{"episode_id": "map_68_B13_suburban_park_obj_on_0011", "episode_idx": 1, "agent_name": "GhostAgent_1", "SR": 0.0, "SPL": 0.0, "SoftSPL": 0.3167284736327146, "PLR": 0.8027993265664553, "nDTW": 4.109837989029266e-67, "CLS": 0.04986237937545889, "steps": 40, "path_length_cm": 5942.770182867779, "cumulative_reward": 2272.0125406580005, "ended_reason": "max_steps", "metrics": {"SR": 0.0, "SPL": 0.0, "SoftSPL": 0.3167284736327146, "PLR": 0.8027993265664553, "nDTW": 4.109837989029266e-67, "CLS": 0.04986237937545889, "path_length_cm": 5942.770182867779, "cumulative_reward": 2272.0125406580005}, "token_totals": {"input": 127735, "output": 7171, "calls": 40}, "finished_at": "2026-04-23T04:48:21.646547+00:00"}