{"episode_id": "map_59_B10_market_plaza_obj_on_0018", "episode_idx": 7, "agent_name": "GhostAgent_7", "SR": 0.0, "SPL": 0.0, "SoftSPL": 0.0, "PLR": 6.169250090996677, "nDTW": 8.038687544415823e-54, "CLS": 0.046895562585305764, "steps": 40, "path_length_cm": 6338.287543489986, "cumulative_reward": -445.97796231258667, "ended_reason": "max_steps", "metrics": {"SR": 0.0, "SPL": 0.0, "SoftSPL": 0.0, "PLR": 6.169250090996677, "nDTW": 8.038687544415823e-54, "CLS": 0.046895562585305764, "path_length_cm": 6338.287543489986, "cumulative_reward": -445.97796231258667}, "token_totals": {"input": 123898, "output": 5941, "calls": 40}, "finished_at": "2026-04-23T14:55:22.788335+00:00"}