{"episode_id": "map_62_trainstation_cross_remix_on_0000", "episode_idx": 0, "agent_name": "GhostAgent_0", "SR": 1.0, "SPL": 1.0, "SoftSPL": 0.8491025968527837, "PLR": 0.955252987541317, "nDTW": 0.08492047694365891, "CLS": 0.5207248021250006, "steps": 6, "path_length_cm": 1127.103, "cumulative_reward": 1004.2921811832301, "ended_reason": "success", "metrics": {"SR": 1.0, "SPL": 1.0, "SoftSPL": 0.8491025968527837, "PLR": 0.955252987541317, "nDTW": 0.08492047694365891, "CLS": 0.5207248021250006, "path_length_cm": 1127.103, "cumulative_reward": 1004.2921811832301}, "token_totals": {"input": 10287, "output": 508, "calls": 6}, "finished_at": "2026-04-23T02:58:41.288976+00:00"}