{"episode_id": "map_31_gothic_day_remix_on_0014", "episode_idx": 4, "agent_name": "GhostAgent_4", "SR": 1.0, "SPL": 0.9234942145125898, "SoftSPL": 0.8463963474589185, "PLR": 1.0828438167615257, "nDTW": 0.0036118510958421703, "CLS": 0.49482681713810656, "steps": 5, "path_length_cm": 1991.9669999999999, "cumulative_reward": 1688.4442217653007, "ended_reason": "success", "metrics": {"SR": 1.0, "SPL": 0.9234942145125898, "SoftSPL": 0.8463963474589185, "PLR": 1.0828438167615257, "nDTW": 0.0036118510958421703, "CLS": 0.49482681713810656, "path_length_cm": 1991.9669999999999, "cumulative_reward": 1688.4442217653007}, "token_totals": {"input": 7582, "output": 446, "calls": 5}, "finished_at": "2026-04-23T18:16:41.366771+00:00"}