{"episode_id": "map_15_middleeast_remix_obj_on_0015", "episode_idx": 4, "agent_name": "GhostAgent_4", "SR": 0.0, "SPL": 0.0, "SoftSPL": 0.06416138277913364, "PLR": 0.000399673843252392, "nDTW": 0.038209620794294276, "CLS": 0.13473496081316944, "steps": 40, "path_length_cm": 0.7547880497205748, "cumulative_reward": 0.2935189132586853, "ended_reason": "max_steps", "metrics": {"SR": 0.0, "SPL": 0.0, "SoftSPL": 0.06416138277913364, "PLR": 0.000399673843252392, "nDTW": 0.038209620794294276, "CLS": 0.13473496081316944, "path_length_cm": 0.7547880497205748, "cumulative_reward": 0.2935189132586853}, "token_totals": {"input": 30794, "output": 1345, "calls": 40}, "finished_at": "2026-04-23T15:14:50.501528+00:00"}