{"episode_id": "map_36_dungeon_native_pn_0014", "episode_idx": 4, "agent_name": "GhostAgent_4", "SR": 1.0, "SPL": 0.6422958201394876, "SoftSPL": 0.6063970196830947, "PLR": 1.5569150049627127, "nDTW": 7.125698556047342e-14, "CLS": 0.3617271897108152, "steps": 20, "path_length_cm": 3851.605323327106, "cumulative_reward": 2337.899481753462, "ended_reason": "success", "metrics": {"SR": 1.0, "SPL": 0.6422958201394876, "SoftSPL": 0.6063970196830947, "PLR": 1.5569150049627127, "nDTW": 7.125698556047342e-14, "CLS": 0.3617271897108152, "path_length_cm": 3851.605323327106, "cumulative_reward": 2337.899481753462}, "token_totals": {"input": 55424, "output": 2739, "calls": 20}, "finished_at": "2026-04-23T01:02:13.510147+00:00"}