{"episode_id": "map_20_trainstation_native_on_0008", "episode_idx": 8, "agent_name": "GhostAgent_8", "SR": 0.0, "SPL": 0.0, "SoftSPL": 0.22864223497582836, "PLR": 2.1033486022215597, "nDTW": 1.863001343456439e-25, "CLS": 0.056292829371149156, "steps": 40, "path_length_cm": 11715.441379513864, "cumulative_reward": 2329.9770499775104, "ended_reason": "max_steps", "metrics": {"SR": 0.0, "SPL": 0.0, "SoftSPL": 0.22864223497582836, "PLR": 2.1033486022215597, "nDTW": 1.863001343456439e-25, "CLS": 0.056292829371149156, "path_length_cm": 11715.441379513864, "cumulative_reward": 2329.9770499775104}, "token_totals": {"input": 128913, "output": 7116, "calls": 40}, "finished_at": "2026-04-23T17:10:14.552513+00:00"}