{"episode_id": "map_31_gothic_day_remix_on_0010", "episode_idx": 0, "agent_name": "GhostAgent_0", "SR": 0.0, "SPL": 0.0, "SoftSPL": 0.13184621715537148, "PLR": 0.027807695350615773, "nDTW": 2.765070767632708e-07, "CLS": 0.09705808095991869, "steps": 40, "path_length_cm": 158.16599999999994, "cumulative_reward": 157.34467497572405, "ended_reason": "max_steps", "metrics": {"SR": 0.0, "SPL": 0.0, "SoftSPL": 0.13184621715537148, "PLR": 0.027807695350615773, "nDTW": 2.765070767632708e-07, "CLS": 0.09705808095991869, "path_length_cm": 158.16599999999994, "cumulative_reward": 157.34467497572405}, "token_totals": {"input": 118679, "output": 7773, "calls": 40}, "finished_at": "2026-04-23T18:16:41.364802+00:00"}