{"episode_id": "map_45_B7_park_with_paths_obj_on_0016", "episode_idx": 6, "agent_name": "GhostAgent_6", "SR": 1.0, "SPL": 0.4008148295036247, "SoftSPL": 0.36885336326875495, "PLR": 2.4949176686861003, "nDTW": 0.36885336326875495, "CLS": 0.36885336326875495, "steps": 24, "path_length_cm": 6159.602435512365, "cumulative_reward": 2263.766017509126, "ended_reason": "success", "metrics": {"SR": 1.0, "SPL": 0.4008148295036247, "SoftSPL": 0.36885336326875495, "PLR": 2.4949176686861003, "nDTW": 0.36885336326875495, "CLS": 0.36885336326875495, "path_length_cm": 6159.602435512365, "cumulative_reward": 2263.766017509126}, "token_totals": {"input": 71403, "output": 3795, "calls": 24}, "finished_at": "2026-04-23T20:21:23.774244+00:00"}