{"episode_id": "map_09b_wintertown_demo02_pn_0018", "episode_idx": 1, "agent_name": "GhostAgent_1", "SR": 0.0, "SPL": 0.0, "SoftSPL": 0.0, "PLR": 6.229719727451953, "nDTW": 1.642135637995208e-95, "CLS": 0.006422174664976934, "steps": 9, "path_length_cm": 48631.24800000001, "cumulative_reward": -35669.56254119246, "ended_reason": "step_error", "metrics": {"SR": 0.0, "SPL": 0.0, "SoftSPL": 0.0, "PLR": 6.229719727451953, "nDTW": 1.642135637995208e-95, "CLS": 0.006422174664976934, "path_length_cm": 48631.24800000001, "cumulative_reward": -35669.56254119246}, "token_totals": {"input": 19131, "output": 574, "calls": 9}, "finished_at": "2026-04-23T17:57:22.974308+00:00"}