{"episode_id": "map_36_dungeon_native_obj_pn_0008", "episode_idx": 8, "agent_name": "GhostAgent_8", "SR": 0.0, "SPL": 0.0, "SoftSPL": 0.0, "PLR": 2.078077719445005, "nDTW": 7.324339207996648e-09, "CLS": 0.37122466067448323, "steps": 40, "path_length_cm": 2928.9050801173735, "cumulative_reward": 349.17068555289234, "ended_reason": "max_steps", "metrics": {"SR": 0.0, "SPL": 0.0, "SoftSPL": 0.0, "PLR": 2.078077719445005, "nDTW": 7.324339207996648e-09, "CLS": 0.37122466067448323, "path_length_cm": 2928.9050801173735, "cumulative_reward": 349.17068555289234}, "token_totals": {"input": 116157, "output": 5712, "calls": 40}, "finished_at": "2026-04-23T01:20:30.561072+00:00"}