{"episode_id": "map_04_courtyard_remix_obj_pn_0008", "episode_idx": 3, "agent_name": "GhostAgent_3", "SR": 0.0, "SPL": 0.0, "SoftSPL": 0.2623616228940342, "PLR": 0.27561327652962975, "nDTW": 3.470177886985037e-06, "CLS": 0.2825748624370142, "steps": 40, "path_length_cm": 1160.4256027037613, "cumulative_reward": 901.6706492659519, "ended_reason": "max_steps", "metrics": {"SR": 0.0, "SPL": 0.0, "SoftSPL": 0.2623616228940342, "PLR": 0.27561327652962975, "nDTW": 3.470177886985037e-06, "CLS": 0.2825748624370142, "path_length_cm": 1160.4256027037613, "cumulative_reward": 901.6706492659519}, "token_totals": {"input": 124323, "output": 7092, "calls": 40}, "finished_at": "2026-04-22T22:44:52.702641+00:00"}