{"episode_id": "map_21_hwaseong_remix2_on_0019", "episode_idx": 9, "agent_name": "GhostAgent_9", "SR": 0.0, "SPL": 0.0, "SoftSPL": 0.007348686538923621, "PLR": 0.0, "nDTW": 1.746352446016326e-08, "CLS": 0.15844178503979997, "steps": 40, "path_length_cm": 0.0, "cumulative_reward": -0.4000000000000002, "ended_reason": "max_steps", "metrics": {"SR": 0.0, "SPL": 0.0, "SoftSPL": 0.007348686538923621, "PLR": 0.0, "nDTW": 1.746352446016326e-08, "CLS": 0.15844178503979997, "path_length_cm": 0.0, "cumulative_reward": -0.4000000000000002}, "token_totals": {"input": 35244, "output": 2236, "calls": 40}, "finished_at": "2026-04-23T18:05:53.278909+00:00"}