{"episode_id": "map_62_trainstation_cross_remix_pn_0004", "episode_idx": 4, "agent_name": "GhostAgent_4", "SR": 0.0, "SPL": 0.0, "SoftSPL": 0.0, "PLR": 0.02475193190726841, "nDTW": 3.0403538833695263e-05, "CLS": 0.10667951686735598, "steps": 40, "path_length_cm": 66.30299999999988, "cumulative_reward": 43.83222148085332, "ended_reason": "max_steps", "metrics": {"SR": 0.0, "SPL": 0.0, "SoftSPL": 0.0, "PLR": 0.02475193190726841, "nDTW": 3.0403538833695263e-05, "CLS": 0.10667951686735598, "path_length_cm": 66.30299999999988, "cumulative_reward": 43.83222148085332}, "token_totals": {"input": 112483, "output": 4088, "calls": 40}, "finished_at": "2026-04-23T04:04:23.641626+00:00"}