{"episode_id": "map_03_watertown_remix_pn_0009", "episode_idx": 3, "agent_name": "GhostAgent_3", "SR": 0.0, "SPL": 0.0, "SoftSPL": 0.5091090048060674, "PLR": 0.7861165498534581, "nDTW": 7.0383015152199144e-15, "CLS": 0.26658466571386513, "steps": 40, "path_length_cm": 4824.460155774661, "cumulative_reward": 2473.777186730812, "ended_reason": "max_steps", "metrics": {"SR": 0.0, "SPL": 0.0, "SoftSPL": 0.5091090048060674, "PLR": 0.7861165498534581, "nDTW": 7.0383015152199144e-15, "CLS": 0.26658466571386513, "path_length_cm": 4824.460155774661, "cumulative_reward": 2473.777186730812}, "token_totals": {"input": 444973, "output": 5647, "calls": 40}, "finished_at": "2026-04-22T19:22:05.426461+00:00"}