{"episode_id": "map_21_hwaseong_remix2_obj_on_0006", "episode_idx": 6, "agent_name": "GhostAgent_6", "SR": 0.0, "SPL": 0.0, "SoftSPL": 0.0042858451272715925, "PLR": 0.0, "nDTW": 4.323948685571169e-07, "CLS": 0.16666666676215403, "steps": 40, "path_length_cm": 0.0, "cumulative_reward": -0.4000000000000002, "ended_reason": "max_steps", "metrics": {"SR": 0.0, "SPL": 0.0, "SoftSPL": 0.0042858451272715925, "PLR": 0.0, "nDTW": 4.323948685571169e-07, "CLS": 0.16666666676215403, "path_length_cm": 0.0, "cumulative_reward": -0.4000000000000002}, "token_totals": {"input": 33928, "output": 2005, "calls": 40}, "finished_at": "2026-04-23T18:18:56.954444+00:00"}