{"episode_id": "map_03_watertown_remix_obj_on_0002", "episode_idx": 3, "agent_name": "GhostAgent_3", "SR": 1.0, "SPL": 0.8759821086512795, "SoftSPL": 0.8591506552858765, "PLR": 1.141575826862111, "nDTW": 2.7992412180161966e-14, "CLS": 0.19714101494158687, "steps": 32, "path_length_cm": 8345.547161066806, "cumulative_reward": 6883.384042727855, "ended_reason": "success", "metrics": {"SR": 1.0, "SPL": 0.8759821086512795, "SoftSPL": 0.8591506552858765, "PLR": 1.141575826862111, "nDTW": 2.7992412180161966e-14, "CLS": 0.19714101494158687, "path_length_cm": 8345.547161066806, "cumulative_reward": 6883.384042727855}, "token_totals": {"input": 283105, "output": 3216, "calls": 32}, "finished_at": "2026-04-22T21:51:39.217511+00:00"}