{"episode_id": "map_60_B11_forest_camp_pn_0006", "episode_idx": 6, "agent_name": "GhostAgent_6", "SR": 0.0, "SPL": 0.0, "SoftSPL": 0.0, "PLR": 5.20123380095093, "nDTW": 6.145100958188623e-234, "CLS": 0.05029871390808504, "steps": 40, "path_length_cm": 15358.203167447906, "cumulative_reward": -9570.593126140508, "ended_reason": "max_steps", "metrics": {"SR": 0.0, "SPL": 0.0, "SoftSPL": 0.0, "PLR": 5.20123380095093, "nDTW": 6.145100958188623e-234, "CLS": 0.05029871390808504, "path_length_cm": 15358.203167447906, "cumulative_reward": -9570.593126140508}, "token_totals": {"input": 141372, "output": 9804, "calls": 40}, "finished_at": "2026-04-23T17:13:38.962026+00:00"}