{"episode_id": "map_53_courtyard_sanny_big_remix_obj_on_0015", "episode_idx": 4, "agent_name": "GhostAgent_4", "SR": 0.0, "SPL": 0.0, "SoftSPL": 0.2180789385978259, "PLR": 0.0, "nDTW": 0.00022006083489395294, "CLS": 0.05141157061915997, "steps": 0, "path_length_cm": 0.0, "cumulative_reward": 0.0, "ended_reason": "spawn_blocked", "metrics": {"SR": 0.0, "SPL": 0.0, "SoftSPL": 0.2180789385978259, "PLR": 0.0, "nDTW": 0.00022006083489395294, "CLS": 0.05141157061915997, "path_length_cm": 0.0, "cumulative_reward": 0.0}, "token_totals": {"input": 0, "output": 0, "calls": 0}, "finished_at": "2026-04-23T18:58:11.146761+00:00"}