{
  "map": "map_62_trainstation_cross_remix",
  "n": 19,
  "SR": 0.15789473684210525,
  "SPL": 0.13037019878758696,
  "SoftSPL": 0.14276411063397726,
  "nDTW": 0.006985835770437071,
  "avg_steps": 32.8421052631579
}