{"episode_id": "map_40_B2_open_plaza_obj_pn_0007", "episode_idx": 7, "agent_name": "GhostAgent_7", "SR": 0.0, "SPL": 0.0, "SoftSPL": 0.0, "PLR": 2.6029816595836563, "nDTW": 2.385988228091711e-227, "CLS": 0.09604370399866867, "steps": 40, "path_length_cm": 12822.938400523988, "cumulative_reward": -7895.822818041208, "ended_reason": "max_steps", "metrics": {"SR": 0.0, "SPL": 0.0, "SoftSPL": 0.0, "PLR": 2.6029816595836563, "nDTW": 2.385988228091711e-227, "CLS": 0.09604370399866867, "path_length_cm": 12822.938400523988, "cumulative_reward": -7895.822818041208}, "token_totals": {"input": 134288, "output": 8456, "calls": 40}, "finished_at": "2026-04-23T16:36:21.278113+00:00"}