{"episode_id": "map_46_B8_dense_urban_pn_0006", "episode_idx": 6, "agent_name": "GhostAgent_6", "SR": 0.0, "SPL": 0.0, "SoftSPL": 0.0, "PLR": 0.056479251472593035, "nDTW": 7.289760965933774e-09, "CLS": 0.26496505790351926, "steps": 40, "path_length_cm": 179.39900000000034, "cumulative_reward": -13.171362692655652, "ended_reason": "max_steps", "metrics": {"SR": 0.0, "SPL": 0.0, "SoftSPL": 0.0, "PLR": 0.056479251472593035, "nDTW": 7.289760965933774e-09, "CLS": 0.26496505790351926, "path_length_cm": 179.39900000000034, "cumulative_reward": -13.171362692655652}, "token_totals": {"input": 35198, "output": 2529, "calls": 40}, "finished_at": "2026-04-23T15:59:39.501737+00:00"}