{"episode_id": "map_01_wintertown_native_pn_0010", "episode_idx": 3, "agent_name": "GhostAgent_3", "SR": 0.0, "SPL": 0.0, "SoftSPL": 0.0, "PLR": 1.1459161795977157, "nDTW": 5.922905706849257e-63, "CLS": 0.21817146947068902, "steps": 40, "path_length_cm": 2588.6475680348317, "cumulative_reward": 1281.4077704953015, "ended_reason": "max_steps", "metrics": {"SR": 0.0, "SPL": 0.0, "SoftSPL": 0.0, "PLR": 1.1459161795977157, "nDTW": 5.922905706849257e-63, "CLS": 0.21817146947068902, "path_length_cm": 2588.6475680348317, "cumulative_reward": 1281.4077704953015}, "token_totals": {"input": 454487, "output": 5788, "calls": 40}, "finished_at": "2026-04-22T20:01:44.187846+00:00"}