{"episode_id": "map_26_courtyard_overcast_native_pn_0006", "episode_idx": 6, "agent_name": "GhostAgent_6", "SR": 0.0, "SPL": 0.0, "SoftSPL": 0.6946823852644861, "PLR": 0.05198275499080662, "nDTW": 0.00022772008757007, "CLS": 0.08355242548255043, "steps": 40, "path_length_cm": 222.2189999999996, "cumulative_reward": 221.73184195637685, "ended_reason": "max_steps", "metrics": {"SR": 0.0, "SPL": 0.0, "SoftSPL": 0.6946823852644861, "PLR": 0.05198275499080662, "nDTW": 0.00022772008757007, "CLS": 0.08355242548255043, "path_length_cm": 222.2189999999996, "cumulative_reward": 221.73184195637685}, "token_totals": {"input": 102982, "output": 2777, "calls": 40}, "finished_at": "2026-04-23T00:09:03.477483+00:00"}