{"episode_id": "map_11_wintertown_demo01_remix_obj_on_0000", "episode_idx": 0, "agent_name": "GhostAgent_0", "SR": 0.0, "SPL": 0.0, "SoftSPL": 0.09048763156006356, "PLR": 0.2684906166911577, "nDTW": 5.427687906890527e-21, "CLS": 0.10345918289266756, "steps": 40, "path_length_cm": 1187.7971184293478, "cumulative_reward": 172.13102902046782, "ended_reason": "max_steps", "metrics": {"SR": 0.0, "SPL": 0.0, "SoftSPL": 0.09048763156006356, "PLR": 0.2684906166911577, "nDTW": 5.427687906890527e-21, "CLS": 0.10345918289266756, "path_length_cm": 1187.7971184293478, "cumulative_reward": 172.13102902046782}, "token_totals": {"input": 123914, "output": 6824, "calls": 40}, "finished_at": "2026-04-22T23:43:32.824384+00:00"}