{"episode_id": "map_01_wintertown_native_obj_on_0000", "episode_idx": 4, "agent_name": "GhostAgent_4", "SR": 0.0, "SPL": 0.0, "SoftSPL": 0.302816779940968, "PLR": 1.573725758261745, "nDTW": 3.522626288051079e-92, "CLS": 0.15886225868065318, "steps": 40, "path_length_cm": 6851.419672941081, "cumulative_reward": 2074.323244258597, "ended_reason": "max_steps", "metrics": {"SR": 0.0, "SPL": 0.0, "SoftSPL": 0.302816779940968, "PLR": 1.573725758261745, "nDTW": 3.522626288051079e-92, "CLS": 0.15886225868065318, "path_length_cm": 6851.419672941081, "cumulative_reward": 2074.323244258597}, "token_totals": {"input": 441848, "output": 4476, "calls": 40}, "finished_at": "2026-04-22T20:57:49.966709+00:00"}