{"episode_id": "map_45_B7_park_with_paths_pn_0012", "episode_idx": 2, "agent_name": "GhostAgent_2", "SR": 0.0, "SPL": 0.0, "SoftSPL": 0.0, "PLR": 0.06541301446248646, "nDTW": 2.576102083135682e-13, "CLS": 0.11963148424914832, "steps": 40, "path_length_cm": 405.301, "cumulative_reward": -402.85258273157524, "ended_reason": "max_steps", "metrics": {"SR": 0.0, "SPL": 0.0, "SoftSPL": 0.0, "PLR": 0.06541301446248646, "nDTW": 2.576102083135682e-13, "CLS": 0.11963148424914832, "path_length_cm": 405.301, "cumulative_reward": -402.85258273157524}, "token_totals": {"input": 115660, "output": 4589, "calls": 40}, "finished_at": "2026-04-23T19:18:31.267126+00:00"}