{"episode_id": "map_46_B8_dense_urban_on_0006", "episode_idx": 6, "agent_name": "GhostAgent_6", "SR": 0.0, "SPL": 0.0, "SoftSPL": 0.0, "PLR": 0.12540384149201753, "nDTW": 9.408959281709502e-20, "CLS": 0.28584624422391813, "steps": 40, "path_length_cm": 398.3289999999997, "cumulative_reward": -8.201134165602882, "ended_reason": "max_steps", "metrics": {"SR": 0.0, "SPL": 0.0, "SoftSPL": 0.0, "PLR": 0.12540384149201753, "nDTW": 9.408959281709502e-20, "CLS": 0.28584624422391813, "path_length_cm": 398.3289999999997, "cumulative_reward": -8.201134165602882}, "token_totals": {"input": 36334, "output": 2495, "calls": 40}, "finished_at": "2026-04-23T16:05:58.731947+00:00"}