{"episode_id": "map_18_cave_native_pn_0014", "episode_idx": 4, "agent_name": "GhostAgent_4", "SR": 0.0, "SPL": 0.0, "SoftSPL": 0.0, "PLR": 0.45334815391498773, "nDTW": 2.4511361241817623e-19, "CLS": 0.1622070168150814, "steps": 40, "path_length_cm": 801.1840584878012, "cumulative_reward": -604.7369264433835, "ended_reason": "max_steps", "metrics": {"SR": 0.0, "SPL": 0.0, "SoftSPL": 0.0, "PLR": 0.45334815391498773, "nDTW": 2.4511361241817623e-19, "CLS": 0.1622070168150814, "path_length_cm": 801.1840584878012, "cumulative_reward": -604.7369264433835}, "token_totals": {"input": 109697, "output": 3435, "calls": 40}, "finished_at": "2026-04-23T18:24:27.805796+00:00"}