{"episode_id": "map_25_containeryard_day_remix_obj_on_0019", "episode_idx": 2, "agent_name": "GhostAgent_2", "SR": 0.0, "SPL": 0.0, "SoftSPL": 0.0, "PLR": 0.25115312366321335, "nDTW": 5.538464058292674e-39, "CLS": 0.33384664384210017, "steps": 40, "path_length_cm": 810.2249999999995, "cumulative_reward": -809.4937191529634, "ended_reason": "max_steps", "metrics": {"SR": 0.0, "SPL": 0.0, "SoftSPL": 0.0, "PLR": 0.25115312366321335, "nDTW": 5.538464058292674e-39, "CLS": 0.33384664384210017, "path_length_cm": 810.2249999999995, "cumulative_reward": -809.4937191529634}, "token_totals": {"input": 122517, "output": 5529, "calls": 40}, "finished_at": "2026-04-23T00:59:10.295741+00:00"}