{"episode_id": "map_42_B4_industrial_yard_on_0014", "episode_idx": 4, "agent_name": "GhostAgent_4", "SR": 0.0, "SPL": 0.0, "SoftSPL": 0.002658470116075895, "PLR": 0.0, "nDTW": 1.1700872020070575e-08, "CLS": 0.1666666666692046, "steps": 40, "path_length_cm": 0.0, "cumulative_reward": -0.4000000000000002, "ended_reason": "max_steps", "metrics": {"SR": 0.0, "SPL": 0.0, "SoftSPL": 0.002658470116075895, "PLR": 0.0, "nDTW": 1.1700872020070575e-08, "CLS": 0.1666666666692046, "path_length_cm": 0.0, "cumulative_reward": -0.4000000000000002}, "token_totals": {"input": 38424, "output": 3262, "calls": 40}, "finished_at": "2026-04-23T16:06:09.556232+00:00"}