{"episode_id": "map_68_B13_suburban_park_pn_0009", "episode_idx": 9, "agent_name": "GhostAgent_9", "SR": 1.0, "SPL": 0.9708604051467651, "SoftSPL": 0.937870655501538, "PLR": 1.0300141963754612, "nDTW": 5.985579916687305e-06, "CLS": 0.40341436991431395, "steps": 12, "path_length_cm": 3599.7966149125996, "cumulative_reward": 3376.1791301726826, "ended_reason": "success", "metrics": {"SR": 1.0, "SPL": 0.9708604051467651, "SoftSPL": 0.937870655501538, "PLR": 1.0300141963754612, "nDTW": 5.985579916687305e-06, "CLS": 0.40341436991431395, "path_length_cm": 3599.7966149125996, "cumulative_reward": 3376.1791301726826}, "token_totals": {"input": 28506, "output": 1255, "calls": 12}, "finished_at": "2026-04-23T05:01:21.362952+00:00"}