{"episode_id": "map_56_containeryard_settlement_pn_0001", "episode_idx": 1, "agent_name": "GhostAgent_1", "SR": 0.0, "SPL": 0.0, "SoftSPL": 0.6119773959671739, "PLR": 1.004653386751086, "nDTW": 1.016918096233326e-24, "CLS": 0.42863470264130504, "steps": 40, "path_length_cm": 6914.225538298325, "cumulative_reward": 5121.060614038325, "ended_reason": "max_steps", "metrics": {"SR": 0.0, "SPL": 0.0, "SoftSPL": 0.6119773959671739, "PLR": 1.004653386751086, "nDTW": 1.016918096233326e-24, "CLS": 0.42863470264130504, "path_length_cm": 6914.225538298325, "cumulative_reward": 5121.060614038325}, "token_totals": {"input": 37754, "output": 3108, "calls": 40}, "finished_at": "2026-04-23T18:37:28.008376+00:00"}