{"episode_id": "map_47_wintertown_demo01_minimal_on_0006", "episode_idx": 6, "agent_name": "GhostAgent_6", "SR": 0.0, "SPL": 0.0, "SoftSPL": 0.14005853610924215, "PLR": 2.379077662670521, "nDTW": 8.937660754195261e-55, "CLS": 0.049794519543931035, "steps": 40, "path_length_cm": 10100.255262984561, "cumulative_reward": 1396.3810484108863, "ended_reason": "max_steps", "metrics": {"SR": 0.0, "SPL": 0.0, "SoftSPL": 0.14005853610924215, "PLR": 2.379077662670521, "nDTW": 8.937660754195261e-55, "CLS": 0.049794519543931035, "path_length_cm": 10100.255262984561, "cumulative_reward": 1396.3810484108863}, "token_totals": {"input": 136356, "output": 8944, "calls": 40}, "finished_at": "2026-04-23T01:28:57.259257+00:00"}