{"episode_id": "map_34_temple_plaza_native_pn_0010", "episode_idx": 0, "agent_name": "GhostAgent_0", "SR": 0.0, "SPL": 0.0, "SoftSPL": 0.09866847972647541, "PLR": 0.12220795032504242, "nDTW": 1.5541225689493118e-09, "CLS": 0.14734759905265507, "steps": 40, "path_length_cm": 505.53151771208667, "cumulative_reward": 5.5430863578481855, "ended_reason": "max_steps", "metrics": {"SR": 0.0, "SPL": 0.0, "SoftSPL": 0.09866847972647541, "PLR": 0.12220795032504242, "nDTW": 1.5541225689493118e-09, "CLS": 0.14734759905265507, "path_length_cm": 505.53151771208667, "cumulative_reward": 5.5430863578481855}, "token_totals": {"input": 35019, "output": 2463, "calls": 40}, "finished_at": "2026-04-23T15:42:13.663095+00:00"}