{"episode_id": "map_32_gothic_night_native_pn_0001", "episode_idx": 1, "agent_name": "GhostAgent_1", "SR": 1.0, "SPL": 0.9076902371328829, "SoftSPL": 0.8447267095639147, "PLR": 1.1016974283635523, "nDTW": 0.02106849431843441, "CLS": 0.6438319491398556, "steps": 5, "path_length_cm": 1204.507832378439, "cumulative_reward": 1019.9276820512381, "ended_reason": "success", "metrics": {"SR": 1.0, "SPL": 0.9076902371328829, "SoftSPL": 0.8447267095639147, "PLR": 1.1016974283635523, "nDTW": 0.02106849431843441, "CLS": 0.6438319491398556, "path_length_cm": 1204.507832378439, "cumulative_reward": 1019.9276820512381}, "token_totals": {"input": 8232, "output": 730, "calls": 5}, "finished_at": "2026-04-23T16:10:42.074169+00:00"}