{"episode_id": "map_21_hwaseong_remix2_obj_on_0010", "episode_idx": 0, "agent_name": "GhostAgent_0", "SR": 0.0, "SPL": 0.0, "SoftSPL": 0.0, "PLR": 0.0, "nDTW": 1.2163022996513377e-05, "CLS": 0.2500000000369848, "steps": 4, "path_length_cm": 0.0, "cumulative_reward": -0.03, "ended_reason": "no_tool_call", "metrics": {"SR": 0.0, "SPL": 0.0, "SoftSPL": 0.0, "PLR": 0.0, "nDTW": 1.2163022996513377e-05, "CLS": 0.2500000000369848, "path_length_cm": 0.0, "cumulative_reward": -0.03}, "token_totals": {"input": 2635, "output": 596, "calls": 4}, "finished_at": "2026-04-23T18:27:43.881696+00:00"}