{"episode_id": "map_11_wintertown_demo01_remix_on_0004", "episode_idx": 4, "agent_name": "GhostAgent_4", "SR": 0.0, "SPL": 0.0, "SoftSPL": 0.0, "PLR": 1.5897324639110482, "nDTW": 1.468013737343084e-11, "CLS": 0.15748855586127183, "steps": 10, "path_length_cm": 2296.765977235487, "cumulative_reward": -252.5129571512698, "ended_reason": "no_tool_call", "metrics": {"SR": 0.0, "SPL": 0.0, "SoftSPL": 0.0, "PLR": 1.5897324639110482, "nDTW": 1.468013737343084e-11, "CLS": 0.15748855586127183, "path_length_cm": 2296.765977235487, "cumulative_reward": -252.5129571512698}, "token_totals": {"input": 26043, "output": 2022, "calls": 10}, "finished_at": "2026-04-22T23:10:16.215511+00:00"}