{"episode_id": "map_59_B10_market_plaza_on_0009", "episode_idx": 9, "agent_name": "GhostAgent_9", "SR": 0.0, "SPL": 0.0, "SoftSPL": 0.0, "PLR": 7.330210255621408, "nDTW": 1.3153044513179876e-117, "CLS": 0.005456875533537546, "steps": 40, "path_length_cm": 38999.723946110695, "cumulative_reward": -29160.2977388422, "ended_reason": "max_steps", "metrics": {"SR": 0.0, "SPL": 0.0, "SoftSPL": 0.0, "PLR": 7.330210255621408, "nDTW": 1.3153044513179876e-117, "CLS": 0.005456875533537546, "path_length_cm": 38999.723946110695, "cumulative_reward": -29160.2977388422}, "token_totals": {"input": 137938, "output": 9161, "calls": 40}, "finished_at": "2026-04-23T02:34:34.611931+00:00"}