{"episode_id": "map_22_containeryard_demo_native_obj_on_0018", "episode_idx": 6, "agent_name": "GhostAgent_6", "SR": 1.0, "SPL": 0.8933065689075661, "SoftSPL": 0.8892230699275586, "PLR": 1.1194365235922425, "nDTW": 4.0500969414601156e-09, "CLS": 0.555273551765836, "steps": 16, "path_length_cm": 4306.449917528886, "cumulative_reward": 3634.671380917591, "ended_reason": "success", "metrics": {"SR": 1.0, "SPL": 0.8933065689075661, "SoftSPL": 0.8892230699275586, "PLR": 1.1194365235922425, "nDTW": 4.0500969414601156e-09, "CLS": 0.555273551765836, "path_length_cm": 4306.449917528886, "cumulative_reward": 3634.671380917591}, "token_totals": {"input": 44963, "output": 2509, "calls": 16}, "finished_at": "2026-04-23T00:32:11.195658+00:00"}