{"episode_id": "map_25_containeryard_day_remix_pn_0010", "episode_idx": 9, "agent_name": "GhostAgent_9", "SR": 1.0, "SPL": 0.8284739513368592, "SoftSPL": 0.8187451307647398, "PLR": 1.2070385537002815, "nDTW": 8.20299403059915e-13, "CLS": 0.6751269888780067, "steps": 17, "path_length_cm": 4447.925, "cumulative_reward": 3644.0448802282167, "ended_reason": "success", "metrics": {"SR": 1.0, "SPL": 0.8284739513368592, "SoftSPL": 0.8187451307647398, "PLR": 1.2070385537002815, "nDTW": 8.20299403059915e-13, "CLS": 0.6751269888780067, "path_length_cm": 4447.925, "cumulative_reward": 3644.0448802282167}, "token_totals": {"input": 44889, "output": 2204, "calls": 17}, "finished_at": "2026-04-23T15:37:25.615635+00:00"}