{"episode_id": "map_64_cave_lost_expedition_pn_0018", "episode_idx": 8, "agent_name": "GhostAgent_8", "SR": 0.0, "SPL": 0.0, "SoftSPL": 0.0, "PLR": 1.2617721573468017, "nDTW": 0.017800831465609186, "CLS": 0.4672423383462575, "steps": 31, "path_length_cm": 1360.9979198005542, "cumulative_reward": 1081.43563396888, "ended_reason": "success", "metrics": {"SR": 0.0, "SPL": 0.0, "SoftSPL": 0.0, "PLR": 1.2617721573468017, "nDTW": 0.017800831465609186, "CLS": 0.4672423383462575, "path_length_cm": 1360.9979198005542, "cumulative_reward": 1081.43563396888}, "token_totals": {"input": 93024, "output": 5316, "calls": 31}, "finished_at": "2026-04-23T20:02:29.881398+00:00"}