{"episode_id": "map_09b_wintertown_demo02_obj_pn_0003", "episode_idx": 3, "agent_name": "GhostAgent_3", "SR": 0.0, "SPL": 0.0, "SoftSPL": 0.8232196038110217, "PLR": 1.1561546972224441, "nDTW": 1.5016400935822164e-32, "CLS": 0.0856456797947109, "steps": 40, "path_length_cm": 8695.185123776613, "cumulative_reward": 6588.635843023839, "ended_reason": "max_steps", "metrics": {"SR": 0.0, "SPL": 0.0, "SoftSPL": 0.8232196038110217, "PLR": 1.1561546972224441, "nDTW": 1.5016400935822164e-32, "CLS": 0.0856456797947109, "path_length_cm": 8695.185123776613, "cumulative_reward": 6588.635843023839}, "token_totals": {"input": 121335, "output": 6316, "calls": 40}, "finished_at": "2026-04-22T23:16:35.300902+00:00"}