{"episode_id": "map_36_dungeon_native_pn_0016", "episode_idx": 6, "agent_name": "GhostAgent_6", "SR": 0.0, "SPL": 0.0, "SoftSPL": 0.19580493620422618, "PLR": 1.7005159897467694, "nDTW": 1.5715629973681133e-52, "CLS": 0.14999482736811254, "steps": 40, "path_length_cm": 4644.330235077095, "cumulative_reward": 2265.841378341933, "ended_reason": "max_steps", "metrics": {"SR": 0.0, "SPL": 0.0, "SoftSPL": 0.19580493620422618, "PLR": 1.7005159897467694, "nDTW": 1.5715629973681133e-52, "CLS": 0.14999482736811254, "path_length_cm": 4644.330235077095, "cumulative_reward": 2265.841378341933}, "token_totals": {"input": 119056, "output": 5012, "calls": 40}, "finished_at": "2026-04-23T01:02:13.510743+00:00"}