{"episode_id": "map_04_courtyard_remix_pn_0018", "episode_idx": 4, "agent_name": "GhostAgent_4", "SR": 0.0, "SPL": 0.0, "SoftSPL": 0.6864407043199233, "PLR": 0.058857632237333535, "nDTW": 3.8712460870499536e-08, "CLS": 0.07557971733942684, "steps": 40, "path_length_cm": 374.3969301196129, "cumulative_reward": 83.02955207342927, "ended_reason": "max_steps", "metrics": {"SR": 0.0, "SPL": 0.0, "SoftSPL": 0.6864407043199233, "PLR": 0.058857632237333535, "nDTW": 3.8712460870499536e-08, "CLS": 0.07557971733942684, "path_length_cm": 374.3969301196129, "cumulative_reward": 83.02955207342927}, "token_totals": {"input": 478751, "output": 7194, "calls": 40}, "finished_at": "2026-04-22T22:01:28.089670+00:00"}