{"episode_id": "map_37_dungeon_remix_pn_0018", "episode_idx": 8, "agent_name": "GhostAgent_8", "SR": 0.0, "SPL": 0.0, "SoftSPL": 0.0, "PLR": 0.20489119820736582, "nDTW": 4.029248128912544e-20, "CLS": 0.3144362769506148, "steps": 40, "path_length_cm": 398.66499999999996, "cumulative_reward": -365.1582114672701, "ended_reason": "max_steps", "metrics": {"SR": 0.0, "SPL": 0.0, "SoftSPL": 0.0, "PLR": 0.20489119820736582, "nDTW": 4.029248128912544e-20, "CLS": 0.3144362769506148, "path_length_cm": 398.66499999999996, "cumulative_reward": -365.1582114672701}, "token_totals": {"input": 109475, "output": 3012, "calls": 40}, "finished_at": "2026-04-23T16:27:29.765940+00:00"}