{"episode_id": "map_27_courtyard_overcast_remix_obj_on_0007", "episode_idx": 7, "agent_name": "GhostAgent_7", "SR": 1.0, "SPL": 1.0, "SoftSPL": 0.9484743791417696, "PLR": 0.9562688746608086, "nDTW": 0.6846221630785275, "CLS": 0.5177833105861481, "steps": 6, "path_length_cm": 1064.2125052325207, "cumulative_reward": 973.9474926653309, "ended_reason": "success", "metrics": {"SR": 1.0, "SPL": 1.0, "SoftSPL": 0.9484743791417696, "PLR": 0.9562688746608086, "nDTW": 0.6846221630785275, "CLS": 0.5177833105861481, "path_length_cm": 1064.2125052325207, "cumulative_reward": 973.9474926653309}, "token_totals": {"input": 3716, "output": 264, "calls": 6}, "finished_at": "2026-04-23T15:43:37.281470+00:00"}