{"episode_id": "map_08_cave_remix_on_0019", "episode_idx": 9, "agent_name": "GhostAgent_9", "SR": 1.0, "SPL": 1.0, "SoftSPL": 0.8022604003113568, "PLR": 0.8042887562606844, "nDTW": 0.673590794507834, "CLS": 0.6647695657987668, "steps": 5, "path_length_cm": 804.5219999999999, "cumulative_reward": 803.8536733212516, "ended_reason": "success", "metrics": {"SR": 1.0, "SPL": 1.0, "SoftSPL": 0.8022604003113568, "PLR": 0.8042887562606844, "nDTW": 0.673590794507834, "CLS": 0.6647695657987668, "path_length_cm": 804.5219999999999, "cumulative_reward": 803.8536733212516}, "token_totals": {"input": 3226, "output": 362, "calls": 5}, "finished_at": "2026-04-23T14:56:21.005405+00:00"}