{"episode_id": "map_43_B5_residential_courtyard_on_0007", "episode_idx": 7, "agent_name": "GhostAgent_7", "SR": 0.0, "SPL": 0.0, "SoftSPL": 0.9430888585787107, "PLR": 0.9688163266909454, "nDTW": 0.9430888585787107, "CLS": 0.9430888585787107, "steps": 40, "path_length_cm": 6711.000383151446, "cumulative_reward": 6516.8609720073255, "ended_reason": "max_steps", "metrics": {"SR": 0.0, "SPL": 0.0, "SoftSPL": 0.9430888585787107, "PLR": 0.9688163266909454, "nDTW": 0.9430888585787107, "CLS": 0.9430888585787107, "path_length_cm": 6711.000383151446, "cumulative_reward": 6516.8609720073255}, "token_totals": {"input": 32644, "output": 1787, "calls": 40}, "finished_at": "2026-04-23T20:06:22.243103+00:00"}