{"episode_id": "map_67_B12_construction_site_pn_0015", "episode_idx": 5, "agent_name": "GhostAgent_5", "SR": 0.0, "SPL": 0.0, "SoftSPL": 0.0, "PLR": 0.965905644850647, "nDTW": 4.05187114899733e-132, "CLS": 0.2588244528156364, "steps": 40, "path_length_cm": 6336.843301155567, "cumulative_reward": -1685.192367635722, "ended_reason": "max_steps", "metrics": {"SR": 0.0, "SPL": 0.0, "SoftSPL": 0.0, "PLR": 0.965905644850647, "nDTW": 4.05187114899733e-132, "CLS": 0.2588244528156364, "path_length_cm": 6336.843301155567, "cumulative_reward": -1685.192367635722}, "token_totals": {"input": 115623, "output": 4095, "calls": 40}, "finished_at": "2026-04-23T05:39:06.656100+00:00"}