{"episode_id": "map_65_hwaseong_ceremonial_on_0004", "episode_idx": 4, "agent_name": "GhostAgent_4", "SR": 1.0, "SPL": 1.0, "SoftSPL": 0.9301894017823109, "PLR": 0.9381812638158398, "nDTW": 0.0009790074819099252, "CLS": 0.584172465122991, "steps": 5, "path_length_cm": 1969.2800000000002, "cumulative_reward": 1954.9330009994044, "ended_reason": "success", "metrics": {"SR": 1.0, "SPL": 1.0, "SoftSPL": 0.9301894017823109, "PLR": 0.9381812638158398, "nDTW": 0.0009790074819099252, "CLS": 0.584172465122991, "path_length_cm": 1969.2800000000002, "cumulative_reward": 1954.9330009994044}, "token_totals": {"input": 7530, "output": 452, "calls": 5}, "finished_at": "2026-04-23T03:37:35.462877+00:00"}