{"episode_id": "map_23_containeryard_demo_remix_pn_0010", "episode_idx": 0, "agent_name": "GhostAgent_0", "SR": 0.0, "SPL": 0.0, "SoftSPL": 0.08441367796342401, "PLR": 4.819987837556276, "nDTW": 2.0247161521715504e-42, "CLS": 0.03239645541721828, "steps": 40, "path_length_cm": 9010.051464622322, "cumulative_reward": 746.5354526605186, "ended_reason": "max_steps", "metrics": {"SR": 0.0, "SPL": 0.0, "SoftSPL": 0.08441367796342401, "PLR": 4.819987837556276, "nDTW": 2.0247161521715504e-42, "CLS": 0.03239645541721828, "path_length_cm": 9010.051464622322, "cumulative_reward": 746.5354526605186}, "token_totals": {"input": 123759, "output": 5892, "calls": 40}, "finished_at": "2026-04-23T13:14:02.986361+00:00"}