{"episode_id": "map_49_courtyard_sunny_packed_on_0005", "episode_idx": 0, "agent_name": "GhostAgent_0", "SR": 0.0, "SPL": 0.0, "SoftSPL": 0.0, "PLR": 15.819971929319316, "nDTW": 2.9424382304626485e-76, "CLS": 0.0011200582380427098, "steps": 20, "path_length_cm": 53107.32936728636, "cumulative_reward": -49275.26472969149, "ended_reason": "step_error", "metrics": {"SR": 0.0, "SPL": 0.0, "SoftSPL": 0.0, "PLR": 15.819971929319316, "nDTW": 2.9424382304626485e-76, "CLS": 0.0011200582380427098, "path_length_cm": 53107.32936728636, "cumulative_reward": -49275.26472969149}, "token_totals": {"input": 56479, "output": 2436, "calls": 20}, "finished_at": "2026-04-23T18:41:59.665379+00:00"}