{"episode_id": "map_36_dungeon_native_obj_pn_0007", "episode_idx": 2, "agent_name": "GhostAgent_2", "SR": 0.0, "SPL": 0.0, "SoftSPL": 0.3072097302132038, "PLR": 1.5328990795419315, "nDTW": 2.035228388735096e-11, "CLS": 0.2743479167045222, "steps": 40, "path_length_cm": 4308.335494978962, "cumulative_reward": 2621.041265814627, "ended_reason": "max_steps", "metrics": {"SR": 0.0, "SPL": 0.0, "SoftSPL": 0.3072097302132038, "PLR": 1.5328990795419315, "nDTW": 2.035228388735096e-11, "CLS": 0.2743479167045222, "path_length_cm": 4308.335494978962, "cumulative_reward": 2621.041265814627}, "token_totals": {"input": 108196, "output": 4052, "calls": 40}, "finished_at": "2026-04-23T18:51:41.257430+00:00"}