{"episode_id": "map_42_B4_industrial_yard_obj_pn_0010", "episode_idx": 0, "agent_name": "GhostAgent_0", "SR": 0.0, "SPL": 0.0, "SoftSPL": 0.021989772705828803, "PLR": 0.0, "nDTW": 2.1919567721063682e-11, "CLS": 0.07142863941306483, "steps": 40, "path_length_cm": 0.0, "cumulative_reward": -0.4000000000000002, "ended_reason": "max_steps", "metrics": {"SR": 0.0, "SPL": 0.0, "SoftSPL": 0.021989772705828803, "PLR": 0.0, "nDTW": 2.1919567721063682e-11, "CLS": 0.07142863941306483, "path_length_cm": 0.0, "cumulative_reward": -0.4000000000000002}, "token_totals": {"input": 32664, "output": 1855, "calls": 40}, "finished_at": "2026-04-23T16:18:16.934260+00:00"}