{"episode_id": "map_27_courtyard_overcast_remix_obj_on_0010", "episode_idx": 0, "agent_name": "GhostAgent_0", "SR": 0.0, "SPL": 0.0, "SoftSPL": 0.06628108671416988, "PLR": 0.008201774965817457, "nDTW": 0.0026218810618273626, "CLS": 0.13363094532622274, "steps": 40, "path_length_cm": 16.255999999999858, "cumulative_reward": -16.526938878060236, "ended_reason": "max_steps", "metrics": {"SR": 0.0, "SPL": 0.0, "SoftSPL": 0.06628108671416988, "PLR": 0.008201774965817457, "nDTW": 0.0026218810618273626, "CLS": 0.13363094532622274, "path_length_cm": 16.255999999999858, "cumulative_reward": -16.526938878060236}, "token_totals": {"input": 36971, "output": 2895, "calls": 40}, "finished_at": "2026-04-23T15:52:12.386223+00:00"}