{"episode_id": "map_21_hwaseong_remix2_obj_on_0011", "episode_idx": 1, "agent_name": "GhostAgent_1", "SR": 0.0, "SPL": 0.0, "SoftSPL": 0.00010481275157692149, "PLR": 0.0, "nDTW": 1.8246996867093507e-06, "CLS": 0.16666666750003253, "steps": 40, "path_length_cm": 0.0, "cumulative_reward": -0.4000000000000002, "ended_reason": "max_steps", "metrics": {"SR": 0.0, "SPL": 0.0, "SoftSPL": 0.00010481275157692149, "PLR": 0.0, "nDTW": 1.8246996867093507e-06, "CLS": 0.16666666750003253, "path_length_cm": 0.0, "cumulative_reward": -0.4000000000000002}, "token_totals": {"input": 31754, "output": 1476, "calls": 40}, "finished_at": "2026-04-23T18:27:43.910677+00:00"}