{"episode_id": "map_11_wintertown_demo01_remix_obj_on_0008", "episode_idx": 8, "agent_name": "GhostAgent_8", "SR": 1.0, "SPL": 0.5864076465460957, "SoftSPL": 0.5670415735293283, "PLR": 1.705298363501802, "nDTW": 6.641867944118737e-20, "CLS": 0.1749387008184502, "steps": 26, "path_length_cm": 4420.781371574802, "cumulative_reward": 2439.7557195756035, "ended_reason": "success", "metrics": {"SR": 1.0, "SPL": 0.5864076465460957, "SoftSPL": 0.5670415735293283, "PLR": 1.705298363501802, "nDTW": 6.641867944118737e-20, "CLS": 0.1749387008184502, "path_length_cm": 4420.781371574802, "cumulative_reward": 2439.7557195756035}, "token_totals": {"input": 81441, "output": 4981, "calls": 26}, "finished_at": "2026-04-22T23:43:32.827124+00:00"}