{"episode_id": "map_37_dungeon_remix_pn_0008", "episode_idx": 8, "agent_name": "GhostAgent_8", "SR": 0.0, "SPL": 0.0, "SoftSPL": 0.07210124953566435, "PLR": 2.8200320481531564, "nDTW": 3.620510168825781e-16, "CLS": 0.2780337021285006, "steps": 40, "path_length_cm": 4712.414554066332, "cumulative_reward": 1558.687362827355, "ended_reason": "max_steps", "metrics": {"SR": 0.0, "SPL": 0.0, "SoftSPL": 0.07210124953566435, "PLR": 2.8200320481531564, "nDTW": 3.620510168825781e-16, "CLS": 0.2780337021285006, "path_length_cm": 4712.414554066332, "cumulative_reward": 1558.687362827355}, "token_totals": {"input": 118078, "output": 6163, "calls": 40}, "finished_at": "2026-04-23T16:14:30.532375+00:00"}