{"episode_id": "map_40_B2_open_plaza_obj_pn_0004", "episode_idx": 4, "agent_name": "GhostAgent_4", "SR": 0.0, "SPL": 0.0, "SoftSPL": 0.0, "PLR": 0.043942878341064376, "nDTW": 0.017108834503434388, "CLS": 0.18476468280675662, "steps": 4, "path_length_cm": 69.97463947031092, "cumulative_reward": -63.37496285422801, "ended_reason": "no_tool_call", "metrics": {"SR": 0.0, "SPL": 0.0, "SoftSPL": 0.0, "PLR": 0.043942878341064376, "nDTW": 0.017108834503434388, "CLS": 0.18476468280675662, "path_length_cm": 69.97463947031092, "cumulative_reward": -63.37496285422801}, "token_totals": {"input": 6255, "output": 936, "calls": 4}, "finished_at": "2026-04-23T16:36:21.277127+00:00"}