{"episode_id": "map_15_middleeast_remix_obj_pn_0013", "episode_idx": 2, "agent_name": "GhostAgent_2", "SR": 0.0, "SPL": 0.0, "SoftSPL": 0.0, "PLR": 0.0, "nDTW": 3.1157471583225363e-07, "CLS": 0.08400551038177807, "steps": 40, "path_length_cm": 0.0, "cumulative_reward": -0.4000000000000002, "ended_reason": "max_steps", "metrics": {"SR": 0.0, "SPL": 0.0, "SoftSPL": 0.0, "PLR": 0.0, "nDTW": 3.1157471583225363e-07, "CLS": 0.08400551038177807, "path_length_cm": 0.0, "cumulative_reward": -0.4000000000000002}, "token_totals": {"input": 32068, "output": 1738, "calls": 40}, "finished_at": "2026-04-23T15:09:16.299203+00:00"}