{"episode_id": "map_68_B13_suburban_park_obj_on_0018", "episode_idx": 8, "agent_name": "GhostAgent_8", "SR": 0.0, "SPL": 0.0, "SoftSPL": 0.0, "PLR": 2.621304507398184, "nDTW": 7.6049492065546e-82, "CLS": 0.023843110831242888, "steps": 40, "path_length_cm": 11500.29198703761, "cumulative_reward": -2556.1151246250292, "ended_reason": "max_steps", "metrics": {"SR": 0.0, "SPL": 0.0, "SoftSPL": 0.0, "PLR": 2.621304507398184, "nDTW": 7.6049492065546e-82, "CLS": 0.023843110831242888, "path_length_cm": 11500.29198703761, "cumulative_reward": -2556.1151246250292}, "token_totals": {"input": 135041, "output": 8732, "calls": 40}, "finished_at": "2026-04-23T04:48:21.849896+00:00"}