{"episode_id": "map_10_B1_urban_grid_on_0008", "episode_idx": 8, "agent_name": "GhostAgent_8", "SR": 1.0, "SPL": 0.9471679595736017, "SoftSPL": 0.8858209277906296, "PLR": 1.0557789565117706, "nDTW": 1.3335290441044755e-05, "CLS": 0.5185008470350673, "steps": 10, "path_length_cm": 2394.475, "cumulative_reward": 2123.4802836718354, "ended_reason": "success", "metrics": {"SR": 1.0, "SPL": 0.9471679595736017, "SoftSPL": 0.8858209277906296, "PLR": 1.0557789565117706, "nDTW": 1.3335290441044755e-05, "CLS": 0.5185008470350673, "path_length_cm": 2394.475, "cumulative_reward": 2123.4802836718354}, "token_totals": {"input": 21118, "output": 1024, "calls": 10}, "finished_at": "2026-04-23T12:58:19.919590+00:00"}