{"episode_id": "map_26_courtyard_overcast_native_obj_on_0002", "episode_idx": 2, "agent_name": "GhostAgent_2", "SR": 0.0, "SPL": 0.0, "SoftSPL": 0.853616163057958, "PLR": 0.0, "nDTW": 1.7033181486515643e-05, "CLS": 0.031483086037054395, "steps": 0, "path_length_cm": 0.0, "cumulative_reward": 0.0, "ended_reason": "spawn_blocked", "metrics": {"SR": 0.0, "SPL": 0.0, "SoftSPL": 0.853616163057958, "PLR": 0.0, "nDTW": 1.7033181486515643e-05, "CLS": 0.031483086037054395, "path_length_cm": 0.0, "cumulative_reward": 0.0}, "token_totals": {"input": 0, "output": 0, "calls": 0}, "finished_at": "2026-04-23T17:59:48.210451+00:00"}