{"episode_id": "map_58_dungeon_library_on_0019", "episode_idx": 9, "agent_name": "GhostAgent_9", "SR": 1.0, "SPL": 0.7179896979425101, "SoftSPL": 0.7091007881480007, "PLR": 1.3927776441161008, "nDTW": 1.2392614888187109e-05, "CLS": 0.296109683624384, "steps": 13, "path_length_cm": 3300.214483285983, "cumulative_reward": 2328.0551498352493, "ended_reason": "success", "metrics": {"SR": 1.0, "SPL": 0.7179896979425101, "SoftSPL": 0.7091007881480007, "PLR": 1.3927776441161008, "nDTW": 1.2392614888187109e-05, "CLS": 0.296109683624384, "path_length_cm": 3300.214483285983, "cumulative_reward": 2328.0551498352493}, "token_totals": {"input": 30901, "output": 1008, "calls": 13}, "finished_at": "2026-04-23T02:38:07.336703+00:00"}