{"episode_id": "map_11_wintertown_demo01_remix_on_0001", "episode_idx": 1, "agent_name": "GhostAgent_1", "SR": 0.0, "SPL": 0.0, "SoftSPL": 0.7989298535684285, "PLR": 1.0355306783901375, "nDTW": 3.343748441309301e-33, "CLS": 0.061103749940165555, "steps": 40, "path_length_cm": 6790.575265997597, "cumulative_reward": 5431.824513856532, "ended_reason": "max_steps", "metrics": {"SR": 0.0, "SPL": 0.0, "SoftSPL": 0.7989298535684285, "PLR": 1.0355306783901375, "nDTW": 3.343748441309301e-33, "CLS": 0.061103749940165555, "path_length_cm": 6790.575265997597, "cumulative_reward": 5431.824513856532}, "token_totals": {"input": 123509, "output": 6676, "calls": 40}, "finished_at": "2026-04-22T23:10:16.214398+00:00"}