{"episode_id": "map_01_wintertown_native_pn_0006", "episode_idx": 1, "agent_name": "GhostAgent_1", "SR": 0.0, "SPL": 0.0, "SoftSPL": 0.2623056716438591, "PLR": 0.9440496076053949, "nDTW": 5.831899475549284e-14, "CLS": 0.14485302984308843, "steps": 40, "path_length_cm": 5760.364133702295, "cumulative_reward": 5627.479440836905, "ended_reason": "max_steps", "metrics": {"SR": 0.0, "SPL": 0.0, "SoftSPL": 0.2623056716438591, "PLR": 0.9440496076053949, "nDTW": 5.831899475549284e-14, "CLS": 0.14485302984308843, "path_length_cm": 5760.364133702295, "cumulative_reward": 5627.479440836905}, "token_totals": {"input": 319339, "output": 9157, "calls": 40}, "finished_at": "2026-04-22T15:57:47.409249+00:00"}