{"episode_id": "map_45_B7_park_with_paths_on_0011", "episode_idx": 1, "agent_name": "GhostAgent_1", "SR": 0.0, "SPL": 0.0, "SoftSPL": 0.0, "PLR": 0.17173918639472133, "nDTW": 1.482528295989906e-07, "CLS": 0.22449978354332623, "steps": 3, "path_length_cm": 800.6000000000004, "cumulative_reward": -792.7565877596394, "ended_reason": "no_tool_call", "metrics": {"SR": 0.0, "SPL": 0.0, "SoftSPL": 0.0, "PLR": 0.17173918639472133, "nDTW": 1.482528295989906e-07, "CLS": 0.22449978354332623, "path_length_cm": 800.6000000000004, "cumulative_reward": -792.7565877596394}, "token_totals": {"input": 4002, "output": 768, "calls": 3}, "finished_at": "2026-04-23T14:11:50.107426+00:00"}