{"episode_id": "map_16_hwaseong_remix_pn_0001", "episode_idx": 1, "agent_name": "GhostAgent_1", "SR": 0.0, "SPL": 0.0, "SoftSPL": 0.0, "PLR": 2.4160622666568705, "nDTW": 1.0957126808426144e-68, "CLS": 0.0572388301456761, "steps": 40, "path_length_cm": 7307.211201145039, "cumulative_reward": -1251.839707442624, "ended_reason": "max_steps", "metrics": {"SR": 0.0, "SPL": 0.0, "SoftSPL": 0.0, "PLR": 2.4160622666568705, "nDTW": 1.0957126808426144e-68, "CLS": 0.0572388301456761, "path_length_cm": 7307.211201145039, "cumulative_reward": -1251.839707442624}, "token_totals": {"input": 130559, "output": 7446, "calls": 40}, "finished_at": "2026-04-22T23:27:14.601904+00:00"}