{"episode_id": "map_61_containeryard_day_big_remix_pn_0012", "episode_idx": 6, "agent_name": "GhostAgent_6", "SR": 0.0, "SPL": 0.0, "SoftSPL": 0.018019114124317448, "PLR": 0.0, "nDTW": 1.3068954327918066e-05, "CLS": 0.10000187348206324, "steps": 40, "path_length_cm": 0.0, "cumulative_reward": -0.4000000000000002, "ended_reason": "max_steps", "metrics": {"SR": 0.0, "SPL": 0.0, "SoftSPL": 0.018019114124317448, "PLR": 0.0, "nDTW": 1.3068954327918066e-05, "CLS": 0.10000187348206324, "path_length_cm": 0.0, "cumulative_reward": -0.4000000000000002}, "token_totals": {"input": 38190, "output": 3318, "calls": 40}, "finished_at": "2026-04-23T16:22:03.763579+00:00"}