{"episode_id": "map_25_containeryard_day_remix_on_0015", "episode_idx": 5, "agent_name": "GhostAgent_5", "SR": 0.0, "SPL": 0.0, "SoftSPL": 0.0, "PLR": 0.17719890550162146, "nDTW": 5.751188340398667e-34, "CLS": 0.30384014050222347, "steps": 40, "path_length_cm": 742.148000000001, "cumulative_reward": -39.081883367438714, "ended_reason": "max_steps", "metrics": {"SR": 0.0, "SPL": 0.0, "SoftSPL": 0.0, "PLR": 0.17719890550162146, "nDTW": 5.751188340398667e-34, "CLS": 0.30384014050222347, "path_length_cm": 742.148000000001, "cumulative_reward": -39.081883367438714}, "token_totals": {"input": 111205, "output": 3299, "calls": 40}, "finished_at": "2026-04-23T00:32:48.462812+00:00"}