{"episode_id": "map_09b_wintertown_demo02_on_0017", "episode_idx": 9, "agent_name": "GhostAgent_9", "SR": 0.0, "SPL": 0.0, "SoftSPL": 0.0, "PLR": 1.704819493659678, "nDTW": 3.118019503106899e-95, "CLS": 0.1466554631693086, "steps": 40, "path_length_cm": 3609.5972657306997, "cumulative_reward": -732.8836697074008, "ended_reason": "max_steps", "metrics": {"SR": 0.0, "SPL": 0.0, "SoftSPL": 0.0, "PLR": 1.704819493659678, "nDTW": 3.118019503106899e-95, "CLS": 0.1466554631693086, "path_length_cm": 3609.5972657306997, "cumulative_reward": -732.8836697074008}, "token_totals": {"input": 118373, "output": 4701, "calls": 40}, "finished_at": "2026-04-22T23:01:43.061553+00:00"}