{"episode_id": "map_21_hwaseong_remix2_on_0011", "episode_idx": 1, "agent_name": "GhostAgent_1", "SR": 0.0, "SPL": 0.0, "SoftSPL": 3.083842536888426e-07, "PLR": 0.0, "nDTW": 4.6845747600043824e-07, "CLS": 0.25000000000005485, "steps": 40, "path_length_cm": 0.0, "cumulative_reward": -0.4000000000000002, "ended_reason": "max_steps", "metrics": {"SR": 0.0, "SPL": 0.0, "SoftSPL": 3.083842536888426e-07, "PLR": 0.0, "nDTW": 4.6845747600043824e-07, "CLS": 0.25000000000005485, "path_length_cm": 0.0, "cumulative_reward": -0.4000000000000002}, "token_totals": {"input": 32394, "output": 1495, "calls": 40}, "finished_at": "2026-04-23T18:05:53.275940+00:00"}