{"episode_id": "map_37_dungeon_remix_pn_0006", "episode_idx": 6, "agent_name": "GhostAgent_6", "SR": 0.0, "SPL": 0.0, "SoftSPL": 0.7483869274403128, "PLR": 0.7596637100103933, "nDTW": 2.460691730033332e-24, "CLS": 0.37719342704105363, "steps": 40, "path_length_cm": 1600.695, "cumulative_reward": 1576.5364727829156, "ended_reason": "max_steps", "metrics": {"SR": 0.0, "SPL": 0.0, "SoftSPL": 0.7483869274403128, "PLR": 0.7596637100103933, "nDTW": 2.460691730033332e-24, "CLS": 0.37719342704105363, "path_length_cm": 1600.695, "cumulative_reward": 1576.5364727829156}, "token_totals": {"input": 102011, "output": 2674, "calls": 40}, "finished_at": "2026-04-23T16:14:30.531598+00:00"}