{"episode_id": "map_67_B12_construction_site_obj_pn_0009", "episode_idx": 2, "agent_name": "GhostAgent_2", "SR": 0.0, "SPL": 0.0, "SoftSPL": 0.19084301758437094, "PLR": 1.5265358083563219, "nDTW": 3.645673166538073e-107, "CLS": 0.07278644276937181, "steps": 40, "path_length_cm": 9611.832717315581, "cumulative_reward": 1749.5533199766642, "ended_reason": "max_steps", "metrics": {"SR": 0.0, "SPL": 0.0, "SoftSPL": 0.19084301758437094, "PLR": 1.5265358083563219, "nDTW": 3.645673166538073e-107, "CLS": 0.07278644276937181, "path_length_cm": 9611.832717315581, "cumulative_reward": 1749.5533199766642}, "token_totals": {"input": 122818, "output": 6070, "calls": 40}, "finished_at": "2026-04-23T17:18:57.384842+00:00"}