{"episode_id": "map_67_B12_construction_site_obj_on_0019", "episode_idx": 9, "agent_name": "GhostAgent_9", "SR": 0.0, "SPL": 0.0, "SoftSPL": 0.003792198102219979, "PLR": 0.05144910524959366, "nDTW": 2.9012517150371067e-18, "CLS": 0.09854321388792886, "steps": 40, "path_length_cm": 403.2550000000001, "cumulative_reward": -73.39779568718006, "ended_reason": "max_steps", "metrics": {"SR": 0.0, "SPL": 0.0, "SoftSPL": 0.003792198102219979, "PLR": 0.05144910524959366, "nDTW": 2.9012517150371067e-18, "CLS": 0.09854321388792886, "path_length_cm": 403.2550000000001, "cumulative_reward": -73.39779568718006}, "token_totals": {"input": 119231, "output": 5139, "calls": 40}, "finished_at": "2026-04-23T16:01:56.165991+00:00"}