{"episode_id": "map_25_containeryard_day_remix_pn_0008", "episode_idx": 7, "agent_name": "GhostAgent_7", "SR": 0.0, "SPL": 0.0, "SoftSPL": 0.6526505378012687, "PLR": 1.2288025809790724, "nDTW": 2.2924254559344945e-27, "CLS": 0.040724123719532636, "steps": 40, "path_length_cm": 8946.248038714897, "cumulative_reward": 5484.290800658992, "ended_reason": "max_steps", "metrics": {"SR": 0.0, "SPL": 0.0, "SoftSPL": 0.6526505378012687, "PLR": 1.2288025809790724, "nDTW": 2.2924254559344945e-27, "CLS": 0.040724123719532636, "path_length_cm": 8946.248038714897, "cumulative_reward": 5484.290800658992}, "token_totals": {"input": 119857, "output": 5454, "calls": 40}, "finished_at": "2026-04-23T15:37:25.615094+00:00"}