{"episode_id": "map_26_courtyard_overcast_native_on_0001", "episode_idx": 1, "agent_name": "GhostAgent_1", "SR": 0.0, "SPL": 0.0, "SoftSPL": 0.0, "PLR": 23.281259187028652, "nDTW": 2.1801969812290495e-186, "CLS": 0.004773269836590465, "steps": 14, "path_length_cm": 50750.81690180376, "cumulative_reward": -30401.002314060817, "ended_reason": "step_error", "metrics": {"SR": 0.0, "SPL": 0.0, "SoftSPL": 0.0, "PLR": 23.281259187028652, "nDTW": 2.1801969812290495e-186, "CLS": 0.004773269836590465, "path_length_cm": 50750.81690180376, "cumulative_reward": -30401.002314060817}, "token_totals": {"input": 38554, "output": 2260, "calls": 14}, "finished_at": "2026-04-23T17:35:04.513435+00:00"}