{"episode_id": "map_18_cave_native_pn_0000", "episode_idx": 0, "agent_name": "GhostAgent_0", "SR": 0.0, "SPL": 0.0, "SoftSPL": 0.0, "PLR": 26.608399778179, "nDTW": 4.985160631894111e-272, "CLS": 0.003350710464461088, "steps": 40, "path_length_cm": 49293.923177061064, "cumulative_reward": -3790.301404829166, "ended_reason": "max_steps", "metrics": {"SR": 0.0, "SPL": 0.0, "SoftSPL": 0.0, "PLR": 26.608399778179, "nDTW": 4.985160631894111e-272, "CLS": 0.003350710464461088, "path_length_cm": 49293.923177061064, "cumulative_reward": -3790.301404829166}, "token_totals": {"input": 115098, "output": 3672, "calls": 40}, "finished_at": "2026-04-23T18:10:13.629846+00:00"}