{"episode_id": "map_26_courtyard_overcast_native_obj_on_0012", "episode_idx": 2, "agent_name": "GhostAgent_2", "SR": 0.0, "SPL": 0.0, "SoftSPL": 4.876660035790792e-07, "PLR": 0.0, "nDTW": 5.95097582109409e-05, "CLS": 0.25000000088535285, "steps": 0, "path_length_cm": 0.0, "cumulative_reward": 0.0, "ended_reason": "spawn_blocked", "metrics": {"SR": 0.0, "SPL": 0.0, "SoftSPL": 4.876660035790792e-07, "PLR": 0.0, "nDTW": 5.95097582109409e-05, "CLS": 0.25000000088535285, "path_length_cm": 0.0, "cumulative_reward": 0.0}, "token_totals": {"input": 0, "output": 0, "calls": 0}, "finished_at": "2026-04-23T18:11:24.965677+00:00"}