{"episode_id": "map_58_dungeon_library_on_0014", "episode_idx": 4, "agent_name": "GhostAgent_4", "SR": 1.0, "SPL": 0.8983608696126147, "SoftSPL": 0.877041956883746, "PLR": 1.1131384211238113, "nDTW": 0.012529370716155199, "CLS": 0.22364889296965643, "steps": 9, "path_length_cm": 2732.354094027352, "cumulative_reward": 2350.8136478330125, "ended_reason": "success", "metrics": {"SR": 1.0, "SPL": 0.8983608696126147, "SoftSPL": 0.877041956883746, "PLR": 1.1131384211238113, "nDTW": 0.012529370716155199, "CLS": 0.22364889296965643, "path_length_cm": 2732.354094027352, "cumulative_reward": 2350.8136478330125}, "token_totals": {"input": 18750, "output": 850, "calls": 9}, "finished_at": "2026-04-23T02:38:07.151700+00:00"}