{"episode_id": "map_05_middleeast_native_obj_pn_0009", "episode_idx": 2, "agent_name": "GhostAgent_2", "SR": 0.0, "SPL": 0.0, "SoftSPL": 0.6590806998499908, "PLR": 1.0430530893930745, "nDTW": 4.10213785259408e-39, "CLS": 0.2949699207117609, "steps": 40, "path_length_cm": 4552.426069717862, "cumulative_reward": 4211.44903435266, "ended_reason": "max_steps", "metrics": {"SR": 0.0, "SPL": 0.0, "SoftSPL": 0.6590806998499908, "PLR": 1.0430530893930745, "nDTW": 4.10213785259408e-39, "CLS": 0.2949699207117609, "path_length_cm": 4552.426069717862, "cumulative_reward": 4211.44903435266}, "token_totals": {"input": 420478, "output": 5003, "calls": 40}, "finished_at": "2026-04-22T21:09:53.115981+00:00"}