{"episode_id": "map_53_courtyard_sanny_big_remix_pn_0010", "episode_idx": 3, "agent_name": "GhostAgent_3", "SR": 0.0, "SPL": 0.0, "SoftSPL": 0.5397621890797626, "PLR": 0.1658111658819921, "nDTW": 7.220841691627292e-05, "CLS": 0.10385999850235968, "steps": 40, "path_length_cm": 1048.812, "cumulative_reward": -553.6207576180586, "ended_reason": "max_steps", "metrics": {"SR": 0.0, "SPL": 0.0, "SoftSPL": 0.5397621890797626, "PLR": 0.1658111658819921, "nDTW": 7.220841691627292e-05, "CLS": 0.10385999850235968, "path_length_cm": 1048.812, "cumulative_reward": -553.6207576180586}, "token_totals": {"input": 122044, "output": 5915, "calls": 40}, "finished_at": "2026-04-23T19:11:53.875380+00:00"}