{"episode_id": "map_16_hwaseong_remix_pn_0013", "episode_idx": 1, "agent_name": "GhostAgent_1", "SR": 0.0, "SPL": 0.0, "SoftSPL": 0.5682770491162337, "PLR": 1.437627654356784, "nDTW": 2.3095035841918146e-26, "CLS": 0.029697350537966277, "steps": 40, "path_length_cm": 7682.150262650543, "cumulative_reward": 3889.5382221367627, "ended_reason": "max_steps", "metrics": {"SR": 0.0, "SPL": 0.0, "SoftSPL": 0.5682770491162337, "PLR": 1.437627654356784, "nDTW": 2.3095035841918146e-26, "CLS": 0.029697350537966277, "path_length_cm": 7682.150262650543, "cumulative_reward": 3889.5382221367627}, "token_totals": {"input": 120079, "output": 4856, "calls": 40}, "finished_at": "2026-04-22T23:47:17.004859+00:00"}