{"episode_id": "map_27_courtyard_overcast_remix_obj_pn_0004", "episode_idx": 4, "agent_name": "GhostAgent_4", "SR": 0.0, "SPL": 0.0, "SoftSPL": 0.0, "PLR": 0.3408564155620175, "nDTW": 1.5234381117570923e-15, "CLS": 0.3855145209347138, "steps": 40, "path_length_cm": 350.47538360917764, "cumulative_reward": 314.55262826698345, "ended_reason": "max_steps", "metrics": {"SR": 0.0, "SPL": 0.0, "SoftSPL": 0.0, "PLR": 0.3408564155620175, "nDTW": 1.5234381117570923e-15, "CLS": 0.3855145209347138, "path_length_cm": 350.47538360917764, "cumulative_reward": 314.55262826698345}, "token_totals": {"input": 31139, "output": 1488, "calls": 40}, "finished_at": "2026-04-23T15:37:54.364565+00:00"}