{"episode_id": "map_50_B9_sparse_wilderness_pn_0010", "episode_idx": 0, "agent_name": "GhostAgent_0", "SR": 0.0, "SPL": 0.0, "SoftSPL": 0.0009400747848187231, "PLR": 0.0, "nDTW": 1.8518446893730316e-06, "CLS": 0.16666668452761582, "steps": 40, "path_length_cm": 0.0, "cumulative_reward": -0.4000000000000002, "ended_reason": "max_steps", "metrics": {"SR": 0.0, "SPL": 0.0, "SoftSPL": 0.0009400747848187231, "PLR": 0.0, "nDTW": 1.8518446893730316e-06, "CLS": 0.16666668452761582, "path_length_cm": 0.0, "cumulative_reward": -0.4000000000000002}, "token_totals": {"input": 114615, "output": 4345, "calls": 40}, "finished_at": "2026-04-23T19:26:09.015121+00:00"}