{"episode_id": "map_06_hwaseong_native_on_0000", "episode_idx": 0, "agent_name": "GhostAgent_0", "SR": 0.0, "SPL": 0.0, "SoftSPL": 0.1953974257663087, "PLR": 0.11994248628674693, "nDTW": 1.5301018869056133e-08, "CLS": 0.1111914438913627, "steps": 40, "path_length_cm": 563.491, "cumulative_reward": -10.49593839960734, "ended_reason": "max_steps", "metrics": {"SR": 0.0, "SPL": 0.0, "SoftSPL": 0.1953974257663087, "PLR": 0.11994248628674693, "nDTW": 1.5301018869056133e-08, "CLS": 0.1111914438913627, "path_length_cm": 563.491, "cumulative_reward": -10.49593839960734}, "token_totals": {"input": 452688, "output": 5114, "calls": 40}, "finished_at": "2026-04-22T19:38:17.564728+00:00"}