{"episode_id": "map_67_B12_construction_site_obj_on_0013", "episode_idx": 3, "agent_name": "GhostAgent_3", "SR": 0.0, "SPL": 0.0, "SoftSPL": 0.1883702036874969, "PLR": 1.0567268396146854, "nDTW": 3.4967685912321848e-112, "CLS": 0.23658052288974452, "steps": 40, "path_length_cm": 3995.7483622930295, "cumulative_reward": 752.2790454443884, "ended_reason": "max_steps", "metrics": {"SR": 0.0, "SPL": 0.0, "SoftSPL": 0.1883702036874969, "PLR": 1.0567268396146854, "nDTW": 3.4967685912321848e-112, "CLS": 0.23658052288974452, "path_length_cm": 3995.7483622930295, "cumulative_reward": 752.2790454443884}, "token_totals": {"input": 128679, "output": 7669, "calls": 40}, "finished_at": "2026-04-23T16:01:55.967323+00:00"}