{"episode_id": "map_16_hwaseong_remix_pn_0012", "episode_idx": 0, "agent_name": "GhostAgent_0", "SR": 0.0, "SPL": 0.0, "SoftSPL": 0.0, "PLR": 0.5842545535368473, "nDTW": 8.368849535340743e-15, "CLS": 0.3992877807801883, "steps": 40, "path_length_cm": 2970.1631887242, "cumulative_reward": 1082.9011281494531, "ended_reason": "max_steps", "metrics": {"SR": 0.0, "SPL": 0.0, "SoftSPL": 0.0, "PLR": 0.5842545535368473, "nDTW": 8.368849535340743e-15, "CLS": 0.3992877807801883, "path_length_cm": 2970.1631887242, "cumulative_reward": 1082.9011281494531}, "token_totals": {"input": 115836, "output": 5828, "calls": 40}, "finished_at": "2026-04-22T23:47:16.970152+00:00"}