{"episode_id": "map_01_wintertown_native_obj_on_0011", "episode_idx": 5, "agent_name": "GhostAgent_5", "SR": 0.0, "SPL": 0.0, "SoftSPL": 0.5996696859660214, "PLR": 1.3200311643038538, "nDTW": 6.636819737528797e-07, "CLS": 0.14765317781720005, "steps": 40, "path_length_cm": 4508.315635758595, "cumulative_reward": 2381.575936234004, "ended_reason": "max_steps", "metrics": {"SR": 0.0, "SPL": 0.0, "SoftSPL": 0.5996696859660214, "PLR": 1.3200311643038538, "nDTW": 6.636819737528797e-07, "CLS": 0.14765317781720005, "path_length_cm": 4508.315635758595, "cumulative_reward": 2381.575936234004}, "token_totals": {"input": 116011, "output": 4483, "calls": 40}, "finished_at": "2026-04-22T22:34:39.253928+00:00"}