{"episode_id": "map_57_gothic_day_invasion_pn_0009", "episode_idx": 8, "agent_name": "GhostAgent_8", "SR": 0.0, "SPL": 0.0, "SoftSPL": 0.1246205839293304, "PLR": 0.1670829237686911, "nDTW": 3.2911169495164144e-25, "CLS": 0.16625145449841697, "steps": 40, "path_length_cm": 1228.4989177893913, "cumulative_reward": -844.9444958109816, "ended_reason": "max_steps", "metrics": {"SR": 0.0, "SPL": 0.0, "SoftSPL": 0.1246205839293304, "PLR": 0.1670829237686911, "nDTW": 3.2911169495164144e-25, "CLS": 0.16625145449841697, "path_length_cm": 1228.4989177893913, "cumulative_reward": -844.9444958109816}, "token_totals": {"input": 121260, "output": 6264, "calls": 40}, "finished_at": "2026-04-23T02:58:47.685682+00:00"}