{"episode_id": "map_40_B2_open_plaza_obj_pn_0018", "episode_idx": 8, "agent_name": "GhostAgent_8", "SR": 0.0, "SPL": 0.0, "SoftSPL": 0.0, "PLR": 2.5071166727974528, "nDTW": 6.897588680818926e-40, "CLS": 0.10660978695219726, "steps": 40, "path_length_cm": 13798.969597743357, "cumulative_reward": -756.8057286783417, "ended_reason": "max_steps", "metrics": {"SR": 0.0, "SPL": 0.0, "SoftSPL": 0.0, "PLR": 2.5071166727974528, "nDTW": 6.897588680818926e-40, "CLS": 0.10660978695219726, "path_length_cm": 13798.969597743357, "cumulative_reward": -756.8057286783417}, "token_totals": {"input": 127474, "output": 7672, "calls": 40}, "finished_at": "2026-04-23T16:55:03.872742+00:00"}