{"episode_id": "map_21_hwaseong_remix2_obj_on_0012", "episode_idx": 2, "agent_name": "GhostAgent_2", "SR": 0.0, "SPL": 0.0, "SoftSPL": 0.01682504361700654, "PLR": 0.0, "nDTW": 1.5530856236092899e-09, "CLS": 0.12500776742025507, "steps": 40, "path_length_cm": 0.0, "cumulative_reward": -0.4000000000000002, "ended_reason": "max_steps", "metrics": {"SR": 0.0, "SPL": 0.0, "SoftSPL": 0.01682504361700654, "PLR": 0.0, "nDTW": 1.5530856236092899e-09, "CLS": 0.12500776742025507, "path_length_cm": 0.0, "cumulative_reward": -0.4000000000000002}, "token_totals": {"input": 32274, "output": 1437, "calls": 40}, "finished_at": "2026-04-23T18:27:43.917956+00:00"}