{"episode_id": "map_03_watertown_remix_pn_0013", "episode_idx": 3, "agent_name": "GhostAgent_3", "SR": 0.0, "SPL": 0.0, "SoftSPL": 0.573026022226275, "PLR": 0.5646992108622177, "nDTW": 3.895943883579442e-26, "CLS": 0.07137190343218068, "steps": 40, "path_length_cm": 4481.797403921186, "cumulative_reward": 4117.610922878282, "ended_reason": "max_steps", "metrics": {"SR": 0.0, "SPL": 0.0, "SoftSPL": 0.573026022226275, "PLR": 0.5646992108622177, "nDTW": 3.895943883579442e-26, "CLS": 0.07137190343218068, "path_length_cm": 4481.797403921186, "cumulative_reward": 4117.610922878282}, "token_totals": {"input": 390173, "output": 3297, "calls": 40}, "finished_at": "2026-04-22T20:04:07.226602+00:00"}