{"episode_id": "map_61_containeryard_day_big_remix_obj_on_0006", "episode_idx": 6, "agent_name": "GhostAgent_6", "SR": 0.0, "SPL": 0.0, "SoftSPL": 0.0506479521536759, "PLR": 0.0, "nDTW": 8.890812650247688e-08, "CLS": 0.1399759267353988, "steps": 40, "path_length_cm": 0.0, "cumulative_reward": -0.4000000000000002, "ended_reason": "max_steps", "metrics": {"SR": 0.0, "SPL": 0.0, "SoftSPL": 0.0506479521536759, "PLR": 0.0, "nDTW": 8.890812650247688e-08, "CLS": 0.1399759267353988, "path_length_cm": 0.0, "cumulative_reward": -0.4000000000000002}, "token_totals": {"input": 32105, "output": 1495, "calls": 40}, "finished_at": "2026-04-23T16:53:40.271100+00:00"}