{"episode_id": "map_40_B2_open_plaza_on_0005", "episode_idx": 5, "agent_name": "GhostAgent_5", "SR": 0.0, "SPL": 0.0, "SoftSPL": 0.0, "PLR": 3.472512568006711, "nDTW": 5.819278203747603e-113, "CLS": 0.07215711935683569, "steps": 40, "path_length_cm": 9593.718822386221, "cumulative_reward": -1715.5675820982792, "ended_reason": "max_steps", "metrics": {"SR": 0.0, "SPL": 0.0, "SoftSPL": 0.0, "PLR": 3.472512568006711, "nDTW": 5.819278203747603e-113, "CLS": 0.07215711935683569, "path_length_cm": 9593.718822386221, "cumulative_reward": -1715.5675820982792}, "token_totals": {"input": 133252, "output": 8309, "calls": 40}, "finished_at": "2026-04-23T01:22:53.457680+00:00"}