{"episode_id": "map_06_hwaseong_native_obj_pn_0008", "episode_idx": 1, "agent_name": "GhostAgent_1", "SR": 0.0, "SPL": 0.0, "SoftSPL": 0.17882838926365266, "PLR": 1.1924636888533189, "nDTW": 3.579568719902676e-82, "CLS": 0.10277206746159308, "steps": 40, "path_length_cm": 7304.305155065232, "cumulative_reward": 2396.4248528498065, "ended_reason": "max_steps", "metrics": {"SR": 0.0, "SPL": 0.0, "SoftSPL": 0.17882838926365266, "PLR": 1.1924636888533189, "nDTW": 3.579568719902676e-82, "CLS": 0.10277206746159308, "path_length_cm": 7304.305155065232, "cumulative_reward": 2396.4248528498065}, "token_totals": {"input": 122916, "output": 5991, "calls": 40}, "finished_at": "2026-04-23T14:11:41.504853+00:00"}