{"episode_id": "map_19_wintertown_demo02_native_obj_on_0003", "episode_idx": 3, "agent_name": "GhostAgent_3", "SR": 0.0, "SPL": 0.0, "SoftSPL": 0.030467057460942137, "PLR": 0.519874867180665, "nDTW": 4.93412991641327e-21, "CLS": 0.07694160585614868, "steps": 17, "path_length_cm": 4027.065093652211, "cumulative_reward": 67.39626426017087, "ended_reason": "no_tool_call", "metrics": {"SR": 0.0, "SPL": 0.0, "SoftSPL": 0.030467057460942137, "PLR": 0.519874867180665, "nDTW": 4.93412991641327e-21, "CLS": 0.07694160585614868, "path_length_cm": 4027.065093652211, "cumulative_reward": 67.39626426017087}, "token_totals": {"input": 48444, "output": 2992, "calls": 17}, "finished_at": "2026-04-23T00:19:58.726839+00:00"}