{"episode_id": "map_25_containeryard_day_remix_pn_0015", "episode_idx": 4, "agent_name": "GhostAgent_4", "SR": 0.0, "SPL": 0.0, "SoftSPL": 0.0, "PLR": 0.27334347575927265, "nDTW": 2.545690140637627e-22, "CLS": 0.3440414998592186, "steps": 40, "path_length_cm": 1144.822612044501, "cumulative_reward": 391.2365187826663, "ended_reason": "max_steps", "metrics": {"SR": 0.0, "SPL": 0.0, "SoftSPL": 0.0, "PLR": 0.27334347575927265, "nDTW": 2.545690140637627e-22, "CLS": 0.3440414998592186, "path_length_cm": 1144.822612044501, "cumulative_reward": 391.2365187826663}, "token_totals": {"input": 117913, "output": 6299, "calls": 40}, "finished_at": "2026-04-23T15:52:14.461180+00:00"}