{"episode_id": "map_08_cave_remix_obj_pn_0003", "episode_idx": 3, "agent_name": "GhostAgent_3", "SR": 0.0, "SPL": 0.0, "SoftSPL": 0.0, "PLR": 0.11272501913696709, "nDTW": 9.473669462408923e-09, "CLS": 0.1541716464139713, "steps": 40, "path_length_cm": 400.9414753165559, "cumulative_reward": 397.70336196087464, "ended_reason": "max_steps", "metrics": {"SR": 0.0, "SPL": 0.0, "SoftSPL": 0.0, "PLR": 0.11272501913696709, "nDTW": 9.473669462408923e-09, "CLS": 0.1541716464139713, "path_length_cm": 400.9414753165559, "cumulative_reward": 397.70336196087464}, "token_totals": {"input": 25851, "output": 212, "calls": 40}, "finished_at": "2026-04-23T15:07:42.543747+00:00"}