{"episode_id": "map_20_trainstation_native_pn_0002", "episode_idx": 2, "agent_name": "GhostAgent_2", "SR": 0.0, "SPL": 0.0, "SoftSPL": 0.04742194741919892, "PLR": 0.04129310077759534, "nDTW": 1.4436734319835576e-08, "CLS": 0.2607680399293482, "steps": 40, "path_length_cm": 119.96100000000001, "cumulative_reward": 8.255764895367165, "ended_reason": "max_steps", "metrics": {"SR": 0.0, "SPL": 0.0, "SoftSPL": 0.04742194741919892, "PLR": 0.04129310077759534, "nDTW": 1.4436734319835576e-08, "CLS": 0.2607680399293482, "path_length_cm": 119.96100000000001, "cumulative_reward": 8.255764895367165}, "token_totals": {"input": 118172, "output": 5611, "calls": 40}, "finished_at": "2026-04-23T18:21:16.541743+00:00"}