{"episode_id": "map_33_gothic_night_remix_on_0002", "episode_idx": 2, "agent_name": "GhostAgent_2", "SR": 0.0, "SPL": 0.0, "SoftSPL": 0.0, "PLR": 0.0, "nDTW": 0.06574074021924163, "CLS": 0.25108046123114347, "steps": 40, "path_length_cm": 0.0, "cumulative_reward": -0.4000000000000002, "ended_reason": "max_steps", "metrics": {"SR": 0.0, "SPL": 0.0, "SoftSPL": 0.0, "PLR": 0.0, "nDTW": 0.06574074021924163, "CLS": 0.25108046123114347, "path_length_cm": 0.0, "cumulative_reward": -0.4000000000000002}, "token_totals": {"input": 32224, "output": 1576, "calls": 40}, "finished_at": "2026-04-23T18:04:03.134040+00:00"}