{"episode_id": "map_26_courtyard_overcast_native_pn_0015", "episode_idx": 5, "agent_name": "GhostAgent_5", "SR": 0.0, "SPL": 0.0, "SoftSPL": 0.7684053556885482, "PLR": 0.4865501457997424, "nDTW": 3.4431638118107766e-12, "CLS": 0.07110369235371541, "steps": 40, "path_length_cm": 2573.1691010765176, "cumulative_reward": 888.6405253254229, "ended_reason": "max_steps", "metrics": {"SR": 0.0, "SPL": 0.0, "SoftSPL": 0.7684053556885482, "PLR": 0.4865501457997424, "nDTW": 3.4431638118107766e-12, "CLS": 0.07110369235371541, "path_length_cm": 2573.1691010765176, "cumulative_reward": 888.6405253254229}, "token_totals": {"input": 118962, "output": 5716, "calls": 40}, "finished_at": "2026-04-23T00:25:20.957000+00:00"}