{"episode_id": "map_36_dungeon_native_obj_on_0017", "episode_idx": 1, "agent_name": "GhostAgent_1", "SR": 0.0, "SPL": 0.0, "SoftSPL": 0.0, "PLR": 1.6171774954401053, "nDTW": 8.969212078290898e-75, "CLS": 0.15464566020215437, "steps": 40, "path_length_cm": 2790.7308603310807, "cumulative_reward": -102.252106793703, "ended_reason": "max_steps", "metrics": {"SR": 0.0, "SPL": 0.0, "SoftSPL": 0.0, "PLR": 1.6171774954401053, "nDTW": 8.969212078290898e-75, "CLS": 0.15464566020215437, "path_length_cm": 2790.7308603310807, "cumulative_reward": -102.252106793703}, "token_totals": {"input": 121109, "output": 5475, "calls": 40}, "finished_at": "2026-04-23T18:24:50.662958+00:00"}