{"episode_id": "map_56_containeryard_settlement_pn_0000", "episode_idx": 0, "agent_name": "GhostAgent_0", "SR": 0.0, "SPL": 0.0, "SoftSPL": 0.590048303539389, "PLR": 0.5733161285842656, "nDTW": 2.996106165723933e-11, "CLS": 0.05217252338602587, "steps": 40, "path_length_cm": 4490.38964707183, "cumulative_reward": 3501.689272055921, "ended_reason": "max_steps", "metrics": {"SR": 0.0, "SPL": 0.0, "SoftSPL": 0.590048303539389, "PLR": 0.5733161285842656, "nDTW": 2.996106165723933e-11, "CLS": 0.05217252338602587, "path_length_cm": 4490.38964707183, "cumulative_reward": 3501.689272055921}, "token_totals": {"input": 34815, "output": 2345, "calls": 40}, "finished_at": "2026-04-23T18:37:28.007306+00:00"}