{"episode_id": "map_50_B9_sparse_wilderness_pn_0017", "episode_idx": 7, "agent_name": "GhostAgent_7", "SR": 0.0, "SPL": 0.0, "SoftSPL": 0.0, "PLR": 7.660369968144293, "nDTW": 0.0, "CLS": 0.03263549956770501, "steps": 38, "path_length_cm": 57103.69170163386, "cumulative_reward": -41642.85203040183, "ended_reason": "step_error", "metrics": {"SR": 0.0, "SPL": 0.0, "SoftSPL": 0.0, "PLR": 7.660369968144293, "nDTW": 0.0, "CLS": 0.03263549956770501, "path_length_cm": 57103.69170163386, "cumulative_reward": -41642.85203040183}, "token_totals": {"input": 112806, "output": 4322, "calls": 38}, "finished_at": "2026-04-23T19:26:09.210591+00:00"}