{"episode_id": "map_22_containeryard_demo_native_pn_0009", "episode_idx": 9, "agent_name": "GhostAgent_9", "SR": 0.0, "SPL": 0.0, "SoftSPL": 6.011796124250068e-07, "PLR": 0.0, "nDTW": 5.035709193560097e-07, "CLS": 0.2500000000000634, "steps": 40, "path_length_cm": 0.0, "cumulative_reward": -0.4000000000000002, "ended_reason": "max_steps", "metrics": {"SR": 0.0, "SPL": 0.0, "SoftSPL": 6.011796124250068e-07, "PLR": 0.0, "nDTW": 5.035709193560097e-07, "CLS": 0.2500000000000634, "path_length_cm": 0.0, "cumulative_reward": -0.4000000000000002}, "token_totals": {"input": 111598, "output": 3834, "calls": 40}, "finished_at": "2026-04-22T23:47:20.265921+00:00"}