{
  "map": "map_42_B4_industrial_yard",
  "n": 40,
  "SR": 0.1,
  "SPL": 0.09913064260026656,
  "SoftSPL": 0.2814808330487886,
  "nDTW": 0.0009579712215991258,
  "avg_steps": 36.575
}