{"episode_id": "map_03_watertown_remix_on_0010", "episode_idx": 1, "agent_name": "GhostAgent_1", "SR": 0.0, "SPL": 0.0, "SoftSPL": 0.42701515384508676, "PLR": 1.7288539749332354, "nDTW": 1.050994848005088e-30, "CLS": 0.0671719694546472, "steps": 40, "path_length_cm": 6572.0655003112015, "cumulative_reward": 2803.859691714129, "ended_reason": "max_steps", "metrics": {"SR": 0.0, "SPL": 0.0, "SoftSPL": 0.42701515384508676, "PLR": 1.7288539749332354, "nDTW": 1.050994848005088e-30, "CLS": 0.0671719694546472, "path_length_cm": 6572.0655003112015, "cumulative_reward": 2803.859691714129}, "token_totals": {"input": 504774, "output": 7730, "calls": 40}, "finished_at": "2026-04-22T20:29:48.399626+00:00"}