{"episode_id": "map_03_watertown_remix_obj_pn_0019", "episode_idx": 9, "agent_name": "GhostAgent_9", "SR": 0.0, "SPL": 0.0, "SoftSPL": 0.06873014493400231, "PLR": 0.0, "nDTW": 5.188774023683567e-10, "CLS": 0.12500000003342812, "steps": 5, "path_length_cm": 0.0, "cumulative_reward": -0.04, "ended_reason": "no_tool_call", "metrics": {"SR": 0.0, "SPL": 0.0, "SoftSPL": 0.06873014493400231, "PLR": 0.0, "nDTW": 5.188774023683567e-10, "CLS": 0.12500000003342812, "path_length_cm": 0.0, "cumulative_reward": -0.04}, "token_totals": {"input": 9650, "output": 1276, "calls": 5}, "finished_at": "2026-04-22T22:42:08.856433+00:00"}