{"episode_id": "map_45_B7_park_with_paths_pn_0019", "episode_idx": 9, "agent_name": "GhostAgent_9", "SR": 0.0, "SPL": 0.0, "SoftSPL": 0.0, "PLR": 10.794231527649972, "nDTW": 4.6792346679483377e-293, "CLS": 0.0106228459907954, "steps": 34, "path_length_cm": 58298.673, "cumulative_reward": -47662.3104057523, "ended_reason": "step_error", "metrics": {"SR": 0.0, "SPL": 0.0, "SoftSPL": 0.0, "PLR": 10.794231527649972, "nDTW": 4.6792346679483377e-293, "CLS": 0.0106228459907954, "path_length_cm": 58298.673, "cumulative_reward": -47662.3104057523}, "token_totals": {"input": 109961, "output": 6242, "calls": 34}, "finished_at": "2026-04-23T19:18:31.270152+00:00"}