{"episode_id": "map_01_wintertown_native_on_0019", "episode_idx": 3, "agent_name": "GhostAgent_3", "SR": 0.0, "SPL": 0.0, "SoftSPL": 0.11270722611326356, "PLR": 0.39133869160224094, "nDTW": 1.8065348925533786e-27, "CLS": 0.07164349962638318, "steps": 40, "path_length_cm": 2501.1942867327307, "cumulative_reward": 549.5429058678145, "ended_reason": "max_steps", "metrics": {"SR": 0.0, "SPL": 0.0, "SoftSPL": 0.11270722611326356, "PLR": 0.39133869160224094, "nDTW": 1.8065348925533786e-27, "CLS": 0.07164349962638318, "path_length_cm": 2501.1942867327307, "cumulative_reward": 549.5429058678145}, "token_totals": {"input": 437353, "output": 4504, "calls": 40}, "finished_at": "2026-04-22T20:57:49.966403+00:00"}