{"episode_id": "map_23_containeryard_demo_remix_on_0001", "episode_idx": 1, "agent_name": "GhostAgent_1", "SR": 0.0, "SPL": 0.0, "SoftSPL": 0.31915753900552746, "PLR": 0.9015498844958838, "nDTW": 3.6093118335137465e-59, "CLS": 0.12325043155495014, "steps": 40, "path_length_cm": 3071.418177498267, "cumulative_reward": 1086.0173909089403, "ended_reason": "max_steps", "metrics": {"SR": 0.0, "SPL": 0.0, "SoftSPL": 0.31915753900552746, "PLR": 0.9015498844958838, "nDTW": 3.6093118335137465e-59, "CLS": 0.12325043155495014, "path_length_cm": 3071.418177498267, "cumulative_reward": 1086.0173909089403}, "token_totals": {"input": 116266, "output": 4309, "calls": 40}, "finished_at": "2026-04-23T17:30:07.820859+00:00"}