{"episode_id": "map_34_temple_plaza_native_on_0004", "episode_idx": 4, "agent_name": "GhostAgent_4", "SR": 0.0, "SPL": 0.0, "SoftSPL": 0.5845911103929365, "PLR": 0.09993409210628143, "nDTW": 8.768395935327627e-07, "CLS": 0.10562808643840668, "steps": 40, "path_length_cm": 400.29499999999985, "cumulative_reward": -25.589895895917802, "ended_reason": "max_steps", "metrics": {"SR": 0.0, "SPL": 0.0, "SoftSPL": 0.5845911103929365, "PLR": 0.09993409210628143, "nDTW": 8.768395935327627e-07, "CLS": 0.10562808643840668, "path_length_cm": 400.29499999999985, "cumulative_reward": -25.589895895917802}, "token_totals": {"input": 36686, "output": 2723, "calls": 40}, "finished_at": "2026-04-23T15:29:23.957077+00:00"}