{"episode_id": "map_47_wintertown_demo01_minimal_obj_on_0012", "episode_idx": 2, "agent_name": "GhostAgent_2", "SR": 0.0, "SPL": 0.0, "SoftSPL": 0.5306874512167941, "PLR": 1.6282707710759674, "nDTW": 8.547859108221133e-29, "CLS": 0.178379660508299, "steps": 40, "path_length_cm": 10383.091922166386, "cumulative_reward": 5505.744619065925, "ended_reason": "max_steps", "metrics": {"SR": 0.0, "SPL": 0.0, "SoftSPL": 0.5306874512167941, "PLR": 1.6282707710759674, "nDTW": 8.547859108221133e-29, "CLS": 0.178379660508299, "path_length_cm": 10383.091922166386, "cumulative_reward": 5505.744619065925}, "token_totals": {"input": 117890, "output": 5292, "calls": 40}, "finished_at": "2026-04-23T02:13:36.090097+00:00"}