{"episode_id": "map_40_B2_open_plaza_obj_pn_0006", "episode_idx": 6, "agent_name": "GhostAgent_6", "SR": 0.0, "SPL": 0.0, "SoftSPL": 0.4337161021382123, "PLR": 1.499481102029918, "nDTW": 4.7217531306580137e-29, "CLS": 0.027437156051182635, "steps": 40, "path_length_cm": 11500.570208238862, "cumulative_reward": 4865.7482059823005, "ended_reason": "max_steps", "metrics": {"SR": 0.0, "SPL": 0.0, "SoftSPL": 0.4337161021382123, "PLR": 1.499481102029918, "nDTW": 4.7217531306580137e-29, "CLS": 0.027437156051182635, "path_length_cm": 11500.570208238862, "cumulative_reward": 4865.7482059823005}, "token_totals": {"input": 124259, "output": 6370, "calls": 40}, "finished_at": "2026-04-23T16:36:21.277772+00:00"}