{"episode_id": "map_23_containeryard_demo_remix_pn_0008", "episode_idx": 8, "agent_name": "GhostAgent_8", "SR": 0.0, "SPL": 0.0, "SoftSPL": 0.3027309785863372, "PLR": 2.1741313589190403, "nDTW": 2.7297239079491548e-17, "CLS": 0.09354941882284039, "steps": 40, "path_length_cm": 6553.875498834268, "cumulative_reward": 1966.4669616647957, "ended_reason": "max_steps", "metrics": {"SR": 0.0, "SPL": 0.0, "SoftSPL": 0.3027309785863372, "PLR": 2.1741313589190403, "nDTW": 2.7297239079491548e-17, "CLS": 0.09354941882284039, "path_length_cm": 6553.875498834268, "cumulative_reward": 1966.4669616647957}, "token_totals": {"input": 117668, "output": 4712, "calls": 40}, "finished_at": "2026-04-23T12:58:35.694157+00:00"}