{"episode_id": "map_21_hwaseong_remix2_on_0016", "episode_idx": 6, "agent_name": "GhostAgent_6", "SR": 0.0, "SPL": 0.0, "SoftSPL": 8.844646504080345e-08, "PLR": 0.0, "nDTW": 1.0501802074297837e-06, "CLS": 0.2500000000002757, "steps": 40, "path_length_cm": 0.0, "cumulative_reward": -0.4000000000000002, "ended_reason": "max_steps", "metrics": {"SR": 0.0, "SPL": 0.0, "SoftSPL": 8.844646504080345e-08, "PLR": 0.0, "nDTW": 1.0501802074297837e-06, "CLS": 0.2500000000002757, "path_length_cm": 0.0, "cumulative_reward": -0.4000000000000002}, "token_totals": {"input": 37377, "output": 2757, "calls": 40}, "finished_at": "2026-04-23T18:05:53.277932+00:00"}