{"episode_id": "map_59_B10_market_plaza_obj_on_0007", "episode_idx": 7, "agent_name": "GhostAgent_7", "SR": 0.0, "SPL": 0.0, "SoftSPL": 0.4600507716946013, "PLR": 0.9892562016336943, "nDTW": 3.760810480104512e-97, "CLS": 0.11231783322083712, "steps": 40, "path_length_cm": 6815.104683798716, "cumulative_reward": 2636.7958811651756, "ended_reason": "max_steps", "metrics": {"SR": 0.0, "SPL": 0.0, "SoftSPL": 0.4600507716946013, "PLR": 0.9892562016336943, "nDTW": 3.760810480104512e-97, "CLS": 0.11231783322083712, "path_length_cm": 6815.104683798716, "cumulative_reward": 2636.7958811651756}, "token_totals": {"input": 129726, "output": 7899, "calls": 40}, "finished_at": "2026-04-23T03:02:22.961643+00:00"}