{"episode_id": "map_23_containeryard_demo_remix_on_0003", "episode_idx": 3, "agent_name": "GhostAgent_3", "SR": 1.0, "SPL": 0.8147545685746391, "SoftSPL": 0.7928557471429553, "PLR": 1.227363476769987, "nDTW": 0.0030022990382385854, "CLS": 0.28562616831686194, "steps": 34, "path_length_cm": 6071.803940485429, "cumulative_reward": 4608.280530212265, "ended_reason": "success", "metrics": {"SR": 1.0, "SPL": 0.8147545685746391, "SoftSPL": 0.7928557471429553, "PLR": 1.227363476769987, "nDTW": 0.0030022990382385854, "CLS": 0.28562616831686194, "path_length_cm": 6071.803940485429, "cumulative_reward": 4608.280530212265}, "token_totals": {"input": 93416, "output": 3471, "calls": 34}, "finished_at": "2026-04-23T17:30:07.821767+00:00"}