{"episode_id": "map_68_B13_suburban_park_obj_on_0001", "episode_idx": 1, "agent_name": "GhostAgent_1", "SR": 0.0, "SPL": 0.0, "SoftSPL": 0.0, "PLR": 1.8414641227904855, "nDTW": 3.7760915435001115e-70, "CLS": 0.021742859518219155, "steps": 40, "path_length_cm": 14070.130166928946, "cumulative_reward": -3336.8717796052697, "ended_reason": "max_steps", "metrics": {"SR": 0.0, "SPL": 0.0, "SoftSPL": 0.0, "PLR": 1.8414641227904855, "nDTW": 3.7760915435001115e-70, "CLS": 0.021742859518219155, "path_length_cm": 14070.130166928946, "cumulative_reward": -3336.8717796052697}, "token_totals": {"input": 133819, "output": 8265, "calls": 40}, "finished_at": "2026-04-23T04:32:19.346407+00:00"}