{"episode_id": "map_06_hwaseong_native_obj_on_0008", "episode_idx": 6, "agent_name": "GhostAgent_6", "SR": 0.0, "SPL": 0.0, "SoftSPL": 0.0005469154709408786, "PLR": 0.0, "nDTW": 8.436070224656883e-06, "CLS": 0.16863505193132936, "steps": 0, "path_length_cm": 0.0, "cumulative_reward": 0.0, "ended_reason": "spawn_blocked", "metrics": {"SR": 0.0, "SPL": 0.0, "SoftSPL": 0.0005469154709408786, "PLR": 0.0, "nDTW": 8.436070224656883e-06, "CLS": 0.16863505193132936, "path_length_cm": 0.0, "cumulative_reward": 0.0}, "token_totals": {"input": 0, "output": 0, "calls": 0}, "finished_at": "2026-04-23T17:17:51.490797+00:00"}