{"episode_id": "map_21_hwaseong_remix2_obj_on_0013", "episode_idx": 3, "agent_name": "GhostAgent_3", "SR": 0.0, "SPL": 0.0, "SoftSPL": 0.0005085845503802755, "PLR": 0.0, "nDTW": 3.58679207854614e-05, "CLS": 0.16666673926024445, "steps": 40, "path_length_cm": 0.0, "cumulative_reward": -0.4000000000000002, "ended_reason": "max_steps", "metrics": {"SR": 0.0, "SPL": 0.0, "SoftSPL": 0.0005085845503802755, "PLR": 0.0, "nDTW": 3.58679207854614e-05, "CLS": 0.16666673926024445, "path_length_cm": 0.0, "cumulative_reward": -0.4000000000000002}, "token_totals": {"input": 31182, "output": 1373, "calls": 40}, "finished_at": "2026-04-23T18:27:43.925341+00:00"}