{"episode_id": "map_26_courtyard_overcast_native_pn_0003", "episode_idx": 3, "agent_name": "GhostAgent_3", "SR": 0.0, "SPL": 0.0, "SoftSPL": 0.5918272451345037, "PLR": 0.01436125806186491, "nDTW": 0.00732419393948479, "CLS": 0.08628298027222901, "steps": 40, "path_length_cm": 66.40099999999984, "cumulative_reward": -59.267672384517084, "ended_reason": "max_steps", "metrics": {"SR": 0.0, "SPL": 0.0, "SoftSPL": 0.5918272451345037, "PLR": 0.01436125806186491, "nDTW": 0.00732419393948479, "CLS": 0.08628298027222901, "path_length_cm": 66.40099999999984, "cumulative_reward": -59.267672384517084}, "token_totals": {"input": 114957, "output": 4574, "calls": 40}, "finished_at": "2026-04-23T00:09:03.476274+00:00"}