{"episode_id": "map_03_watertown_remix_pn_0010", "episode_idx": 4, "agent_name": "GhostAgent_4", "SR": 0.0, "SPL": 0.0, "SoftSPL": 0.13401860849693406, "PLR": 1.8336322785152315, "nDTW": 5.345072213373175e-60, "CLS": 0.06070081091833152, "steps": 40, "path_length_cm": 6970.369743547801, "cumulative_reward": 931.6473847581644, "ended_reason": "max_steps", "metrics": {"SR": 0.0, "SPL": 0.0, "SoftSPL": 0.13401860849693406, "PLR": 1.8336322785152315, "nDTW": 5.345072213373175e-60, "CLS": 0.06070081091833152, "path_length_cm": 6970.369743547801, "cumulative_reward": 931.6473847581644}, "token_totals": {"input": 464892, "output": 6109, "calls": 40}, "finished_at": "2026-04-22T19:22:05.426925+00:00"}