{"episode_id": "map_50_B9_sparse_wilderness_on_0015", "episode_idx": 5, "agent_name": "GhostAgent_5", "SR": 0.0, "SPL": 0.0, "SoftSPL": 0.0, "PLR": 0.0, "nDTW": 9.481720661716808e-09, "CLS": 0.25, "steps": 40, "path_length_cm": 0.0, "cumulative_reward": -0.4000000000000002, "ended_reason": "max_steps", "metrics": {"SR": 0.0, "SPL": 0.0, "SoftSPL": 0.0, "PLR": 0.0, "nDTW": 9.481720661716808e-09, "CLS": 0.25, "path_length_cm": 0.0, "cumulative_reward": -0.4000000000000002}, "token_totals": {"input": 113513, "output": 3857, "calls": 40}, "finished_at": "2026-04-23T14:32:20.834735+00:00"}