{"episode_id": "map_58_dungeon_library_on_0005", "episode_idx": 5, "agent_name": "GhostAgent_5", "SR": 1.0, "SPL": 0.9042539689545931, "SoftSPL": 0.8962070196183561, "PLR": 1.10588400419862, "nDTW": 5.808640957027933e-05, "CLS": 0.8398270978501261, "steps": 9, "path_length_cm": 1872.3279721485155, "cumulative_reward": 1680.4072821599837, "ended_reason": "success", "metrics": {"SR": 1.0, "SPL": 0.9042539689545931, "SoftSPL": 0.8962070196183561, "PLR": 1.10588400419862, "nDTW": 5.808640957027933e-05, "CLS": 0.8398270978501261, "path_length_cm": 1872.3279721485155, "cumulative_reward": 1680.4072821599837}, "token_totals": {"input": 21012, "output": 1417, "calls": 9}, "finished_at": "2026-04-23T02:27:47.692277+00:00"}