{"episode_id": "map_42_B4_industrial_yard_obj_pn_0019", "episode_idx": 9, "agent_name": "GhostAgent_9", "SR": 0.0, "SPL": 0.0, "SoftSPL": 0.004152135483542652, "PLR": 0.0, "nDTW": 2.1552853412755313e-05, "CLS": 0.16666670035299527, "steps": 40, "path_length_cm": 0.0, "cumulative_reward": -0.4000000000000002, "ended_reason": "max_steps", "metrics": {"SR": 0.0, "SPL": 0.0, "SoftSPL": 0.004152135483542652, "PLR": 0.0, "nDTW": 2.1552853412755313e-05, "CLS": 0.16666670035299527, "path_length_cm": 0.0, "cumulative_reward": -0.4000000000000002}, "token_totals": {"input": 37071, "output": 2974, "calls": 40}, "finished_at": "2026-04-23T16:18:17.217371+00:00"}