{
  "map": "map_11_wintertown_demo01_remix",
  "n": 30,
  "SR": 0.06666666666666667,
  "SPL": 0.05067962873015266,
  "SoftSPL": 0.1530126914678993,
  "nDTW": 1.1993048442202764e-09,
  "avg_steps": 35.666666666666664
}