{"episode_id": "map_04_courtyard_remix_pn_0011", "episode_idx": 0, "agent_name": "GhostAgent_0", "SR": 1.0, "SPL": 0.8500500737397716, "SoftSPL": 0.7860158211868766, "PLR": 1.1764012861036854, "nDTW": 6.28104677788847e-21, "CLS": 0.41080271101402016, "steps": 29, "path_length_cm": 2938.144560133982, "cumulative_reward": 2311.635655152929, "ended_reason": "success", "metrics": {"SR": 1.0, "SPL": 0.8500500737397716, "SoftSPL": 0.7860158211868766, "PLR": 1.1764012861036854, "nDTW": 6.28104677788847e-21, "CLS": 0.41080271101402016, "path_length_cm": 2938.144560133982, "cumulative_reward": 2311.635655152929}, "token_totals": {"input": 250384, "output": 4230, "calls": 29}, "finished_at": "2026-04-22T20:54:53.256072+00:00"}