{"episode_id": "map_03_watertown_remix_obj_on_0018", "episode_idx": 4, "agent_name": "GhostAgent_4", "SR": 0.0, "SPL": 0.0, "SoftSPL": 0.0, "PLR": 0.6169180733104077, "nDTW": 6.52232573218774e-65, "CLS": 0.10134665954764961, "steps": 40, "path_length_cm": 3669.7988508942913, "cumulative_reward": -818.6995117581038, "ended_reason": "max_steps", "metrics": {"SR": 0.0, "SPL": 0.0, "SoftSPL": 0.0, "PLR": 0.6169180733104077, "nDTW": 6.52232573218774e-65, "CLS": 0.10134665954764961, "path_length_cm": 3669.7988508942913, "cumulative_reward": -818.6995117581038}, "token_totals": {"input": 131585, "output": 8325, "calls": 40}, "finished_at": "2026-04-22T22:51:04.272625+00:00"}