{"episode_id": "map_26_courtyard_overcast_native_obj_on_0006", "episode_idx": 6, "agent_name": "GhostAgent_6", "SR": 1.0, "SPL": 0.5652193446152348, "SoftSPL": 0.5370767357116738, "PLR": 1.7692246550420812, "nDTW": 1.2094069234388399e-08, "CLS": 0.23534518475259303, "steps": 35, "path_length_cm": 4097.347378611956, "cumulative_reward": 1855.8477725861846, "ended_reason": "success", "metrics": {"SR": 1.0, "SPL": 0.5652193446152348, "SoftSPL": 0.5370767357116738, "PLR": 1.7692246550420812, "nDTW": 1.2094069234388399e-08, "CLS": 0.23534518475259303, "path_length_cm": 4097.347378611956, "cumulative_reward": 1855.8477725861846}, "token_totals": {"input": 111520, "output": 6836, "calls": 35}, "finished_at": "2026-04-23T17:59:48.212161+00:00"}