{"episode_id": "map_40_B2_open_plaza_on_0000", "episode_idx": 0, "agent_name": "GhostAgent_0", "SR": 0.0, "SPL": 0.0, "SoftSPL": 0.17009522150511014, "PLR": 2.634601929533006, "nDTW": 1.9880680253473355e-129, "CLS": 0.09489122127458724, "steps": 40, "path_length_cm": 13025.445593591887, "cumulative_reward": 2215.168554703246, "ended_reason": "max_steps", "metrics": {"SR": 0.0, "SPL": 0.0, "SoftSPL": 0.17009522150511014, "PLR": 2.634601929533006, "nDTW": 1.9880680253473355e-129, "CLS": 0.09489122127458724, "path_length_cm": 13025.445593591887, "cumulative_reward": 2215.168554703246}, "token_totals": {"input": 119838, "output": 5077, "calls": 40}, "finished_at": "2026-04-23T01:22:53.455379+00:00"}