{"episode_id": "map_65_hwaseong_ceremonial_pn_0011", "episode_idx": 9, "agent_name": "GhostAgent_9", "SR": 0.0, "SPL": 0.0, "SoftSPL": 0.0, "PLR": 0.12116170764510693, "nDTW": 1.4448341981890688e-16, "CLS": 0.14348546165214437, "steps": 40, "path_length_cm": 785.6900558637662, "cumulative_reward": -141.83510352839494, "ended_reason": "max_steps", "metrics": {"SR": 0.0, "SPL": 0.0, "SoftSPL": 0.0, "PLR": 0.12116170764510693, "nDTW": 1.4448341981890688e-16, "CLS": 0.14348546165214437, "path_length_cm": 785.6900558637662, "cumulative_reward": -141.83510352839494}, "token_totals": {"input": 123685, "output": 6355, "calls": 40}, "finished_at": "2026-04-23T13:18:15.744168+00:00"}