{"episode_id": "map_40_B2_open_plaza_obj_pn_0000", "episode_idx": 0, "agent_name": "GhostAgent_0", "SR": 0.0, "SPL": 0.0, "SoftSPL": 0.1600696872763899, "PLR": 2.1105834014670353, "nDTW": 1.1948922635718298e-68, "CLS": 0.02961266910386018, "steps": 40, "path_length_cm": 13220.736638457538, "cumulative_reward": 2168.0804456952646, "ended_reason": "max_steps", "metrics": {"SR": 0.0, "SPL": 0.0, "SoftSPL": 0.1600696872763899, "PLR": 2.1105834014670353, "nDTW": 1.1948922635718298e-68, "CLS": 0.02961266910386018, "path_length_cm": 13220.736638457538, "cumulative_reward": 2168.0804456952646}, "token_totals": {"input": 120155, "output": 5217, "calls": 40}, "finished_at": "2026-04-23T16:36:21.275201+00:00"}