{"episode_id": "map_26_courtyard_overcast_native_on_0016", "episode_idx": 6, "agent_name": "GhostAgent_6", "SR": 0.0, "SPL": 0.0, "SoftSPL": 0.7618641103791797, "PLR": 0.07658614236155675, "nDTW": 2.864289399722644e-07, "CLS": 0.10657104031006191, "steps": 40, "path_length_cm": 399.808, "cumulative_reward": -389.0793728713055, "ended_reason": "max_steps", "metrics": {"SR": 0.0, "SPL": 0.0, "SoftSPL": 0.7618641103791797, "PLR": 0.07658614236155675, "nDTW": 2.864289399722644e-07, "CLS": 0.10657104031006191, "path_length_cm": 399.808, "cumulative_reward": -389.0793728713055}, "token_totals": {"input": 112111, "output": 3241, "calls": 40}, "finished_at": "2026-04-23T17:47:32.756488+00:00"}