{
  "map": "map_18_cave_native",
  "n": 20,
  "SR": 0.35,
  "SPL": 0.3169865403559671,
  "SoftSPL": 0.44236306264516356,
  "nDTW": 0.0041015433174638955,
  "avg_steps": 23.55
}