{"episode_id": "map_46_B8_dense_urban_on_0004", "episode_idx": 4, "agent_name": "GhostAgent_4", "SR": 0.0, "SPL": 0.0, "SoftSPL": 0.6935055725412544, "PLR": 0.7061302352958336, "nDTW": 1.4030524624090811e-30, "CLS": 0.3757765878498114, "steps": 40, "path_length_cm": 1612.1165110874472, "cumulative_reward": 1582.8956532096092, "ended_reason": "max_steps", "metrics": {"SR": 0.0, "SPL": 0.0, "SoftSPL": 0.6935055725412544, "PLR": 0.7061302352958336, "nDTW": 1.4030524624090811e-30, "CLS": 0.3757765878498114, "path_length_cm": 1612.1165110874472, "cumulative_reward": 1582.8956532096092}, "token_totals": {"input": 32709, "output": 1734, "calls": 40}, "finished_at": "2026-04-23T16:05:58.730793+00:00"}