{
  "map": "map_08_cave_remix",
  "n": 35,
  "SR": 0.05714285714285714,
  "SPL": 0.05542467354004202,
  "SoftSPL": 0.18710774846995992,
  "nDTW": 0.025653195021339312,
  "avg_steps": 38.0
}