{"episode_id": "map_49_courtyard_sunny_packed_on_0016", "episode_idx": 6, "agent_name": "GhostAgent_6", "SR": 0.0, "SPL": 0.0, "SoftSPL": 0.3017537295796189, "PLR": 0.46761522852187126, "nDTW": 0.0002486221576239935, "CLS": 0.050986237284712806, "steps": 40, "path_length_cm": 1051.0306922348987, "cumulative_reward": 131.84778918277172, "ended_reason": "max_steps", "metrics": {"SR": 0.0, "SPL": 0.0, "SoftSPL": 0.3017537295796189, "PLR": 0.46761522852187126, "nDTW": 0.0002486221576239935, "CLS": 0.050986237284712806, "path_length_cm": 1051.0306922348987, "cumulative_reward": 131.84778918277172}, "token_totals": {"input": 110009, "output": 4261, "calls": 40}, "finished_at": "2026-04-23T02:41:35.961817+00:00"}