{"episode_id": "map_04_courtyard_remix_on_0007", "episode_idx": 0, "agent_name": "GhostAgent_0", "SR": 0.0, "SPL": 0.0, "SoftSPL": 0.0, "PLR": 13.908215814234136, "nDTW": 1.6314201606212394e-83, "CLS": 0.008000206045846383, "steps": 11, "path_length_cm": 32348.70191585275, "cumulative_reward": -29819.883917206884, "ended_reason": "success", "metrics": {"SR": 0.0, "SPL": 0.0, "SoftSPL": 0.0, "PLR": 13.908215814234136, "nDTW": 1.6314201606212394e-83, "CLS": 0.008000206045846383, "path_length_cm": 32348.70191585275, "cumulative_reward": -29819.883917206884}, "token_totals": {"input": 40772, "output": 2399, "calls": 11}, "finished_at": "2026-04-22T20:54:54.073625+00:00"}