{"episode_id": "map_18_cave_native_pn_0017", "episode_idx": 7, "agent_name": "GhostAgent_7", "SR": 0.0, "SPL": 0.0, "SoftSPL": 0.11576263466254627, "PLR": 6.741810197227262, "nDTW": 6.382347732197839e-101, "CLS": 0.02664305878928335, "steps": 40, "path_length_cm": 9969.249574843898, "cumulative_reward": 6858.534061753976, "ended_reason": "max_steps", "metrics": {"SR": 0.0, "SPL": 0.0, "SoftSPL": 0.11576263466254627, "PLR": 6.741810197227262, "nDTW": 6.382347732197839e-101, "CLS": 0.02664305878928335, "path_length_cm": 9969.249574843898, "cumulative_reward": 6858.534061753976}, "token_totals": {"input": 121481, "output": 6229, "calls": 40}, "finished_at": "2026-04-23T18:24:27.900928+00:00"}