{"episode_id": "map_26_courtyard_overcast_native_on_0007", "episode_idx": 7, "agent_name": "GhostAgent_7", "SR": 0.0, "SPL": 0.0, "SoftSPL": 0.9332580816477138, "PLR": 0.6338718184289098, "nDTW": 8.608511963140284e-07, "CLS": 0.06793437286330999, "steps": 40, "path_length_cm": 3783.3400129111596, "cumulative_reward": 1929.3701168132761, "ended_reason": "max_steps", "metrics": {"SR": 0.0, "SPL": 0.0, "SoftSPL": 0.9332580816477138, "PLR": 0.6338718184289098, "nDTW": 8.608511963140284e-07, "CLS": 0.06793437286330999, "path_length_cm": 3783.3400129111596, "cumulative_reward": 1929.3701168132761}, "token_totals": {"input": 117824, "output": 5811, "calls": 40}, "finished_at": "2026-04-23T17:35:04.516447+00:00"}