{"episode_id": "map_37_dungeon_remix_obj_pn_0000", "episode_idx": 0, "agent_name": "GhostAgent_0", "SR": 0.0, "SPL": 0.0, "SoftSPL": 0.2470718885772144, "PLR": 1.6590016469739568, "nDTW": 4.9640000821695096e-11, "CLS": 0.24850731578367363, "steps": 40, "path_length_cm": 3817.678, "cumulative_reward": 2001.0616065821573, "ended_reason": "max_steps", "metrics": {"SR": 0.0, "SPL": 0.0, "SoftSPL": 0.2470718885772144, "PLR": 1.6590016469739568, "nDTW": 4.9640000821695096e-11, "CLS": 0.24850731578367363, "path_length_cm": 3817.678, "cumulative_reward": 2001.0616065821573}, "token_totals": {"input": 121356, "output": 6464, "calls": 40}, "finished_at": "2026-04-23T16:40:12.917848+00:00"}