{"episode_id": "map_06_hwaseong_native_obj_on_0015", "episode_idx": 0, "agent_name": "GhostAgent_0", "SR": 0.0, "SPL": 0.0, "SoftSPL": 0.14465663934370954, "PLR": 0.8738063821680442, "nDTW": 2.235647458689326e-48, "CLS": 0.286941762359522, "steps": 40, "path_length_cm": 1333.769323677481, "cumulative_reward": 220.4030304097477, "ended_reason": "max_steps", "metrics": {"SR": 0.0, "SPL": 0.0, "SoftSPL": 0.14465663934370954, "PLR": 0.8738063821680442, "nDTW": 2.235647458689326e-48, "CLS": 0.286941762359522, "path_length_cm": 1333.769323677481, "cumulative_reward": 220.4030304097477}, "token_totals": {"input": 123301, "output": 6934, "calls": 40}, "finished_at": "2026-04-23T14:36:47.927091+00:00"}