{"episode_id": "map_04_courtyard_remix_on_0018", "episode_idx": 4, "agent_name": "GhostAgent_4", "SR": 0.0, "SPL": 0.0, "SoftSPL": 0.6864947130483665, "PLR": 0.05955770358880572, "nDTW": 4.423688081703393e-08, "CLS": 0.07590492328888078, "steps": 40, "path_length_cm": 378.85012599060855, "cumulative_reward": 83.37310483557953, "ended_reason": "max_steps", "metrics": {"SR": 0.0, "SPL": 0.0, "SoftSPL": 0.6864947130483665, "PLR": 0.05955770358880572, "nDTW": 4.423688081703393e-08, "CLS": 0.07590492328888078, "path_length_cm": 378.85012599060855, "cumulative_reward": 83.37310483557953}, "token_totals": {"input": 481036, "output": 8445, "calls": 40}, "finished_at": "2026-04-22T21:15:07.842451+00:00"}