{"episode_id": "map_04_courtyard_remix_obj_pn_0016", "episode_idx": 6, "agent_name": "GhostAgent_6", "SR": 0.0, "SPL": 0.0, "SoftSPL": 0.6278889101949203, "PLR": 0.32125666849150064, "nDTW": 0.000866766312932737, "CLS": 0.04762771877879727, "steps": 7, "path_length_cm": 2391.7205586856885, "cumulative_reward": -164.02037559944807, "ended_reason": "no_tool_call", "metrics": {"SR": 0.0, "SPL": 0.0, "SoftSPL": 0.6278889101949203, "PLR": 0.32125666849150064, "nDTW": 0.000866766312932737, "CLS": 0.04762771877879727, "path_length_cm": 2391.7205586856885, "cumulative_reward": -164.02037559944807}, "token_totals": {"input": 15108, "output": 1379, "calls": 7}, "finished_at": "2026-04-23T17:53:20.401050+00:00"}