{"episode_id": "map_49_courtyard_sunny_packed_obj_on_0012", "episode_idx": 0, "agent_name": "GhostAgent_0", "SR": 0.0, "SPL": 0.0, "SoftSPL": 0.1077811183253432, "PLR": 0.0, "nDTW": 0.005320448953259489, "CLS": 0.07384965102345148, "steps": 0, "path_length_cm": 0.0, "cumulative_reward": 0.0, "ended_reason": "spawn_blocked", "metrics": {"SR": 0.0, "SPL": 0.0, "SoftSPL": 0.1077811183253432, "PLR": 0.0, "nDTW": 0.005320448953259489, "CLS": 0.07384965102345148, "path_length_cm": 0.0, "cumulative_reward": 0.0}, "token_totals": {"input": 0, "output": 0, "calls": 0}, "finished_at": "2026-04-23T18:51:21.143428+00:00"}