{"episode_id": "map_40_B2_open_plaza_on_0002", "episode_idx": 2, "agent_name": "GhostAgent_2", "SR": 0.0, "SPL": 0.0, "SoftSPL": 0.20935415421331646, "PLR": 2.671006605392722, "nDTW": 1.5379772256922643e-29, "CLS": 0.019110752003300868, "steps": 40, "path_length_cm": 11653.521689130284, "cumulative_reward": 2411.7877061301065, "ended_reason": "max_steps", "metrics": {"SR": 0.0, "SPL": 0.0, "SoftSPL": 0.20935415421331646, "PLR": 2.671006605392722, "nDTW": 1.5379772256922643e-29, "CLS": 0.019110752003300868, "path_length_cm": 11653.521689130284, "cumulative_reward": 2411.7877061301065}, "token_totals": {"input": 126543, "output": 6881, "calls": 40}, "finished_at": "2026-04-23T01:22:53.456512+00:00"}