{"episode_id": "map_67_B12_construction_site_on_0012", "episode_idx": 2, "agent_name": "GhostAgent_2", "SR": 0.0, "SPL": 0.0, "SoftSPL": 0.005275066495851299, "PLR": 0.17636147280124326, "nDTW": 5.778425124380397e-54, "CLS": 0.30353121150156137, "steps": 40, "path_length_cm": 1206.4130000000005, "cumulative_reward": 35.687640600948434, "ended_reason": "max_steps", "metrics": {"SR": 0.0, "SPL": 0.0, "SoftSPL": 0.005275066495851299, "PLR": 0.17636147280124326, "nDTW": 5.778425124380397e-54, "CLS": 0.30353121150156137, "path_length_cm": 1206.4130000000005, "cumulative_reward": 35.687640600948434}, "token_totals": {"input": 112359, "output": 3717, "calls": 40}, "finished_at": "2026-04-23T15:33:28.801162+00:00"}