{
  "map": "map_53_courtyard_sanny_big_remix",
  "n": 40,
  "SR": 0.05,
  "SPL": 0.04910693524508586,
  "SoftSPL": 0.45035902578246095,
  "nDTW": 0.007610307357031128,
  "avg_steps": 25.7
}