{"episode_id": "map_43_B5_residential_courtyard_on_0010", "episode_idx": 0, "agent_name": "GhostAgent_0", "SR": 0.0, "SPL": 0.0, "SoftSPL": 0.000608717561715988, "PLR": 0.0, "nDTW": 0.000608717561715988, "CLS": 0.000608717561715988, "steps": 40, "path_length_cm": 0.0, "cumulative_reward": -0.4000000000000002, "ended_reason": "max_steps", "metrics": {"SR": 0.0, "SPL": 0.0, "SoftSPL": 0.000608717561715988, "PLR": 0.0, "nDTW": 0.000608717561715988, "CLS": 0.000608717561715988, "path_length_cm": 0.0, "cumulative_reward": -0.4000000000000002}, "token_totals": {"input": 33559, "output": 1981, "calls": 40}, "finished_at": "2026-04-23T20:16:35.985436+00:00"}