{"episode_id": "map_31_gothic_day_remix_obj_on_0019", "episode_idx": 8, "agent_name": "GhostAgent_8", "SR": 1.0, "SPL": 1.0, "SoftSPL": 0.9704004117905318, "PLR": 0.958165285867375, "nDTW": 0.43112253926230665, "CLS": 0.6392341882454238, "steps": 3, "path_length_cm": 1184.3402015963688, "cumulative_reward": 1183.6347695390382, "ended_reason": "success", "metrics": {"SR": 1.0, "SPL": 1.0, "SoftSPL": 0.9704004117905318, "PLR": 0.958165285867375, "nDTW": 0.43112253926230665, "CLS": 0.6392341882454238, "path_length_cm": 1184.3402015963688, "cumulative_reward": 1183.6347695390382}, "token_totals": {"input": 3369, "output": 378, "calls": 3}, "finished_at": "2026-04-23T18:48:31.194796+00:00"}