{"episode_id": "map_22_containeryard_demo_native_on_0015", "episode_idx": 5, "agent_name": "GhostAgent_5", "SR": 0.0, "SPL": 0.0, "SoftSPL": 0.006345802826712265, "PLR": 0.1047120215548883, "nDTW": 1.1417310021171812e-10, "CLS": 0.19780834030454286, "steps": 40, "path_length_cm": 268.4596337422071, "cumulative_reward": 9.568258786665055, "ended_reason": "max_steps", "metrics": {"SR": 0.0, "SPL": 0.0, "SoftSPL": 0.006345802826712265, "PLR": 0.1047120215548883, "nDTW": 1.1417310021171812e-10, "CLS": 0.19780834030454286, "path_length_cm": 268.4596337422071, "cumulative_reward": 9.568258786665055}, "token_totals": {"input": 113623, "output": 4267, "calls": 40}, "finished_at": "2026-04-23T00:04:06.396909+00:00"}