{"episode_id": "map_03_watertown_remix_pn_0014", "episode_idx": 0, "agent_name": "GhostAgent_0", "SR": 0.0, "SPL": 0.0, "SoftSPL": 0.48016909482301345, "PLR": 1.0405849099083353, "nDTW": 1.7293549353304604e-128, "CLS": 0.24024950594934905, "steps": 40, "path_length_cm": 7353.293265867252, "cumulative_reward": 3530.425497385876, "ended_reason": "max_steps", "metrics": {"SR": 0.0, "SPL": 0.0, "SoftSPL": 0.48016909482301345, "PLR": 1.0405849099083353, "nDTW": 1.7293549353304604e-128, "CLS": 0.24024950594934905, "path_length_cm": 7353.293265867252, "cumulative_reward": 3530.425497385876}, "token_totals": {"input": 450958, "output": 4590, "calls": 40}, "finished_at": "2026-04-22T20:59:56.163567+00:00"}