{"episode_id": "map_42_B4_industrial_yard_obj_pn_0008", "episode_idx": 8, "agent_name": "GhostAgent_8", "SR": 0.0, "SPL": 0.0, "SoftSPL": 0.2083263123251895, "PLR": 0.25312036892770856, "nDTW": 7.76462337789039e-24, "CLS": 0.2689555101526653, "steps": 40, "path_length_cm": 797.3013188816999, "cumulative_reward": 640.9473165988215, "ended_reason": "max_steps", "metrics": {"SR": 0.0, "SPL": 0.0, "SoftSPL": 0.2083263123251895, "PLR": 0.25312036892770856, "nDTW": 7.76462337789039e-24, "CLS": 0.2689555101526653, "path_length_cm": 797.3013188816999, "cumulative_reward": 640.9473165988215}, "token_totals": {"input": 35080, "output": 2488, "calls": 40}, "finished_at": "2026-04-23T16:10:19.032942+00:00"}