{"episode_id": "map_58_dungeon_library_on_0000", "episode_idx": 0, "agent_name": "GhostAgent_0", "SR": 1.0, "SPL": 0.460532294658329, "SoftSPL": 0.44274757005057513, "PLR": 2.1714003808178197, "nDTW": 3.3851486537088894e-31, "CLS": 0.3158728738809753, "steps": 23, "path_length_cm": 4734.825386388488, "cumulative_reward": 2098.6030291064085, "ended_reason": "success", "metrics": {"SR": 1.0, "SPL": 0.460532294658329, "SoftSPL": 0.44274757005057513, "PLR": 2.1714003808178197, "nDTW": 3.3851486537088894e-31, "CLS": 0.3158728738809753, "path_length_cm": 4734.825386388488, "cumulative_reward": 2098.6030291064085}, "token_totals": {"input": 64731, "output": 2777, "calls": 23}, "finished_at": "2026-04-23T02:27:47.689895+00:00"}