{"episode_id": "map_23_containeryard_demo_remix_pn_0003", "episode_idx": 3, "agent_name": "GhostAgent_3", "SR": 0.0, "SPL": 0.0, "SoftSPL": 0.07032528925768022, "PLR": 0.0, "nDTW": 2.981901386812252e-08, "CLS": 0.06250362368703613, "steps": 40, "path_length_cm": 0.0, "cumulative_reward": -0.4000000000000002, "ended_reason": "max_steps", "metrics": {"SR": 0.0, "SPL": 0.0, "SoftSPL": 0.07032528925768022, "PLR": 0.0, "nDTW": 2.981901386812252e-08, "CLS": 0.06250362368703613, "path_length_cm": 0.0, "cumulative_reward": -0.4000000000000002}, "token_totals": {"input": 112068, "output": 3689, "calls": 40}, "finished_at": "2026-04-23T12:58:35.692349+00:00"}