{"episode_id": "map_04_courtyard_remix_on_0004", "episode_idx": 2, "agent_name": "GhostAgent_2", "SR": 0.0, "SPL": 0.0, "SoftSPL": 0.8247768385699018, "PLR": 0.19709887702512371, "nDTW": 8.165765269395577e-12, "CLS": 0.06666419050310277, "steps": 40, "path_length_cm": 1242.7517813963507, "cumulative_reward": 915.8000349296121, "ended_reason": "max_steps", "metrics": {"SR": 0.0, "SPL": 0.0, "SoftSPL": 0.8247768385699018, "PLR": 0.19709887702512371, "nDTW": 8.165765269395577e-12, "CLS": 0.06666419050310277, "path_length_cm": 1242.7517813963507, "cumulative_reward": 915.8000349296121}, "token_totals": {"input": 476064, "output": 7382, "calls": 40}, "finished_at": "2026-04-22T20:09:11.542882+00:00"}