{"episode_id": "map_32_gothic_night_native_pn_0008", "episode_idx": 7, "agent_name": "GhostAgent_7", "SR": 0.0, "SPL": 0.0, "SoftSPL": 0.0, "PLR": 1.2096831886181891, "nDTW": 3.776209599489404e-09, "CLS": 0.10154082039162196, "steps": 40, "path_length_cm": 3926.3534031212594, "cumulative_reward": 1729.5792999188952, "ended_reason": "max_steps", "metrics": {"SR": 0.0, "SPL": 0.0, "SoftSPL": 0.0, "PLR": 1.2096831886181891, "nDTW": 3.776209599489404e-09, "CLS": 0.10154082039162196, "path_length_cm": 3926.3534031212594, "cumulative_reward": 1729.5792999188952}, "token_totals": {"input": 119818, "output": 6308, "calls": 40}, "finished_at": "2026-04-23T16:10:42.076968+00:00"}