{"episode_id": "map_08_cave_remix_obj_pn_0004", "episode_idx": 4, "agent_name": "GhostAgent_4", "SR": 0.0, "SPL": 0.0, "SoftSPL": 0.0, "PLR": 0.0, "nDTW": 4.581771280472823e-07, "CLS": 0.12115880351147194, "steps": 40, "path_length_cm": 0.0, "cumulative_reward": -0.4000000000000002, "ended_reason": "max_steps", "metrics": {"SR": 0.0, "SPL": 0.0, "SoftSPL": 0.0, "PLR": 0.0, "nDTW": 4.581771280472823e-07, "CLS": 0.12115880351147194, "path_length_cm": 0.0, "cumulative_reward": -0.4000000000000002}, "token_totals": {"input": 34729, "output": 2522, "calls": 40}, "finished_at": "2026-04-23T15:07:42.544431+00:00"}