{"episode_id": "map_26_courtyard_overcast_native_obj_pn_0015", "episode_idx": 5, "agent_name": "GhostAgent_5", "SR": 0.0, "SPL": 0.0, "SoftSPL": 0.2847162469147321, "PLR": 0.5036378364118427, "nDTW": 0.00021124442363379967, "CLS": 0.4241542903768629, "steps": 40, "path_length_cm": 1081.46152612715, "cumulative_reward": 198.6362894730487, "ended_reason": "max_steps", "metrics": {"SR": 0.0, "SPL": 0.0, "SoftSPL": 0.2847162469147321, "PLR": 0.5036378364118427, "nDTW": 0.00021124442363379967, "CLS": 0.4241542903768629, "path_length_cm": 1081.46152612715, "cumulative_reward": 198.6362894730487}, "token_totals": {"input": 114153, "output": 5281, "calls": 40}, "finished_at": "2026-04-23T00:55:15.507457+00:00"}