{"episode_id": "map_64_cave_lost_expedition_pn_0009", "episode_idx": 9, "agent_name": "GhostAgent_9", "SR": 0.0, "SPL": 0.0, "SoftSPL": 0.0, "PLR": 0.0, "nDTW": 5.11686906414409e-07, "CLS": 0.10000004990909842, "steps": 4, "path_length_cm": 0.0, "cumulative_reward": -0.03, "ended_reason": "no_tool_call", "metrics": {"SR": 0.0, "SPL": 0.0, "SoftSPL": 0.0, "PLR": 0.0, "nDTW": 5.11686906414409e-07, "CLS": 0.10000004990909842, "path_length_cm": 0.0, "cumulative_reward": -0.03}, "token_totals": {"input": 6519, "output": 1024, "calls": 4}, "finished_at": "2026-04-23T19:46:02.407645+00:00"}