{"episode_id": "map_11_wintertown_demo01_remix_pn_0017", "episode_idx": 4, "agent_name": "GhostAgent_4", "SR": 0.0, "SPL": 0.0, "SoftSPL": 0.0, "PLR": 0.0614973721431837, "nDTW": 1.705343955254972e-08, "CLS": 0.14253102087225777, "steps": 3, "path_length_cm": 400.87800000000016, "cumulative_reward": -385.9625269883768, "ended_reason": "no_tool_call", "metrics": {"SR": 0.0, "SPL": 0.0, "SoftSPL": 0.0, "PLR": 0.0614973721431837, "nDTW": 1.705343955254972e-08, "CLS": 0.14253102087225777, "path_length_cm": 400.87800000000016, "cumulative_reward": -385.9625269883768}, "token_totals": {"input": 3969, "output": 750, "calls": 3}, "finished_at": "2026-04-22T23:26:47.548824+00:00"}