{"episode_id": "map_20_trainstation_native_pn_0019", "episode_idx": 8, "agent_name": "GhostAgent_8", "SR": 1.0, "SPL": 0.6802393129018174, "SoftSPL": 0.6507701690933974, "PLR": 1.4700708721672124, "nDTW": 6.097151352056766e-07, "CLS": 0.08236970277379223, "steps": 30, "path_length_cm": 5917.255771103855, "cumulative_reward": 3616.3155274903074, "ended_reason": "success", "metrics": {"SR": 1.0, "SPL": 0.6802393129018174, "SoftSPL": 0.6507701690933974, "PLR": 1.4700708721672124, "nDTW": 6.097151352056766e-07, "CLS": 0.08236970277379223, "path_length_cm": 5917.255771103855, "cumulative_reward": 3616.3155274903074}, "token_totals": {"input": 87124, "output": 4325, "calls": 30}, "finished_at": "2026-04-23T18:36:47.161449+00:00"}