{"episode_id": "map_49_courtyard_sunny_packed_obj_on_0000", "episode_idx": 0, "agent_name": "GhostAgent_0", "SR": 0.0, "SPL": 0.0, "SoftSPL": 0.864096129993531, "PLR": 0.2694673308338434, "nDTW": 0.0002516018374888492, "CLS": 0.032315229211553574, "steps": 40, "path_length_cm": 1481.326589753037, "cumulative_reward": 1084.020130648539, "ended_reason": "max_steps", "metrics": {"SR": 0.0, "SPL": 0.0, "SoftSPL": 0.864096129993531, "PLR": 0.2694673308338434, "nDTW": 0.0002516018374888492, "CLS": 0.032315229211553574, "path_length_cm": 1481.326589753037, "cumulative_reward": 1084.020130648539}, "token_totals": {"input": 117552, "output": 6024, "calls": 40}, "finished_at": "2026-04-23T03:17:13.140368+00:00"}