{"episode_id": "map_25_containeryard_day_remix_obj_pn_0012", "episode_idx": 0, "agent_name": "GhostAgent_0", "SR": 0.0, "SPL": 0.0, "SoftSPL": 0.0, "PLR": 0.40259726588877787, "nDTW": 3.4737083547552875e-27, "CLS": 0.4185881217260383, "steps": 40, "path_length_cm": 573.685000000873, "cumulative_reward": -574.0343565374715, "ended_reason": "max_steps", "metrics": {"SR": 0.0, "SPL": 0.0, "SoftSPL": 0.0, "PLR": 0.40259726588877787, "nDTW": 3.4737083547552875e-27, "CLS": 0.4185881217260383, "path_length_cm": 573.685000000873, "cumulative_reward": -574.0343565374715}, "token_totals": {"input": 106767, "output": 3863, "calls": 40}, "finished_at": "2026-04-23T15:59:17.084544+00:00"}