{"episode_id": "map_04_courtyard_remix_on_0001", "episode_idx": 1, "agent_name": "GhostAgent_1", "SR": 0.0, "SPL": 0.0, "SoftSPL": 0.9514479236108714, "PLR": 0.22822047088797195, "nDTW": 1.5427963626949106e-05, "CLS": 0.04745980288647905, "steps": 40, "path_length_cm": 1720.7823504953085, "cumulative_reward": 729.2924868358442, "ended_reason": "max_steps", "metrics": {"SR": 0.0, "SPL": 0.0, "SoftSPL": 0.9514479236108714, "PLR": 0.22822047088797195, "nDTW": 1.5427963626949106e-05, "CLS": 0.04745980288647905, "path_length_cm": 1720.7823504953085, "cumulative_reward": 729.2924868358442}, "token_totals": {"input": 342209, "output": 26429, "calls": 40}, "finished_at": "2026-04-22T15:17:51.259299+00:00"}