{"episode_id": "map_59_B10_market_plaza_on_0019", "episode_idx": 9, "agent_name": "GhostAgent_9", "SR": 0.0, "SPL": 0.0, "SoftSPL": 0.0, "PLR": 4.209680446527496, "nDTW": 6.161303737035552e-70, "CLS": 0.06148897589831341, "steps": 40, "path_length_cm": 5844.341460718588, "cumulative_reward": -1318.6215447701418, "ended_reason": "max_steps", "metrics": {"SR": 0.0, "SPL": 0.0, "SoftSPL": 0.0, "PLR": 4.209680446527496, "nDTW": 6.161303737035552e-70, "CLS": 0.06148897589831341, "path_length_cm": 5844.341460718588, "cumulative_reward": -1318.6215447701418}, "token_totals": {"input": 124211, "output": 6639, "calls": 40}, "finished_at": "2026-04-23T02:47:45.601563+00:00"}