{"episode_id": "map_62_trainstation_cross_remix_pn_0002", "episode_idx": 2, "agent_name": "GhostAgent_2", "SR": 0.0, "SPL": 0.0, "SoftSPL": 0.0, "PLR": 0.5104204293276304, "nDTW": 2.0644150646613842e-20, "CLS": 0.498200385435239, "steps": 27, "path_length_cm": 796.6335808688059, "cumulative_reward": 403.3473610450317, "ended_reason": "success", "metrics": {"SR": 0.0, "SPL": 0.0, "SoftSPL": 0.0, "PLR": 0.5104204293276304, "nDTW": 2.0644150646613842e-20, "CLS": 0.498200385435239, "path_length_cm": 796.6335808688059, "cumulative_reward": 403.3473610450317}, "token_totals": {"input": 80995, "output": 4485, "calls": 27}, "finished_at": "2026-04-23T04:04:23.640454+00:00"}