{"episode_id": "map_04_courtyard_remix_pn_0016", "episode_idx": 3, "agent_name": "GhostAgent_3", "SR": 0.0, "SPL": 0.0, "SoftSPL": 0.0052150964639990915, "PLR": 0.0, "nDTW": 0.009142135301546424, "CLS": 0.12673340821520354, "steps": 40, "path_length_cm": 0.0, "cumulative_reward": -0.4000000000000002, "ended_reason": "max_steps", "metrics": {"SR": 0.0, "SPL": 0.0, "SoftSPL": 0.0052150964639990915, "PLR": 0.0, "nDTW": 0.009142135301546424, "CLS": 0.12673340821520354, "path_length_cm": 0.0, "cumulative_reward": -0.4000000000000002}, "token_totals": {"input": 106284, "output": 2291, "calls": 40}, "finished_at": "2026-04-22T22:32:30.827559+00:00"}