{"episode_id": "map_11_wintertown_demo01_remix_pn_0014", "episode_idx": 1, "agent_name": "GhostAgent_1", "SR": 0.0, "SPL": 0.0, "SoftSPL": 0.0, "PLR": 0.15101180983863854, "nDTW": 6.11401054355216e-10, "CLS": 0.29490588179216515, "steps": 40, "path_length_cm": 195.21598681460483, "cumulative_reward": 183.3262797242878, "ended_reason": "max_steps", "metrics": {"SR": 0.0, "SPL": 0.0, "SoftSPL": 0.0, "PLR": 0.15101180983863854, "nDTW": 6.11401054355216e-10, "CLS": 0.29490588179216515, "path_length_cm": 195.21598681460483, "cumulative_reward": 183.3262797242878}, "token_totals": {"input": 111269, "output": 4886, "calls": 40}, "finished_at": "2026-04-22T23:26:47.547439+00:00"}