{"episode_id": "map_57_gothic_day_invasion_obj_pn_0008", "episode_idx": 6, "agent_name": "GhostAgent_6", "SR": 0.0, "SPL": 0.0, "SoftSPL": 0.0, "PLR": 0.976617454271299, "nDTW": 1.0929836684834862e-53, "CLS": 0.040958917014829385, "steps": 40, "path_length_cm": 4717.238095272143, "cumulative_reward": 2292.3473099517932, "ended_reason": "max_steps", "metrics": {"SR": 0.0, "SPL": 0.0, "SoftSPL": 0.0, "PLR": 0.976617454271299, "nDTW": 1.0929836684834862e-53, "CLS": 0.040958917014829385, "path_length_cm": 4717.238095272143, "cumulative_reward": 2292.3473099517932}, "token_totals": {"input": 123833, "output": 7262, "calls": 40}, "finished_at": "2026-04-23T03:30:58.515129+00:00"}