{"episode_id": "map_01_wintertown_native_obj_pn_0014", "episode_idx": 5, "agent_name": "GhostAgent_5", "SR": 0.0, "SPL": 0.0, "SoftSPL": 0.0, "PLR": 2.502633200706476, "nDTW": 2.6828482884155515e-84, "CLS": 0.04439789452342279, "steps": 40, "path_length_cm": 10894.187559663354, "cumulative_reward": -448.7238891179104, "ended_reason": "max_steps", "metrics": {"SR": 0.0, "SPL": 0.0, "SoftSPL": 0.0, "PLR": 2.502633200706476, "nDTW": 2.6828482884155515e-84, "CLS": 0.04439789452342279, "path_length_cm": 10894.187559663354, "cumulative_reward": -448.7238891179104}, "token_totals": {"input": 128191, "output": 7197, "calls": 40}, "finished_at": "2026-04-22T22:38:09.154930+00:00"}