{"episode_id": "map_57_gothic_day_invasion_pn_0018", "episode_idx": 7, "agent_name": "GhostAgent_7", "SR": 0.0, "SPL": 0.0, "SoftSPL": 0.27008440589057114, "PLR": 0.44348494132688154, "nDTW": 9.887205450467825e-87, "CLS": 0.44922414246311043, "steps": 40, "path_length_cm": 3278.6353878860896, "cumulative_reward": 2425.0165586100193, "ended_reason": "max_steps", "metrics": {"SR": 0.0, "SPL": 0.0, "SoftSPL": 0.27008440589057114, "PLR": 0.44348494132688154, "nDTW": 9.887205450467825e-87, "CLS": 0.44922414246311043, "path_length_cm": 3278.6353878860896, "cumulative_reward": 2425.0165586100193}, "token_totals": {"input": 106172, "output": 3348, "calls": 40}, "finished_at": "2026-04-23T03:15:56.377803+00:00"}