{"episode_id": "map_61_containeryard_day_big_remix_obj_on_0019", "episode_idx": 7, "agent_name": "GhostAgent_7", "SR": 0.0, "SPL": 0.0, "SoftSPL": 4.2948910239926086e-05, "PLR": 0.0, "nDTW": 3.627823460798468e-08, "CLS": 0.16666666913299322, "steps": 40, "path_length_cm": 0.0, "cumulative_reward": -0.4000000000000002, "ended_reason": "max_steps", "metrics": {"SR": 0.0, "SPL": 0.0, "SoftSPL": 4.2948910239926086e-05, "PLR": 0.0, "nDTW": 3.627823460798468e-08, "CLS": 0.16666666913299322, "path_length_cm": 0.0, "cumulative_reward": -0.4000000000000002}, "token_totals": {"input": 34118, "output": 1981, "calls": 40}, "finished_at": "2026-04-23T17:03:17.939560+00:00"}