{"episode_id": "map_15_middleeast_remix_obj_pn_0008", "episode_idx": 7, "agent_name": "GhostAgent_7", "SR": 0.0, "SPL": 0.0, "SoftSPL": 0.0, "PLR": 0.055056134889493735, "nDTW": 0.00019852392564166814, "CLS": 0.27280901196670404, "steps": 40, "path_length_cm": 223.21518880517226, "cumulative_reward": 39.3503712912149, "ended_reason": "max_steps", "metrics": {"SR": 0.0, "SPL": 0.0, "SoftSPL": 0.0, "PLR": 0.055056134889493735, "nDTW": 0.00019852392564166814, "CLS": 0.27280901196670404, "path_length_cm": 223.21518880517226, "cumulative_reward": 39.3503712912149}, "token_totals": {"input": 35452, "output": 2627, "calls": 40}, "finished_at": "2026-04-23T15:00:14.682340+00:00"}