{"episode_id": "map_40_B2_open_plaza_obj_pn_0014", "episode_idx": 4, "agent_name": "GhostAgent_4", "SR": 0.0, "SPL": 0.0, "SoftSPL": 0.0, "PLR": 37.82698927405984, "nDTW": 0.0, "CLS": 0.006648300901088227, "steps": 40, "path_length_cm": 44034.7764838258, "cumulative_reward": -39323.844156503415, "ended_reason": "max_steps", "metrics": {"SR": 0.0, "SPL": 0.0, "SoftSPL": 0.0, "PLR": 37.82698927405984, "nDTW": 0.0, "CLS": 0.006648300901088227, "path_length_cm": 44034.7764838258, "cumulative_reward": -39323.844156503415}, "token_totals": {"input": 131296, "output": 7101, "calls": 40}, "finished_at": "2026-04-23T16:55:03.756495+00:00"}