{"episode_id": "map_16_hwaseong_remix_on_0003", "episode_idx": 3, "agent_name": "GhostAgent_3", "SR": 0.0, "SPL": 0.0, "SoftSPL": 0.1896013703302598, "PLR": 0.35068986453451784, "nDTW": 9.650916478557256e-41, "CLS": 0.38502407482044027, "steps": 40, "path_length_cm": 1309.9002889079763, "cumulative_reward": 707.795967585268, "ended_reason": "max_steps", "metrics": {"SR": 0.0, "SPL": 0.0, "SoftSPL": 0.1896013703302598, "PLR": 0.35068986453451784, "nDTW": 9.650916478557256e-41, "CLS": 0.38502407482044027, "path_length_cm": 1309.9002889079763, "cumulative_reward": 707.795967585268}, "token_totals": {"input": 114247, "output": 5072, "calls": 40}, "finished_at": "2026-04-22T23:35:41.079520+00:00"}