{"episode_id": "map_25_containeryard_day_remix_pn_0001", "episode_idx": 1, "agent_name": "GhostAgent_1", "SR": 0.0, "SPL": 0.0, "SoftSPL": 0.0, "PLR": 1.13912602019418, "nDTW": 3.69672241452197e-22, "CLS": 0.18119021875811292, "steps": 40, "path_length_cm": 1177.9930000032052, "cumulative_reward": 802.9579807371247, "ended_reason": "max_steps", "metrics": {"SR": 0.0, "SPL": 0.0, "SoftSPL": 0.0, "PLR": 1.13912602019418, "nDTW": 3.69672241452197e-22, "CLS": 0.18119021875811292, "path_length_cm": 1177.9930000032052, "cumulative_reward": 802.9579807371247}, "token_totals": {"input": 106372, "output": 4257, "calls": 40}, "finished_at": "2026-04-23T15:37:25.613441+00:00"}