{"episode_id": "map_13_watertown_native_on_0017", "episode_idx": 7, "agent_name": "GhostAgent_7", "SR": 0.0, "SPL": 0.0, "SoftSPL": 0.0, "PLR": 2.89645068984726, "nDTW": 4.0808518455075905e-127, "CLS": 0.0863673508648624, "steps": 40, "path_length_cm": 12779.893520785472, "cumulative_reward": -2574.511202782998, "ended_reason": "max_steps", "metrics": {"SR": 0.0, "SPL": 0.0, "SoftSPL": 0.0, "PLR": 2.89645068984726, "nDTW": 4.0808518455075905e-127, "CLS": 0.0863673508648624, "path_length_cm": 12779.893520785472, "cumulative_reward": -2574.511202782998}, "token_totals": {"input": 125345, "output": 5868, "calls": 40}, "finished_at": "2026-04-23T17:06:59.927209+00:00"}