{"episode_id": "map_36_dungeon_native_on_0007", "episode_idx": 7, "agent_name": "GhostAgent_7", "SR": 1.0, "SPL": 0.6959672185978424, "SoftSPL": 0.6466696226350364, "PLR": 1.4368492843882634, "nDTW": 3.1688735253192804e-08, "CLS": 0.39051292891063066, "steps": 13, "path_length_cm": 2827.187757440879, "cumulative_reward": 1830.6283732071067, "ended_reason": "success", "metrics": {"SR": 1.0, "SPL": 0.6959672185978424, "SoftSPL": 0.6466696226350364, "PLR": 1.4368492843882634, "nDTW": 3.1688735253192804e-08, "CLS": 0.39051292891063066, "path_length_cm": 2827.187757440879, "cumulative_reward": 1830.6283732071067}, "token_totals": {"input": 36201, "output": 2550, "calls": 13}, "finished_at": "2026-04-23T01:09:43.407553+00:00"}