{"episode_id": "map_40_B2_open_plaza_obj_pn_0010", "episode_idx": 0, "agent_name": "GhostAgent_0", "SR": 0.0, "SPL": 0.0, "SoftSPL": 0.0, "PLR": 1.123131927383413, "nDTW": 7.285251127367507e-112, "CLS": 0.09892970578078449, "steps": 40, "path_length_cm": 7503.6556381678565, "cumulative_reward": 37.483820720839375, "ended_reason": "max_steps", "metrics": {"SR": 0.0, "SPL": 0.0, "SoftSPL": 0.0, "PLR": 1.123131927383413, "nDTW": 7.285251127367507e-112, "CLS": 0.09892970578078449, "path_length_cm": 7503.6556381678565, "cumulative_reward": 37.483820720839375}, "token_totals": {"input": 127164, "output": 7236, "calls": 40}, "finished_at": "2026-04-23T16:55:03.636019+00:00"}