{
  "map": "map_20_trainstation_native",
  "n": 40,
  "SR": 0.2,
  "SPL": 0.12854236257617271,
  "SoftSPL": 0.28524226397215624,
  "nDTW": 0.003872513699599825,
  "avg_steps": 30.15
}