{"episode_id": "map_68_B13_suburban_park_obj_pn_0011", "episode_idx": 1, "agent_name": "GhostAgent_1", "SR": 0.0, "SPL": 0.0, "SoftSPL": 0.17577771233838643, "PLR": 1.480790729419145, "nDTW": 1.8046770199296782e-78, "CLS": 0.027014790187477503, "steps": 40, "path_length_cm": 10961.642221968987, "cumulative_reward": 1799.662679203986, "ended_reason": "max_steps", "metrics": {"SR": 0.0, "SPL": 0.0, "SoftSPL": 0.17577771233838643, "PLR": 1.480790729419145, "nDTW": 1.8046770199296782e-78, "CLS": 0.027014790187477503, "path_length_cm": 10961.642221968987, "cumulative_reward": 1799.662679203986}, "token_totals": {"input": 129565, "output": 7863, "calls": 40}, "finished_at": "2026-04-23T05:49:04.767712+00:00"}