{"episode_id": "map_46_B8_dense_urban_on_0017", "episode_idx": 7, "agent_name": "GhostAgent_7", "SR": 0.0, "SPL": 0.0, "SoftSPL": 0.08219994615622839, "PLR": 0.0, "nDTW": 4.030163587006802e-08, "CLS": 0.10000229829342977, "steps": 40, "path_length_cm": 0.0, "cumulative_reward": -0.4000000000000002, "ended_reason": "max_steps", "metrics": {"SR": 0.0, "SPL": 0.0, "SoftSPL": 0.08219994615622839, "PLR": 0.0, "nDTW": 4.030163587006802e-08, "CLS": 0.10000229829342977, "path_length_cm": 0.0, "cumulative_reward": -0.4000000000000002}, "token_totals": {"input": 34002, "output": 1991, "calls": 40}, "finished_at": "2026-04-23T16:16:03.550827+00:00"}