{"episode_id": "map_15_middleeast_remix_obj_pn_0003", "episode_idx": 3, "agent_name": "GhostAgent_3", "SR": 0.0, "SPL": 0.0, "SoftSPL": 0.0, "PLR": 0.012822975952797688, "nDTW": 6.34027466020062e-11, "CLS": 0.06588225449535931, "steps": 40, "path_length_cm": 101.16148312969719, "cumulative_reward": -15.048014207745283, "ended_reason": "max_steps", "metrics": {"SR": 0.0, "SPL": 0.0, "SoftSPL": 0.0, "PLR": 0.012822975952797688, "nDTW": 6.34027466020062e-11, "CLS": 0.06588225449535931, "path_length_cm": 101.16148312969719, "cumulative_reward": -15.048014207745283}, "token_totals": {"input": 32285, "output": 1789, "calls": 40}, "finished_at": "2026-04-23T15:00:14.680410+00:00"}