{"episode_id": "map_59_B10_market_plaza_on_0008", "episode_idx": 1, "agent_name": "GhostAgent_1", "SR": 0.0, "SPL": 0.0, "SoftSPL": 0.10982274416506567, "PLR": 1.998616865316415, "nDTW": 1.71915253624808e-43, "CLS": 0.013898658672485804, "steps": 40, "path_length_cm": 9484.076583323289, "cumulative_reward": 704.405233587531, "ended_reason": "max_steps", "metrics": {"SR": 0.0, "SPL": 0.0, "SoftSPL": 0.10982274416506567, "PLR": 1.998616865316415, "nDTW": 1.71915253624808e-43, "CLS": 0.013898658672485804, "path_length_cm": 9484.076583323289, "cumulative_reward": 704.405233587531}, "token_totals": {"input": 124860, "output": 6209, "calls": 40}, "finished_at": "2026-04-23T14:55:22.549888+00:00"}