{"episode_id": "map_18_cave_native_pn_0016", "episode_idx": 6, "agent_name": "GhostAgent_6", "SR": 1.0, "SPL": 0.42037139094711595, "SoftSPL": 0.38908434164751304, "PLR": 2.3788488501725924, "nDTW": 2.2012539271403986e-08, "CLS": 0.12086531530026394, "steps": 13, "path_length_cm": 4270.081263036806, "cumulative_reward": 2841.3462265229737, "ended_reason": "success", "metrics": {"SR": 1.0, "SPL": 0.42037139094711595, "SoftSPL": 0.38908434164751304, "PLR": 2.3788488501725924, "nDTW": 2.2012539271403986e-08, "CLS": 0.12086531530026394, "path_length_cm": 4270.081263036806, "cumulative_reward": 2841.3462265229737}, "token_totals": {"input": 30497, "output": 1436, "calls": 13}, "finished_at": "2026-04-23T18:24:27.869771+00:00"}