{"episode_id": "map_68_B13_suburban_park_pn_0006", "episode_idx": 6, "agent_name": "GhostAgent_6", "SR": 0.0, "SPL": 0.0, "SoftSPL": 0.05581726944182225, "PLR": 2.1269489941547124, "nDTW": 1.8326898254294442e-78, "CLS": 0.052542736426875764, "steps": 40, "path_length_cm": 14843.615448876732, "cumulative_reward": 796.6821984813678, "ended_reason": "max_steps", "metrics": {"SR": 0.0, "SPL": 0.0, "SoftSPL": 0.05581726944182225, "PLR": 2.1269489941547124, "nDTW": 1.8326898254294442e-78, "CLS": 0.052542736426875764, "path_length_cm": 14843.615448876732, "cumulative_reward": 796.6821984813678}, "token_totals": {"input": 127120, "output": 6723, "calls": 40}, "finished_at": "2026-04-23T05:01:21.362037+00:00"}