{"episode_id": "map_13_watertown_native_on_0004", "episode_idx": 4, "agent_name": "GhostAgent_4", "SR": 0.0, "SPL": 0.0, "SoftSPL": 0.0, "PLR": 2.8105459349305617, "nDTW": 1.3684973396945403e-115, "CLS": 0.08896845050154338, "steps": 40, "path_length_cm": 5178.177935975416, "cumulative_reward": -1370.5384333049615, "ended_reason": "max_steps", "metrics": {"SR": 0.0, "SPL": 0.0, "SoftSPL": 0.0, "PLR": 2.8105459349305617, "nDTW": 1.3684973396945403e-115, "CLS": 0.08896845050154338, "path_length_cm": 5178.177935975416, "cumulative_reward": -1370.5384333049615}, "token_totals": {"input": 122652, "output": 5662, "calls": 40}, "finished_at": "2026-04-23T16:49:28.256271+00:00"}