{"episode_id": "map_68_B13_suburban_park_pn_0018", "episode_idx": 8, "agent_name": "GhostAgent_8", "SR": 0.0, "SPL": 0.0, "SoftSPL": 0.0, "PLR": 18.811964268575704, "nDTW": 0.0, "CLS": 0.013290181597406883, "steps": 40, "path_length_cm": 39330.73805523928, "cumulative_reward": -39058.9549630363, "ended_reason": "max_steps", "metrics": {"SR": 0.0, "SPL": 0.0, "SoftSPL": 0.0, "PLR": 18.811964268575704, "nDTW": 0.0, "CLS": 0.013290181597406883, "path_length_cm": 39330.73805523928, "cumulative_reward": -39058.9549630363}, "token_totals": {"input": 143379, "output": 10132, "calls": 40}, "finished_at": "2026-04-23T05:17:29.152379+00:00"}