{"episode_id": "map_31_gothic_day_remix_obj_on_0004", "episode_idx": 3, "agent_name": "GhostAgent_3", "SR": 1.0, "SPL": 0.8300769996203803, "SoftSPL": 0.8015574006596926, "PLR": 1.2047075156368996, "nDTW": 0.0001765558806378607, "CLS": 0.12679914791905628, "steps": 25, "path_length_cm": 6338.050569291823, "cumulative_reward": 4845.442293601343, "ended_reason": "success", "metrics": {"SR": 1.0, "SPL": 0.8300769996203803, "SoftSPL": 0.8015574006596926, "PLR": 1.2047075156368996, "nDTW": 0.0001765558806378607, "CLS": 0.12679914791905628, "path_length_cm": 6338.050569291823, "cumulative_reward": 4845.442293601343}, "token_totals": {"input": 73687, "output": 3666, "calls": 25}, "finished_at": "2026-04-23T18:32:30.168140+00:00"}