{"episode_id": "map_34_temple_plaza_native_on_0005", "episode_idx": 5, "agent_name": "GhostAgent_5", "SR": 0.0, "SPL": 0.0, "SoftSPL": 0.1555935807821457, "PLR": 0.0, "nDTW": 4.775691164384428e-05, "CLS": 0.08511953524621507, "steps": 40, "path_length_cm": 0.0, "cumulative_reward": -0.4000000000000002, "ended_reason": "max_steps", "metrics": {"SR": 0.0, "SPL": 0.0, "SoftSPL": 0.1555935807821457, "PLR": 0.0, "nDTW": 4.775691164384428e-05, "CLS": 0.08511953524621507, "path_length_cm": 0.0, "cumulative_reward": -0.4000000000000002}, "token_totals": {"input": 33123, "output": 2017, "calls": 40}, "finished_at": "2026-04-23T15:29:23.957533+00:00"}