{"episode_id": "map_22_containeryard_demo_native_on_0000", "episode_idx": 0, "agent_name": "GhostAgent_0", "SR": 0.0, "SPL": 0.0, "SoftSPL": 0.0, "PLR": 0.1598366958177213, "nDTW": 1.5558667315581976e-09, "CLS": 0.19055749573326447, "steps": 40, "path_length_cm": 234.90400000851412, "cumulative_reward": -235.20668720582808, "ended_reason": "max_steps", "metrics": {"SR": 0.0, "SPL": 0.0, "SoftSPL": 0.0, "PLR": 0.1598366958177213, "nDTW": 1.5558667315581976e-09, "CLS": 0.19055749573326447, "path_length_cm": 234.90400000851412, "cumulative_reward": -235.20668720582808}, "token_totals": {"input": 110708, "output": 4936, "calls": 40}, "finished_at": "2026-04-22T23:47:44.145299+00:00"}