{"episode_id": "map_04_courtyard_remix_pn_0008", "episode_idx": 1, "agent_name": "GhostAgent_1", "SR": 0.0, "SPL": 0.0, "SoftSPL": 0.0017073722206861763, "PLR": 0.0, "nDTW": 0.0006212082973652084, "CLS": 0.12502414936995562, "steps": 40, "path_length_cm": 0.0, "cumulative_reward": -0.4000000000000002, "ended_reason": "max_steps", "metrics": {"SR": 0.0, "SPL": 0.0, "SoftSPL": 0.0017073722206861763, "PLR": 0.0, "nDTW": 0.0006212082973652084, "CLS": 0.12502414936995562, "path_length_cm": 0.0, "cumulative_reward": -0.4000000000000002}, "token_totals": {"input": 112701, "output": 4679, "calls": 40}, "finished_at": "2026-04-23T15:06:04.994934+00:00"}