{
  "map": "map_09b_wintertown_demo02",
  "n": 39,
  "SR": 0.05128205128205128,
  "SPL": 0.030488450322269493,
  "SoftSPL": 0.28550237214795804,
  "nDTW": 8.755283144438068e-05,
  "avg_steps": 32.0
}