{"episode_id": "map_58_dungeon_library_on_0012", "episode_idx": 2, "agent_name": "GhostAgent_2", "SR": 1.0, "SPL": 0.9266699471558715, "SoftSPL": 0.9120351241003261, "PLR": 1.0791328704132388, "nDTW": 2.141677357752503e-09, "CLS": 0.7319981236370309, "steps": 11, "path_length_cm": 3438.430273668999, "cumulative_reward": 3138.3634814011402, "ended_reason": "success", "metrics": {"SR": 1.0, "SPL": 0.9266699471558715, "SoftSPL": 0.9120351241003261, "PLR": 1.0791328704132388, "nDTW": 2.141677357752503e-09, "CLS": 0.7319981236370309, "path_length_cm": 3438.430273668999, "cumulative_reward": 3138.3634814011402}, "token_totals": {"input": 25462, "output": 1459, "calls": 11}, "finished_at": "2026-04-23T02:38:07.079884+00:00"}