{"episode_id": "map_57_gothic_day_invasion_pn_0003", "episode_idx": 3, "agent_name": "GhostAgent_3", "SR": 0.0, "SPL": 0.0, "SoftSPL": 0.0, "PLR": 1.6392918747137821, "nDTW": 2.7478042993043695e-12, "CLS": 0.22387514366121922, "steps": 40, "path_length_cm": 1834.334821967228, "cumulative_reward": 775.8702519015114, "ended_reason": "max_steps", "metrics": {"SR": 0.0, "SPL": 0.0, "SoftSPL": 0.0, "PLR": 1.6392918747137821, "nDTW": 2.7478042993043695e-12, "CLS": 0.22387514366121922, "path_length_cm": 1834.334821967228, "cumulative_reward": 775.8702519015114}, "token_totals": {"input": 120496, "output": 6476, "calls": 40}, "finished_at": "2026-04-23T02:58:47.684840+00:00"}