{"episode_id": "map_06_hwaseong_native_obj_pn_0019", "episode_idx": 2, "agent_name": "GhostAgent_2", "SR": 0.0, "SPL": 0.0, "SoftSPL": 0.643045186233726, "PLR": 0.5932598272584714, "nDTW": 2.3504113990226245e-17, "CLS": 0.02741398343205348, "steps": 40, "path_length_cm": 4029.3436229619942, "cumulative_reward": 2648.437578924012, "ended_reason": "max_steps", "metrics": {"SR": 0.0, "SPL": 0.0, "SoftSPL": 0.643045186233726, "PLR": 0.5932598272584714, "nDTW": 2.3504113990226245e-17, "CLS": 0.02741398343205348, "path_length_cm": 4029.3436229619942, "cumulative_reward": 2648.437578924012}, "token_totals": {"input": 115252, "output": 4874, "calls": 40}, "finished_at": "2026-04-23T14:28:22.269224+00:00"}