{"episode_id": "map_22_containeryard_demo_native_obj_on_0001", "episode_idx": 1, "agent_name": "GhostAgent_1", "SR": 0.0, "SPL": 0.0, "SoftSPL": 0.21117246662321554, "PLR": 0.9795220456946447, "nDTW": 2.920367153607507e-153, "CLS": 0.2552265174162227, "steps": 40, "path_length_cm": 5174.6778343184105, "cumulative_reward": 1115.1906921393684, "ended_reason": "max_steps", "metrics": {"SR": 0.0, "SPL": 0.0, "SoftSPL": 0.21117246662321554, "PLR": 0.9795220456946447, "nDTW": 2.920367153607507e-153, "CLS": 0.2552265174162227, "path_length_cm": 5174.6778343184105, "cumulative_reward": 1115.1906921393684}, "token_totals": {"input": 116605, "output": 4135, "calls": 40}, "finished_at": "2026-04-23T00:17:52.846187+00:00"}