{"episode_id": "map_15_middleeast_remix_obj_on_0011", "episode_idx": 0, "agent_name": "GhostAgent_0", "SR": 0.0, "SPL": 0.0, "SoftSPL": 0.0426939007694106, "PLR": 0.0, "nDTW": 6.528346621967541e-06, "CLS": 0.11038430659509801, "steps": 40, "path_length_cm": 0.0, "cumulative_reward": -0.4000000000000002, "ended_reason": "max_steps", "metrics": {"SR": 0.0, "SPL": 0.0, "SoftSPL": 0.0426939007694106, "PLR": 0.0, "nDTW": 6.528346621967541e-06, "CLS": 0.11038430659509801, "path_length_cm": 0.0, "cumulative_reward": -0.4000000000000002}, "token_totals": {"input": 34703, "output": 2286, "calls": 40}, "finished_at": "2026-04-23T15:14:50.310752+00:00"}