{"episode_id": "map_67_B12_construction_site_on_0010", "episode_idx": 0, "agent_name": "GhostAgent_0", "SR": 0.0, "SPL": 0.0, "SoftSPL": 0.1603254990474018, "PLR": 0.5235301016363858, "nDTW": 1.4052754119895964e-84, "CLS": 0.4775274636099976, "steps": 40, "path_length_cm": 2442.4825714754106, "cumulative_reward": 747.5829979440946, "ended_reason": "max_steps", "metrics": {"SR": 0.0, "SPL": 0.0, "SoftSPL": 0.1603254990474018, "PLR": 0.5235301016363858, "nDTW": 1.4052754119895964e-84, "CLS": 0.4775274636099976, "path_length_cm": 2442.4825714754106, "cumulative_reward": 747.5829979440946}, "token_totals": {"input": 119315, "output": 5399, "calls": 40}, "finished_at": "2026-04-23T15:33:28.800123+00:00"}