{"episode_id": "map_06_hwaseong_native_on_0012", "episode_idx": 7, "agent_name": "GhostAgent_7", "SR": 0.0, "SPL": 0.0, "SoftSPL": 0.3890988397866689, "PLR": 0.07433868005203345, "nDTW": 1.0263971073380674e-08, "CLS": 0.07841832778565817, "steps": 40, "path_length_cm": 491.0590188197173, "cumulative_reward": 239.39021977925933, "ended_reason": "max_steps", "metrics": {"SR": 0.0, "SPL": 0.0, "SoftSPL": 0.3890988397866689, "PLR": 0.07433868005203345, "nDTW": 1.0263971073380674e-08, "CLS": 0.07841832778565817, "path_length_cm": 491.0590188197173, "cumulative_reward": 239.39021977925933}, "token_totals": {"input": 115061, "output": 5460, "calls": 40}, "finished_at": "2026-04-23T13:11:52.812108+00:00"}