{"episode_id": "map_49_courtyard_sunny_packed_on_0013", "episode_idx": 1, "agent_name": "GhostAgent_1", "SR": 0.0, "SPL": 0.0, "SoftSPL": 0.0, "PLR": 16.709246201837292, "nDTW": 3.832259831285183e-80, "CLS": 0.0012542431954679998, "steps": 17, "path_length_cm": 50895.86265341033, "cumulative_reward": -47910.51406423635, "ended_reason": "step_error", "metrics": {"SR": 0.0, "SPL": 0.0, "SoftSPL": 0.0, "PLR": 16.709246201837292, "nDTW": 3.832259831285183e-80, "CLS": 0.0012542431954679998, "path_length_cm": 50895.86265341033, "cumulative_reward": -47910.51406423635}, "token_totals": {"input": 49880, "output": 3114, "calls": 17}, "finished_at": "2026-04-23T18:41:59.666302+00:00"}