{"episode_id": "map_27_courtyard_overcast_remix_obj_pn_0003", "episode_idx": 3, "agent_name": "GhostAgent_3", "SR": 0.0, "SPL": 0.0, "SoftSPL": 0.5949910198907791, "PLR": 0.0, "nDTW": 0.00624990734839828, "CLS": 0.06519329040989998, "steps": 40, "path_length_cm": 0.0, "cumulative_reward": -0.4000000000000002, "ended_reason": "max_steps", "metrics": {"SR": 0.0, "SPL": 0.0, "SoftSPL": 0.5949910198907791, "PLR": 0.0, "nDTW": 0.00624990734839828, "CLS": 0.06519329040989998, "path_length_cm": 0.0, "cumulative_reward": -0.4000000000000002}, "token_totals": {"input": 32339, "output": 1798, "calls": 40}, "finished_at": "2026-04-23T15:37:54.364096+00:00"}