{"episode_id": "map_19_wintertown_demo02_native_pn_0007", "episode_idx": 7, "agent_name": "GhostAgent_7", "SR": 0.0, "SPL": 0.0, "SoftSPL": 0.4397092006860477, "PLR": 1.6909985350795769, "nDTW": 2.6417485562811424e-53, "CLS": 0.036963908392163444, "steps": 40, "path_length_cm": 13054.305770990124, "cumulative_reward": 5843.457567910741, "ended_reason": "max_steps", "metrics": {"SR": 0.0, "SPL": 0.0, "SoftSPL": 0.4397092006860477, "PLR": 1.6909985350795769, "nDTW": 2.6417485562811424e-53, "CLS": 0.036963908392163444, "path_length_cm": 13054.305770990124, "cumulative_reward": 5843.457567910741}, "token_totals": {"input": 118376, "output": 4583, "calls": 40}, "finished_at": "2026-04-22T23:11:42.268029+00:00"}