{"episode_id": "map_03_watertown_remix_obj_pn_0018", "episode_idx": 8, "agent_name": "GhostAgent_8", "SR": 0.0, "SPL": 0.0, "SoftSPL": 0.0, "PLR": 2.4710691238233573, "nDTW": 1.0965717526073693e-147, "CLS": 0.02529635196833237, "steps": 40, "path_length_cm": 14699.401789975625, "cumulative_reward": -8316.349791682249, "ended_reason": "max_steps", "metrics": {"SR": 0.0, "SPL": 0.0, "SoftSPL": 0.0, "PLR": 2.4710691238233573, "nDTW": 1.0965717526073693e-147, "CLS": 0.02529635196833237, "path_length_cm": 14699.401789975625, "cumulative_reward": -8316.349791682249}, "token_totals": {"input": 138482, "output": 9273, "calls": 40}, "finished_at": "2026-04-22T22:42:08.794117+00:00"}