{"episode_id": "map_36_dungeon_native_obj_pn_0014", "episode_idx": 4, "agent_name": "GhostAgent_4", "SR": 0.0, "SPL": 0.0, "SoftSPL": 0.10442606720412775, "PLR": 2.1820304961436863, "nDTW": 1.4582763786261512e-15, "CLS": 0.4172920118197409, "steps": 40, "path_length_cm": 4202.0452279487035, "cumulative_reward": 1925.582504778801, "ended_reason": "max_steps", "metrics": {"SR": 0.0, "SPL": 0.0, "SoftSPL": 0.10442606720412775, "PLR": 2.1820304961436863, "nDTW": 1.4582763786261512e-15, "CLS": 0.4172920118197409, "path_length_cm": 4202.0452279487035, "cumulative_reward": 1925.582504778801}, "token_totals": {"input": 112759, "output": 4972, "calls": 40}, "finished_at": "2026-04-23T01:38:15.125262+00:00"}