{"episode_id": "map_18_cave_native_pn_0019", "episode_idx": 9, "agent_name": "GhostAgent_9", "SR": 0.0, "SPL": 0.0, "SoftSPL": 0.0, "PLR": 2.288290060163827, "nDTW": 9.01968239391861e-51, "CLS": 0.12003029308109289, "steps": 40, "path_length_cm": 12233.152895834615, "cumulative_reward": -1387.5588258325008, "ended_reason": "max_steps", "metrics": {"SR": 0.0, "SPL": 0.0, "SoftSPL": 0.0, "PLR": 2.288290060163827, "nDTW": 9.01968239391861e-51, "CLS": 0.12003029308109289, "path_length_cm": 12233.152895834615, "cumulative_reward": -1387.5588258325008}, "token_totals": {"input": 119242, "output": 5289, "calls": 40}, "finished_at": "2026-04-23T18:24:27.957593+00:00"}