{"episode_id": "map_21_hwaseong_remix2_obj_on_0004", "episode_idx": 4, "agent_name": "GhostAgent_4", "SR": 0.0, "SPL": 0.0, "SoftSPL": 0.0005127960444166746, "PLR": 0.0, "nDTW": 1.1964854656615607e-06, "CLS": 0.10000022042309101, "steps": 40, "path_length_cm": 0.0, "cumulative_reward": -0.4000000000000002, "ended_reason": "max_steps", "metrics": {"SR": 0.0, "SPL": 0.0, "SoftSPL": 0.0005127960444166746, "PLR": 0.0, "nDTW": 1.1964854656615607e-06, "CLS": 0.10000022042309101, "path_length_cm": 0.0, "cumulative_reward": -0.4000000000000002}, "token_totals": {"input": 34451, "output": 2229, "calls": 40}, "finished_at": "2026-04-23T18:18:56.953626+00:00"}