{"episode_id": "map_43_B5_residential_courtyard_pn_0007", "episode_idx": 7, "agent_name": "GhostAgent_7", "SR": 0.0, "SPL": 0.0, "SoftSPL": 0.002241224172620404, "PLR": 0.0, "nDTW": 0.002241224172620404, "CLS": 0.002241224172620404, "steps": 40, "path_length_cm": 0.0, "cumulative_reward": -0.4000000000000002, "ended_reason": "max_steps", "metrics": {"SR": 0.0, "SPL": 0.0, "SoftSPL": 0.002241224172620404, "PLR": 0.0, "nDTW": 0.002241224172620404, "CLS": 0.002241224172620404, "path_length_cm": 0.0, "cumulative_reward": -0.4000000000000002}, "token_totals": {"input": 27320, "output": 455, "calls": 40}, "finished_at": "2026-04-23T20:02:01.246367+00:00"}