{"episode_id": "map_28_village_night_native_on_0011", "episode_idx": 1, "agent_name": "GhostAgent_1", "SR": 0.0, "SPL": 0.0, "SoftSPL": 0.0017592076298243997, "PLR": 0.12361342040172447, "nDTW": 6.733242135931789e-05, "CLS": 0.2165573112597334, "steps": 40, "path_length_cm": 128.62100006219833, "cumulative_reward": -57.525124861744814, "ended_reason": "max_steps", "metrics": {"SR": 0.0, "SPL": 0.0, "SoftSPL": 0.0017592076298243997, "PLR": 0.12361342040172447, "nDTW": 6.733242135931789e-05, "CLS": 0.2165573112597334, "path_length_cm": 128.62100006219833, "cumulative_reward": -57.525124861744814}, "token_totals": {"input": 111811, "output": 3883, "calls": 40}, "finished_at": "2026-04-23T00:53:39.820931+00:00"}