{"episode_id": "map_22_containeryard_demo_native_obj_pn_0018", "episode_idx": 5, "agent_name": "GhostAgent_5", "SR": 1.0, "SPL": 0.9342185752867168, "SoftSPL": 0.8885319268637223, "PLR": 1.0704133127443913, "nDTW": 4.163667294992319e-09, "CLS": 0.38453271969829894, "steps": 15, "path_length_cm": 4117.858605861418, "cumulative_reward": 3498.1836932558385, "ended_reason": "success", "metrics": {"SR": 1.0, "SPL": 0.9342185752867168, "SoftSPL": 0.8885319268637223, "PLR": 1.0704133127443913, "nDTW": 4.163667294992319e-09, "CLS": 0.38453271969829894, "path_length_cm": 4117.858605861418, "cumulative_reward": 3498.1836932558385}, "token_totals": {"input": 42322, "output": 2764, "calls": 15}, "finished_at": "2026-04-23T00:32:39.835668+00:00"}