{"episode_id": "map_21_hwaseong_remix2_on_0001", "episode_idx": 1, "agent_name": "GhostAgent_1", "SR": 1.0, "SPL": 1.0, "SoftSPL": 0.9466027751321361, "PLR": 0.9501706472368372, "nDTW": 0.021582011797664488, "CLS": 0.7296711290374658, "steps": 6, "path_length_cm": 1450.2644622905293, "cumulative_reward": 1447.2591007783224, "ended_reason": "success", "metrics": {"SR": 1.0, "SPL": 1.0, "SoftSPL": 0.9466027751321361, "PLR": 0.9501706472368372, "nDTW": 0.021582011797664488, "CLS": 0.7296711290374658, "path_length_cm": 1450.2644622905293, "cumulative_reward": 1447.2591007783224}, "token_totals": {"input": 3708, "output": 256, "calls": 6}, "finished_at": "2026-04-23T17:56:38.477024+00:00"}