{"episode_id": "map_64_cave_lost_expedition_pn_0000", "episode_idx": 0, "agent_name": "GhostAgent_0", "SR": 0.0, "SPL": 0.0, "SoftSPL": 0.1034762636535943, "PLR": 9.612586852235806e-05, "nDTW": 3.879913430243929e-10, "CLS": 0.06648057505193979, "steps": 40, "path_length_cm": 0.6310000000000002, "cumulative_reward": -0.312840486786081, "ended_reason": "max_steps", "metrics": {"SR": 0.0, "SPL": 0.0, "SoftSPL": 0.1034762636535943, "PLR": 9.612586852235806e-05, "nDTW": 3.879913430243929e-10, "CLS": 0.06648057505193979, "path_length_cm": 0.6310000000000002, "cumulative_reward": -0.312840486786081}, "token_totals": {"input": 118283, "output": 5339, "calls": 40}, "finished_at": "2026-04-23T19:46:02.401477+00:00"}