{"episode_id": "map_03_watertown_remix_obj_pn_0012", "episode_idx": 3, "agent_name": "GhostAgent_3", "SR": 0.0, "SPL": 0.0, "SoftSPL": 0.4400129349957118, "PLR": 1.8302568008792315, "nDTW": 8.899587115799249e-30, "CLS": 0.15698042995020908, "steps": 31, "path_length_cm": 6307.522500030052, "cumulative_reward": 2958.9157443993486, "ended_reason": "no_tool_call", "metrics": {"SR": 0.0, "SPL": 0.0, "SoftSPL": 0.4400129349957118, "PLR": 1.8302568008792315, "nDTW": 8.899587115799249e-30, "CLS": 0.15698042995020908, "path_length_cm": 6307.522500030052, "cumulative_reward": 2958.9157443993486}, "token_totals": {"input": 90865, "output": 4693, "calls": 31}, "finished_at": "2026-04-22T22:42:08.419916+00:00"}