{"episode_id": "map_15_middleeast_remix_obj_on_0014", "episode_idx": 3, "agent_name": "GhostAgent_3", "SR": 0.0, "SPL": 0.0, "SoftSPL": 0.029627408208930284, "PLR": 0.0, "nDTW": 0.002856689216743307, "CLS": 0.1673350406294144, "steps": 40, "path_length_cm": 0.0, "cumulative_reward": -0.4000000000000002, "ended_reason": "max_steps", "metrics": {"SR": 0.0, "SPL": 0.0, "SoftSPL": 0.029627408208930284, "PLR": 0.0, "nDTW": 0.002856689216743307, "CLS": 0.1673350406294144, "path_length_cm": 0.0, "cumulative_reward": -0.4000000000000002}, "token_totals": {"input": 31467, "output": 1519, "calls": 40}, "finished_at": "2026-04-23T15:14:50.395142+00:00"}