{"episode_id": "map_43_B5_residential_courtyard_pn_0005", "episode_idx": 5, "agent_name": "GhostAgent_5", "SR": 1.0, "SPL": 1.0, "SoftSPL": 0.8655732526690965, "PLR": 0.8961133117028679, "nDTW": 0.8655732526690965, "CLS": 0.8655732526690965, "steps": 8, "path_length_cm": 1203.4353719513665, "cumulative_reward": 1164.8394003701144, "ended_reason": "success", "metrics": {"SR": 1.0, "SPL": 1.0, "SoftSPL": 0.8655732526690965, "PLR": 0.8961133117028679, "nDTW": 0.8655732526690965, "CLS": 0.8655732526690965, "path_length_cm": 1203.4353719513665, "cumulative_reward": 1164.8394003701144}, "token_totals": {"input": 6348, "output": 671, "calls": 8}, "finished_at": "2026-04-23T20:02:01.245583+00:00"}