{"episode_id": "map_03_watertown_remix_on_0008", "episode_idx": 4, "agent_name": "GhostAgent_4", "SR": 0.0, "SPL": 0.0, "SoftSPL": 0.7234303065808769, "PLR": 1.2476325473976708, "nDTW": 1.3414348592285784e-20, "CLS": 0.1534864693717416, "steps": 40, "path_length_cm": 6437.709086619137, "cumulative_reward": 4632.9854509499655, "ended_reason": "max_steps", "metrics": {"SR": 0.0, "SPL": 0.0, "SoftSPL": 0.7234303065808769, "PLR": 1.2476325473976708, "nDTW": 1.3414348592285784e-20, "CLS": 0.1534864693717416, "path_length_cm": 6437.709086619137, "cumulative_reward": 4632.9854509499655}, "token_totals": {"input": 418254, "output": 4631, "calls": 40}, "finished_at": "2026-04-22T20:08:41.333263+00:00"}