{"episode_id": "map_05_middleeast_native_obj_on_0005", "episode_idx": 6, "agent_name": "GhostAgent_6", "SR": 0.0, "SPL": 0.0, "SoftSPL": 0.021765765670777926, "PLR": 0.0, "nDTW": 1.1160449979411221e-08, "CLS": 0.08333398963546967, "steps": 40, "path_length_cm": 0.0, "cumulative_reward": -0.4000000000000002, "ended_reason": "max_steps", "metrics": {"SR": 0.0, "SPL": 0.0, "SoftSPL": 0.021765765670777926, "PLR": 0.0, "nDTW": 1.1160449979411221e-08, "CLS": 0.08333398963546967, "path_length_cm": 0.0, "cumulative_reward": -0.4000000000000002}, "token_totals": {"input": 114724, "output": 5682, "calls": 40}, "finished_at": "2026-04-22T22:33:45.974708+00:00"}