{"episode_id": "map_34_temple_plaza_native_on_0010", "episode_idx": 0, "agent_name": "GhostAgent_0", "SR": 0.0, "SPL": 0.0, "SoftSPL": 0.14923079779732096, "PLR": 0.08179300756305961, "nDTW": 4.984648544065605e-07, "CLS": 0.13294470474328296, "steps": 40, "path_length_cm": 338.3490447357305, "cumulative_reward": 214.7016994056116, "ended_reason": "max_steps", "metrics": {"SR": 0.0, "SPL": 0.0, "SoftSPL": 0.14923079779732096, "PLR": 0.08179300756305961, "nDTW": 4.984648544065605e-07, "CLS": 0.13294470474328296, "path_length_cm": 338.3490447357305, "cumulative_reward": 214.7016994056116}, "token_totals": {"input": 34827, "output": 2332, "calls": 40}, "finished_at": "2026-04-23T15:39:44.219778+00:00"}