{"episode_id": "map_37_dungeon_remix_on_0007", "episode_idx": 7, "agent_name": "GhostAgent_7", "SR": 0.0, "SPL": 0.0, "SoftSPL": 0.43927495320436677, "PLR": 1.2060386899742441, "nDTW": 0.43927495320436677, "CLS": 0.43927495320436677, "steps": 40, "path_length_cm": 3016.447488268381, "cumulative_reward": 1324.646041046769, "ended_reason": "max_steps", "metrics": {"SR": 0.0, "SPL": 0.0, "SoftSPL": 0.43927495320436677, "PLR": 1.2060386899742441, "nDTW": 0.43927495320436677, "CLS": 0.43927495320436677, "path_length_cm": 3016.447488268381, "cumulative_reward": 1324.646041046769}, "token_totals": {"input": 117220, "output": 4817, "calls": 40}, "finished_at": "2026-04-23T20:20:58.516827+00:00"}