{"episode_id": "map_58_dungeon_library_on_0001", "episode_idx": 1, "agent_name": "GhostAgent_1", "SR": 1.0, "SPL": 0.7727631423255795, "SoftSPL": 0.6718617036725435, "PLR": 1.294057577578773, "nDTW": 3.379601170749259e-06, "CLS": 0.38470898073051046, "steps": 8, "path_length_cm": 1761.717045539966, "cumulative_reward": 1186.0472348619055, "ended_reason": "success", "metrics": {"SR": 1.0, "SPL": 0.7727631423255795, "SoftSPL": 0.6718617036725435, "PLR": 1.294057577578773, "nDTW": 3.379601170749259e-06, "CLS": 0.38470898073051046, "path_length_cm": 1761.717045539966, "cumulative_reward": 1186.0472348619055}, "token_totals": {"input": 19396, "output": 1681, "calls": 8}, "finished_at": "2026-04-23T02:27:47.690565+00:00"}