{"episode_id": "map_23_containeryard_demo_remix_pn_0013", "episode_idx": 3, "agent_name": "GhostAgent_3", "SR": 0.0, "SPL": 0.0, "SoftSPL": 0.0, "PLR": 0.8172648016550439, "nDTW": 1.257498408846802e-13, "CLS": 0.44626057325513663, "steps": 40, "path_length_cm": 835.7840220605472, "cumulative_reward": 238.98199128006848, "ended_reason": "max_steps", "metrics": {"SR": 0.0, "SPL": 0.0, "SoftSPL": 0.0, "PLR": 0.8172648016550439, "nDTW": 1.257498408846802e-13, "CLS": 0.44626057325513663, "path_length_cm": 835.7840220605472, "cumulative_reward": 238.98199128006848}, "token_totals": {"input": 124647, "output": 7161, "calls": 40}, "finished_at": "2026-04-23T13:14:02.987983+00:00"}