{"episode_id": "map_27_courtyard_overcast_remix_obj_on_0018", "episode_idx": 8, "agent_name": "GhostAgent_8", "SR": 0.0, "SPL": 0.0, "SoftSPL": 0.8424083512894691, "PLR": 0.7403881586847784, "nDTW": 0.2796165423921167, "CLS": 0.3981865795328006, "steps": 6, "path_length_cm": 1012.8806166071242, "cumulative_reward": 978.1791156926846, "ended_reason": "success", "metrics": {"SR": 0.0, "SPL": 0.0, "SoftSPL": 0.8424083512894691, "PLR": 0.7403881586847784, "nDTW": 0.2796165423921167, "CLS": 0.3981865795328006, "path_length_cm": 1012.8806166071242, "cumulative_reward": 978.1791156926846}, "token_totals": {"input": 3690, "output": 255, "calls": 6}, "finished_at": "2026-04-23T15:52:12.700738+00:00"}