{"episode_id": "map_57_gothic_day_invasion_obj_pn_0011", "episode_idx": 9, "agent_name": "GhostAgent_9", "SR": 0.0, "SPL": 0.0, "SoftSPL": 0.0, "PLR": 0.9559927895702931, "nDTW": 3.551022237421507e-39, "CLS": 0.2660512283480562, "steps": 40, "path_length_cm": 1033.4186455975912, "cumulative_reward": 220.20241301412437, "ended_reason": "max_steps", "metrics": {"SR": 0.0, "SPL": 0.0, "SoftSPL": 0.0, "PLR": 0.9559927895702931, "nDTW": 3.551022237421507e-39, "CLS": 0.2660512283480562, "path_length_cm": 1033.4186455975912, "cumulative_reward": 220.20241301412437}, "token_totals": {"input": 117510, "output": 5267, "calls": 40}, "finished_at": "2026-04-23T03:30:58.515981+00:00"}