{"episode_id": "map_06_hwaseong_native_obj_on_0003", "episode_idx": 8, "agent_name": "GhostAgent_8", "SR": 1.0, "SPL": 0.906158500551464, "SoftSPL": 0.8938540037218348, "PLR": 1.1035596966661203, "nDTW": 1.1936322828389383e-24, "CLS": 0.24291518307261706, "steps": 29, "path_length_cm": 8288.991380016763, "cumulative_reward": 7405.391841772131, "ended_reason": "success", "metrics": {"SR": 1.0, "SPL": 0.906158500551464, "SoftSPL": 0.8938540037218348, "PLR": 1.1035596966661203, "nDTW": 1.1936322828389383e-24, "CLS": 0.24291518307261706, "path_length_cm": 8288.991380016763, "cumulative_reward": 7405.391841772131}, "token_totals": {"input": 78199, "output": 2220, "calls": 29}, "finished_at": "2026-04-23T13:55:46.455519+00:00"}