{"episode_id": "map_49_courtyard_sunny_packed_on_0003", "episode_idx": 3, "agent_name": "GhostAgent_3", "SR": 0.0, "SPL": 0.0, "SoftSPL": 0.4395530693646635, "PLR": 0.0429142354409257, "nDTW": 0.0003791652931061442, "CLS": 0.08997181276183112, "steps": 40, "path_length_cm": 129.9571791857553, "cumulative_reward": -1.7570401937579394, "ended_reason": "max_steps", "metrics": {"SR": 0.0, "SPL": 0.0, "SoftSPL": 0.4395530693646635, "PLR": 0.0429142354409257, "nDTW": 0.0003791652931061442, "CLS": 0.08997181276183112, "path_length_cm": 129.9571791857553, "cumulative_reward": -1.7570401937579394}, "token_totals": {"input": 138127, "output": 10214, "calls": 40}, "finished_at": "2026-04-23T02:05:40.656764+00:00"}