{"episode_id": "map_20_trainstation_native_pn_0012", "episode_idx": 1, "agent_name": "GhostAgent_1", "SR": 0.0, "SPL": 0.0, "SoftSPL": 0.0, "PLR": 4.973933367124469, "nDTW": 5.804108935569767e-78, "CLS": 0.10576383358309716, "steps": 40, "path_length_cm": 5115.093596083462, "cumulative_reward": 4250.070112764076, "ended_reason": "max_steps", "metrics": {"SR": 0.0, "SPL": 0.0, "SoftSPL": 0.0, "PLR": 4.973933367124469, "nDTW": 5.804108935569767e-78, "CLS": 0.10576383358309716, "path_length_cm": 5115.093596083462, "cumulative_reward": 4250.070112764076}, "token_totals": {"input": 122770, "output": 6982, "calls": 40}, "finished_at": "2026-04-23T18:36:47.157901+00:00"}