{"episode_id": "map_18_cave_native_on_0006", "episode_idx": 6, "agent_name": "GhostAgent_6", "SR": 0.0, "SPL": 0.0, "SoftSPL": 0.22363934061824275, "PLR": 3.1480915223766432, "nDTW": 4.5066965580907904e-27, "CLS": 0.05668737740874237, "steps": 40, "path_length_cm": 12064.08485113655, "cumulative_reward": 2696.901510599231, "ended_reason": "max_steps", "metrics": {"SR": 0.0, "SPL": 0.0, "SoftSPL": 0.22363934061824275, "PLR": 3.1480915223766432, "nDTW": 4.5066965580907904e-27, "CLS": 0.05668737740874237, "path_length_cm": 12064.08485113655, "cumulative_reward": 2696.901510599231}, "token_totals": {"input": 125587, "output": 6792, "calls": 40}, "finished_at": "2026-04-23T16:57:38.526982+00:00"}