{"episode_id": "map_47_wintertown_demo01_minimal_on_0001", "episode_idx": 1, "agent_name": "GhostAgent_1", "SR": 0.0, "SPL": 0.0, "SoftSPL": 0.0, "PLR": 0.2581367632150199, "nDTW": 1.7269041346941972e-17, "CLS": 0.3372141808314153, "steps": 40, "path_length_cm": 355.45690431471456, "cumulative_reward": -199.63864360173648, "ended_reason": "max_steps", "metrics": {"SR": 0.0, "SPL": 0.0, "SoftSPL": 0.0, "PLR": 0.2581367632150199, "nDTW": 1.7269041346941972e-17, "CLS": 0.3372141808314153, "path_length_cm": 355.45690431471456, "cumulative_reward": -199.63864360173648}, "token_totals": {"input": 110622, "output": 3476, "calls": 40}, "finished_at": "2026-04-23T01:28:57.257331+00:00"}