{"episode_id": "map_28_village_night_native_obj_on_0017", "episode_idx": 8, "agent_name": "GhostAgent_8", "SR": 1.0, "SPL": 0.9810237807324791, "SoftSPL": 0.9716209584347945, "PLR": 1.0193432816209127, "nDTW": 5.024323813375549e-23, "CLS": 0.4247714208618213, "steps": 21, "path_length_cm": 7970.336859889263, "cumulative_reward": 7686.570435250271, "ended_reason": "success", "metrics": {"SR": 1.0, "SPL": 0.9810237807324791, "SoftSPL": 0.9716209584347945, "PLR": 1.0193432816209127, "nDTW": 5.024323813375549e-23, "CLS": 0.4247714208618213, "path_length_cm": 7970.336859889263, "cumulative_reward": 7686.570435250271}, "token_totals": {"input": 53956, "output": 2243, "calls": 21}, "finished_at": "2026-04-23T01:07:42.553732+00:00"}