{"episode_id": "map_25_containeryard_day_remix_pn_0012", "episode_idx": 1, "agent_name": "GhostAgent_1", "SR": 0.0, "SPL": 0.0, "SoftSPL": 0.0, "PLR": 0.6246378458396742, "nDTW": 1.592676875652853e-30, "CLS": 0.4043149975365718, "steps": 40, "path_length_cm": 659.7300000189472, "cumulative_reward": -502.4680092336439, "ended_reason": "max_steps", "metrics": {"SR": 0.0, "SPL": 0.0, "SoftSPL": 0.0, "PLR": 0.6246378458396742, "nDTW": 1.592676875652853e-30, "CLS": 0.4043149975365718, "path_length_cm": 659.7300000189472, "cumulative_reward": -502.4680092336439}, "token_totals": {"input": 110453, "output": 3790, "calls": 40}, "finished_at": "2026-04-23T15:52:14.459912+00:00"}