{"episode_id": "map_47_wintertown_demo01_minimal_pn_0014", "episode_idx": 3, "agent_name": "GhostAgent_3", "SR": 0.0, "SPL": 0.0, "SoftSPL": 0.7229815128754348, "PLR": 1.2621202571493924, "nDTW": 9.245592296035678e-52, "CLS": 0.2710365635246869, "steps": 38, "path_length_cm": 9639.191039927055, "cumulative_reward": 6967.9922823198285, "ended_reason": "no_tool_call", "metrics": {"SR": 0.0, "SPL": 0.0, "SoftSPL": 0.7229815128754348, "PLR": 1.2621202571493924, "nDTW": 9.245592296035678e-52, "CLS": 0.2710365635246869, "path_length_cm": 9639.191039927055, "cumulative_reward": 6967.9922823198285}, "token_totals": {"input": 107623, "output": 4531, "calls": 38}, "finished_at": "2026-04-23T01:45:27.563255+00:00"}