{"episode_id": "map_31_gothic_day_remix_obj_pn_0016", "episode_idx": 5, "agent_name": "GhostAgent_5", "SR": 0.0, "SPL": 0.0, "SoftSPL": 0.0, "PLR": 1.0941260836034314, "nDTW": 2.305133921276003e-18, "CLS": 0.11634343936930742, "steps": 40, "path_length_cm": 1431.040328527436, "cumulative_reward": 994.9120459715159, "ended_reason": "max_steps", "metrics": {"SR": 0.0, "SPL": 0.0, "SoftSPL": 0.0, "PLR": 1.0941260836034314, "nDTW": 2.305133921276003e-18, "CLS": 0.11634343936930742, "path_length_cm": 1431.040328527436, "cumulative_reward": 994.9120459715159}, "token_totals": {"input": 119343, "output": 6627, "calls": 40}, "finished_at": "2026-04-23T01:13:29.947134+00:00"}