{"episode_id": "map_40_B2_open_plaza_obj_pn_0002", "episode_idx": 2, "agent_name": "GhostAgent_2", "SR": 0.0, "SPL": 0.0, "SoftSPL": 0.0, "PLR": 1.055570747603827, "nDTW": 3.4851177448620174e-58, "CLS": 0.059209675216944216, "steps": 27, "path_length_cm": 8413.426643776304, "cumulative_reward": -1974.1810534572746, "ended_reason": "no_tool_call", "metrics": {"SR": 0.0, "SPL": 0.0, "SoftSPL": 0.0, "PLR": 1.055570747603827, "nDTW": 3.4851177448620174e-58, "CLS": 0.059209675216944216, "path_length_cm": 8413.426643776304, "cumulative_reward": -1974.1810534572746}, "token_totals": {"input": 84467, "output": 4935, "calls": 27}, "finished_at": "2026-04-23T16:36:21.276379+00:00"}