{"episode_id": "map_05_middleeast_native_obj_on_0019", "episode_idx": 0, "agent_name": "GhostAgent_0", "SR": 0.0, "SPL": 0.0, "SoftSPL": 0.0, "PLR": 0.2787415132913168, "nDTW": 3.724685337394807e-12, "CLS": 0.2886301601959755, "steps": 40, "path_length_cm": 345.3495853074099, "cumulative_reward": -345.3437687774374, "ended_reason": "max_steps", "metrics": {"SR": 0.0, "SPL": 0.0, "SoftSPL": 0.0, "PLR": 0.2787415132913168, "nDTW": 3.724685337394807e-12, "CLS": 0.2886301601959755, "path_length_cm": 345.3495853074099, "cumulative_reward": -345.3437687774374}, "token_totals": {"input": 125065, "output": 6392, "calls": 40}, "finished_at": "2026-04-22T22:59:17.105382+00:00"}