{"episode_id": "map_61_containeryard_day_big_remix_obj_pn_0005", "episode_idx": 2, "agent_name": "GhostAgent_2", "SR": 0.0, "SPL": 0.0, "SoftSPL": 0.0, "PLR": 0.4398879056350104, "nDTW": 2.6143833420977976e-27, "CLS": 0.44655496557110347, "steps": 40, "path_length_cm": 596.4880000410741, "cumulative_reward": 101.63279379073117, "ended_reason": "max_steps", "metrics": {"SR": 0.0, "SPL": 0.0, "SoftSPL": 0.0, "PLR": 0.4398879056350104, "nDTW": 2.6143833420977976e-27, "CLS": 0.44655496557110347, "path_length_cm": 596.4880000410741, "cumulative_reward": 101.63279379073117}, "token_totals": {"input": 31860, "output": 1681, "calls": 40}, "finished_at": "2026-04-23T16:30:51.498483+00:00"}