{"episode_id": "map_11_wintertown_demo01_remix_obj_pn_0017", "episode_idx": 7, "agent_name": "GhostAgent_7", "SR": 0.0, "SPL": 0.0, "SoftSPL": 0.10195935156693037, "PLR": 2.3954227693906835, "nDTW": 1.7622582366811554e-130, "CLS": 0.10436583673433432, "steps": 40, "path_length_cm": 11202.769482520185, "cumulative_reward": 1141.8278681026627, "ended_reason": "max_steps", "metrics": {"SR": 0.0, "SPL": 0.0, "SoftSPL": 0.10195935156693037, "PLR": 2.3954227693906835, "nDTW": 1.7622582366811554e-130, "CLS": 0.10436583673433432, "path_length_cm": 11202.769482520185, "cumulative_reward": 1141.8278681026627}, "token_totals": {"input": 124238, "output": 6384, "calls": 40}, "finished_at": "2026-04-22T23:46:05.051091+00:00"}