{"episode_id": "map_40_B2_open_plaza_on_0019", "episode_idx": 9, "agent_name": "GhostAgent_9", "SR": 0.0, "SPL": 0.0, "SoftSPL": 0.0, "PLR": 8.53249329430085, "nDTW": 0.0, "CLS": 0.0292997593290828, "steps": 40, "path_length_cm": 53324.4994421967, "cumulative_reward": -46086.24504809821, "ended_reason": "max_steps", "metrics": {"SR": 0.0, "SPL": 0.0, "SoftSPL": 0.0, "PLR": 8.53249329430085, "nDTW": 0.0, "CLS": 0.0292997593290828, "path_length_cm": 53324.4994421967, "cumulative_reward": -46086.24504809821}, "token_totals": {"input": 127854, "output": 6271, "calls": 40}, "finished_at": "2026-04-23T01:40:54.877944+00:00"}