{"episode_id": "map_21_hwaseong_remix2_on_0000", "episode_idx": 0, "agent_name": "GhostAgent_0", "SR": 0.0, "SPL": 0.0, "SoftSPL": 0.0, "PLR": 0.0, "nDTW": 0.002027128327255258, "CLS": 0.2500010273123138, "steps": 40, "path_length_cm": 0.0, "cumulative_reward": -0.4000000000000002, "ended_reason": "max_steps", "metrics": {"SR": 0.0, "SPL": 0.0, "SoftSPL": 0.0, "PLR": 0.0, "nDTW": 0.002027128327255258, "CLS": 0.2500010273123138, "path_length_cm": 0.0, "cumulative_reward": -0.4000000000000002}, "token_totals": {"input": 33725, "output": 1975, "calls": 40}, "finished_at": "2026-04-23T17:56:38.475749+00:00"}