{"episode_id": "map_57_gothic_day_invasion_pn_0019", "episode_idx": 8, "agent_name": "GhostAgent_8", "SR": 0.0, "SPL": 0.0, "SoftSPL": 0.10387098653923521, "PLR": 0.14852144308283852, "nDTW": 5.236589324934288e-10, "CLS": 0.1669645973336264, "steps": 40, "path_length_cm": 575.9438780587853, "cumulative_reward": 262.4814952963806, "ended_reason": "max_steps", "metrics": {"SR": 0.0, "SPL": 0.0, "SoftSPL": 0.10387098653923521, "PLR": 0.14852144308283852, "nDTW": 5.236589324934288e-10, "CLS": 0.1669645973336264, "path_length_cm": 575.9438780587853, "cumulative_reward": 262.4814952963806}, "token_totals": {"input": 119993, "output": 5853, "calls": 40}, "finished_at": "2026-04-23T03:15:56.378325+00:00"}