{"episode_id": "map_10_B1_urban_grid_on_0003", "episode_idx": 3, "agent_name": "GhostAgent_3", "SR": 0.0, "SPL": 0.0, "SoftSPL": 0.0, "PLR": 0.08654346010666132, "nDTW": 1.7158810609047474e-18, "CLS": 0.19153019689372336, "steps": 40, "path_length_cm": 405.206, "cumulative_reward": -383.673214681844, "ended_reason": "max_steps", "metrics": {"SR": 0.0, "SPL": 0.0, "SoftSPL": 0.0, "PLR": 0.08654346010666132, "nDTW": 1.7158810609047474e-18, "CLS": 0.19153019689372336, "path_length_cm": 405.206, "cumulative_reward": -383.673214681844}, "token_totals": {"input": 118952, "output": 5635, "calls": 40}, "finished_at": "2026-04-23T12:58:19.917631+00:00"}