{"episode_id": "map_67_B12_construction_site_obj_on_0012", "episode_idx": 2, "agent_name": "GhostAgent_2", "SR": 0.0, "SPL": 0.0, "SoftSPL": 0.6396492186284793, "PLR": 1.3654573820260572, "nDTW": 4.6114546120725203e-17, "CLS": 0.0768622149920763, "steps": 40, "path_length_cm": 9116.175810472925, "cumulative_reward": 4999.342305696645, "ended_reason": "max_steps", "metrics": {"SR": 0.0, "SPL": 0.0, "SoftSPL": 0.6396492186284793, "PLR": 1.3654573820260572, "nDTW": 4.6114546120725203e-17, "CLS": 0.0768622149920763, "path_length_cm": 9116.175810472925, "cumulative_reward": 4999.342305696645}, "token_totals": {"input": 119459, "output": 5843, "calls": 40}, "finished_at": "2026-04-23T16:01:55.922913+00:00"}