{"episode_id": "map_19_wintertown_demo02_native_pn_0003", "episode_idx": 0, "agent_name": "GhostAgent_0", "SR": 0.0, "SPL": 0.0, "SoftSPL": 0.19780538137654538, "PLR": 1.0580061122708302, "nDTW": 8.758312153377808e-41, "CLS": 0.03784574626619962, "steps": 40, "path_length_cm": 8167.574425386109, "cumulative_reward": -166.6012662180674, "ended_reason": "max_steps", "metrics": {"SR": 0.0, "SPL": 0.0, "SoftSPL": 0.19780538137654538, "PLR": 1.0580061122708302, "nDTW": 8.758312153377808e-41, "CLS": 0.03784574626619962, "path_length_cm": 8167.574425386109, "cumulative_reward": -166.6012662180674}, "token_totals": {"input": 125284, "output": 6567, "calls": 40}, "finished_at": "2026-04-23T15:28:57.429395+00:00"}