{"episode_id": "map_11_wintertown_demo01_remix_on_0002", "episode_idx": 2, "agent_name": "GhostAgent_2", "SR": 0.0, "SPL": 0.0, "SoftSPL": 0.5158574600803719, "PLR": 1.3901782671927743, "nDTW": 1.7273399478991369e-12, "CLS": 0.010742476294030606, "steps": 40, "path_length_cm": 10010.506880663104, "cumulative_reward": 5039.869134241189, "ended_reason": "max_steps", "metrics": {"SR": 0.0, "SPL": 0.0, "SoftSPL": 0.5158574600803719, "PLR": 1.3901782671927743, "nDTW": 1.7273399478991369e-12, "CLS": 0.010742476294030606, "path_length_cm": 10010.506880663104, "cumulative_reward": 5039.869134241189}, "token_totals": {"input": 120926, "output": 5380, "calls": 40}, "finished_at": "2026-04-22T23:10:16.214826+00:00"}