{"episode_id": "map_05_middleeast_native_pn_0000", "episode_idx": 0, "agent_name": "GhostAgent_0", "SR": 0.0, "SPL": 0.0, "SoftSPL": 0.5291341479717238, "PLR": 0.5240949884934403, "nDTW": 5.4137078358773575e-12, "CLS": 0.22941431162955017, "steps": 40, "path_length_cm": 973.4383087780611, "cumulative_reward": 753.0879483436975, "ended_reason": "max_steps", "metrics": {"SR": 0.0, "SPL": 0.0, "SoftSPL": 0.5291341479717238, "PLR": 0.5240949884934403, "nDTW": 5.4137078358773575e-12, "CLS": 0.22941431162955017, "path_length_cm": 973.4383087780611, "cumulative_reward": 753.0879483436975}, "token_totals": {"input": 416691, "output": 4425, "calls": 40}, "finished_at": "2026-04-22T19:14:46.746639+00:00"}