{"episode_id": "map_03_watertown_remix_obj_pn_0004", "episode_idx": 4, "agent_name": "GhostAgent_4", "SR": 0.0, "SPL": 0.0, "SoftSPL": 0.6096018864365519, "PLR": 1.3346736190180897, "nDTW": 9.467133220444358e-18, "CLS": 0.032885804857490555, "steps": 40, "path_length_cm": 6848.6507814760935, "cumulative_reward": 3952.7349804169958, "ended_reason": "max_steps", "metrics": {"SR": 0.0, "SPL": 0.0, "SoftSPL": 0.6096018864365519, "PLR": 1.3346736190180897, "nDTW": 9.467133220444358e-18, "CLS": 0.032885804857490555, "path_length_cm": 6848.6507814760935, "cumulative_reward": 3952.7349804169958}, "token_totals": {"input": 484766, "output": 6678, "calls": 40}, "finished_at": "2026-04-22T20:59:56.166227+00:00"}