{"episode_id": "map_23_containeryard_demo_remix_pn_0006", "episode_idx": 6, "agent_name": "GhostAgent_6", "SR": 0.0, "SPL": 0.0, "SoftSPL": 0.0, "PLR": 0.8906590020671261, "nDTW": 4.671225954076764e-87, "CLS": 0.2806910789388089, "steps": 40, "path_length_cm": 3052.9296745655292, "cumulative_reward": -108.47833810977323, "ended_reason": "max_steps", "metrics": {"SR": 0.0, "SPL": 0.0, "SoftSPL": 0.0, "PLR": 0.8906590020671261, "nDTW": 4.671225954076764e-87, "CLS": 0.2806910789388089, "path_length_cm": 3052.9296745655292, "cumulative_reward": -108.47833810977323}, "token_totals": {"input": 118740, "output": 5293, "calls": 40}, "finished_at": "2026-04-23T12:58:35.693477+00:00"}