{"episode_id": "map_62_trainstation_cross_remix_obj_pn_0013", "episode_idx": 8, "agent_name": "GhostAgent_8", "SR": 0.0, "SPL": 0.0, "SoftSPL": 0.0, "PLR": 0.035293550255636776, "nDTW": 0.0012118094211713503, "CLS": 0.07466135870340553, "steps": 40, "path_length_cm": 80.88434673385814, "cumulative_reward": 53.46354436834434, "ended_reason": "max_steps", "metrics": {"SR": 0.0, "SPL": 0.0, "SoftSPL": 0.0, "PLR": 0.035293550255636776, "nDTW": 0.0012118094211713503, "CLS": 0.07466135870340553, "path_length_cm": 80.88434673385814, "cumulative_reward": 53.46354436834434}, "token_totals": {"input": 117966, "output": 5411, "calls": 40}, "finished_at": "2026-04-23T04:31:25.940064+00:00"}