{"episode_id": "map_33_gothic_night_remix_on_0005", "episode_idx": 5, "agent_name": "GhostAgent_5", "SR": 1.0, "SPL": 1.0, "SoftSPL": 0.8941574683811933, "PLR": 0.9576788889212247, "nDTW": 0.00029985989466246914, "CLS": 0.5491921903714613, "steps": 9, "path_length_cm": 1443.2029320265071, "cumulative_reward": 1349.0568581780954, "ended_reason": "success", "metrics": {"SR": 1.0, "SPL": 1.0, "SoftSPL": 0.8941574683811933, "PLR": 0.9576788889212247, "nDTW": 0.00029985989466246914, "CLS": 0.5491921903714613, "path_length_cm": 1443.2029320265071, "cumulative_reward": 1349.0568581780954}, "token_totals": {"input": 7427, "output": 713, "calls": 9}, "finished_at": "2026-04-23T18:04:03.135260+00:00"}