{"episode_id": "map_27_courtyard_overcast_remix_pn_0011", "episode_idx": 1, "agent_name": "GhostAgent_1", "SR": 1.0, "SPL": 0.6538959636455335, "SoftSPL": 0.5373791547353804, "PLR": 1.5292952634619472, "nDTW": 0.0007947527671526968, "CLS": 0.31868559753625636, "steps": 12, "path_length_cm": 1589.06012235804, "cumulative_reward": 856.304945793341, "ended_reason": "success", "metrics": {"SR": 1.0, "SPL": 0.6538959636455335, "SoftSPL": 0.5373791547353804, "PLR": 1.5292952634619472, "nDTW": 0.0007947527671526968, "CLS": 0.31868559753625636, "path_length_cm": 1589.06012235804, "cumulative_reward": 856.304945793341}, "token_totals": {"input": 9291, "output": 706, "calls": 12}, "finished_at": "2026-04-23T15:29:16.192710+00:00"}