{"episode_id": "map_10_B1_urban_grid_on_0000", "episode_idx": 0, "agent_name": "GhostAgent_0", "SR": 0.0, "SPL": 0.0, "SoftSPL": 0.02635046334323428, "PLR": 3.1345643967898806, "nDTW": 2.4937627650601527e-57, "CLS": 0.08178301914088595, "steps": 40, "path_length_cm": 8276.127685556386, "cumulative_reward": 217.682630453407, "ended_reason": "max_steps", "metrics": {"SR": 0.0, "SPL": 0.0, "SoftSPL": 0.02635046334323428, "PLR": 3.1345643967898806, "nDTW": 2.4937627650601527e-57, "CLS": 0.08178301914088595, "path_length_cm": 8276.127685556386, "cumulative_reward": 217.682630453407}, "token_totals": {"input": 123496, "output": 5965, "calls": 40}, "finished_at": "2026-04-23T12:58:19.916038+00:00"}