{"episode_id": "map_68_B13_suburban_park_pn_0014", "episode_idx": 4, "agent_name": "GhostAgent_4", "SR": 0.0, "SPL": 0.0, "SoftSPL": 0.335409495753509, "PLR": 0.9136386729181931, "nDTW": 3.835428864161857e-97, "CLS": 0.2736347191348885, "steps": 40, "path_length_cm": 3594.254539260172, "cumulative_reward": 1319.1038039292675, "ended_reason": "max_steps", "metrics": {"SR": 0.0, "SPL": 0.0, "SoftSPL": 0.335409495753509, "PLR": 0.9136386729181931, "nDTW": 3.835428864161857e-97, "CLS": 0.2736347191348885, "path_length_cm": 3594.254539260172, "cumulative_reward": 1319.1038039292675}, "token_totals": {"input": 124050, "output": 6202, "calls": 40}, "finished_at": "2026-04-23T05:17:29.150894+00:00"}