{"episode_id": "map_32_gothic_night_native_pn_0009", "episode_idx": 8, "agent_name": "GhostAgent_8", "SR": 0.0, "SPL": 0.0, "SoftSPL": 0.0, "PLR": 0.2687346092084847, "nDTW": 6.388606523090281e-17, "CLS": 0.07076613911041237, "steps": 40, "path_length_cm": 1875.6117062018823, "cumulative_reward": 1829.6536426216662, "ended_reason": "max_steps", "metrics": {"SR": 0.0, "SPL": 0.0, "SoftSPL": 0.0, "PLR": 0.2687346092084847, "nDTW": 6.388606523090281e-17, "CLS": 0.07076613911041237, "path_length_cm": 1875.6117062018823, "cumulative_reward": 1829.6536426216662}, "token_totals": {"input": 103678, "output": 2936, "calls": 40}, "finished_at": "2026-04-23T16:10:42.078869+00:00"}