{"episode_id": "map_59_B10_market_plaza_obj_on_0019", "episode_idx": 9, "agent_name": "GhostAgent_9", "SR": 0.0, "SPL": 0.0, "SoftSPL": 0.0, "PLR": 0.0, "nDTW": 2.498303206612933e-07, "CLS": 0.2500000000000156, "steps": 40, "path_length_cm": 0.0, "cumulative_reward": -0.4000000000000002, "ended_reason": "max_steps", "metrics": {"SR": 0.0, "SPL": 0.0, "SoftSPL": 0.0, "PLR": 0.0, "nDTW": 2.498303206612933e-07, "CLS": 0.2500000000000156, "path_length_cm": 0.0, "cumulative_reward": -0.4000000000000002}, "token_totals": {"input": 108533, "output": 2614, "calls": 40}, "finished_at": "2026-04-23T03:16:42.981063+00:00"}