{"episode_id": "map_68_B13_suburban_park_on_0004", "episode_idx": 4, "agent_name": "GhostAgent_4", "SR": 0.0, "SPL": 0.0, "SoftSPL": 0.0, "PLR": 2.4790412604282865, "nDTW": 6.114739630736902e-97, "CLS": 0.04494319709837705, "steps": 40, "path_length_cm": 9998.221307433323, "cumulative_reward": -1287.360758631101, "ended_reason": "max_steps", "metrics": {"SR": 0.0, "SPL": 0.0, "SoftSPL": 0.0, "PLR": 2.4790412604282865, "nDTW": 6.114739630736902e-97, "CLS": 0.04494319709837705, "path_length_cm": 9998.221307433323, "cumulative_reward": -1287.360758631101}, "token_totals": {"input": 127798, "output": 6921, "calls": 40}, "finished_at": "2026-04-23T04:00:24.147359+00:00"}