{"episode_id": "map_36_dungeon_native_on_0013", "episode_idx": 3, "agent_name": "GhostAgent_3", "SR": 0.0, "SPL": 0.0, "SoftSPL": 0.12013776804200149, "PLR": 0.7955106559836649, "nDTW": 3.304880829749254e-95, "CLS": 0.3142666875838379, "steps": 40, "path_length_cm": 2306.4319999999993, "cumulative_reward": 347.91858389796744, "ended_reason": "max_steps", "metrics": {"SR": 0.0, "SPL": 0.0, "SoftSPL": 0.12013776804200149, "PLR": 0.7955106559836649, "nDTW": 3.304880829749254e-95, "CLS": 0.3142666875838379, "path_length_cm": 2306.4319999999993, "cumulative_reward": 347.91858389796744}, "token_totals": {"input": 137664, "output": 9997, "calls": 40}, "finished_at": "2026-04-23T01:23:21.954225+00:00"}