{
  "map": "map_04_courtyard_remix",
  "n": 40,
  "SR": 0.125,
  "SPL": 0.11189136287432178,
  "SoftSPL": 0.4680692181259757,
  "nDTW": 0.005571544801241114,
  "avg_steps": 30.65
}