{"episode_id": "map_01_wintertown_native_on_0014", "episode_idx": 3, "agent_name": "GhostAgent_3", "SR": 1.0, "SPL": 0.9979314592598154, "SoftSPL": 0.9840290524190639, "PLR": 1.0020728284703229, "nDTW": 3.7470510121456605e-29, "CLS": 0.6687018416163117, "steps": 36, "path_length_cm": 6881.715108063372, "cumulative_reward": 6745.521691583578, "ended_reason": "success", "metrics": {"SR": 1.0, "SPL": 0.9979314592598154, "SoftSPL": 0.9840290524190639, "PLR": 1.0020728284703229, "nDTW": 3.7470510121456605e-29, "CLS": 0.6687018416163117, "path_length_cm": 6881.715108063372, "cumulative_reward": 6745.521691583578}, "token_totals": {"input": 269491, "output": 7446, "calls": 36}, "finished_at": "2026-04-22T17:05:04.258572+00:00"}