{"episode_id": "map_27_courtyard_overcast_remix_pn_0007", "episode_idx": 7, "agent_name": "GhostAgent_7", "SR": 0.0, "SPL": 0.0, "SoftSPL": 0.17985108743290124, "PLR": 0.2988921134124988, "nDTW": 4.4181826542327864e-13, "CLS": 0.09711122899474302, "steps": 40, "path_length_cm": 794.9962321756984, "cumulative_reward": 341.4249266250931, "ended_reason": "max_steps", "metrics": {"SR": 0.0, "SPL": 0.0, "SoftSPL": 0.17985108743290124, "PLR": 0.2988921134124988, "nDTW": 4.4181826542327864e-13, "CLS": 0.09711122899474302, "path_length_cm": 794.9962321756984, "cumulative_reward": 341.4249266250931}, "token_totals": {"input": 33684, "output": 2060, "calls": 40}, "finished_at": "2026-04-23T15:21:20.879803+00:00"}