{"episode_id": "map_59_B10_market_plaza_on_0014", "episode_idx": 4, "agent_name": "GhostAgent_4", "SR": 0.0, "SPL": 0.0, "SoftSPL": 0.03458366658631862, "PLR": 0.1960708523026671, "nDTW": 3.432025433541446e-08, "CLS": 0.23610732456116465, "steps": 5, "path_length_cm": 1198.138, "cumulative_reward": 209.89461208881855, "ended_reason": "no_tool_call", "metrics": {"SR": 0.0, "SPL": 0.0, "SoftSPL": 0.03458366658631862, "PLR": 0.1960708523026671, "nDTW": 3.432025433541446e-08, "CLS": 0.23610732456116465, "path_length_cm": 1198.138, "cumulative_reward": 209.89461208881855}, "token_totals": {"input": 9037, "output": 1107, "calls": 5}, "finished_at": "2026-04-23T02:47:45.597562+00:00"}