{"episode_id": "map_19_wintertown_demo02_native_obj_pn_0016", "episode_idx": 6, "agent_name": "GhostAgent_6", "SR": 1.0, "SPL": 0.22480381338648162, "SoftSPL": 0.2083501348580488, "PLR": 4.448323117547854, "nDTW": 2.594126156980953e-18, "CLS": 0.1454649277717875, "steps": 30, "path_length_cm": 4729.501621808055, "cumulative_reward": 931.7814260869347, "ended_reason": "success", "metrics": {"SR": 1.0, "SPL": 0.22480381338648162, "SoftSPL": 0.2083501348580488, "PLR": 4.448323117547854, "nDTW": 2.594126156980953e-18, "CLS": 0.1454649277717875, "path_length_cm": 4729.501621808055, "cumulative_reward": 931.7814260869347}, "token_totals": {"input": 87540, "output": 3658, "calls": 30}, "finished_at": "2026-04-22T23:49:45.056333+00:00"}