{"episode_id": "map_66_middleeast_bazaar_obj_pn_0006", "episode_idx": 6, "agent_name": "GhostAgent_6", "SR": 0.0, "SPL": 0.0, "SoftSPL": 0.0, "PLR": 0.0007326806992466166, "nDTW": 1.7976525653827973e-09, "CLS": 0.12518343914706345, "steps": 40, "path_length_cm": 4.900000000000546, "cumulative_reward": 4.442248803896845, "ended_reason": "max_steps", "metrics": {"SR": 0.0, "SPL": 0.0, "SoftSPL": 0.0, "PLR": 0.0007326806992466166, "nDTW": 1.7976525653827973e-09, "CLS": 0.12518343914706345, "path_length_cm": 4.900000000000546, "cumulative_reward": 4.442248803896845}, "token_totals": {"input": 33379, "output": 2035, "calls": 40}, "finished_at": "2026-04-23T19:04:36.075988+00:00"}