{"episode_id": "map_32_gothic_night_native_pn_0003", "episode_idx": 3, "agent_name": "GhostAgent_3", "SR": 1.0, "SPL": 0.32158495365331835, "SoftSPL": 0.31545799604470565, "PLR": 3.1095982216818534, "nDTW": 4.158147519420841e-12, "CLS": 0.15752816054968194, "steps": 39, "path_length_cm": 7275.713535162334, "cumulative_reward": 2205.4945016094393, "ended_reason": "success", "metrics": {"SR": 1.0, "SPL": 0.32158495365331835, "SoftSPL": 0.31545799604470565, "PLR": 3.1095982216818534, "nDTW": 4.158147519420841e-12, "CLS": 0.15752816054968194, "path_length_cm": 7275.713535162334, "cumulative_reward": 2205.4945016094393}, "token_totals": {"input": 126321, "output": 7800, "calls": 39}, "finished_at": "2026-04-23T16:10:42.075252+00:00"}