{"episode_id": "map_04_courtyard_remix_on_0009", "episode_idx": 2, "agent_name": "GhostAgent_2", "SR": 0.0, "SPL": 0.0, "SoftSPL": 4.56356053510909e-05, "PLR": 4.718740590627814e-05, "nDTW": 0.003799413248163025, "CLS": 0.2500154809469987, "steps": 40, "path_length_cm": 0.10500000000047294, "cumulative_reward": -0.29500016293868625, "ended_reason": "max_steps", "metrics": {"SR": 0.0, "SPL": 0.0, "SoftSPL": 4.56356053510909e-05, "PLR": 4.718740590627814e-05, "nDTW": 0.003799413248163025, "CLS": 0.2500154809469987, "path_length_cm": 0.10500000000047294, "cumulative_reward": -0.29500016293868625}, "token_totals": {"input": 386455, "output": 2159, "calls": 40}, "finished_at": "2026-04-22T20:54:54.074821+00:00"}