{"episode_id": "map_45_B7_park_with_paths_on_0002", "episode_idx": 2, "agent_name": "GhostAgent_2", "SR": 0.0, "SPL": 0.0, "SoftSPL": 0.3346734282001162, "PLR": 2.271882833548554, "nDTW": 2.5052045343952758e-55, "CLS": 0.14578027915335942, "steps": 40, "path_length_cm": 7600.129643069979, "cumulative_reward": 2543.1602792421295, "ended_reason": "max_steps", "metrics": {"SR": 0.0, "SPL": 0.0, "SoftSPL": 0.3346734282001162, "PLR": 2.271882833548554, "nDTW": 2.5052045343952758e-55, "CLS": 0.14578027915335942, "path_length_cm": 7600.129643069979, "cumulative_reward": 2543.1602792421295}, "token_totals": {"input": 130363, "output": 7706, "calls": 40}, "finished_at": "2026-04-23T13:56:48.687166+00:00"}