{"episode_id": "map_06_hwaseong_native_pn_0001", "episode_idx": 1, "agent_name": "GhostAgent_1", "SR": 1.0, "SPL": 0.6264864594321009, "SoftSPL": 0.5539076727905763, "PLR": 1.5962036927445848, "nDTW": 0.0006605726431266123, "CLS": 0.13538594272085552, "steps": 20, "path_length_cm": 2535.5855279617003, "cumulative_reward": 1327.3437730231922, "ended_reason": "success", "metrics": {"SR": 1.0, "SPL": 0.6264864594321009, "SoftSPL": 0.5539076727905763, "PLR": 1.5962036927445848, "nDTW": 0.0006605726431266123, "CLS": 0.13538594272085552, "path_length_cm": 2535.5855279617003, "cumulative_reward": 1327.3437730231922}, "token_totals": {"input": 111483, "output": 2187, "calls": 20}, "finished_at": "2026-04-22T19:32:09.396648+00:00"}