{"episode_id": "map_31_gothic_day_remix_obj_on_0007", "episode_idx": 6, "agent_name": "GhostAgent_6", "SR": 0.0, "SPL": 0.0, "SoftSPL": 0.5118224074614192, "PLR": 0.026271565182778258, "nDTW": 0.00013989521261014836, "CLS": 0.08126319336926698, "steps": 40, "path_length_cm": 158.91328248715192, "cumulative_reward": -80.09928870628993, "ended_reason": "max_steps", "metrics": {"SR": 0.0, "SPL": 0.0, "SoftSPL": 0.5118224074614192, "PLR": 0.026271565182778258, "nDTW": 0.00013989521261014836, "CLS": 0.08126319336926698, "path_length_cm": 158.91328248715192, "cumulative_reward": -80.09928870628993}, "token_totals": {"input": 111360, "output": 3496, "calls": 40}, "finished_at": "2026-04-23T18:32:30.169348+00:00"}