{"episode_id": "map_68_B13_suburban_park_obj_on_0000", "episode_idx": 0, "agent_name": "GhostAgent_0", "SR": 0.0, "SPL": 0.0, "SoftSPL": 0.42994096899526085, "PLR": 1.8420331492892137, "nDTW": 2.3072913616803673e-41, "CLS": 0.17536006503996576, "steps": 40, "path_length_cm": 9441.11986270395, "cumulative_reward": 4058.72653206784, "ended_reason": "max_steps", "metrics": {"SR": 0.0, "SPL": 0.0, "SoftSPL": 0.42994096899526085, "PLR": 1.8420331492892137, "nDTW": 2.3072913616803673e-41, "CLS": 0.17536006503996576, "path_length_cm": 9441.11986270395, "cumulative_reward": 4058.72653206784}, "token_totals": {"input": 118619, "output": 5152, "calls": 40}, "finished_at": "2026-04-23T04:32:19.345756+00:00"}