{"episode_id": "map_45_B7_park_with_paths_on_0019", "episode_idx": 9, "agent_name": "GhostAgent_9", "SR": 0.0, "SPL": 0.0, "SoftSPL": 0.36245617964360494, "PLR": 2.0707451207956518, "nDTW": 5.681388213437823e-30, "CLS": 0.1345686658940168, "steps": 40, "path_length_cm": 11183.908030356442, "cumulative_reward": 4050.6546939510604, "ended_reason": "max_steps", "metrics": {"SR": 0.0, "SPL": 0.0, "SoftSPL": 0.36245617964360494, "PLR": 2.0707451207956518, "nDTW": 5.681388213437823e-30, "CLS": 0.1345686658940168, "path_length_cm": 11183.908030356442, "cumulative_reward": 4050.6546939510604}, "token_totals": {"input": 115349, "output": 3856, "calls": 40}, "finished_at": "2026-04-23T14:11:50.111831+00:00"}