{"episode_id": "map_42_B4_industrial_yard_on_0009", "episode_idx": 9, "agent_name": "GhostAgent_9", "SR": 0.0, "SPL": 0.0, "SoftSPL": 0.1325539253483149, "PLR": 0.13313430505792892, "nDTW": 5.2956324901284484e-20, "CLS": 0.2883958647558049, "steps": 40, "path_length_cm": 398.8251122898353, "cumulative_reward": 396.68401357243783, "ended_reason": "max_steps", "metrics": {"SR": 0.0, "SPL": 0.0, "SoftSPL": 0.1325539253483149, "PLR": 0.13313430505792892, "nDTW": 5.2956324901284484e-20, "CLS": 0.2883958647558049, "path_length_cm": 398.8251122898353, "cumulative_reward": 396.68401357243783}, "token_totals": {"input": 32522, "output": 1750, "calls": 40}, "finished_at": "2026-04-23T15:54:15.642030+00:00"}