{"episode_id": "map_37_dungeon_remix_pn_0017", "episode_idx": 7, "agent_name": "GhostAgent_7", "SR": 0.0, "SPL": 0.0, "SoftSPL": 0.0, "PLR": 0.8455806063853114, "nDTW": 1.6327061617135746e-48, "CLS": 0.29617003983916895, "steps": 40, "path_length_cm": 1232.62821734606, "cumulative_reward": -63.533655663509116, "ended_reason": "max_steps", "metrics": {"SR": 0.0, "SPL": 0.0, "SoftSPL": 0.0, "PLR": 0.8455806063853114, "nDTW": 1.6327061617135746e-48, "CLS": 0.29617003983916895, "path_length_cm": 1232.62821734606, "cumulative_reward": -63.533655663509116}, "token_totals": {"input": 127674, "output": 7498, "calls": 40}, "finished_at": "2026-04-23T16:27:29.765564+00:00"}