{"episode_id": "map_37_dungeon_remix_on_0009", "episode_idx": 9, "agent_name": "GhostAgent_9", "SR": 1.0, "SPL": 0.5732416610730816, "SoftSPL": 0.5291024014810362, "PLR": 1.7444649750823182, "nDTW": 0.5291024014810362, "CLS": 0.5291024014810362, "steps": 17, "path_length_cm": 3022.5821283758805, "cumulative_reward": 1601.5821787297489, "ended_reason": "success", "metrics": {"SR": 1.0, "SPL": 0.5732416610730816, "SoftSPL": 0.5291024014810362, "PLR": 1.7444649750823182, "nDTW": 0.5291024014810362, "CLS": 0.5291024014810362, "path_length_cm": 3022.5821283758805, "cumulative_reward": 1601.5821787297489}, "token_totals": {"input": 47155, "output": 2506, "calls": 17}, "finished_at": "2026-04-23T20:20:58.517867+00:00"}