{"episode_id": "map_31_gothic_day_remix_obj_on_0015", "episode_idx": 4, "agent_name": "GhostAgent_4", "SR": 0.0, "SPL": 0.0, "SoftSPL": 0.0, "PLR": 0.5922020730409213, "nDTW": 3.181694880415359e-23, "CLS": 0.11591758947470175, "steps": 40, "path_length_cm": 975.2739060081717, "cumulative_reward": -954.9925244235208, "ended_reason": "max_steps", "metrics": {"SR": 0.0, "SPL": 0.0, "SoftSPL": 0.0, "PLR": 0.5922020730409213, "nDTW": 3.181694880415359e-23, "CLS": 0.11591758947470175, "path_length_cm": 975.2739060081717, "cumulative_reward": -954.9925244235208}, "token_totals": {"input": 116646, "output": 4649, "calls": 40}, "finished_at": "2026-04-23T18:48:30.932489+00:00"}