{"episode_id": "map_53_courtyard_sanny_big_remix_on_0014", "episode_idx": 4, "agent_name": "GhostAgent_4", "SR": 0.0, "SPL": 0.0, "SoftSPL": 0.816041916679747, "PLR": 0.17602388926438586, "nDTW": 1.9322343308895298e-10, "CLS": 0.05897647038335733, "steps": 40, "path_length_cm": 1179.87580806693, "cumulative_reward": 640.0065525911202, "ended_reason": "max_steps", "metrics": {"SR": 0.0, "SPL": 0.0, "SoftSPL": 0.816041916679747, "PLR": 0.17602388926438586, "nDTW": 1.9322343308895298e-10, "CLS": 0.05897647038335733, "path_length_cm": 1179.87580806693, "cumulative_reward": 640.0065525911202}, "token_totals": {"input": 120544, "output": 6163, "calls": 40}, "finished_at": "2026-04-23T14:35:50.147328+00:00"}