{"episode_id": "map_19_wintertown_demo02_native_obj_on_0008", "episode_idx": 6, "agent_name": "GhostAgent_6", "SR": 0.0, "SPL": 0.0, "SoftSPL": 0.0, "PLR": 2.3628434001678054, "nDTW": 7.742113859432359e-40, "CLS": 0.011757516076245943, "steps": 40, "path_length_cm": 12073.137380629414, "cumulative_reward": -3020.014505916106, "ended_reason": "max_steps", "metrics": {"SR": 0.0, "SPL": 0.0, "SoftSPL": 0.0, "PLR": 2.3628434001678054, "nDTW": 7.742113859432359e-40, "CLS": 0.011757516076245943, "path_length_cm": 12073.137380629414, "cumulative_reward": -3020.014505916106}, "token_totals": {"input": 126538, "output": 6097, "calls": 40}, "finished_at": "2026-04-23T13:18:36.419287+00:00"}