{"episode_id": "map_33_gothic_night_remix_pn_0011", "episode_idx": 0, "agent_name": "GhostAgent_0", "SR": 0.0, "SPL": 0.0, "SoftSPL": 0.00046309566143931663, "PLR": 0.0005995036401833149, "nDTW": 0.00031659742830856093, "CLS": 0.2501500020334896, "steps": 40, "path_length_cm": 1.8889999999992142, "cumulative_reward": 0.8425592199815579, "ended_reason": "max_steps", "metrics": {"SR": 0.0, "SPL": 0.0, "SoftSPL": 0.00046309566143931663, "PLR": 0.0005995036401833149, "nDTW": 0.00031659742830856093, "CLS": 0.2501500020334896, "path_length_cm": 1.8889999999992142, "cumulative_reward": 0.8425592199815579}, "token_totals": {"input": 31631, "output": 1583, "calls": 40}, "finished_at": "2026-04-23T18:22:00.517593+00:00"}