{"episode_id": "map_01_wintertown_native_pn_0008", "episode_idx": 1, "agent_name": "GhostAgent_1", "SR": 0.0, "SPL": 0.0, "SoftSPL": 0.0, "PLR": 1.314704492216451, "nDTW": 3.150955613666401e-63, "CLS": 0.04753920102993458, "steps": 40, "path_length_cm": 7245.730867952527, "cumulative_reward": 1576.5605662859705, "ended_reason": "max_steps", "metrics": {"SR": 0.0, "SPL": 0.0, "SoftSPL": 0.0, "PLR": 1.314704492216451, "nDTW": 3.150955613666401e-63, "CLS": 0.04753920102993458, "path_length_cm": 7245.730867952527, "cumulative_reward": 1576.5605662859705}, "token_totals": {"input": 425871, "output": 3988, "calls": 40}, "finished_at": "2026-04-22T20:01:44.187002+00:00"}