{"episode_id": "map_26_courtyard_overcast_native_obj_on_0019", "episode_idx": 9, "agent_name": "GhostAgent_9", "SR": 0.0, "SPL": 0.0, "SoftSPL": 0.17831914958535056, "PLR": 0.0, "nDTW": 0.005107766445229345, "CLS": 0.1669800553394817, "steps": 0, "path_length_cm": 0.0, "cumulative_reward": 0.0, "ended_reason": "spawn_blocked", "metrics": {"SR": 0.0, "SPL": 0.0, "SoftSPL": 0.17831914958535056, "PLR": 0.0, "nDTW": 0.005107766445229345, "CLS": 0.1669800553394817, "path_length_cm": 0.0, "cumulative_reward": 0.0}, "token_totals": {"input": 0, "output": 0, "calls": 0}, "finished_at": "2026-04-23T18:11:25.258180+00:00"}