{"episode_id": "map_25_containeryard_day_remix_pn_0003", "episode_idx": 2, "agent_name": "GhostAgent_2", "SR": 0.0, "SPL": 0.0, "SoftSPL": 0.0, "PLR": 0.035503818157845764, "nDTW": 1.924871319697244e-05, "CLS": 0.2592340120186915, "steps": 40, "path_length_cm": 63.789000007838325, "cumulative_reward": -53.181413621000786, "ended_reason": "max_steps", "metrics": {"SR": 0.0, "SPL": 0.0, "SoftSPL": 0.0, "PLR": 0.035503818157845764, "nDTW": 1.924871319697244e-05, "CLS": 0.2592340120186915, "path_length_cm": 63.789000007838325, "cumulative_reward": -53.181413621000786}, "token_totals": {"input": 120096, "output": 6587, "calls": 40}, "finished_at": "2026-04-23T15:37:25.613745+00:00"}