{"episode_id": "map_04_courtyard_remix_obj_pn_0000", "episode_idx": 5, "agent_name": "GhostAgent_5", "SR": 0.0, "SPL": 0.0, "SoftSPL": 0.9082765589360132, "PLR": 0.5455949658090659, "nDTW": 1.2593929412288295e-05, "CLS": 0.03714387568914018, "steps": 40, "path_length_cm": 2870.947989835595, "cumulative_reward": 115.99793186736879, "ended_reason": "max_steps", "metrics": {"SR": 0.0, "SPL": 0.0, "SoftSPL": 0.9082765589360132, "PLR": 0.5455949658090659, "nDTW": 1.2593929412288295e-05, "CLS": 0.03714387568914018, "path_length_cm": 2870.947989835595, "cumulative_reward": 115.99793186736879}, "token_totals": {"input": 110093, "output": 3608, "calls": 40}, "finished_at": "2026-04-22T22:32:30.828639+00:00"}