{"episode_id": "map_33_gothic_night_remix_pn_0006", "episode_idx": 6, "agent_name": "GhostAgent_6", "SR": 0.0, "SPL": 0.0, "SoftSPL": 0.3452797401993569, "PLR": 0.2141725354385836, "nDTW": 5.497133420294578e-10, "CLS": 0.2159770699739969, "steps": 40, "path_length_cm": 1672.2056135706011, "cumulative_reward": 1434.1315243734289, "ended_reason": "max_steps", "metrics": {"SR": 0.0, "SPL": 0.0, "SoftSPL": 0.3452797401993569, "PLR": 0.2141725354385836, "nDTW": 5.497133420294578e-10, "CLS": 0.2159770699739969, "path_length_cm": 1672.2056135706011, "cumulative_reward": 1434.1315243734289}, "token_totals": {"input": 35359, "output": 2461, "calls": 40}, "finished_at": "2026-04-23T18:09:43.407957+00:00"}