{"episode_id": "map_31_gothic_day_remix_pn_0001", "episode_idx": 1, "agent_name": "GhostAgent_1", "SR": 0.0, "SPL": 0.0, "SoftSPL": 0.2622630866194867, "PLR": 2.510607397971415, "nDTW": 5.99402304826616e-43, "CLS": 0.10571079578825004, "steps": 40, "path_length_cm": 4701.062140553516, "cumulative_reward": 1530.9153756797061, "ended_reason": "max_steps", "metrics": {"SR": 0.0, "SPL": 0.0, "SoftSPL": 0.2622630866194867, "PLR": 2.510607397971415, "nDTW": 5.99402304826616e-43, "CLS": 0.10571079578825004, "path_length_cm": 4701.062140553516, "cumulative_reward": 1530.9153756797061}, "token_totals": {"input": 120541, "output": 6481, "calls": 40}, "finished_at": "2026-04-23T00:28:54.986221+00:00"}