{"episode_id": "map_25_containeryard_day_remix_obj_on_0018", "episode_idx": 1, "agent_name": "GhostAgent_1", "SR": 0.0, "SPL": 0.0, "SoftSPL": 0.03333069198212568, "PLR": 0.6915290143055277, "nDTW": 6.380781633837573e-32, "CLS": 0.3621896257758623, "steps": 40, "path_length_cm": 998.8860000037625, "cumulative_reward": 47.7424853678894, "ended_reason": "max_steps", "metrics": {"SR": 0.0, "SPL": 0.0, "SoftSPL": 0.03333069198212568, "PLR": 0.6915290143055277, "nDTW": 6.380781633837573e-32, "CLS": 0.3621896257758623, "path_length_cm": 998.8860000037625, "cumulative_reward": 47.7424853678894}, "token_totals": {"input": 102063, "output": 2428, "calls": 40}, "finished_at": "2026-04-23T00:59:10.229442+00:00"}