{"episode_id": "map_05_middleeast_native_pn_0004", "episode_idx": 2, "agent_name": "GhostAgent_2", "SR": 0.0, "SPL": 0.0, "SoftSPL": 0.0, "PLR": 0.002127845432976525, "nDTW": 7.314269806543115e-07, "CLS": 0.1030440164406724, "steps": 40, "path_length_cm": 11.868504749967494, "cumulative_reward": -9.445252996434093, "ended_reason": "max_steps", "metrics": {"SR": 0.0, "SPL": 0.0, "SoftSPL": 0.0, "PLR": 0.002127845432976525, "nDTW": 7.314269806543115e-07, "CLS": 0.1030440164406724, "path_length_cm": 11.868504749967494, "cumulative_reward": -9.445252996434093}, "token_totals": {"input": 456884, "output": 5629, "calls": 40}, "finished_at": "2026-04-22T19:14:46.747723+00:00"}