{"episode_id": "map_47_wintertown_demo01_minimal_obj_on_0015", "episode_idx": 2, "agent_name": "GhostAgent_2", "SR": 0.0, "SPL": 0.0, "SoftSPL": 0.3191506000230818, "PLR": 2.285464002438006, "nDTW": 5.387495625611208e-18, "CLS": 0.009325062985837965, "steps": 40, "path_length_cm": 11615.048025350288, "cumulative_reward": 3418.6003841011197, "ended_reason": "max_steps", "metrics": {"SR": 0.0, "SPL": 0.0, "SoftSPL": 0.3191506000230818, "PLR": 2.285464002438006, "nDTW": 5.387495625611208e-18, "CLS": 0.009325062985837965, "path_length_cm": 11615.048025350288, "cumulative_reward": 3418.6003841011197}, "token_totals": {"input": 123583, "output": 5926, "calls": 40}, "finished_at": "2026-04-23T13:59:13.806459+00:00"}