{"episode_id": "map_30_gothic_day_native_on_0018", "episode_idx": 8, "agent_name": "GhostAgent_8", "SR": 0.0, "SPL": 0.0, "SoftSPL": 0.553676372708827, "PLR": 0.0, "nDTW": 3.1762171511171643e-07, "CLS": 0.05583449477428864, "steps": 0, "path_length_cm": 0.0, "cumulative_reward": 0.0, "ended_reason": "reset_error", "metrics": {"SR": 0.0, "SPL": 0.0, "SoftSPL": 0.553676372708827, "PLR": 0.0, "nDTW": 3.1762171511171643e-07, "CLS": 0.05583449477428864, "path_length_cm": 0.0, "cumulative_reward": 0.0}, "token_totals": {"input": 0, "output": 0, "calls": 0}, "finished_at": "2026-04-23T17:44:57.745409+00:00"}