{"episode_id": "map_13_watertown_native_on_0002", "episode_idx": 2, "agent_name": "GhostAgent_2", "SR": 0.0, "SPL": 0.0, "SoftSPL": 0.0, "PLR": 0.18018866330715153, "nDTW": 5.013556838617527e-59, "CLS": 0.30494821041205644, "steps": 40, "path_length_cm": 1406.6193755810484, "cumulative_reward": -223.36279201658726, "ended_reason": "max_steps", "metrics": {"SR": 0.0, "SPL": 0.0, "SoftSPL": 0.0, "PLR": 0.18018866330715153, "nDTW": 5.013556838617527e-59, "CLS": 0.30494821041205644, "path_length_cm": 1406.6193755810484, "cumulative_reward": -223.36279201658726}, "token_totals": {"input": 120508, "output": 5801, "calls": 40}, "finished_at": "2026-04-23T16:49:28.255505+00:00"}