{"episode_id": "map_04_courtyard_remix_obj_on_0019", "episode_idx": 0, "agent_name": "GhostAgent_0", "SR": 0.0, "SPL": 0.0, "SoftSPL": 0.9389361974153144, "PLR": 0.5625181199819798, "nDTW": 7.135876322761576e-07, "CLS": 0.045261654539678536, "steps": 40, "path_length_cm": 3307.2690346220515, "cumulative_reward": 2794.8663041588447, "ended_reason": "max_steps", "metrics": {"SR": 0.0, "SPL": 0.0, "SoftSPL": 0.9389361974153144, "PLR": 0.5625181199819798, "nDTW": 7.135876322761576e-07, "CLS": 0.045261654539678536, "path_length_cm": 3307.2690346220515, "cumulative_reward": 2794.8663041588447}, "token_totals": {"input": 110164, "output": 4423, "calls": 40}, "finished_at": "2026-04-23T12:57:41.909654+00:00"}