{"episode_id": "map_20_trainstation_native_pn_0005", "episode_idx": 4, "agent_name": "GhostAgent_4", "SR": 0.0, "SPL": 0.0, "SoftSPL": 0.6636003769885297, "PLR": 0.9366752910955016, "nDTW": 3.5340030338086553e-16, "CLS": 0.032489897864817235, "steps": 40, "path_length_cm": 4121.20267926781, "cumulative_reward": 1768.501725624696, "ended_reason": "max_steps", "metrics": {"SR": 0.0, "SPL": 0.0, "SoftSPL": 0.6636003769885297, "PLR": 0.9366752910955016, "nDTW": 3.5340030338086553e-16, "CLS": 0.032489897864817235, "path_length_cm": 4121.20267926781, "cumulative_reward": 1768.501725624696}, "token_totals": {"input": 119441, "output": 5149, "calls": 40}, "finished_at": "2026-04-23T18:21:16.542539+00:00"}