{"episode_id": "map_49_courtyard_sunny_packed_pn_0010", "episode_idx": 0, "agent_name": "GhostAgent_0", "SR": 0.0, "SPL": 0.0, "SoftSPL": 0.49167920400546916, "PLR": 0.10372016464041382, "nDTW": 2.1266556651440304e-05, "CLS": 0.13558489788515032, "steps": 40, "path_length_cm": 410.4507703298632, "cumulative_reward": 114.39166216830961, "ended_reason": "max_steps", "metrics": {"SR": 0.0, "SPL": 0.0, "SoftSPL": 0.49167920400546916, "PLR": 0.10372016464041382, "nDTW": 2.1266556651440304e-05, "CLS": 0.13558489788515032, "path_length_cm": 410.4507703298632, "cumulative_reward": 114.39166216830961}, "token_totals": {"input": 118035, "output": 5647, "calls": 40}, "finished_at": "2026-04-23T01:44:08.473873+00:00"}