{"episode_id": "map_50_B9_sparse_wilderness_on_0017", "episode_idx": 7, "agent_name": "GhostAgent_7", "SR": 0.0, "SPL": 0.0, "SoftSPL": 0.0, "PLR": 0.053668087298425295, "nDTW": 3.6406812002584473e-26, "CLS": 0.26417792388117145, "steps": 40, "path_length_cm": 400.0650000000005, "cumulative_reward": -373.45124082606253, "ended_reason": "max_steps", "metrics": {"SR": 0.0, "SPL": 0.0, "SoftSPL": 0.0, "PLR": 0.053668087298425295, "nDTW": 3.6406812002584473e-26, "CLS": 0.26417792388117145, "path_length_cm": 400.0650000000005, "cumulative_reward": -373.45124082606253}, "token_totals": {"input": 114155, "output": 4235, "calls": 40}, "finished_at": "2026-04-23T14:32:20.880093+00:00"}