{"episode_id": "map_20_trainstation_native_obj_pn_0016", "episode_idx": 5, "agent_name": "GhostAgent_5", "SR": 0.0, "SPL": 0.0, "SoftSPL": 0.38943021819860346, "PLR": 0.41726187445301716, "nDTW": 5.363011421751076e-69, "CLS": 0.42900948713799525, "steps": 40, "path_length_cm": 1757.970175876751, "cumulative_reward": 1647.875594371667, "ended_reason": "max_steps", "metrics": {"SR": 0.0, "SPL": 0.0, "SoftSPL": 0.38943021819860346, "PLR": 0.41726187445301716, "nDTW": 5.363011421751076e-69, "CLS": 0.42900948713799525, "path_length_cm": 1757.970175876751, "cumulative_reward": 1647.875594371667}, "token_totals": {"input": 111072, "output": 4239, "calls": 40}, "finished_at": "2026-04-23T19:08:33.382836+00:00"}