{
  "map": "map_27_courtyard_overcast_remix",
  "n": 37,
  "SR": 0.08108108108108109,
  "SPL": 0.07060949945693278,
  "SoftSPL": 0.40449225782830733,
  "nDTW": 0.01777448730514829,
  "avg_steps": 37.027027027027025
}