{"episode_id": "map_45_B7_park_with_paths_pn_0015", "episode_idx": 5, "agent_name": "GhostAgent_5", "SR": 1.0, "SPL": 0.8977307898703849, "SoftSPL": 0.8559404110730057, "PLR": 1.1139196864846095, "nDTW": 4.2393251777678164e-09, "CLS": 0.48631451834435147, "steps": 12, "path_length_cm": 3592.7920000000004, "cumulative_reward": 3077.5982842092153, "ended_reason": "success", "metrics": {"SR": 1.0, "SPL": 0.8977307898703849, "SoftSPL": 0.8559404110730057, "PLR": 1.1139196864846095, "nDTW": 4.2393251777678164e-09, "CLS": 0.48631451834435147, "path_length_cm": 3592.7920000000004, "cumulative_reward": 3077.5982842092153}, "token_totals": {"input": 29344, "output": 1885, "calls": 12}, "finished_at": "2026-04-23T19:18:31.268672+00:00"}