{
  "map": "map_16_hwaseong_remix",
  "n": 13,
  "SR": 0.07692307692307693,
  "SPL": 0.05660707161965991,
  "SoftSPL": 0.2942849959171058,
  "nDTW": 6.630435561645479e-05,
  "avg_steps": 36.23076923076923
}