{"episode_id": "map_47_wintertown_demo01_minimal_obj_pn_0012", "episode_idx": 1, "agent_name": "GhostAgent_1", "SR": 1.0, "SPL": 0.739032553135732, "SoftSPL": 0.7217429336346489, "PLR": 1.3531203676441277, "nDTW": 3.2045249443853074e-19, "CLS": 0.2762454374476706, "steps": 30, "path_length_cm": 8628.523835578368, "cumulative_reward": 6225.744137168587, "ended_reason": "success", "metrics": {"SR": 1.0, "SPL": 0.739032553135732, "SoftSPL": 0.7217429336346489, "PLR": 1.3531203676441277, "nDTW": 3.2045249443853074e-19, "CLS": 0.2762454374476706, "path_length_cm": 8628.523835578368, "cumulative_reward": 6225.744137168587}, "token_totals": {"input": 82756, "output": 3373, "calls": 30}, "finished_at": "2026-04-23T02:48:22.732201+00:00"}