{"episode_id": "map_08_cave_remix_pn_0019", "episode_idx": 9, "agent_name": "GhostAgent_9", "SR": 0.0, "SPL": 0.0, "SoftSPL": 0.0, "PLR": 0.3978083820182046, "nDTW": 7.759245864945795e-06, "CLS": 0.41121543979404257, "steps": 40, "path_length_cm": 397.9237464489899, "cumulative_reward": 396.067972571728, "ended_reason": "max_steps", "metrics": {"SR": 0.0, "SPL": 0.0, "SoftSPL": 0.0, "PLR": 0.3978083820182046, "nDTW": 7.759245864945795e-06, "CLS": 0.41121543979404257, "path_length_cm": 397.9237464489899, "cumulative_reward": 396.067972571728}, "token_totals": {"input": 31273, "output": 1623, "calls": 40}, "finished_at": "2026-04-23T14:55:42.731102+00:00"}