{"episode_id": "map_67_B12_construction_site_obj_on_0007", "episode_idx": 7, "agent_name": "GhostAgent_7", "SR": 0.0, "SPL": 0.0, "SoftSPL": 0.0, "PLR": 2.482855116975741, "nDTW": 3.926995927167339e-121, "CLS": 0.044751347094153404, "steps": 40, "path_length_cm": 14313.833549223335, "cumulative_reward": -414.1019520585079, "ended_reason": "max_steps", "metrics": {"SR": 0.0, "SPL": 0.0, "SoftSPL": 0.0, "PLR": 2.482855116975741, "nDTW": 3.926995927167339e-121, "CLS": 0.044751347094153404, "path_length_cm": 14313.833549223335, "cumulative_reward": -414.1019520585079}, "token_totals": {"input": 134212, "output": 8503, "calls": 40}, "finished_at": "2026-04-23T15:47:09.094696+00:00"}