{"episode_id": "map_22_containeryard_demo_native_pn_0013", "episode_idx": 2, "agent_name": "GhostAgent_2", "SR": 0.0, "SPL": 0.0, "SoftSPL": 0.4514906254057325, "PLR": 0.45478579734959584, "nDTW": 1.3181552359646478e-07, "CLS": 0.265872202762723, "steps": 40, "path_length_cm": 2193.964, "cumulative_reward": 2192.2236700205717, "ended_reason": "max_steps", "metrics": {"SR": 0.0, "SPL": 0.0, "SoftSPL": 0.4514906254057325, "PLR": 0.45478579734959584, "nDTW": 1.3181552359646478e-07, "CLS": 0.265872202762723, "path_length_cm": 2193.964, "cumulative_reward": 2192.2236700205717}, "token_totals": {"input": 109089, "output": 5426, "calls": 40}, "finished_at": "2026-04-23T00:03:03.489964+00:00"}