{"episode_id": "map_22_containeryard_demo_native_pn_0016", "episode_idx": 5, "agent_name": "GhostAgent_5", "SR": 0.0, "SPL": 0.0, "SoftSPL": 0.2673813423740313, "PLR": 1.2504448792707594, "nDTW": 9.49095347144641e-34, "CLS": 0.02595765983383807, "steps": 40, "path_length_cm": 6400.652203523236, "cumulative_reward": 1242.0088521814098, "ended_reason": "max_steps", "metrics": {"SR": 0.0, "SPL": 0.0, "SoftSPL": 0.2673813423740313, "PLR": 1.2504448792707594, "nDTW": 9.49095347144641e-34, "CLS": 0.02595765983383807, "path_length_cm": 6400.652203523236, "cumulative_reward": 1242.0088521814098}, "token_totals": {"input": 122646, "output": 6036, "calls": 40}, "finished_at": "2026-04-23T00:03:03.491031+00:00"}