{"episode_id": "map_28_village_night_native_on_0005", "episode_idx": 5, "agent_name": "GhostAgent_5", "SR": 0.0, "SPL": 0.0, "SoftSPL": 0.0, "PLR": 0.2806139284645148, "nDTW": 4.838691023522889e-22, "CLS": 0.34758543209008247, "steps": 40, "path_length_cm": 452.4170000276293, "cumulative_reward": -375.9861363741438, "ended_reason": "max_steps", "metrics": {"SR": 0.0, "SPL": 0.0, "SoftSPL": 0.0, "PLR": 0.2806139284645148, "nDTW": 4.838691023522889e-22, "CLS": 0.34758543209008247, "path_length_cm": 452.4170000276293, "cumulative_reward": -375.9861363741438}, "token_totals": {"input": 115304, "output": 4649, "calls": 40}, "finished_at": "2026-04-23T00:37:31.659570+00:00"}