{"episode_id": "map_09b_wintertown_demo02_obj_on_0008", "episode_idx": 9, "agent_name": "GhostAgent_9", "SR": 0.0, "SPL": 0.0, "SoftSPL": 0.3112718012616999, "PLR": 0.3167078724433186, "nDTW": 6.661159931486625e-14, "CLS": 0.2792048117343478, "steps": 40, "path_length_cm": 2097.3535461537354, "cumulative_reward": 2011.0461466491633, "ended_reason": "max_steps", "metrics": {"SR": 0.0, "SPL": 0.0, "SoftSPL": 0.3112718012616999, "PLR": 0.3167078724433186, "nDTW": 6.661159931486625e-14, "CLS": 0.2792048117343478, "path_length_cm": 2097.3535461537354, "cumulative_reward": 2011.0461466491633}, "token_totals": {"input": 114740, "output": 5949, "calls": 40}, "finished_at": "2026-04-22T23:15:40.433881+00:00"}