{"episode_id": "map_27_courtyard_overcast_remix_on_0015", "episode_idx": 5, "agent_name": "GhostAgent_5", "SR": 0.0, "SPL": 0.0, "SoftSPL": 0.7933616326687589, "PLR": 0.4763889624238548, "nDTW": 2.477288354017541e-08, "CLS": 0.10982083285842063, "steps": 40, "path_length_cm": 1192.3777534987873, "cumulative_reward": 1178.0057455611368, "ended_reason": "max_steps", "metrics": {"SR": 0.0, "SPL": 0.0, "SoftSPL": 0.7933616326687589, "PLR": 0.4763889624238548, "nDTW": 2.477288354017541e-08, "CLS": 0.10982083285842063, "path_length_cm": 1192.3777534987873, "cumulative_reward": 1178.0057455611368}, "token_totals": {"input": 33015, "output": 1857, "calls": 40}, "finished_at": "2026-04-23T15:36:21.598405+00:00"}