{"episode_id": "map_60_B11_forest_camp_pn_0001", "episode_idx": 1, "agent_name": "GhostAgent_1", "SR": 0.0, "SPL": 0.0, "SoftSPL": 0.2454116590524133, "PLR": 2.945308516894638, "nDTW": 1.2136471319141423e-20, "CLS": 0.045670624533153466, "steps": 40, "path_length_cm": 8317.138908518093, "cumulative_reward": 2031.4623212651495, "ended_reason": "max_steps", "metrics": {"SR": 0.0, "SPL": 0.0, "SoftSPL": 0.2454116590524133, "PLR": 2.945308516894638, "nDTW": 1.2136471319141423e-20, "CLS": 0.045670624533153466, "path_length_cm": 8317.138908518093, "cumulative_reward": 2031.4623212651495}, "token_totals": {"input": 126484, "output": 7008, "calls": 40}, "finished_at": "2026-04-23T17:13:38.960369+00:00"}