{"episode_id": "map_20_trainstation_native_pn_0006", "episode_idx": 5, "agent_name": "GhostAgent_5", "SR": 0.0, "SPL": 0.0, "SoftSPL": 0.0, "PLR": 0.10344869448283596, "nDTW": 1.0629334991751119e-06, "CLS": 0.2800126877913222, "steps": 40, "path_length_cm": 110.77700000000004, "cumulative_reward": -111.0824965465373, "ended_reason": "max_steps", "metrics": {"SR": 0.0, "SPL": 0.0, "SoftSPL": 0.0, "PLR": 0.10344869448283596, "nDTW": 1.0629334991751119e-06, "CLS": 0.2800126877913222, "path_length_cm": 110.77700000000004, "cumulative_reward": -111.0824965465373}, "token_totals": {"input": 109437, "output": 3280, "calls": 40}, "finished_at": "2026-04-23T18:21:16.542881+00:00"}