{"episode_id": "map_36_dungeon_native_pn_0013", "episode_idx": 3, "agent_name": "GhostAgent_3", "SR": 0.0, "SPL": 0.0, "SoftSPL": 0.0764497770172131, "PLR": 2.0545159068889274, "nDTW": 3.2131363210325496e-26, "CLS": 0.3531501739324936, "steps": 40, "path_length_cm": 5956.678514002136, "cumulative_reward": 2686.4870756073115, "ended_reason": "max_steps", "metrics": {"SR": 0.0, "SPL": 0.0, "SoftSPL": 0.0764497770172131, "PLR": 2.0545159068889274, "nDTW": 3.2131363210325496e-26, "CLS": 0.3531501739324936, "path_length_cm": 5956.678514002136, "cumulative_reward": 2686.4870756073115}, "token_totals": {"input": 121858, "output": 6931, "calls": 40}, "finished_at": "2026-04-23T01:02:13.509830+00:00"}