{"episode_id": "map_27_courtyard_overcast_remix_on_0013", "episode_idx": 3, "agent_name": "GhostAgent_3", "SR": 0.0, "SPL": 0.0, "SoftSPL": 0.8416415950974202, "PLR": 0.2178967811623897, "nDTW": 7.80991096339616e-06, "CLS": 0.15555475891621043, "steps": 40, "path_length_cm": 736.8528289856067, "cumulative_reward": 692.5890003555372, "ended_reason": "max_steps", "metrics": {"SR": 0.0, "SPL": 0.0, "SoftSPL": 0.8416415950974202, "PLR": 0.2178967811623897, "nDTW": 7.80991096339616e-06, "CLS": 0.15555475891621043, "path_length_cm": 736.8528289856067, "cumulative_reward": 692.5890003555372}, "token_totals": {"input": 32969, "output": 1959, "calls": 40}, "finished_at": "2026-04-23T15:36:21.597304+00:00"}