{"episode_id": "map_01_wintertown_native_obj_pn_0008", "episode_idx": 4, "agent_name": "GhostAgent_4", "SR": 0.0, "SPL": 0.0, "SoftSPL": 0.0, "PLR": 2.7170989170310884, "nDTW": 2.241955963030623e-91, "CLS": 0.09240394478949186, "steps": 40, "path_length_cm": 10299.598180833065, "cumulative_reward": -590.8746718097143, "ended_reason": "max_steps", "metrics": {"SR": 0.0, "SPL": 0.0, "SoftSPL": 0.0, "PLR": 2.7170989170310884, "nDTW": 2.241955963030623e-91, "CLS": 0.09240394478949186, "path_length_cm": 10299.598180833065, "cumulative_reward": -590.8746718097143}, "token_totals": {"input": 437518, "output": 3933, "calls": 40}, "finished_at": "2026-04-22T21:49:18.964720+00:00"}