{"episode_id": "map_26_courtyard_overcast_native_obj_on_0005", "episode_idx": 5, "agent_name": "GhostAgent_5", "SR": 0.0, "SPL": 0.0, "SoftSPL": 0.035836095036818616, "PLR": 0.0, "nDTW": 0.0005375145579069648, "CLS": 0.16667123270902676, "steps": 0, "path_length_cm": 0.0, "cumulative_reward": 0.0, "ended_reason": "spawn_blocked", "metrics": {"SR": 0.0, "SPL": 0.0, "SoftSPL": 0.035836095036818616, "PLR": 0.0, "nDTW": 0.0005375145579069648, "CLS": 0.16667123270902676, "path_length_cm": 0.0, "cumulative_reward": 0.0}, "token_totals": {"input": 0, "output": 0, "calls": 0}, "finished_at": "2026-04-23T17:59:48.211667+00:00"}