{"episode_id": "map_25_containeryard_day_remix_pn_0009", "episode_idx": 8, "agent_name": "GhostAgent_8", "SR": 0.0, "SPL": 0.0, "SoftSPL": 0.40406474630532313, "PLR": 1.8714005407941392, "nDTW": 7.923815882648305e-40, "CLS": 0.16726116038921604, "steps": 40, "path_length_cm": 6780.0841592971665, "cumulative_reward": 2739.19054718132, "ended_reason": "max_steps", "metrics": {"SR": 0.0, "SPL": 0.0, "SoftSPL": 0.40406474630532313, "PLR": 1.8714005407941392, "nDTW": 7.923815882648305e-40, "CLS": 0.16726116038921604, "path_length_cm": 6780.0841592971665, "cumulative_reward": 2739.19054718132}, "token_totals": {"input": 118406, "output": 5124, "calls": 40}, "finished_at": "2026-04-23T15:37:25.615365+00:00"}