{"episode_id": "map_64_cave_lost_expedition_pn_0017", "episode_idx": 7, "agent_name": "GhostAgent_7", "SR": 0.0, "SPL": 0.0, "SoftSPL": 0.007260462115523558, "PLR": 2.735029512065357e-05, "nDTW": 9.159854954297758e-10, "CLS": 0.10000684083725908, "steps": 40, "path_length_cm": 0.19799999999941065, "cumulative_reward": -0.5975803822078891, "ended_reason": "max_steps", "metrics": {"SR": 0.0, "SPL": 0.0, "SoftSPL": 0.007260462115523558, "PLR": 2.735029512065357e-05, "nDTW": 9.159854954297758e-10, "CLS": 0.10000684083725908, "path_length_cm": 0.19799999999941065, "cumulative_reward": -0.5975803822078891}, "token_totals": {"input": 126734, "output": 6809, "calls": 40}, "finished_at": "2026-04-23T20:02:29.856314+00:00"}