{"episode_id": "map_36_dungeon_native_on_0006", "episode_idx": 6, "agent_name": "GhostAgent_6", "SR": 1.0, "SPL": 1.0, "SoftSPL": 0.9106430878945359, "PLR": 0.9131679693731057, "nDTW": 0.008295521915909104, "CLS": 0.5807478913219958, "steps": 9, "path_length_cm": 1602.9019999999998, "cumulative_reward": 1600.8777953057315, "ended_reason": "success", "metrics": {"SR": 1.0, "SPL": 1.0, "SoftSPL": 0.9106430878945359, "PLR": 0.9131679693731057, "nDTW": 0.008295521915909104, "CLS": 0.5807478913219958, "path_length_cm": 1602.9019999999998, "cumulative_reward": 1600.8777953057315}, "token_totals": {"input": 18756, "output": 813, "calls": 9}, "finished_at": "2026-04-23T01:09:43.406963+00:00"}