{"episode_id": "map_26_courtyard_overcast_native_on_0008", "episode_idx": 8, "agent_name": "GhostAgent_8", "SR": 0.0, "SPL": 0.0, "SoftSPL": 0.0, "PLR": 34.68030080434418, "nDTW": 1.200357e-318, "CLS": 0.007215358606328531, "steps": 13, "path_length_cm": 53275.87809563353, "cumulative_reward": -51654.790584757146, "ended_reason": "step_error", "metrics": {"SR": 0.0, "SPL": 0.0, "SoftSPL": 0.0, "PLR": 34.68030080434418, "nDTW": 1.200357e-318, "CLS": 0.007215358606328531, "path_length_cm": 53275.87809563353, "cumulative_reward": -51654.790584757146}, "token_totals": {"input": 36650, "output": 2238, "calls": 13}, "finished_at": "2026-04-23T17:35:04.516809+00:00"}