{"episode_id": "map_10_B1_urban_grid_obj_on_0000", "episode_idx": 0, "agent_name": "GhostAgent_0", "SR": 0.0, "SPL": 0.0, "SoftSPL": 0.11838957341667689, "PLR": 1.079416738100193, "nDTW": 8.116760718636198e-31, "CLS": 0.05803348880294079, "steps": 40, "path_length_cm": 3507.7373971346724, "cumulative_reward": 395.34805891585665, "ended_reason": "max_steps", "metrics": {"SR": 0.0, "SPL": 0.0, "SoftSPL": 0.11838957341667689, "PLR": 1.079416738100193, "nDTW": 8.116760718636198e-31, "CLS": 0.05803348880294079, "path_length_cm": 3507.7373971346724, "cumulative_reward": 395.34805891585665}, "token_totals": {"input": 118205, "output": 5317, "calls": 40}, "finished_at": "2026-04-23T13:30:39.577351+00:00"}