{"episode_id": "map_45_B7_park_with_paths_obj_pn_0015", "episode_idx": 5, "agent_name": "GhostAgent_5", "SR": 0.0, "SPL": 0.0, "SoftSPL": 0.3336765012226368, "PLR": 2.286461229908948, "nDTW": 1.5667066248323952e-20, "CLS": 0.013217292361367936, "steps": 40, "path_length_cm": 10108.970983510337, "cumulative_reward": 3226.5576537572792, "ended_reason": "max_steps", "metrics": {"SR": 0.0, "SPL": 0.0, "SoftSPL": 0.3336765012226368, "PLR": 2.286461229908948, "nDTW": 1.5667066248323952e-20, "CLS": 0.013217292361367936, "path_length_cm": 10108.970983510337, "cumulative_reward": 3226.5576537572792}, "token_totals": {"input": 131893, "output": 8260, "calls": 40}, "finished_at": "2026-04-23T19:45:16.384230+00:00"}