{"episode_id": "map_68_B13_suburban_park_obj_pn_0007", "episode_idx": 7, "agent_name": "GhostAgent_7", "SR": 0.0, "SPL": 0.0, "SoftSPL": 0.18566477147713367, "PLR": 0.9175904466237319, "nDTW": 5.287704867597882e-71, "CLS": 0.03027252286681109, "steps": 40, "path_length_cm": 7187.779597346611, "cumulative_reward": 1394.9387804683138, "ended_reason": "max_steps", "metrics": {"SR": 0.0, "SPL": 0.0, "SoftSPL": 0.18566477147713367, "PLR": 0.9175904466237319, "nDTW": 5.287704867597882e-71, "CLS": 0.03027252286681109, "path_length_cm": 7187.779597346611, "cumulative_reward": 1394.9387804683138}, "token_totals": {"input": 117604, "output": 4880, "calls": 40}, "finished_at": "2026-04-23T05:33:39.805631+00:00"}