{"episode_id": "map_36_dungeon_native_obj_pn_0010", "episode_idx": 0, "agent_name": "GhostAgent_0", "SR": 0.0, "SPL": 0.0, "SoftSPL": 0.13712552838668202, "PLR": 1.1632812212141292, "nDTW": 2.542364601211407e-08, "CLS": 0.7733539088615673, "steps": 40, "path_length_cm": 2279.0540373538734, "cumulative_reward": 1585.9308912505783, "ended_reason": "max_steps", "metrics": {"SR": 0.0, "SPL": 0.0, "SoftSPL": 0.13712552838668202, "PLR": 1.1632812212141292, "nDTW": 2.542364601211407e-08, "CLS": 0.7733539088615673, "path_length_cm": 2279.0540373538734, "cumulative_reward": 1585.9308912505783}, "token_totals": {"input": 112421, "output": 4983, "calls": 40}, "finished_at": "2026-04-23T01:38:14.967258+00:00"}