{"episode_id": "map_62_trainstation_cross_remix_on_0009", "episode_idx": 3, "agent_name": "GhostAgent_3", "SR": 0.0, "SPL": 0.0, "SoftSPL": 0.0, "PLR": 50.220409151571545, "nDTW": 1.5926429632543446e-277, "CLS": 0.005040271265583277, "steps": 10, "path_length_cm": 51008.36737115971, "cumulative_reward": -35028.75212314885, "ended_reason": "step_error", "metrics": {"SR": 0.0, "SPL": 0.0, "SoftSPL": 0.0, "PLR": 50.220409151571545, "nDTW": 1.5926429632543446e-277, "CLS": 0.005040271265583277, "path_length_cm": 51008.36737115971, "cumulative_reward": -35028.75212314885}, "token_totals": {"input": 23104, "output": 925, "calls": 10}, "finished_at": "2026-04-23T19:10:29.281758+00:00"}