{"episode_id": "map_04_courtyard_remix_obj_on_0003", "episode_idx": 5, "agent_name": "GhostAgent_5", "SR": 0.0, "SPL": 0.0, "SoftSPL": 0.5541480103389885, "PLR": 0.3238070047348217, "nDTW": 2.2132322861668883e-09, "CLS": 0.05370222281906203, "steps": 40, "path_length_cm": 1309.5370504785187, "cumulative_reward": 763.9833023334643, "ended_reason": "max_steps", "metrics": {"SR": 0.0, "SPL": 0.0, "SoftSPL": 0.5541480103389885, "PLR": 0.3238070047348217, "nDTW": 2.2132322861668883e-09, "CLS": 0.05370222281906203, "path_length_cm": 1309.5370504785187, "cumulative_reward": 763.9833023334643}, "token_totals": {"input": 115170, "output": 4947, "calls": 40}, "finished_at": "2026-04-22T22:39:55.500463+00:00"}