{"episode_id": "map_05_middleeast_native_obj_on_0008", "episode_idx": 2, "agent_name": "GhostAgent_2", "SR": 0.0, "SPL": 0.0, "SoftSPL": 0.00023852246327660254, "PLR": 0.0, "nDTW": 0.00010524550435245929, "CLS": 0.2500000027691541, "steps": 0, "path_length_cm": 0.0, "cumulative_reward": 0.0, "ended_reason": "spawn_blocked", "metrics": {"SR": 0.0, "SPL": 0.0, "SoftSPL": 0.00023852246327660254, "PLR": 0.0, "nDTW": 0.00010524550435245929, "CLS": 0.2500000027691541, "path_length_cm": 0.0, "cumulative_reward": 0.0}, "token_totals": {"input": 0, "output": 0, "calls": 0}, "finished_at": "2026-04-23T16:29:40.550030+00:00"}