{"episode_id": "map_53_courtyard_sanny_big_remix_obj_pn_0011", "episode_idx": 6, "agent_name": "GhostAgent_6", "SR": 0.0, "SPL": 0.0, "SoftSPL": 0.2638477125303944, "PLR": 0.0, "nDTW": 0.00016826435284816657, "CLS": 0.07814846625685162, "steps": 40, "path_length_cm": 0.0, "cumulative_reward": -0.4000000000000002, "ended_reason": "max_steps", "metrics": {"SR": 0.0, "SPL": 0.0, "SoftSPL": 0.2638477125303944, "PLR": 0.0, "nDTW": 0.00016826435284816657, "CLS": 0.07814846625685162, "path_length_cm": 0.0, "cumulative_reward": -0.4000000000000002}, "token_totals": {"input": 109997, "output": 3432, "calls": 40}, "finished_at": "2026-04-23T17:05:53.219669+00:00"}