{"episode_id": "map_67_B12_construction_site_obj_on_0016", "episode_idx": 6, "agent_name": "GhostAgent_6", "SR": 0.0, "SPL": 0.0, "SoftSPL": 0.31521148588906295, "PLR": 1.9944542321152237, "nDTW": 3.6054662603109023e-32, "CLS": 0.043870008071595905, "steps": 40, "path_length_cm": 13045.804910434963, "cumulative_reward": 3303.242271803988, "ended_reason": "max_steps", "metrics": {"SR": 0.0, "SPL": 0.0, "SoftSPL": 0.31521148588906295, "PLR": 1.9944542321152237, "nDTW": 3.6054662603109023e-32, "CLS": 0.043870008071595905, "path_length_cm": 13045.804910434963, "cumulative_reward": 3303.242271803988}, "token_totals": {"input": 128801, "output": 7411, "calls": 40}, "finished_at": "2026-04-23T16:01:56.067514+00:00"}