{"episode_id": "map_65_hwaseong_ceremonial_on_0003", "episode_idx": 3, "agent_name": "GhostAgent_3", "SR": 0.0, "SPL": 0.0, "SoftSPL": 0.19839714329382985, "PLR": 1.9712058919866469, "nDTW": 7.913994230464498e-71, "CLS": 0.05637531546691644, "steps": 40, "path_length_cm": 8377.999570062726, "cumulative_reward": 1643.9469382142865, "ended_reason": "max_steps", "metrics": {"SR": 0.0, "SPL": 0.0, "SoftSPL": 0.19839714329382985, "PLR": 1.9712058919866469, "nDTW": 7.913994230464498e-71, "CLS": 0.05637531546691644, "path_length_cm": 8377.999570062726, "cumulative_reward": 1643.9469382142865}, "token_totals": {"input": 120851, "output": 5477, "calls": 40}, "finished_at": "2026-04-23T03:37:35.462427+00:00"}