{"episode_id": "map_04_courtyard_remix_on_0013", "episode_idx": 1, "agent_name": "GhostAgent_1", "SR": 0.0, "SPL": 0.0, "SoftSPL": 0.9209277808291817, "PLR": 0.19958489783612787, "nDTW": 5.434710197065982e-07, "CLS": 0.10252086511598504, "steps": 40, "path_length_cm": 1003.3272523650633, "cumulative_reward": 1001.3556353415904, "ended_reason": "max_steps", "metrics": {"SR": 0.0, "SPL": 0.0, "SoftSPL": 0.9209277808291817, "PLR": 0.19958489783612787, "nDTW": 5.434710197065982e-07, "CLS": 0.10252086511598504, "path_length_cm": 1003.3272523650633, "cumulative_reward": 1001.3556353415904}, "token_totals": {"input": 381795, "output": 3412, "calls": 40}, "finished_at": "2026-04-22T21:47:34.999921+00:00"}