{"episode_id": "map_45_B7_park_with_paths_on_0006", "episode_idx": 6, "agent_name": "GhostAgent_6", "SR": 1.0, "SPL": 0.7225040942740649, "SoftSPL": 0.709515563598237, "PLR": 1.3840752016841493, "nDTW": 2.2482690902261464e-06, "CLS": 0.40317393501033155, "steps": 14, "path_length_cm": 3996.1157630544926, "cumulative_reward": 2828.249715859285, "ended_reason": "success", "metrics": {"SR": 1.0, "SPL": 0.7225040942740649, "SoftSPL": 0.709515563598237, "PLR": 1.3840752016841493, "nDTW": 2.2482690902261464e-06, "CLS": 0.40317393501033155, "path_length_cm": 3996.1157630544926, "cumulative_reward": 2828.249715859285}, "token_totals": {"input": 35761, "output": 1551, "calls": 14}, "finished_at": "2026-04-23T13:56:48.690803+00:00"}