{"episode_id": "map_47_wintertown_demo01_minimal_pn_0010", "episode_idx": 9, "agent_name": "GhostAgent_9", "SR": 0.0, "SPL": 0.0, "SoftSPL": 0.44914660873798307, "PLR": 1.7788424173050463, "nDTW": 7.907812374065504e-54, "CLS": 0.035640888497632174, "steps": 40, "path_length_cm": 11352.999229420959, "cumulative_reward": 5090.823266838557, "ended_reason": "max_steps", "metrics": {"SR": 0.0, "SPL": 0.0, "SoftSPL": 0.44914660873798307, "PLR": 1.7788424173050463, "nDTW": 7.907812374065504e-54, "CLS": 0.035640888497632174, "path_length_cm": 11352.999229420959, "cumulative_reward": 5090.823266838557}, "token_totals": {"input": 124446, "output": 6305, "calls": 40}, "finished_at": "2026-04-23T01:22:40.673709+00:00"}