{"episode_id": "map_42_B4_industrial_yard_on_0004", "episode_idx": 4, "agent_name": "GhostAgent_4", "SR": 0.0, "SPL": 0.0, "SoftSPL": 0.014950695609976195, "PLR": 0.3124414986728445, "nDTW": 1.4601983476129749e-33, "CLS": 0.31367368787444877, "steps": 40, "path_length_cm": 1203.006, "cumulative_reward": 57.1093200116258, "ended_reason": "max_steps", "metrics": {"SR": 0.0, "SPL": 0.0, "SoftSPL": 0.014950695609976195, "PLR": 0.3124414986728445, "nDTW": 1.4601983476129749e-33, "CLS": 0.31367368787444877, "path_length_cm": 1203.006, "cumulative_reward": 57.1093200116258}, "token_totals": {"input": 36570, "output": 2556, "calls": 40}, "finished_at": "2026-04-23T15:54:15.639728+00:00"}