{"episode_id": "map_57_gothic_day_invasion_on_0001", "episode_idx": 1, "agent_name": "GhostAgent_1", "SR": 0.0, "SPL": 0.0, "SoftSPL": 0.04737973391706284, "PLR": 0.056130161725486426, "nDTW": 0.002275570442050376, "CLS": 0.1882406247450185, "steps": 40, "path_length_cm": 87.83135446480665, "cumulative_reward": 13.842583952320282, "ended_reason": "max_steps", "metrics": {"SR": 0.0, "SPL": 0.0, "SoftSPL": 0.04737973391706284, "PLR": 0.056130161725486426, "nDTW": 0.002275570442050376, "CLS": 0.1882406247450185, "path_length_cm": 87.83135446480665, "cumulative_reward": 13.842583952320282}, "token_totals": {"input": 116393, "output": 5740, "calls": 40}, "finished_at": "2026-04-23T14:56:00.461928+00:00"}