{"episode_id": "map_09b_wintertown_demo02_pn_0004", "episode_idx": 4, "agent_name": "GhostAgent_4", "SR": 0.0, "SPL": 0.0, "SoftSPL": 0.26615214144062194, "PLR": 0.012994228249047213, "nDTW": 1.696538976594783e-06, "CLS": 0.08267332167267327, "steps": 40, "path_length_cm": 84.38776680637487, "cumulative_reward": 19.04863066974079, "ended_reason": "max_steps", "metrics": {"SR": 0.0, "SPL": 0.0, "SoftSPL": 0.26615214144062194, "PLR": 0.012994228249047213, "nDTW": 1.696538976594783e-06, "CLS": 0.08267332167267327, "path_length_cm": 84.38776680637487, "cumulative_reward": 19.04863066974079}, "token_totals": {"input": 115380, "output": 4403, "calls": 40}, "finished_at": "2026-04-22T22:49:48.336725+00:00"}