{"episode_id": "map_16_hwaseong_remix_pn_0006", "episode_idx": 6, "agent_name": "GhostAgent_6", "SR": 0.0, "SPL": 0.0, "SoftSPL": 0.0, "PLR": 0.2822342051515574, "nDTW": 3.34817164000953e-19, "CLS": 0.08875106080774146, "steps": 40, "path_length_cm": 1877.9609999999993, "cumulative_reward": 724.704204859906, "ended_reason": "max_steps", "metrics": {"SR": 0.0, "SPL": 0.0, "SoftSPL": 0.0, "PLR": 0.2822342051515574, "nDTW": 3.34817164000953e-19, "CLS": 0.08875106080774146, "path_length_cm": 1877.9609999999993, "cumulative_reward": 724.704204859906}, "token_totals": {"input": 118028, "output": 6438, "calls": 40}, "finished_at": "2026-04-22T23:27:14.604259+00:00"}