{"episode_id": "map_68_B13_suburban_park_obj_pn_0017", "episode_idx": 7, "agent_name": "GhostAgent_7", "SR": 0.0, "SPL": 0.0, "SoftSPL": 0.20240702231972724, "PLR": 1.6786727001571453, "nDTW": 7.156292389488972e-87, "CLS": 0.037231904426868835, "steps": 40, "path_length_cm": 12102.860860138982, "cumulative_reward": 2331.1554441944263, "ended_reason": "max_steps", "metrics": {"SR": 0.0, "SPL": 0.0, "SoftSPL": 0.20240702231972724, "PLR": 1.6786727001571453, "nDTW": 7.156292389488972e-87, "CLS": 0.037231904426868835, "path_length_cm": 12102.860860138982, "cumulative_reward": 2331.1554441944263}, "token_totals": {"input": 130835, "output": 7972, "calls": 40}, "finished_at": "2026-04-23T05:49:04.936212+00:00"}