{"episode_id": "map_04_courtyard_remix_pn_0007", "episode_idx": 0, "agent_name": "GhostAgent_0", "SR": 0.0, "SPL": 0.0, "SoftSPL": 0.0, "PLR": 22.56307399340316, "nDTW": 4.648539326604918e-214, "CLS": 0.004931432331685125, "steps": 17, "path_length_cm": 52478.77690903661, "cumulative_reward": -17945.34929130561, "ended_reason": "step_error", "metrics": {"SR": 0.0, "SPL": 0.0, "SoftSPL": 0.0, "PLR": 22.56307399340316, "nDTW": 4.648539326604918e-214, "CLS": 0.004931432331685125, "path_length_cm": 52478.77690903661, "cumulative_reward": -17945.34929130561}, "token_totals": {"input": 47690, "output": 2543, "calls": 17}, "finished_at": "2026-04-23T17:53:20.184924+00:00"}