{"episode_id": "map_57_gothic_day_invasion_obj_pn_0012", "episode_idx": 0, "agent_name": "GhostAgent_0", "SR": 0.0, "SPL": 0.0, "SoftSPL": 0.0, "PLR": 0.6010532479471563, "nDTW": 5.557009764993836e-05, "CLS": 0.19630660148191367, "steps": 40, "path_length_cm": 1071.3473618034088, "cumulative_reward": 312.81087213672066, "ended_reason": "max_steps", "metrics": {"SR": 0.0, "SPL": 0.0, "SoftSPL": 0.0, "PLR": 0.6010532479471563, "nDTW": 5.557009764993836e-05, "CLS": 0.19630660148191367, "path_length_cm": 1071.3473618034088, "cumulative_reward": 312.81087213672066}, "token_totals": {"input": 110237, "output": 3186, "calls": 40}, "finished_at": "2026-04-23T03:42:47.136772+00:00"}