{"episode_id": "map_06_hwaseong_native_on_0004", "episode_idx": 4, "agent_name": "GhostAgent_4", "SR": 0.0, "SPL": 0.0, "SoftSPL": 0.9001135275488507, "PLR": 0.9117676309583514, "nDTW": 1.2494908245466658e-22, "CLS": 0.12430934718280859, "steps": 40, "path_length_cm": 4272.223999999999, "cumulative_reward": 4173.635424918858, "ended_reason": "max_steps", "metrics": {"SR": 0.0, "SPL": 0.0, "SoftSPL": 0.9001135275488507, "PLR": 0.9117676309583514, "nDTW": 1.2494908245466658e-22, "CLS": 0.12430934718280859, "path_length_cm": 4272.223999999999, "cumulative_reward": 4173.635424918858}, "token_totals": {"input": 432386, "output": 5855, "calls": 40}, "finished_at": "2026-04-22T19:38:17.565515+00:00"}