{"episode_id": "map_20_trainstation_native_obj_pn_0009", "episode_idx": 8, "agent_name": "GhostAgent_8", "SR": 0.0, "SPL": 0.0, "SoftSPL": 0.0, "PLR": 0.02438990159353094, "nDTW": 0.0001525593232856129, "CLS": 0.2562837692160795, "steps": 40, "path_length_cm": 43.44500001150886, "cumulative_reward": -7.6061707279062745, "ended_reason": "max_steps", "metrics": {"SR": 0.0, "SPL": 0.0, "SoftSPL": 0.0, "PLR": 0.02438990159353094, "nDTW": 0.0001525593232856129, "CLS": 0.2562837692160795, "path_length_cm": 43.44500001150886, "cumulative_reward": -7.6061707279062745}, "token_totals": {"input": 105505, "output": 4230, "calls": 40}, "finished_at": "2026-04-23T18:51:29.201837+00:00"}