{"episode_id": "map_49_courtyard_sunny_packed_pn_0000", "episode_idx": 0, "agent_name": "GhostAgent_0", "SR": 0.0, "SPL": 0.0, "SoftSPL": 0.4051844686280933, "PLR": 0.1323358269163416, "nDTW": 2.917634390397731e-06, "CLS": 0.11607791832475216, "steps": 40, "path_length_cm": 437.3606444506248, "cumulative_reward": 59.52207951334679, "ended_reason": "max_steps", "metrics": {"SR": 0.0, "SPL": 0.0, "SoftSPL": 0.4051844686280933, "PLR": 0.1323358269163416, "nDTW": 2.917634390397731e-06, "CLS": 0.11607791832475216, "path_length_cm": 437.3606444506248, "cumulative_reward": 59.52207951334679}, "token_totals": {"input": 110713, "output": 3789, "calls": 40}, "finished_at": "2026-04-23T01:33:00.522088+00:00"}