{"episode_id": "map_45_B7_park_with_paths_obj_on_0017", "episode_idx": 7, "agent_name": "GhostAgent_7", "SR": 0.0, "SPL": 0.0, "SoftSPL": 0.014992923057012683, "PLR": 3.0286258184395516, "nDTW": 8.932316333751149e-30, "CLS": 0.02064507975331187, "steps": 27, "path_length_cm": 8388.839223204792, "cumulative_reward": 90.93823506367744, "ended_reason": "no_tool_call", "metrics": {"SR": 0.0, "SPL": 0.0, "SoftSPL": 0.014992923057012683, "PLR": 3.0286258184395516, "nDTW": 8.932316333751149e-30, "CLS": 0.02064507975331187, "path_length_cm": 8388.839223204792, "cumulative_reward": 90.93823506367744}, "token_totals": {"input": 88381, "output": 6061, "calls": 27}, "finished_at": "2026-04-23T14:39:58.634629+00:00"}