{"episode_id": "map_53_courtyard_sanny_big_remix_obj_on_0013", "episode_idx": 2, "agent_name": "GhostAgent_2", "SR": 0.0, "SPL": 0.0, "SoftSPL": 0.588787040211032, "PLR": 0.0, "nDTW": 0.012953675462018584, "CLS": 0.07138915519194891, "steps": 0, "path_length_cm": 0.0, "cumulative_reward": 0.0, "ended_reason": "spawn_blocked", "metrics": {"SR": 0.0, "SPL": 0.0, "SoftSPL": 0.588787040211032, "PLR": 0.0, "nDTW": 0.012953675462018584, "CLS": 0.07138915519194891, "path_length_cm": 0.0, "cumulative_reward": 0.0}, "token_totals": {"input": 0, "output": 0, "calls": 0}, "finished_at": "2026-04-23T18:58:10.937694+00:00"}