{"episode_id": "map_45_B7_park_with_paths_obj_on_0019", "episode_idx": 9, "agent_name": "GhostAgent_9", "SR": 0.0, "SPL": 0.0, "SoftSPL": 0.27158099996843293, "PLR": 2.5798061320641743, "nDTW": 4.580582008550828e-34, "CLS": 0.10548931293238566, "steps": 26, "path_length_cm": 5409.234305466879, "cumulative_reward": 1468.7938124819357, "ended_reason": "no_tool_call", "metrics": {"SR": 0.0, "SPL": 0.0, "SoftSPL": 0.27158099996843293, "PLR": 2.5798061320641743, "nDTW": 4.580582008550828e-34, "CLS": 0.10548931293238566, "path_length_cm": 5409.234305466879, "cumulative_reward": 1468.7938124819357}, "token_totals": {"input": 76489, "output": 3856, "calls": 26}, "finished_at": "2026-04-23T14:39:58.722916+00:00"}