{"episode_id": "map_50_B9_sparse_wilderness_on_0000", "episode_idx": 0, "agent_name": "GhostAgent_0", "SR": 1.0, "SPL": 1.0, "SoftSPL": 0.9604449477412886, "PLR": 0.9895165191894865, "nDTW": 1.1289274655768908e-16, "CLS": 0.48739896409613204, "steps": 12, "path_length_cm": 4724.694, "cumulative_reward": 4588.264222767424, "ended_reason": "success", "metrics": {"SR": 1.0, "SPL": 1.0, "SoftSPL": 0.9604449477412886, "PLR": 0.9895165191894865, "nDTW": 1.1289274655768908e-16, "CLS": 0.48739896409613204, "path_length_cm": 4724.694, "cumulative_reward": 4588.264222767424}, "token_totals": {"input": 26514, "output": 1214, "calls": 12}, "finished_at": "2026-04-23T14:18:08.219653+00:00"}