{"episode_id": "map_05_middleeast_native_pn_0016", "episode_idx": 3, "agent_name": "GhostAgent_3", "SR": 0.0, "SPL": 0.0, "SoftSPL": 0.0, "PLR": 0.0002600557876587714, "nDTW": 0.00013032151710762216, "CLS": 0.07765886363764654, "steps": 40, "path_length_cm": 1.50100299799828, "cumulative_reward": -1.8942278525013538, "ended_reason": "max_steps", "metrics": {"SR": 0.0, "SPL": 0.0, "SoftSPL": 0.0, "PLR": 0.0002600557876587714, "nDTW": 0.00013032151710762216, "CLS": 0.07765886363764654, "path_length_cm": 1.50100299799828, "cumulative_reward": -1.8942278525013538}, "token_totals": {"input": 448263, "output": 5797, "calls": 40}, "finished_at": "2026-04-22T20:03:22.618248+00:00"}