{"episode_id": "map_40_B2_open_plaza_obj_on_0012", "episode_idx": 2, "agent_name": "GhostAgent_2", "SR": 0.0, "SPL": 0.0, "SoftSPL": 0.3054799182408062, "PLR": 1.7669381063763474, "nDTW": 2.486001738777673e-106, "CLS": 0.06288345012131784, "steps": 40, "path_length_cm": 12757.028087321272, "cumulative_reward": 3891.2634520619868, "ended_reason": "max_steps", "metrics": {"SR": 0.0, "SPL": 0.0, "SoftSPL": 0.3054799182408062, "PLR": 1.7669381063763474, "nDTW": 2.486001738777673e-106, "CLS": 0.06288345012131784, "path_length_cm": 12757.028087321272, "cumulative_reward": 3891.2634520619868}, "token_totals": {"input": 131383, "output": 8021, "calls": 40}, "finished_at": "2026-04-23T02:11:58.213553+00:00"}