{"episode_id": "map_33_gothic_night_remix_pn_0001", "episode_idx": 1, "agent_name": "GhostAgent_1", "SR": 0.0, "SPL": 0.0, "SoftSPL": 0.0, "PLR": 0.3293566852350899, "nDTW": 3.309821386891267e-12, "CLS": 0.3736813985287696, "steps": 40, "path_length_cm": 352.250268425781, "cumulative_reward": 133.69808417588405, "ended_reason": "max_steps", "metrics": {"SR": 0.0, "SPL": 0.0, "SoftSPL": 0.0, "PLR": 0.3293566852350899, "nDTW": 3.309821386891267e-12, "CLS": 0.3736813985287696, "path_length_cm": 352.250268425781, "cumulative_reward": 133.69808417588405}, "token_totals": {"input": 33323, "output": 2032, "calls": 40}, "finished_at": "2026-04-23T18:09:43.405203+00:00"}