{"episode_id": "map_10_B1_urban_grid_obj_on_0009", "episode_idx": 6, "agent_name": "GhostAgent_6", "SR": 0.0, "SPL": 0.0, "SoftSPL": 0.1178917070970028, "PLR": 0.34709057410018423, "nDTW": 7.554456146348174e-15, "CLS": 0.1360605208647015, "steps": 40, "path_length_cm": 1203.783, "cumulative_reward": 140.0877966950479, "ended_reason": "max_steps", "metrics": {"SR": 0.0, "SPL": 0.0, "SoftSPL": 0.1178917070970028, "PLR": 0.34709057410018423, "nDTW": 7.554456146348174e-15, "CLS": 0.1360605208647015, "path_length_cm": 1203.783, "cumulative_reward": 140.0877966950479}, "token_totals": {"input": 116089, "output": 4012, "calls": 40}, "finished_at": "2026-04-23T13:30:39.579364+00:00"}