{"episode_id": "map_09b_wintertown_demo02_obj_on_0003", "episode_idx": 5, "agent_name": "GhostAgent_5", "SR": 0.0, "SPL": 0.0, "SoftSPL": 0.36948776288159485, "PLR": 0.9634671091691843, "nDTW": 1.27461933127282e-89, "CLS": 0.0648698864509374, "steps": 40, "path_length_cm": 7246.024165297418, "cumulative_reward": 2180.797347010546, "ended_reason": "max_steps", "metrics": {"SR": 0.0, "SPL": 0.0, "SoftSPL": 0.36948776288159485, "PLR": 0.9634671091691843, "nDTW": 1.27461933127282e-89, "CLS": 0.0648698864509374, "path_length_cm": 7246.024165297418, "cumulative_reward": 2180.797347010546}, "token_totals": {"input": 118911, "output": 4664, "calls": 40}, "finished_at": "2026-04-22T23:15:40.431599+00:00"}