{"episode_id": "map_53_courtyard_sanny_big_remix_on_0008", "episode_idx": 8, "agent_name": "GhostAgent_8", "SR": 0.0, "SPL": 0.0, "SoftSPL": 0.9078089174006417, "PLR": 0.7393548916095971, "nDTW": 1.1112998841883026e-05, "CLS": 0.08124095406899759, "steps": 40, "path_length_cm": 4609.537645935698, "cumulative_reward": 850.4627404222282, "ended_reason": "max_steps", "metrics": {"SR": 0.0, "SPL": 0.0, "SoftSPL": 0.9078089174006417, "PLR": 0.7393548916095971, "nDTW": 1.1112998841883026e-05, "CLS": 0.08124095406899759, "path_length_cm": 4609.537645935698, "cumulative_reward": 850.4627404222282}, "token_totals": {"input": 121598, "output": 5865, "calls": 40}, "finished_at": "2026-04-23T14:20:55.448885+00:00"}