{"episode_id": "map_05_middleeast_native_pn_0013", "episode_idx": 4, "agent_name": "GhostAgent_4", "SR": 0.0, "SPL": 0.0, "SoftSPL": 0.39106946405595766, "PLR": 0.0, "nDTW": 0.0002846599861464876, "CLS": 0.05472222867639922, "steps": 40, "path_length_cm": 0.0, "cumulative_reward": -0.4000000000000002, "ended_reason": "max_steps", "metrics": {"SR": 0.0, "SPL": 0.0, "SoftSPL": 0.39106946405595766, "PLR": 0.0, "nDTW": 0.0002846599861464876, "CLS": 0.05472222867639922, "path_length_cm": 0.0, "cumulative_reward": -0.4000000000000002}, "token_totals": {"input": 474139, "output": 6722, "calls": 40}, "finished_at": "2026-04-22T19:35:51.534656+00:00"}