{"episode_id": "map_53_courtyard_sanny_big_remix_obj_pn_0013", "episode_idx": 8, "agent_name": "GhostAgent_8", "SR": 0.0, "SPL": 0.0, "SoftSPL": 0.6620417494606861, "PLR": 0.4045850584728156, "nDTW": 3.986383061533609e-12, "CLS": 0.10146243196061429, "steps": 40, "path_length_cm": 2023.2651438131954, "cumulative_reward": 562.0429075837143, "ended_reason": "max_steps", "metrics": {"SR": 0.0, "SPL": 0.0, "SoftSPL": 0.6620417494606861, "PLR": 0.4045850584728156, "nDTW": 3.986383061533609e-12, "CLS": 0.10146243196061429, "path_length_cm": 2023.2651438131954, "cumulative_reward": 562.0429075837143}, "token_totals": {"input": 112178, "output": 4540, "calls": 40}, "finished_at": "2026-04-23T17:05:53.220549+00:00"}