{"episode_id": "map_59_B10_market_plaza_obj_pn_0012", "episode_idx": 8, "agent_name": "GhostAgent_8", "SR": 0.0, "SPL": 0.0, "SoftSPL": 0.01143151850447166, "PLR": 0.0, "nDTW": 7.398373003218137e-11, "CLS": 0.1666666666666716, "steps": 40, "path_length_cm": 0.0, "cumulative_reward": -0.4000000000000002, "ended_reason": "max_steps", "metrics": {"SR": 0.0, "SPL": 0.0, "SoftSPL": 0.01143151850447166, "PLR": 0.0, "nDTW": 7.398373003218137e-11, "CLS": 0.1666666666666716, "path_length_cm": 0.0, "cumulative_reward": -0.4000000000000002}, "token_totals": {"input": 107708, "output": 2605, "calls": 40}, "finished_at": "2026-04-23T04:27:10.914779+00:00"}