{"episode_id": "map_59_B10_market_plaza_pn_0000", "episode_idx": 0, "agent_name": "GhostAgent_0", "SR": 0.0, "SPL": 0.0, "SoftSPL": 0.0, "PLR": 4.252999308854522, "nDTW": 0.0, "CLS": 0.05878204576288985, "steps": 40, "path_length_cm": 22092.289969830996, "cumulative_reward": -18914.025613023263, "ended_reason": "max_steps", "metrics": {"SR": 0.0, "SPL": 0.0, "SoftSPL": 0.0, "PLR": 4.252999308854522, "nDTW": 0.0, "CLS": 0.05878204576288985, "path_length_cm": 22092.289969830996, "cumulative_reward": -18914.025613023263}, "token_totals": {"input": 133547, "output": 7309, "calls": 40}, "finished_at": "2026-04-23T19:32:42.152212+00:00"}