{"episode_id": "map_62_trainstation_cross_remix_obj_on_0009", "episode_idx": 4, "agent_name": "GhostAgent_4", "SR": 0.0, "SPL": 0.0, "SoftSPL": 0.0, "PLR": 9.118046496449004, "nDTW": 2.032167585280788e-247, "CLS": 0.01221056155530273, "steps": 24, "path_length_cm": 54091.99021599903, "cumulative_reward": -41138.15767668445, "ended_reason": "step_error", "metrics": {"SR": 0.0, "SPL": 0.0, "SoftSPL": 0.0, "PLR": 9.118046496449004, "nDTW": 2.032167585280788e-247, "CLS": 0.01221056155530273, "path_length_cm": 54091.99021599903, "cumulative_reward": -41138.15767668445}, "token_totals": {"input": 67266, "output": 2722, "calls": 24}, "finished_at": "2026-04-23T19:24:19.241074+00:00"}