{"episode_id": "map_57_gothic_day_invasion_obj_on_0019", "episode_idx": 6, "agent_name": "GhostAgent_6", "SR": 0.0, "SPL": 0.0, "SoftSPL": 0.030666397516514787, "PLR": 0.0, "nDTW": 1.733734116966722e-09, "CLS": 0.06250054147730777, "steps": 40, "path_length_cm": 0.0, "cumulative_reward": -0.4000000000000002, "ended_reason": "max_steps", "metrics": {"SR": 0.0, "SPL": 0.0, "SoftSPL": 0.030666397516514787, "PLR": 0.0, "nDTW": 1.733734116966722e-09, "CLS": 0.06250054147730777, "path_length_cm": 0.0, "cumulative_reward": -0.4000000000000002}, "token_totals": {"input": 117761, "output": 4585, "calls": 40}, "finished_at": "2026-04-23T15:39:02.029355+00:00"}