{"episode_id": "map_36_dungeon_native_pn_0017", "episode_idx": 1, "agent_name": "GhostAgent_1", "SR": 0.0, "SPL": 0.0, "SoftSPL": 0.0, "PLR": 0.20833494458176352, "nDTW": 0.0015546686488717844, "CLS": 0.31580638582669335, "steps": 3, "path_length_cm": 398.67600000000016, "cumulative_reward": -355.6814766191774, "ended_reason": "no_tool_call", "metrics": {"SR": 0.0, "SPL": 0.0, "SoftSPL": 0.0, "PLR": 0.20833494458176352, "nDTW": 0.0015546686488717844, "CLS": 0.31580638582669335, "path_length_cm": 398.67600000000016, "cumulative_reward": -355.6814766191774}, "token_totals": {"input": 3928, "output": 707, "calls": 3}, "finished_at": "2026-04-23T18:51:41.207461+00:00"}