{"episode_id": "map_49_courtyard_sunny_packed_pn_0008", "episode_idx": 8, "agent_name": "GhostAgent_8", "SR": 0.0, "SPL": 0.0, "SoftSPL": 0.13441164604568412, "PLR": 0.2725789370146791, "nDTW": 7.495358785579825e-10, "CLS": 0.18083188350182086, "steps": 40, "path_length_cm": 651.1720000024774, "cumulative_reward": 264.82891908087413, "ended_reason": "max_steps", "metrics": {"SR": 0.0, "SPL": 0.0, "SoftSPL": 0.13441164604568412, "PLR": 0.2725789370146791, "nDTW": 7.495358785579825e-10, "CLS": 0.18083188350182086, "path_length_cm": 651.1720000024774, "cumulative_reward": 264.82891908087413}, "token_totals": {"input": 127270, "output": 7822, "calls": 40}, "finished_at": "2026-04-23T01:33:00.524322+00:00"}