{"episode_id": "map_05_middleeast_native_on_0017", "episode_idx": 1, "agent_name": "GhostAgent_1", "SR": 0.0, "SPL": 0.0, "SoftSPL": 0.11059148768419347, "PLR": 0.06527100006678462, "nDTW": 2.3679544837409516e-06, "CLS": 0.2047435261545377, "steps": 40, "path_length_cm": 349.9485087280637, "cumulative_reward": 14.909284787823347, "ended_reason": "max_steps", "metrics": {"SR": 0.0, "SPL": 0.0, "SoftSPL": 0.11059148768419347, "PLR": 0.06527100006678462, "nDTW": 2.3679544837409516e-06, "CLS": 0.2047435261545377, "path_length_cm": 349.9485087280637, "cumulative_reward": 14.909284787823347}, "token_totals": {"input": 428849, "output": 5109, "calls": 40}, "finished_at": "2026-04-22T21:47:32.324041+00:00"}