{"episode_id": "map_04_courtyard_remix_pn_0001", "episode_idx": 1, "agent_name": "GhostAgent_1", "SR": 0.0, "SPL": 0.0, "SoftSPL": 0.9509182556270549, "PLR": 0.3079122962922304, "nDTW": 7.731422742562128e-06, "CLS": 0.11661018600965117, "steps": 40, "path_length_cm": 2321.658714043417, "cumulative_reward": 725.2987902378671, "ended_reason": "max_steps", "metrics": {"SR": 0.0, "SPL": 0.0, "SoftSPL": 0.9509182556270549, "PLR": 0.3079122962922304, "nDTW": 7.731422742562128e-06, "CLS": 0.11661018600965117, "path_length_cm": 2321.658714043417, "cumulative_reward": 725.2987902378671}, "token_totals": {"input": 518380, "output": 8882, "calls": 40}, "finished_at": "2026-04-22T20:02:34.228786+00:00"}