{"episode_id": "map_53_courtyard_sanny_big_remix_pn_0005", "episode_idx": 2, "agent_name": "GhostAgent_2", "SR": 0.0, "SPL": 0.0, "SoftSPL": 2.7690913081412916e-06, "PLR": 0.0, "nDTW": 0.017857372096057946, "CLS": 0.25007972143454427, "steps": 40, "path_length_cm": 0.0, "cumulative_reward": -0.4000000000000002, "ended_reason": "max_steps", "metrics": {"SR": 0.0, "SPL": 0.0, "SoftSPL": 2.7690913081412916e-06, "PLR": 0.0, "nDTW": 0.017857372096057946, "CLS": 0.25007972143454427, "path_length_cm": 0.0, "cumulative_reward": -0.4000000000000002}, "token_totals": {"input": 113233, "output": 4294, "calls": 40}, "finished_at": "2026-04-23T19:11:53.875057+00:00"}