{"episode_id": "map_19_wintertown_demo02_native_obj_on_0005", "episode_idx": 5, "agent_name": "GhostAgent_5", "SR": 0.0, "SPL": 0.0, "SoftSPL": 0.13747569251867955, "PLR": 1.6107289857161524, "nDTW": 5.819162999722973e-63, "CLS": 0.021195055952278, "steps": 40, "path_length_cm": 9758.021697526452, "cumulative_reward": 1317.7634491295612, "ended_reason": "max_steps", "metrics": {"SR": 0.0, "SPL": 0.0, "SoftSPL": 0.13747569251867955, "PLR": 1.6107289857161524, "nDTW": 5.819162999722973e-63, "CLS": 0.021195055952278, "path_length_cm": 9758.021697526452, "cumulative_reward": 1317.7634491295612}, "token_totals": {"input": 116121, "output": 4452, "calls": 40}, "finished_at": "2026-04-23T00:19:58.727649+00:00"}