{"episode_id": "map_08_cave_remix_on_0018", "episode_idx": 8, "agent_name": "GhostAgent_8", "SR": 0.0, "SPL": 0.0, "SoftSPL": 0.101299579787695, "PLR": 8.420544630106277e-06, "nDTW": 0.0004689698589907241, "CLS": 0.10669546028949725, "steps": 40, "path_length_cm": 0.057008771254745516, "cumulative_reward": -0.45664247292406823, "ended_reason": "max_steps", "metrics": {"SR": 0.0, "SPL": 0.0, "SoftSPL": 0.101299579787695, "PLR": 8.420544630106277e-06, "nDTW": 0.0004689698589907241, "CLS": 0.10669546028949725, "path_length_cm": 0.057008771254745516, "cumulative_reward": -0.45664247292406823}, "token_totals": {"input": 36798, "output": 2890, "calls": 40}, "finished_at": "2026-04-23T14:56:21.005032+00:00"}