{"episode_id": "map_36_dungeon_native_obj_pn_0002", "episode_idx": 2, "agent_name": "GhostAgent_2", "SR": 0.0, "SPL": 0.0, "SoftSPL": 0.2241247075636131, "PLR": 2.6923867139792654, "nDTW": 1.3628037275204189e-12, "CLS": 0.3122485075391418, "steps": 40, "path_length_cm": 3015.4461957896374, "cumulative_reward": 1098.1428937035778, "ended_reason": "max_steps", "metrics": {"SR": 0.0, "SPL": 0.0, "SoftSPL": 0.2241247075636131, "PLR": 2.6923867139792654, "nDTW": 1.3628037275204189e-12, "CLS": 0.3122485075391418, "path_length_cm": 3015.4461957896374, "cumulative_reward": 1098.1428937035778}, "token_totals": {"input": 115044, "output": 5663, "calls": 40}, "finished_at": "2026-04-23T01:20:30.557747+00:00"}