{
  "map": "map_68_B13_suburban_park",
  "n": 40,
  "SR": 0.1,
  "SPL": 0.07586795713702735,
  "SoftSPL": 0.2518235158081953,
  "nDTW": 0.0001366446760439844,
  "avg_steps": 37.025
}