{"episode_id": "map_22_containeryard_demo_native_obj_pn_0001", "episode_idx": 0, "agent_name": "GhostAgent_0", "SR": 0.0, "SPL": 0.0, "SoftSPL": 0.33784457381169686, "PLR": 2.41793780788412, "nDTW": 1.4226870432997817e-116, "CLS": 0.10900259577402231, "steps": 40, "path_length_cm": 12773.626927758702, "cumulative_reward": 4121.861849906789, "ended_reason": "max_steps", "metrics": {"SR": 0.0, "SPL": 0.0, "SoftSPL": 0.33784457381169686, "PLR": 2.41793780788412, "nDTW": 1.4226870432997817e-116, "CLS": 0.10900259577402231, "path_length_cm": 12773.626927758702, "cumulative_reward": 4121.861849906789}, "token_totals": {"input": 119838, "output": 4703, "calls": 40}, "finished_at": "2026-04-23T00:19:23.153491+00:00"}