{"episode_id": "map_06_hwaseong_native_on_0019", "episode_idx": 4, "agent_name": "GhostAgent_4", "SR": 0.0, "SPL": 0.0, "SoftSPL": 0.0, "PLR": 0.6996149822094843, "nDTW": 2.0871801223730367e-27, "CLS": 0.057179810647809345, "steps": 40, "path_length_cm": 1979.1967923709867, "cumulative_reward": -111.20140676840991, "ended_reason": "max_steps", "metrics": {"SR": 0.0, "SPL": 0.0, "SoftSPL": 0.0, "PLR": 0.6996149822094843, "nDTW": 2.0871801223730367e-27, "CLS": 0.057179810647809345, "path_length_cm": 1979.1967923709867, "cumulative_reward": -111.20140676840991}, "token_totals": {"input": 127969, "output": 7518, "calls": 40}, "finished_at": "2026-04-23T13:55:46.453469+00:00"}