{"episode_id": "map_47_wintertown_demo01_minimal_on_0015", "episode_idx": 5, "agent_name": "GhostAgent_5", "SR": 0.0, "SPL": 0.0, "SoftSPL": 0.0, "PLR": 0.5405096253829896, "nDTW": 7.45059316203103e-71, "CLS": 0.1156323236916191, "steps": 40, "path_length_cm": 3382.2119553527887, "cumulative_reward": -1877.9345860398162, "ended_reason": "max_steps", "metrics": {"SR": 0.0, "SPL": 0.0, "SoftSPL": 0.0, "PLR": 0.5405096253829896, "nDTW": 7.45059316203103e-71, "CLS": 0.1156323236916191, "path_length_cm": 3382.2119553527887, "cumulative_reward": -1877.9345860398162}, "token_totals": {"input": 130498, "output": 7934, "calls": 40}, "finished_at": "2026-04-23T01:44:15.742979+00:00"}