{"episode_id": "map_15_middleeast_remix_on_0008", "episode_idx": 8, "agent_name": "GhostAgent_8", "SR": 0.0, "SPL": 0.0, "SoftSPL": 0.711034271259424, "PLR": 0.29627877686775933, "nDTW": 4.277579355360356e-06, "CLS": 0.12241074727223941, "steps": 40, "path_length_cm": 818.6389999999999, "cumulative_reward": 806.5930853673929, "ended_reason": "max_steps", "metrics": {"SR": 0.0, "SPL": 0.0, "SoftSPL": 0.711034271259424, "PLR": 0.29627877686775933, "nDTW": 4.277579355360356e-06, "CLS": 0.12241074727223941, "path_length_cm": 818.6389999999999, "cumulative_reward": 806.5930853673929}, "token_totals": {"input": 35197, "output": 2627, "calls": 40}, "finished_at": "2026-04-23T14:46:14.783772+00:00"}