{"episode_id": "map_23_containeryard_demo_remix_pn_0019", "episode_idx": 0, "agent_name": "GhostAgent_0", "SR": 0.0, "SPL": 0.0, "SoftSPL": 0.004274424663965881, "PLR": 0.0, "nDTW": 9.673052126988336e-08, "CLS": 0.16666666896651217, "steps": 0, "path_length_cm": 0.0, "cumulative_reward": 0.0, "ended_reason": "spawn_blocked", "metrics": {"SR": 0.0, "SPL": 0.0, "SoftSPL": 0.004274424663965881, "PLR": 0.0, "nDTW": 9.673052126988336e-08, "CLS": 0.16666666896651217, "path_length_cm": 0.0, "cumulative_reward": 0.0}, "token_totals": {"input": 0, "output": 0, "calls": 0}, "finished_at": "2026-04-23T18:12:43.544240+00:00"}