{"episode_id": "map_47_wintertown_demo01_minimal_pn_0003", "episode_idx": 3, "agent_name": "GhostAgent_3", "SR": 0.0, "SPL": 0.0, "SoftSPL": 0.0, "PLR": 0.07774812308793079, "nDTW": 8.449188625884042e-23, "CLS": 0.271075620730758, "steps": 40, "path_length_cm": 385.0024856815862, "cumulative_reward": -363.66252244472344, "ended_reason": "max_steps", "metrics": {"SR": 0.0, "SPL": 0.0, "SoftSPL": 0.0, "PLR": 0.07774812308793079, "nDTW": 8.449188625884042e-23, "CLS": 0.271075620730758, "path_length_cm": 385.0024856815862, "cumulative_reward": -363.66252244472344}, "token_totals": {"input": 113515, "output": 4223, "calls": 40}, "finished_at": "2026-04-23T01:22:40.671732+00:00"}