{"episode_id": "map_58_dungeon_library_on_0007", "episode_idx": 7, "agent_name": "GhostAgent_7", "SR": 0.0, "SPL": 0.0, "SoftSPL": 0.19269098962633024, "PLR": 0.904661173828546, "nDTW": 3.1842826485728433e-46, "CLS": 0.12291274669333391, "steps": 40, "path_length_cm": 1957.6144072710674, "cumulative_reward": 367.97963796034486, "ended_reason": "max_steps", "metrics": {"SR": 0.0, "SPL": 0.0, "SoftSPL": 0.19269098962633024, "PLR": 0.904661173828546, "nDTW": 3.1842826485728433e-46, "CLS": 0.12291274669333391, "path_length_cm": 1957.6144072710674, "cumulative_reward": 367.97963796034486}, "token_totals": {"input": 114703, "output": 4220, "calls": 40}, "finished_at": "2026-04-23T02:27:47.693128+00:00"}