{"episode_id": "map_31_gothic_day_remix_pn_0003", "episode_idx": 3, "agent_name": "GhostAgent_3", "SR": 0.0, "SPL": 0.0, "SoftSPL": 0.002064956891212333, "PLR": 0.07313680497565428, "nDTW": 8.645609630621143e-15, "CLS": 0.10675799149568008, "steps": 40, "path_length_cm": 398.0690021214911, "cumulative_reward": -346.54813850595474, "ended_reason": "max_steps", "metrics": {"SR": 0.0, "SPL": 0.0, "SoftSPL": 0.002064956891212333, "PLR": 0.07313680497565428, "nDTW": 8.645609630621143e-15, "CLS": 0.10675799149568008, "path_length_cm": 398.0690021214911, "cumulative_reward": -346.54813850595474}, "token_totals": {"input": 109403, "output": 3102, "calls": 40}, "finished_at": "2026-04-23T00:28:54.986799+00:00"}