{"episode_id": "map_32_gothic_night_native_on_0007", "episode_idx": 7, "agent_name": "GhostAgent_7", "SR": 0.0, "SPL": 0.0, "SoftSPL": 0.6720545556067589, "PLR": 1.2595793389984227, "nDTW": 1.3265011822985823e-11, "CLS": 0.37035484652569156, "steps": 40, "path_length_cm": 1921.866155443793, "cumulative_reward": 1291.1691530383537, "ended_reason": "max_steps", "metrics": {"SR": 0.0, "SPL": 0.0, "SoftSPL": 0.6720545556067589, "PLR": 1.2595793389984227, "nDTW": 1.3265011822985823e-11, "CLS": 0.37035484652569156, "path_length_cm": 1921.866155443793, "cumulative_reward": 1291.1691530383537}, "token_totals": {"input": 127886, "output": 8562, "calls": 40}, "finished_at": "2026-04-23T01:12:41.474639+00:00"}