{"episode_id": "map_05_middleeast_native_obj_on_0014", "episode_idx": 5, "agent_name": "GhostAgent_5", "SR": 0.0, "SPL": 0.0, "SoftSPL": 0.46902920427390693, "PLR": 1.301240140803695, "nDTW": 3.0679659944116102e-46, "CLS": 0.05437761172900939, "steps": 40, "path_length_cm": 8312.452143468085, "cumulative_reward": 3731.500522887318, "ended_reason": "max_steps", "metrics": {"SR": 0.0, "SPL": 0.0, "SoftSPL": 0.46902920427390693, "PLR": 1.301240140803695, "nDTW": 3.0679659944116102e-46, "CLS": 0.05437761172900939, "path_length_cm": 8312.452143468085, "cumulative_reward": 3731.500522887318}, "token_totals": {"input": 131866, "output": 8845, "calls": 40}, "finished_at": "2026-04-22T22:51:30.503249+00:00"}