{"episode_id": "map_50_B9_sparse_wilderness_on_0019", "episode_idx": 9, "agent_name": "GhostAgent_9", "SR": 0.0, "SPL": 0.0, "SoftSPL": 0.0, "PLR": 0.18400004291135125, "nDTW": 8.904837763258232e-10, "CLS": 0.23020276299354678, "steps": 5, "path_length_cm": 1200.6149999999998, "cumulative_reward": -1013.2077615131248, "ended_reason": "no_tool_call", "metrics": {"SR": 0.0, "SPL": 0.0, "SoftSPL": 0.0, "PLR": 0.18400004291135125, "nDTW": 8.904837763258232e-10, "CLS": 0.23020276299354678, "path_length_cm": 1200.6149999999998, "cumulative_reward": -1013.2077615131248}, "token_totals": {"input": 9190, "output": 1127, "calls": 5}, "finished_at": "2026-04-23T14:32:20.934361+00:00"}