{"episode_id": "map_03_watertown_remix_on_0004", "episode_idx": 1, "agent_name": "GhostAgent_1", "SR": 0.0, "SPL": 0.0, "SoftSPL": 0.715348395851255, "PLR": 0.8086887607590746, "nDTW": 8.110097767988656e-13, "CLS": 0.3358827144093622, "steps": 40, "path_length_cm": 4696.654063410908, "cumulative_reward": 1829.7366872691882, "ended_reason": "max_steps", "metrics": {"SR": 0.0, "SPL": 0.0, "SoftSPL": 0.715348395851255, "PLR": 0.8086887607590746, "nDTW": 8.110097767988656e-13, "CLS": 0.3358827144093622, "path_length_cm": 4696.654063410908, "cumulative_reward": 1829.7366872691882}, "token_totals": {"input": 433117, "output": 4110, "calls": 40}, "finished_at": "2026-04-22T20:08:41.332020+00:00"}