{"episode_id": "map_59_B10_market_plaza_on_0017", "episode_idx": 7, "agent_name": "GhostAgent_7", "SR": 1.0, "SPL": 0.9928360577541647, "SoftSPL": 0.9646125080672546, "PLR": 1.007215634635632, "nDTW": 0.0010985104591939923, "CLS": 0.41575601634348697, "steps": 21, "path_length_cm": 4930.119088414492, "cumulative_reward": 4749.283155808763, "ended_reason": "success", "metrics": {"SR": 1.0, "SPL": 0.9928360577541647, "SoftSPL": 0.9646125080672546, "PLR": 1.007215634635632, "nDTW": 0.0010985104591939923, "CLS": 0.41575601634348697, "path_length_cm": 4930.119088414492, "cumulative_reward": 4749.283155808763}, "token_totals": {"input": 60771, "output": 4160, "calls": 21}, "finished_at": "2026-04-23T02:47:45.600495+00:00"}