{"episode_id": "map_57_gothic_day_invasion_on_0006", "episode_idx": 6, "agent_name": "GhostAgent_6", "SR": 1.0, "SPL": 0.570249952701609, "SoftSPL": 0.5518301947002511, "PLR": 1.7536169801723132, "nDTW": 8.575787870827659e-21, "CLS": 0.05741705779379696, "steps": 39, "path_length_cm": 10092.311227268887, "cumulative_reward": 4269.5980651410755, "ended_reason": "success", "metrics": {"SR": 1.0, "SPL": 0.570249952701609, "SoftSPL": 0.5518301947002511, "PLR": 1.7536169801723132, "nDTW": 8.575787870827659e-21, "CLS": 0.05741705779379696, "path_length_cm": 10092.311227268887, "cumulative_reward": 4269.5980651410755}, "token_totals": {"input": 111648, "output": 3803, "calls": 39}, "finished_at": "2026-04-23T14:56:00.463788+00:00"}