{
  "map": "map_36_dungeon_native",
  "n": 40,
  "SR": 0.125,
  "SPL": 0.08351260949092194,
  "SoftSPL": 0.18331288242220176,
  "nDTW": 0.00056885445926468,
  "avg_steps": 33.9
}