{"episode_id": "map_67_B12_construction_site_obj_pn_0001", "episode_idx": 1, "agent_name": "GhostAgent_1", "SR": 0.0, "SPL": 0.0, "SoftSPL": 0.2410119005935173, "PLR": 0.8576935435668237, "nDTW": 3.189250240773068e-05, "CLS": 0.04136940439119431, "steps": 11, "path_length_cm": 3816.9849999999997, "cumulative_reward": 704.7537651733028, "ended_reason": "no_tool_call", "metrics": {"SR": 0.0, "SPL": 0.0, "SoftSPL": 0.2410119005935173, "PLR": 0.8576935435668237, "nDTW": 3.189250240773068e-05, "CLS": 0.04136940439119431, "path_length_cm": 3816.9849999999997, "cumulative_reward": 704.7537651733028}, "token_totals": {"input": 27761, "output": 1857, "calls": 11}, "finished_at": "2026-04-23T05:57:20.825503+00:00"}