{"episode_id": "map_37_dungeon_remix_pn_0016", "episode_idx": 6, "agent_name": "GhostAgent_6", "SR": 0.0, "SPL": 0.0, "SoftSPL": 0.13313633452131723, "PLR": 0.5286211476665912, "nDTW": 5.106989803757045e-46, "CLS": 0.4741873969852497, "steps": 40, "path_length_cm": 1298.7270080102346, "cumulative_reward": 1192.3730348111608, "ended_reason": "max_steps", "metrics": {"SR": 0.0, "SPL": 0.0, "SoftSPL": 0.13313633452131723, "PLR": 0.5286211476665912, "nDTW": 5.106989803757045e-46, "CLS": 0.4741873969852497, "path_length_cm": 1298.7270080102346, "cumulative_reward": 1192.3730348111608}, "token_totals": {"input": 122601, "output": 5985, "calls": 40}, "finished_at": "2026-04-23T16:27:29.765185+00:00"}