{"episode_id": "map_03_watertown_remix_on_0017", "episode_idx": 3, "agent_name": "GhostAgent_3", "SR": 0.0, "SPL": 0.0, "SoftSPL": 0.2877650979044832, "PLR": 1.164895261108833, "nDTW": 6.191408624935876e-35, "CLS": 0.019409716173023804, "steps": 40, "path_length_cm": 7008.569040556072, "cumulative_reward": 1599.6747046340085, "ended_reason": "max_steps", "metrics": {"SR": 0.0, "SPL": 0.0, "SoftSPL": 0.2877650979044832, "PLR": 1.164895261108833, "nDTW": 6.191408624935876e-35, "CLS": 0.019409716173023804, "path_length_cm": 7008.569040556072, "cumulative_reward": 1599.6747046340085}, "token_totals": {"input": 472461, "output": 6015, "calls": 40}, "finished_at": "2026-04-22T20:58:26.983595+00:00"}