{"episode_id": "map_65_hwaseong_ceremonial_pn_0013", "episode_idx": 1, "agent_name": "GhostAgent_1", "SR": 0.0, "SPL": 0.0, "SoftSPL": 0.26826088328918085, "PLR": 0.03973223187023276, "nDTW": 5.768768645621233e-07, "CLS": 0.07040015398317628, "steps": 40, "path_length_cm": 203.2550000000001, "cumulative_reward": 193.4904121142431, "ended_reason": "max_steps", "metrics": {"SR": 0.0, "SPL": 0.0, "SoftSPL": 0.26826088328918085, "PLR": 0.03973223187023276, "nDTW": 5.768768645621233e-07, "CLS": 0.07040015398317628, "path_length_cm": 203.2550000000001, "cumulative_reward": 193.4904121142431}, "token_totals": {"input": 109113, "output": 4270, "calls": 40}, "finished_at": "2026-04-23T13:35:17.054840+00:00"}