{"episode_id": "map_40_B2_open_plaza_obj_on_0016", "episode_idx": 6, "agent_name": "GhostAgent_6", "SR": 0.0, "SPL": 0.0, "SoftSPL": 0.0, "PLR": 0.8969230609482045, "nDTW": 1.2330813596238946e-07, "CLS": 0.06968392971903917, "steps": 10, "path_length_cm": 2404.8390802449353, "cumulative_reward": -324.8127608246243, "ended_reason": "no_tool_call", "metrics": {"SR": 0.0, "SPL": 0.0, "SoftSPL": 0.0, "PLR": 0.8969230609482045, "nDTW": 1.2330813596238946e-07, "CLS": 0.06968392971903917, "path_length_cm": 2404.8390802449353, "cumulative_reward": -324.8127608246243}, "token_totals": {"input": 26103, "output": 2068, "calls": 10}, "finished_at": "2026-04-23T02:11:58.313561+00:00"}