{"episode_id": "map_65_hwaseong_ceremonial_pn_0012", "episode_idx": 0, "agent_name": "GhostAgent_0", "SR": 0.0, "SPL": 0.0, "SoftSPL": 0.08829215795433953, "PLR": 0.443405654408113, "nDTW": 4.82907610249532e-08, "CLS": 0.02979946315386887, "steps": 18, "path_length_cm": 2157.5853100106133, "cumulative_reward": 234.46994955559708, "ended_reason": "no_tool_call", "metrics": {"SR": 0.0, "SPL": 0.0, "SoftSPL": 0.08829215795433953, "PLR": 0.443405654408113, "nDTW": 4.82907610249532e-08, "CLS": 0.02979946315386887, "path_length_cm": 2157.5853100106133, "cumulative_reward": 234.46994955559708}, "token_totals": {"input": 53667, "output": 3739, "calls": 18}, "finished_at": "2026-04-23T13:35:16.986845+00:00"}