{"episode_id": "map_13_watertown_native_on_0019", "episode_idx": 9, "agent_name": "GhostAgent_9", "SR": 0.0, "SPL": 0.0, "SoftSPL": 0.21623649171523845, "PLR": 2.336639395547558, "nDTW": 3.515327478569279e-85, "CLS": 0.047551768646747344, "steps": 40, "path_length_cm": 13571.692303613283, "cumulative_reward": 2910.7642428207096, "ended_reason": "max_steps", "metrics": {"SR": 0.0, "SPL": 0.0, "SoftSPL": 0.21623649171523845, "PLR": 2.336639395547558, "nDTW": 3.515327478569279e-85, "CLS": 0.047551768646747344, "path_length_cm": 13571.692303613283, "cumulative_reward": 2910.7642428207096}, "token_totals": {"input": 123838, "output": 6090, "calls": 40}, "finished_at": "2026-04-23T17:07:00.135931+00:00"}