{"episode_id": "map_19_wintertown_demo02_native_obj_on_0012", "episode_idx": 2, "agent_name": "GhostAgent_2", "SR": 0.0, "SPL": 0.0, "SoftSPL": 0.3698115276470655, "PLR": 1.7838594141778448, "nDTW": 6.866020972964644e-184, "CLS": 0.1401460629343022, "steps": 40, "path_length_cm": 13898.726562436976, "cumulative_reward": 5139.472713170509, "ended_reason": "max_steps", "metrics": {"SR": 0.0, "SPL": 0.0, "SoftSPL": 0.3698115276470655, "PLR": 1.7838594141778448, "nDTW": 6.866020972964644e-184, "CLS": 0.1401460629343022, "path_length_cm": 13898.726562436976, "cumulative_reward": 5139.472713170509}, "token_totals": {"input": 121924, "output": 5887, "calls": 40}, "finished_at": "2026-04-23T00:41:02.975890+00:00"}