{"episode_id": "map_26_courtyard_overcast_native_obj_pn_0013", "episode_idx": 4, "agent_name": "GhostAgent_4", "SR": 0.0, "SPL": 0.0, "SoftSPL": 4.088338524388391e-07, "PLR": 0.0, "nDTW": 0.001434882487313472, "CLS": 0.2500005147219381, "steps": 0, "path_length_cm": 0.0, "cumulative_reward": 0.0, "ended_reason": "spawn_blocked", "metrics": {"SR": 0.0, "SPL": 0.0, "SoftSPL": 4.088338524388391e-07, "PLR": 0.0, "nDTW": 0.001434882487313472, "CLS": 0.2500005147219381, "path_length_cm": 0.0, "cumulative_reward": 0.0}, "token_totals": {"input": 0, "output": 0, "calls": 0}, "finished_at": "2026-04-23T18:44:24.134528+00:00"}