{"episode_id": "map_47_wintertown_demo01_minimal_obj_pn_0010", "episode_idx": 9, "agent_name": "GhostAgent_9", "SR": 0.0, "SPL": 0.0, "SoftSPL": 0.3529305576959527, "PLR": 1.3335066922071077, "nDTW": 9.740888768139977e-29, "CLS": 0.010662927476860352, "steps": 40, "path_length_cm": 9389.1939496964, "cumulative_reward": 2666.733447958265, "ended_reason": "max_steps", "metrics": {"SR": 0.0, "SPL": 0.0, "SoftSPL": 0.3529305576959527, "PLR": 1.3335066922071077, "nDTW": 9.740888768139977e-29, "CLS": 0.010662927476860352, "path_length_cm": 9389.1939496964, "cumulative_reward": 2666.733447958265}, "token_totals": {"input": 134162, "output": 9300, "calls": 40}, "finished_at": "2026-04-23T02:15:46.729874+00:00"}