{"episode_id": "map_68_B13_suburban_park_obj_pn_0010", "episode_idx": 0, "agent_name": "GhostAgent_0", "SR": 0.0, "SPL": 0.0, "SoftSPL": 0.10661683009864487, "PLR": 0.08045596175489513, "nDTW": 3.688553306473059e-11, "CLS": 0.09958092370241607, "steps": 40, "path_length_cm": 395.326, "cumulative_reward": 364.9804571324339, "ended_reason": "max_steps", "metrics": {"SR": 0.0, "SPL": 0.0, "SoftSPL": 0.10661683009864487, "PLR": 0.08045596175489513, "nDTW": 3.688553306473059e-11, "CLS": 0.09958092370241607, "path_length_cm": 395.326, "cumulative_reward": 364.9804571324339}, "token_totals": {"input": 114794, "output": 5968, "calls": 40}, "finished_at": "2026-04-23T05:49:04.722709+00:00"}