{"episode_id": "map_65_hwaseong_ceremonial_pn_0016", "episode_idx": 4, "agent_name": "GhostAgent_4", "SR": 0.0, "SPL": 0.0, "SoftSPL": 0.4651069845863835, "PLR": 0.12323740471272018, "nDTW": 2.6881047655206263e-11, "CLS": 0.1266270832679054, "steps": 40, "path_length_cm": 629.935388433352, "cumulative_reward": 465.0539014675046, "ended_reason": "max_steps", "metrics": {"SR": 0.0, "SPL": 0.0, "SoftSPL": 0.4651069845863835, "PLR": 0.12323740471272018, "nDTW": 2.6881047655206263e-11, "CLS": 0.1266270832679054, "path_length_cm": 629.935388433352, "cumulative_reward": 465.0539014675046}, "token_totals": {"input": 110914, "output": 3630, "calls": 40}, "finished_at": "2026-04-23T13:35:17.265543+00:00"}