{"episode_id": "map_47_wintertown_demo01_minimal_obj_on_0014", "episode_idx": 4, "agent_name": "GhostAgent_4", "SR": 0.0, "SPL": 0.0, "SoftSPL": 0.14466118114878335, "PLR": 0.9553302215116728, "nDTW": 5.705029491670971e-67, "CLS": 0.04187033896151056, "steps": 40, "path_length_cm": 7041.184971234064, "cumulative_reward": 615.4389940953532, "ended_reason": "max_steps", "metrics": {"SR": 0.0, "SPL": 0.0, "SoftSPL": 0.14466118114878335, "PLR": 0.9553302215116728, "nDTW": 5.705029491670971e-67, "CLS": 0.04187033896151056, "path_length_cm": 7041.184971234064, "cumulative_reward": 615.4389940953532}, "token_totals": {"input": 137104, "output": 10036, "calls": 40}, "finished_at": "2026-04-23T02:13:36.161347+00:00"}