{"episode_id": "map_01_wintertown_native_on_0006", "episode_idx": 1, "agent_name": "GhostAgent_1", "SR": 0.0, "SPL": 0.0, "SoftSPL": 0.7478073042628548, "PLR": 1.130430536430888, "nDTW": 3.497084610992958e-18, "CLS": 0.14340053457456928, "steps": 40, "path_length_cm": 6897.615829972536, "cumulative_reward": 5043.806939537764, "ended_reason": "max_steps", "metrics": {"SR": 0.0, "SPL": 0.0, "SoftSPL": 0.7478073042628548, "PLR": 1.130430536430888, "nDTW": 3.497084610992958e-18, "CLS": 0.14340053457456928, "path_length_cm": 6897.615829972536, "cumulative_reward": 5043.806939537764}, "token_totals": {"input": 482825, "output": 6628, "calls": 40}, "finished_at": "2026-04-22T20:57:49.965501+00:00"}