{"episode_id": "map_40_B2_open_plaza_on_0013", "episode_idx": 3, "agent_name": "GhostAgent_3", "SR": 0.0, "SPL": 0.0, "SoftSPL": 0.0, "PLR": 3.6427191585946512, "nDTW": 1.641904137073092e-185, "CLS": 0.06863007210424307, "steps": 40, "path_length_cm": 14450.994746869255, "cumulative_reward": -5549.442142596948, "ended_reason": "max_steps", "metrics": {"SR": 0.0, "SPL": 0.0, "SoftSPL": 0.0, "PLR": 3.6427191585946512, "nDTW": 1.641904137073092e-185, "CLS": 0.06863007210424307, "path_length_cm": 14450.994746869255, "cumulative_reward": -5549.442142596948}, "token_totals": {"input": 135423, "output": 8514, "calls": 40}, "finished_at": "2026-04-23T01:40:54.875215+00:00"}