{"episode_id": "map_45_B7_park_with_paths_obj_on_0002", "episode_idx": 2, "agent_name": "GhostAgent_2", "SR": 0.0, "SPL": 0.0, "SoftSPL": 0.0, "PLR": 0.1826414425857514, "nDTW": 8.378744783573256e-05, "CLS": 0.2303903035639278, "steps": 4, "path_length_cm": 800.716522025767, "cumulative_reward": -130.45369306409182, "ended_reason": "no_tool_call", "metrics": {"SR": 0.0, "SPL": 0.0, "SoftSPL": 0.0, "PLR": 0.1826414425857514, "nDTW": 8.378744783573256e-05, "CLS": 0.2303903035639278, "path_length_cm": 800.716522025767, "cumulative_reward": -130.45369306409182}, "token_totals": {"input": 6270, "output": 917, "calls": 4}, "finished_at": "2026-04-23T14:26:19.757640+00:00"}