{"episode_id": "map_09b_wintertown_demo02_obj_pn_0011", "episode_idx": 8, "agent_name": "GhostAgent_8", "SR": 0.0, "SPL": 0.0, "SoftSPL": 0.8329508839869618, "PLR": 1.0737544791533047, "nDTW": 1.2596283986985246e-16, "CLS": 0.29617360096732515, "steps": 40, "path_length_cm": 8419.57730966085, "cumulative_reward": 6817.80172021546, "ended_reason": "max_steps", "metrics": {"SR": 0.0, "SPL": 0.0, "SoftSPL": 0.8329508839869618, "PLR": 1.0737544791533047, "nDTW": 1.2596283986985246e-16, "CLS": 0.29617360096732515, "path_length_cm": 8419.57730966085, "cumulative_reward": 6817.80172021546}, "token_totals": {"input": 113410, "output": 4712, "calls": 40}, "finished_at": "2026-04-23T12:52:26.892241+00:00"}