{"episode_id": "map_68_B13_suburban_park_pn_0002", "episode_idx": 2, "agent_name": "GhostAgent_2", "SR": 0.0, "SPL": 0.0, "SoftSPL": 0.2920663864484912, "PLR": 1.7125366377432925, "nDTW": 1.2982501804789876e-108, "CLS": 0.14598235195539858, "steps": 40, "path_length_cm": 10410.61297303974, "cumulative_reward": 3040.186524664252, "ended_reason": "max_steps", "metrics": {"SR": 0.0, "SPL": 0.0, "SoftSPL": 0.2920663864484912, "PLR": 1.7125366377432925, "nDTW": 1.2982501804789876e-108, "CLS": 0.14598235195539858, "path_length_cm": 10410.61297303974, "cumulative_reward": 3040.186524664252}, "token_totals": {"input": 126356, "output": 6856, "calls": 40}, "finished_at": "2026-04-23T05:01:21.360265+00:00"}