{"episode_id": "map_13_watertown_native_pn_0010", "episode_idx": 0, "agent_name": "GhostAgent_0", "SR": 1.0, "SPL": 0.20378092138715628, "SoftSPL": 0.18662368886957606, "PLR": 4.907230731870795, "nDTW": 2.9093993071628868e-71, "CLS": 0.11048165884779954, "steps": 39, "path_length_cm": 8736.19565502762, "cumulative_reward": 1632.4908836745544, "ended_reason": "success", "metrics": {"SR": 1.0, "SPL": 0.20378092138715628, "SoftSPL": 0.18662368886957606, "PLR": 4.907230731870795, "nDTW": 2.9093993071628868e-71, "CLS": 0.11048165884779954, "path_length_cm": 8736.19565502762, "cumulative_reward": 1632.4908836745544}, "token_totals": {"input": 117564, "output": 5277, "calls": 39}, "finished_at": "2026-04-23T18:23:08.585332+00:00"}