{"episode_id": "map_08_cave_remix_on_0011", "episode_idx": 1, "agent_name": "GhostAgent_1", "SR": 0.0, "SPL": 0.0, "SoftSPL": 0.024454334019412216, "PLR": 5.1999187608975624e-05, "nDTW": 0.05521369645268229, "CLS": 0.12040075537838146, "steps": 40, "path_length_cm": 0.06412487816751265, "cumulative_reward": -0.33612928817628945, "ended_reason": "max_steps", "metrics": {"SR": 0.0, "SPL": 0.0, "SoftSPL": 0.024454334019412216, "PLR": 5.1999187608975624e-05, "nDTW": 0.05521369645268229, "CLS": 0.12040075537838146, "path_length_cm": 0.06412487816751265, "cumulative_reward": -0.33612928817628945}, "token_totals": {"input": 35523, "output": 2456, "calls": 40}, "finished_at": "2026-04-23T14:56:21.002443+00:00"}