{"episode_id": "map_45_B7_park_with_paths_pn_0016", "episode_idx": 6, "agent_name": "GhostAgent_6", "SR": 0.0, "SPL": 0.0, "SoftSPL": 0.0, "PLR": 3.268533501108368, "nDTW": 1.3533655304351897e-72, "CLS": 0.03399417855496707, "steps": 27, "path_length_cm": 24729.13613335571, "cumulative_reward": -10670.806971180762, "ended_reason": "no_tool_call", "metrics": {"SR": 0.0, "SPL": 0.0, "SoftSPL": 0.0, "PLR": 3.268533501108368, "nDTW": 1.3533655304351897e-72, "CLS": 0.03399417855496707, "path_length_cm": 24729.13613335571, "cumulative_reward": -10670.806971180762}, "token_totals": {"input": 81428, "output": 4333, "calls": 27}, "finished_at": "2026-04-23T19:18:31.269038+00:00"}