{"episode_id": "map_67_B12_construction_site_pn_0013", "episode_idx": 3, "agent_name": "GhostAgent_3", "SR": 0.0, "SPL": 0.0, "SoftSPL": 0.0, "PLR": 1.7127979915813798, "nDTW": 4.658092831586627e-31, "CLS": 0.008488963533943293, "steps": 40, "path_length_cm": 9368.645326371916, "cumulative_reward": -1408.803940967884, "ended_reason": "max_steps", "metrics": {"SR": 0.0, "SPL": 0.0, "SoftSPL": 0.0, "PLR": 1.7127979915813798, "nDTW": 4.658092831586627e-31, "CLS": 0.008488963533943293, "path_length_cm": 9368.645326371916, "cumulative_reward": -1408.803940967884}, "token_totals": {"input": 123425, "output": 6047, "calls": 40}, "finished_at": "2026-04-23T05:39:06.655572+00:00"}