{"episode_id": "map_11_wintertown_demo01_remix_obj_on_0005", "episode_idx": 5, "agent_name": "GhostAgent_5", "SR": 0.0, "SPL": 0.0, "SoftSPL": 0.03022408414783473, "PLR": 0.1547053880322484, "nDTW": 1.5967442301853392e-20, "CLS": 0.21709647781374433, "steps": 40, "path_length_cm": 587.4720522981388, "cumulative_reward": -243.4398731930233, "ended_reason": "max_steps", "metrics": {"SR": 0.0, "SPL": 0.0, "SoftSPL": 0.03022408414783473, "PLR": 0.1547053880322484, "nDTW": 1.5967442301853392e-20, "CLS": 0.21709647781374433, "path_length_cm": 587.4720522981388, "cumulative_reward": -243.4398731930233}, "token_totals": {"input": 122432, "output": 7113, "calls": 40}, "finished_at": "2026-04-22T23:43:32.826260+00:00"}