{"episode_id": "map_27_courtyard_overcast_remix_pn_0014", "episode_idx": 4, "agent_name": "GhostAgent_4", "SR": 0.0, "SPL": 0.0, "SoftSPL": 0.16428546452460202, "PLR": 0.16116782908464358, "nDTW": 1.9970886832099583e-06, "CLS": 0.21236971631251822, "steps": 40, "path_length_cm": 409.8272258661768, "cumulative_reward": 176.95415572101726, "ended_reason": "max_steps", "metrics": {"SR": 0.0, "SPL": 0.0, "SoftSPL": 0.16428546452460202, "PLR": 0.16116782908464358, "nDTW": 1.9970886832099583e-06, "CLS": 0.21236971631251822, "path_length_cm": 409.8272258661768, "cumulative_reward": 176.95415572101726}, "token_totals": {"input": 33296, "output": 1958, "calls": 40}, "finished_at": "2026-04-23T15:29:16.195061+00:00"}