{"episode_id": "map_11_wintertown_demo01_remix_obj_on_0010", "episode_idx": 0, "agent_name": "GhostAgent_0", "SR": 0.0, "SPL": 0.0, "SoftSPL": 0.005034094248161591, "PLR": 0.0, "nDTW": 4.6426080666427066e-09, "CLS": 0.16666666700807084, "steps": 2, "path_length_cm": 0.0, "cumulative_reward": -0.01, "ended_reason": "no_tool_call", "metrics": {"SR": 0.0, "SPL": 0.0, "SoftSPL": 0.005034094248161591, "PLR": 0.0, "nDTW": 4.6426080666427066e-09, "CLS": 0.16666666700807084, "path_length_cm": 0.0, "cumulative_reward": -0.01}, "token_totals": {"input": 2003, "output": 429, "calls": 2}, "finished_at": "2026-04-22T23:56:13.354136+00:00"}