{"episode_id": "map_22_containeryard_demo_native_obj_pn_0000", "episode_idx": 9, "agent_name": "GhostAgent_9", "SR": 1.0, "SPL": 0.997255507097753, "SoftSPL": 0.9616238147956115, "PLR": 1.002752045872611, "nDTW": 7.137963027815935e-19, "CLS": 0.49136283659390234, "steps": 13, "path_length_cm": 5162.338, "cumulative_reward": 5019.320282933281, "ended_reason": "success", "metrics": {"SR": 1.0, "SPL": 0.997255507097753, "SoftSPL": 0.9616238147956115, "PLR": 1.002752045872611, "nDTW": 7.137963027815935e-19, "CLS": 0.49136283659390234, "path_length_cm": 5162.338, "cumulative_reward": 5019.320282933281}, "token_totals": {"input": 28869, "output": 1043, "calls": 13}, "finished_at": "2026-04-23T00:03:03.492844+00:00"}