{"episode_id": "map_46_B8_dense_urban_pn_0012", "episode_idx": 2, "agent_name": "GhostAgent_2", "SR": 0.0, "SPL": 0.0, "SoftSPL": 0.0, "PLR": 0.0, "nDTW": 0.00011649623245727982, "CLS": 0.25000000339284306, "steps": 40, "path_length_cm": 0.0, "cumulative_reward": -0.4000000000000002, "ended_reason": "max_steps", "metrics": {"SR": 0.0, "SPL": 0.0, "SoftSPL": 0.0, "PLR": 0.0, "nDTW": 0.00011649623245727982, "CLS": 0.25000000339284306, "path_length_cm": 0.0, "cumulative_reward": -0.4000000000000002}, "token_totals": {"input": 31512, "output": 1488, "calls": 40}, "finished_at": "2026-04-23T16:07:21.065861+00:00"}