{"episode_id": "map_15_middleeast_remix_pn_0007", "episode_idx": 5, "agent_name": "GhostAgent_5", "SR": 0.0, "SPL": 0.0, "SoftSPL": 7.075033157111221e-07, "PLR": 0.0, "nDTW": 7.075033157111221e-07, "CLS": 7.075033157111221e-07, "steps": 0, "path_length_cm": 0.0, "cumulative_reward": 0.0, "ended_reason": "spawn_blocked", "metrics": {"SR": 0.0, "SPL": 0.0, "SoftSPL": 7.075033157111221e-07, "PLR": 0.0, "nDTW": 7.075033157111221e-07, "CLS": 7.075033157111221e-07, "path_length_cm": 0.0, "cumulative_reward": 0.0}, "token_totals": {"input": 0, "output": 0, "calls": 0}, "finished_at": "2026-04-23T19:44:32.572950+00:00"}