{"episode_id": "map_05_middleeast_native_on_0008", "episode_idx": 2, "agent_name": "GhostAgent_2", "SR": 0.0, "SPL": 0.0, "SoftSPL": 0.5543430929204951, "PLR": 0.8591844349672841, "nDTW": 1.713098797055917e-64, "CLS": 0.12932641032365444, "steps": 40, "path_length_cm": 6155.351945303918, "cumulative_reward": 3970.933402772429, "ended_reason": "max_steps", "metrics": {"SR": 0.0, "SPL": 0.0, "SoftSPL": 0.5543430929204951, "PLR": 0.8591844349672841, "nDTW": 1.713098797055917e-64, "CLS": 0.12932641032365444, "path_length_cm": 6155.351945303918, "cumulative_reward": 3970.933402772429}, "token_totals": {"input": 488652, "output": 6712, "calls": 40}, "finished_at": "2026-04-22T20:24:42.618368+00:00"}