{"episode_id": "map_11_wintertown_demo01_remix_obj_on_0016", "episode_idx": 6, "agent_name": "GhostAgent_6", "SR": 0.0, "SPL": 0.0, "SoftSPL": 0.06574057626199481, "PLR": 0.019241424474227314, "nDTW": 2.079057213895662e-08, "CLS": 0.10646091955769556, "steps": 40, "path_length_cm": 148.33040954361567, "cumulative_reward": 140.83960995671168, "ended_reason": "max_steps", "metrics": {"SR": 0.0, "SPL": 0.0, "SoftSPL": 0.06574057626199481, "PLR": 0.019241424474227314, "nDTW": 2.079057213895662e-08, "CLS": 0.10646091955769556, "path_length_cm": 148.33040954361567, "cumulative_reward": 140.83960995671168}, "token_totals": {"input": 120015, "output": 6387, "calls": 40}, "finished_at": "2026-04-22T23:56:13.599067+00:00"}