{"episode_id": "map_56_containeryard_settlement_obj_pn_0003", "episode_idx": 0, "agent_name": "GhostAgent_0", "SR": 1.0, "SPL": 0.9541094783110439, "SoftSPL": 0.9239971858097077, "PLR": 1.0480977526501372, "nDTW": 0.0002982197189159088, "CLS": 0.4938154993262925, "steps": 16, "path_length_cm": 3474.8318462036855, "cumulative_reward": 3339.8105310795618, "ended_reason": "success", "metrics": {"SR": 1.0, "SPL": 0.9541094783110439, "SoftSPL": 0.9239971858097077, "PLR": 1.0480977526501372, "nDTW": 0.0002982197189159088, "CLS": 0.4938154993262925, "path_length_cm": 3474.8318462036855, "cumulative_reward": 3339.8105310795618}, "token_totals": {"input": 16966, "output": 2139, "calls": 16}, "finished_at": "2026-04-23T18:59:57.006781+00:00"}