{"episode_id": "map_01_wintertown_native_on_0002", "episode_idx": 1, "agent_name": "GhostAgent_1", "SR": 1.0, "SPL": 0.9492623635810047, "SoftSPL": 0.9351244788132057, "PLR": 1.0534495397327166, "nDTW": 1.894717575137852e-05, "CLS": 0.4005127155807661, "steps": 36, "path_length_cm": 6085.472490669381, "cumulative_reward": 5306.962306086782, "ended_reason": "success", "metrics": {"SR": 1.0, "SPL": 0.9492623635810047, "SoftSPL": 0.9351244788132057, "PLR": 1.0534495397327166, "nDTW": 1.894717575137852e-05, "CLS": 0.4005127155807661, "path_length_cm": 6085.472490669381, "cumulative_reward": 5306.962306086782}, "token_totals": {"input": 288582, "output": 14712, "calls": 36}, "finished_at": "2026-04-22T15:01:18.113405+00:00"}