{"episode_id": "map_04_courtyard_remix_on_0016", "episode_idx": 2, "agent_name": "GhostAgent_2", "SR": 0.0, "SPL": 0.0, "SoftSPL": 0.0052150964639990915, "PLR": 0.0, "nDTW": 0.009142135301546424, "CLS": 0.12673340821520354, "steps": 40, "path_length_cm": 0.0, "cumulative_reward": -0.4000000000000002, "ended_reason": "max_steps", "metrics": {"SR": 0.0, "SPL": 0.0, "SoftSPL": 0.0052150964639990915, "PLR": 0.0, "nDTW": 0.009142135301546424, "CLS": 0.12673340821520354, "path_length_cm": 0.0, "cumulative_reward": -0.4000000000000002}, "token_totals": {"input": 391323, "output": 2288, "calls": 40}, "finished_at": "2026-04-22T20:31:03.033998+00:00"}