{"episode_id": "map_05_middleeast_native_pn_0019", "episode_idx": 1, "agent_name": "GhostAgent_1", "SR": 0.0, "SPL": 0.0, "SoftSPL": 0.39663107827332333, "PLR": 0.32802943452145794, "nDTW": 7.925900492695277e-37, "CLS": 0.12194030705779807, "steps": 40, "path_length_cm": 2200.346, "cumulative_reward": 2198.4504380002245, "ended_reason": "max_steps", "metrics": {"SR": 0.0, "SPL": 0.0, "SoftSPL": 0.39663107827332333, "PLR": 0.32802943452145794, "nDTW": 7.925900492695277e-37, "CLS": 0.12194030705779807, "path_length_cm": 2200.346, "cumulative_reward": 2198.4504380002245}, "token_totals": {"input": 395147, "output": 5135, "calls": 40}, "finished_at": "2026-04-22T20:23:45.534047+00:00"}