{"episode_id": "map_18_cave_native_pn_0011", "episode_idx": 1, "agent_name": "GhostAgent_1", "SR": 0.0, "SPL": 0.0, "SoftSPL": 0.0, "PLR": 0.20290194114950877, "nDTW": 1.234569149368696e-23, "CLS": 0.21036825431252482, "steps": 27, "path_length_cm": 1413.4250671445357, "cumulative_reward": 833.8993528111112, "ended_reason": "success", "metrics": {"SR": 0.0, "SPL": 0.0, "SoftSPL": 0.0, "PLR": 0.20290194114950877, "nDTW": 1.234569149368696e-23, "CLS": 0.21036825431252482, "path_length_cm": 1413.4250671445357, "cumulative_reward": 833.8993528111112}, "token_totals": {"input": 77684, "output": 4555, "calls": 27}, "finished_at": "2026-04-23T18:24:27.680955+00:00"}