{"episode_id": "map_36_dungeon_native_obj_on_0008", "episode_idx": 8, "agent_name": "GhostAgent_8", "SR": 1.0, "SPL": 0.5310983521681424, "SoftSPL": 0.4645429703249873, "PLR": 1.8828904211764648, "nDTW": 6.058169809185694e-26, "CLS": 0.2652771813028012, "steps": 37, "path_length_cm": 2653.802246318745, "cumulative_reward": 1234.9335010271457, "ended_reason": "success", "metrics": {"SR": 1.0, "SPL": 0.5310983521681424, "SoftSPL": 0.4645429703249873, "PLR": 1.8828904211764648, "nDTW": 6.058169809185694e-26, "CLS": 0.2652771813028012, "path_length_cm": 2653.802246318745, "cumulative_reward": 1234.9335010271457}, "token_totals": {"input": 112614, "output": 5830, "calls": 37}, "finished_at": "2026-04-23T01:34:21.899228+00:00"}