{"episode_id": "map_21_hwaseong_remix2_obj_on_0002", "episode_idx": 2, "agent_name": "GhostAgent_2", "SR": 0.0, "SPL": 0.0, "SoftSPL": 0.008663500698668058, "PLR": 0.0, "nDTW": 3.5445292851836006e-07, "CLS": 0.16666666673751282, "steps": 40, "path_length_cm": 0.0, "cumulative_reward": -0.4000000000000002, "ended_reason": "max_steps", "metrics": {"SR": 0.0, "SPL": 0.0, "SoftSPL": 0.008663500698668058, "PLR": 0.0, "nDTW": 3.5445292851836006e-07, "CLS": 0.16666666673751282, "path_length_cm": 0.0, "cumulative_reward": -0.4000000000000002}, "token_totals": {"input": 33137, "output": 1868, "calls": 40}, "finished_at": "2026-04-23T18:18:56.952717+00:00"}