{"episode_id": "map_28_village_night_native_obj_on_0008", "episode_idx": 4, "agent_name": "GhostAgent_4", "SR": 1.0, "SPL": 0.997470574066927, "SoftSPL": 0.9857836860467979, "PLR": 1.0025358401529179, "nDTW": 4.164008325958317e-31, "CLS": 0.7000551888355988, "steps": 17, "path_length_cm": 6713.380999999999, "cumulative_reward": 6620.268452335791, "ended_reason": "success", "metrics": {"SR": 1.0, "SPL": 0.997470574066927, "SoftSPL": 0.9857836860467979, "PLR": 1.0025358401529179, "nDTW": 4.164008325958317e-31, "CLS": 0.7000551888355988, "path_length_cm": 6713.380999999999, "cumulative_reward": 6620.268452335791}, "token_totals": {"input": 41973, "output": 1853, "calls": 17}, "finished_at": "2026-04-23T01:07:42.285973+00:00"}