{"episode_id": "map_05_middleeast_native_on_0002", "episode_idx": 2, "agent_name": "GhostAgent_2", "SR": 1.0, "SPL": 0.9916846092657107, "SoftSPL": 0.9661758814853421, "PLR": 1.0083851162522794, "nDTW": 2.575388530367025e-33, "CLS": 0.5927040992484776, "steps": 27, "path_length_cm": 4741.850338367044, "cumulative_reward": 4583.692354758871, "ended_reason": "success", "metrics": {"SR": 1.0, "SPL": 0.9916846092657107, "SoftSPL": 0.9661758814853421, "PLR": 1.0083851162522794, "nDTW": 2.575388530367025e-33, "CLS": 0.5927040992484776, "path_length_cm": 4741.850338367044, "cumulative_reward": 4583.692354758871}, "token_totals": {"input": 157329, "output": 9739, "calls": 27}, "finished_at": "2026-04-22T15:12:29.631654+00:00"}