{"episode_id": "map_36_dungeon_native_obj_on_0001", "episode_idx": 1, "agent_name": "GhostAgent_1", "SR": 1.0, "SPL": 0.8666836923056012, "SoftSPL": 0.8222869848911154, "PLR": 1.153823487020672, "nDTW": 1.250656447274468e-06, "CLS": 0.4975552970806811, "steps": 17, "path_length_cm": 2986.072107939759, "cumulative_reward": 2457.7353384922517, "ended_reason": "success", "metrics": {"SR": 1.0, "SPL": 0.8666836923056012, "SoftSPL": 0.8222869848911154, "PLR": 1.153823487020672, "nDTW": 1.250656447274468e-06, "CLS": 0.4975552970806811, "path_length_cm": 2986.072107939759, "cumulative_reward": 2457.7353384922517}, "token_totals": {"input": 43477, "output": 1735, "calls": 17}, "finished_at": "2026-04-23T01:34:21.895068+00:00"}