{"episode_id": "map_45_B7_park_with_paths_pn_0006", "episode_idx": 6, "agent_name": "GhostAgent_6", "SR": 1.0, "SPL": 1.0, "SoftSPL": 0.9412320943237745, "PLR": 0.9703446592033955, "nDTW": 0.003496300080833877, "CLS": 0.41192713739246206, "steps": 8, "path_length_cm": 2801.5888034986356, "cumulative_reward": 2710.5381030844237, "ended_reason": "success", "metrics": {"SR": 1.0, "SPL": 1.0, "SoftSPL": 0.9412320943237745, "PLR": 0.9703446592033955, "nDTW": 0.003496300080833877, "CLS": 0.41192713739246206, "path_length_cm": 2801.5888034986356, "cumulative_reward": 2710.5381030844237}, "token_totals": {"input": 17605, "output": 1216, "calls": 8}, "finished_at": "2026-04-23T19:03:34.997654+00:00"}