{"episode_id": "map_66_middleeast_bazaar_obj_pn_0001", "episode_idx": 1, "agent_name": "GhostAgent_1", "SR": 0.0, "SPL": 0.0, "SoftSPL": 0.44982857441399804, "PLR": 0.7597699275758409, "nDTW": 1.513437173805355e-39, "CLS": 0.1507913311627979, "steps": 40, "path_length_cm": 3388.5510838904233, "cumulative_reward": 2803.8441722041216, "ended_reason": "max_steps", "metrics": {"SR": 0.0, "SPL": 0.0, "SoftSPL": 0.44982857441399804, "PLR": 0.7597699275758409, "nDTW": 1.513437173805355e-39, "CLS": 0.1507913311627979, "path_length_cm": 3388.5510838904233, "cumulative_reward": 2803.8441722041216}, "token_totals": {"input": 46719, "output": 5554, "calls": 40}, "finished_at": "2026-04-23T19:04:36.073336+00:00"}