{"episode_id": "map_49_courtyard_sunny_packed_on_0004", "episode_idx": 4, "agent_name": "GhostAgent_4", "SR": 0.0, "SPL": 0.0, "SoftSPL": 0.020682678829058387, "PLR": 0.0, "nDTW": 0.05681171665745178, "CLS": 0.2012867601533425, "steps": 40, "path_length_cm": 0.0, "cumulative_reward": -0.4000000000000002, "ended_reason": "max_steps", "metrics": {"SR": 0.0, "SPL": 0.0, "SoftSPL": 0.020682678829058387, "PLR": 0.0, "nDTW": 0.05681171665745178, "CLS": 0.2012867601533425, "path_length_cm": 0.0, "cumulative_reward": -0.4000000000000002}, "token_totals": {"input": 104839, "output": 2002, "calls": 40}, "finished_at": "2026-04-23T02:05:40.657116+00:00"}