{"episode_id": "map_10_B1_urban_grid_on_0013", "episode_idx": 3, "agent_name": "GhostAgent_3", "SR": 0.0, "SPL": 0.0, "SoftSPL": 0.29576855515196854, "PLR": 0.9308583436678287, "nDTW": 9.451283654347316e-82, "CLS": 0.11936429733901568, "steps": 40, "path_length_cm": 4611.118508359829, "cumulative_reward": 1450.226469962579, "ended_reason": "max_steps", "metrics": {"SR": 0.0, "SPL": 0.0, "SoftSPL": 0.29576855515196854, "PLR": 0.9308583436678287, "nDTW": 9.451283654347316e-82, "CLS": 0.11936429733901568, "path_length_cm": 4611.118508359829, "cumulative_reward": 1450.226469962579}, "token_totals": {"input": 122982, "output": 7147, "calls": 40}, "finished_at": "2026-04-23T13:13:44.056720+00:00"}