{"episode_id": "map_68_B13_suburban_park_obj_pn_0004", "episode_idx": 4, "agent_name": "GhostAgent_4", "SR": 0.0, "SPL": 0.0, "SoftSPL": 0.6825528774971663, "PLR": 0.7083730315019496, "nDTW": 9.386675062111e-46, "CLS": 0.08824206011539329, "steps": 40, "path_length_cm": 4973.770403387789, "cumulative_reward": 4781.5135491161955, "ended_reason": "max_steps", "metrics": {"SR": 0.0, "SPL": 0.0, "SoftSPL": 0.6825528774971663, "PLR": 0.7083730315019496, "nDTW": 9.386675062111e-46, "CLS": 0.08824206011539329, "path_length_cm": 4973.770403387789, "cumulative_reward": 4781.5135491161955}, "token_totals": {"input": 109872, "output": 4621, "calls": 40}, "finished_at": "2026-04-23T05:33:39.804821+00:00"}