{"episode_id": "map_31_gothic_day_remix_pn_0000", "episode_idx": 0, "agent_name": "GhostAgent_0", "SR": 0.0, "SPL": 0.0, "SoftSPL": 0.025435197683220223, "PLR": 0.377500679238985, "nDTW": 0.0006086434167338349, "CLS": 0.2936430618506209, "steps": 40, "path_length_cm": 1163.5325935503995, "cumulative_reward": 69.81335462248079, "ended_reason": "max_steps", "metrics": {"SR": 0.0, "SPL": 0.0, "SoftSPL": 0.025435197683220223, "PLR": 0.377500679238985, "nDTW": 0.0006086434167338349, "CLS": 0.2936430618506209, "path_length_cm": 1163.5325935503995, "cumulative_reward": 69.81335462248079}, "token_totals": {"input": 112838, "output": 4821, "calls": 40}, "finished_at": "2026-04-23T00:28:54.985816+00:00"}