{"episode_id": "map_67_B12_construction_site_on_0018", "episode_idx": 8, "agent_name": "GhostAgent_8", "SR": 0.0, "SPL": 0.0, "SoftSPL": 0.44948137741667277, "PLR": 0.5069094818925405, "nDTW": 1.0383798752352819e-09, "CLS": 0.3702748933510785, "steps": 40, "path_length_cm": 3420.919191310361, "cumulative_reward": 2753.625720675989, "ended_reason": "max_steps", "metrics": {"SR": 0.0, "SPL": 0.0, "SoftSPL": 0.44948137741667277, "PLR": 0.5069094818925405, "nDTW": 1.0383798752352819e-09, "CLS": 0.3702748933510785, "path_length_cm": 3420.919191310361, "cumulative_reward": 2753.625720675989}, "token_totals": {"input": 116876, "output": 5323, "calls": 40}, "finished_at": "2026-04-23T15:33:28.803664+00:00"}