{"episode_id": "map_09b_wintertown_demo02_pn_0012", "episode_idx": 2, "agent_name": "GhostAgent_2", "SR": 1.0, "SPL": 0.9070042588630102, "SoftSPL": 0.8558926924788393, "PLR": 1.1025306554277552, "nDTW": 6.8240484435801565e-06, "CLS": 0.30919667263492107, "steps": 11, "path_length_cm": 3565.595164959915, "cumulative_reward": 3051.9618293762123, "ended_reason": "success", "metrics": {"SR": 1.0, "SPL": 0.9070042588630102, "SoftSPL": 0.8558926924788393, "PLR": 1.1025306554277552, "nDTW": 6.8240484435801565e-06, "CLS": 0.30919667263492107, "path_length_cm": 3565.595164959915, "cumulative_reward": 3051.9618293762123}, "token_totals": {"input": 25160, "output": 1191, "calls": 11}, "finished_at": "2026-04-22T23:03:09.899334+00:00"}