{"episode_id": "map_28_village_night_native_obj_on_0010", "episode_idx": 5, "agent_name": "GhostAgent_5", "SR": 0.0, "SPL": 0.0, "SoftSPL": 0.0, "PLR": 0.3750326270541311, "nDTW": 8.177246118404256e-28, "CLS": 0.40008544010895286, "steps": 40, "path_length_cm": 586.2210000008533, "cumulative_reward": -523.0766821292161, "ended_reason": "max_steps", "metrics": {"SR": 0.0, "SPL": 0.0, "SoftSPL": 0.0, "PLR": 0.3750326270541311, "nDTW": 8.177246118404256e-28, "CLS": 0.40008544010895286, "path_length_cm": 586.2210000008533, "cumulative_reward": -523.0766821292161}, "token_totals": {"input": 102950, "output": 2796, "calls": 40}, "finished_at": "2026-04-23T01:07:42.362493+00:00"}