{"episode_id": "map_15_middleeast_remix_on_0005", "episode_idx": 5, "agent_name": "GhostAgent_5", "SR": 0.0, "SPL": 0.0, "SoftSPL": 0.0, "PLR": 0.06292605384058804, "nDTW": 2.5681915547552745e-11, "CLS": 0.26678811155398496, "steps": 40, "path_length_cm": 176.55099999999948, "cumulative_reward": -63.499678694581974, "ended_reason": "max_steps", "metrics": {"SR": 0.0, "SPL": 0.0, "SoftSPL": 0.0, "PLR": 0.06292605384058804, "nDTW": 2.5681915547552745e-11, "CLS": 0.26678811155398496, "path_length_cm": 176.55099999999948, "cumulative_reward": -63.499678694581974}, "token_totals": {"input": 35601, "output": 2573, "calls": 40}, "finished_at": "2026-04-23T14:46:14.781359+00:00"}