{"episode_id": "map_22_containeryard_demo_native_pn_0012", "episode_idx": 1, "agent_name": "GhostAgent_1", "SR": 0.0, "SPL": 0.0, "SoftSPL": 0.0, "PLR": 0.16298671520590324, "nDTW": 5.885603826952204e-13, "CLS": 0.27956213737680347, "steps": 40, "path_length_cm": 231.01899999999932, "cumulative_reward": -225.18901337149964, "ended_reason": "max_steps", "metrics": {"SR": 0.0, "SPL": 0.0, "SoftSPL": 0.0, "PLR": 0.16298671520590324, "nDTW": 5.885603826952204e-13, "CLS": 0.27956213737680347, "path_length_cm": 231.01899999999932, "cumulative_reward": -225.18901337149964}, "token_totals": {"input": 101213, "output": 2413, "calls": 40}, "finished_at": "2026-04-23T00:03:03.489529+00:00"}