{"episode_id": "map_26_courtyard_overcast_native_on_0010", "episode_idx": 0, "agent_name": "GhostAgent_0", "SR": 1.0, "SPL": 0.5317100204519322, "SoftSPL": 0.4747961216509405, "PLR": 1.8807243827190623, "nDTW": 3.3388092644549774e-11, "CLS": 0.27943728312333055, "steps": 13, "path_length_cm": 2806.8871049890645, "cumulative_reward": 1335.070412040367, "ended_reason": "success", "metrics": {"SR": 1.0, "SPL": 0.5317100204519322, "SoftSPL": 0.4747961216509405, "PLR": 1.8807243827190623, "nDTW": 3.3388092644549774e-11, "CLS": 0.27943728312333055, "path_length_cm": 2806.8871049890645, "cumulative_reward": 1335.070412040367}, "token_totals": {"input": 36622, "output": 2493, "calls": 13}, "finished_at": "2026-04-23T17:47:32.753097+00:00"}