{"episode_id": "map_03_watertown_remix_on_0012", "episode_idx": 3, "agent_name": "GhostAgent_3", "SR": 0.0, "SPL": 0.0, "SoftSPL": 0.3010128565693214, "PLR": 2.2918240382114443, "nDTW": 1.0393739656252987e-61, "CLS": 0.11354508084893035, "steps": 40, "path_length_cm": 5763.79994665949, "cumulative_reward": 1734.5730230779798, "ended_reason": "max_steps", "metrics": {"SR": 0.0, "SPL": 0.0, "SoftSPL": 0.3010128565693214, "PLR": 2.2918240382114443, "nDTW": 1.0393739656252987e-61, "CLS": 0.11354508084893035, "path_length_cm": 5763.79994665949, "cumulative_reward": 1734.5730230779798}, "token_totals": {"input": 468059, "output": 6231, "calls": 40}, "finished_at": "2026-04-22T20:29:48.400107+00:00"}