{"episode_id": "map_36_dungeon_native_obj_on_0012", "episode_idx": 2, "agent_name": "GhostAgent_2", "SR": 1.0, "SPL": 0.9622609938563182, "SoftSPL": 0.8554320768561181, "PLR": 1.0392190958426366, "nDTW": 8.824965485398434e-05, "CLS": 0.4519512385784406, "steps": 7, "path_length_cm": 1858.0613902208838, "cumulative_reward": 1591.8762504872873, "ended_reason": "success", "metrics": {"SR": 1.0, "SPL": 0.9622609938563182, "SoftSPL": 0.8554320768561181, "PLR": 1.0392190958426366, "nDTW": 8.824965485398434e-05, "CLS": 0.4519512385784406, "path_length_cm": 1858.0613902208838, "cumulative_reward": 1591.8762504872873}, "token_totals": {"input": 14615, "output": 1101, "calls": 7}, "finished_at": "2026-04-23T01:44:18.885758+00:00"}