{"episode_id": "map_31_gothic_day_remix_obj_on_0010", "episode_idx": 9, "agent_name": "GhostAgent_9", "SR": 0.0, "SPL": 0.0, "SoftSPL": 0.15596950514642657, "PLR": 1.1966362462658375, "nDTW": 2.227365092061334e-119, "CLS": 0.20891908453152136, "steps": 40, "path_length_cm": 4421.199972715927, "cumulative_reward": 689.1567752655351, "ended_reason": "max_steps", "metrics": {"SR": 0.0, "SPL": 0.0, "SoftSPL": 0.15596950514642657, "PLR": 1.1966362462658375, "nDTW": 2.227365092061334e-119, "CLS": 0.20891908453152136, "path_length_cm": 4421.199972715927, "cumulative_reward": 689.1567752655351}, "token_totals": {"input": 118353, "output": 4829, "calls": 40}, "finished_at": "2026-04-23T18:32:30.170476+00:00"}