{"episode_id": "map_13_watertown_native_on_0007", "episode_idx": 7, "agent_name": "GhostAgent_7", "SR": 1.0, "SPL": 0.9729464324881122, "SoftSPL": 0.9579252861762142, "PLR": 1.0278058139775526, "nDTW": 1.3001251543593e-12, "CLS": 0.7562088343689776, "steps": 14, "path_length_cm": 3597.721193188885, "cumulative_reward": 3448.7070743108025, "ended_reason": "success", "metrics": {"SR": 1.0, "SPL": 0.9729464324881122, "SoftSPL": 0.9579252861762142, "PLR": 1.0278058139775526, "nDTW": 1.3001251543593e-12, "CLS": 0.7562088343689776, "path_length_cm": 3597.721193188885, "cumulative_reward": 3448.7070743108025}, "token_totals": {"input": 32795, "output": 1038, "calls": 14}, "finished_at": "2026-04-23T16:49:28.257222+00:00"}