{"episode_id": "map_57_gothic_day_invasion_obj_pn_0015", "episode_idx": 2, "agent_name": "GhostAgent_2", "SR": 0.0, "SPL": 0.0, "SoftSPL": 0.0, "PLR": 0.05274991081836263, "nDTW": 7.292203497471398e-15, "CLS": 0.08760488220904868, "steps": 40, "path_length_cm": 397.77600000000075, "cumulative_reward": -371.7205620273462, "ended_reason": "max_steps", "metrics": {"SR": 0.0, "SPL": 0.0, "SoftSPL": 0.0, "PLR": 0.05274991081836263, "nDTW": 7.292203497471398e-15, "CLS": 0.08760488220904868, "path_length_cm": 397.77600000000075, "cumulative_reward": -371.7205620273462}, "token_totals": {"input": 112613, "output": 3958, "calls": 40}, "finished_at": "2026-04-23T03:42:47.274852+00:00"}