{"episode_id": "map_23_containeryard_demo_remix_pn_0004", "episode_idx": 4, "agent_name": "GhostAgent_4", "SR": 0.0, "SPL": 0.0, "SoftSPL": 0.3180196767528338, "PLR": 0.7727974870795145, "nDTW": 4.9631019038993575e-18, "CLS": 0.18218128757584992, "steps": 40, "path_length_cm": 1175.3476980992336, "cumulative_reward": 479.90212829229773, "ended_reason": "max_steps", "metrics": {"SR": 0.0, "SPL": 0.0, "SoftSPL": 0.3180196767528338, "PLR": 0.7727974870795145, "nDTW": 4.9631019038993575e-18, "CLS": 0.18218128757584992, "path_length_cm": 1175.3476980992336, "cumulative_reward": 479.90212829229773}, "token_totals": {"input": 123001, "output": 6631, "calls": 40}, "finished_at": "2026-04-23T12:58:35.692702+00:00"}