{"episode_id": "map_20_trainstation_native_obj_pn_0005", "episode_idx": 4, "agent_name": "GhostAgent_4", "SR": 0.0, "SPL": 0.0, "SoftSPL": 0.09418861156902247, "PLR": 0.07366704026209153, "nDTW": 6.932893211653567e-07, "CLS": 0.1750243899960041, "steps": 40, "path_length_cm": 213.61599999999993, "cumulative_reward": 191.34765649873407, "ended_reason": "max_steps", "metrics": {"SR": 0.0, "SPL": 0.0, "SoftSPL": 0.09418861156902247, "PLR": 0.07366704026209153, "nDTW": 6.932893211653567e-07, "CLS": 0.1750243899960041, "path_length_cm": 213.61599999999993, "cumulative_reward": 191.34765649873407}, "token_totals": {"input": 122170, "output": 7552, "calls": 40}, "finished_at": "2026-04-23T18:51:29.197864+00:00"}