{"episode_id": "map_59_B10_market_plaza_obj_pn_0007", "episode_idx": 3, "agent_name": "GhostAgent_3", "SR": 0.0, "SPL": 0.0, "SoftSPL": 0.030411988034438498, "PLR": 1.1295407703560543, "nDTW": 9.64697857389079e-113, "CLS": 0.09836839378963982, "steps": 40, "path_length_cm": 7781.5419118753, "cumulative_reward": 3375.610563349178, "ended_reason": "max_steps", "metrics": {"SR": 0.0, "SPL": 0.0, "SoftSPL": 0.030411988034438498, "PLR": 1.1295407703560543, "nDTW": 9.64697857389079e-113, "CLS": 0.09836839378963982, "path_length_cm": 7781.5419118753, "cumulative_reward": 3375.610563349178}, "token_totals": {"input": 124231, "output": 7076, "calls": 40}, "finished_at": "2026-04-23T04:27:10.912469+00:00"}