{"episode_id": "map_01_wintertown_native_on_0003", "episode_idx": 2, "agent_name": "GhostAgent_2", "SR": 1.0, "SPL": 0.9212457105667425, "SoftSPL": 0.8719540425235652, "PLR": 1.0854867366327368, "nDTW": 3.118101329937902e-09, "CLS": 0.5742315899654566, "steps": 14, "path_length_cm": 2217.1283693070973, "cumulative_reward": 1935.5171618563827, "ended_reason": "success", "metrics": {"SR": 1.0, "SPL": 0.9212457105667425, "SoftSPL": 0.8719540425235652, "PLR": 1.0854867366327368, "nDTW": 3.118101329937902e-09, "CLS": 0.5742315899654566, "path_length_cm": 2217.1283693070973, "cumulative_reward": 1935.5171618563827}, "token_totals": {"input": 48929, "output": 6976, "calls": 14}, "finished_at": "2026-04-22T15:01:18.114076+00:00"}