{"episode_id": "map_43_B5_residential_courtyard_pn_0004", "episode_idx": 4, "agent_name": "GhostAgent_4", "SR": 1.0, "SPL": 0.9228115212630895, "SoftSPL": 0.8732374410773396, "PLR": 1.0836449014325908, "nDTW": 0.8732374410773396, "CLS": 0.8732374410773396, "steps": 15, "path_length_cm": 2804.592205846703, "cumulative_reward": 2451.422827736615, "ended_reason": "success", "metrics": {"SR": 1.0, "SPL": 0.9228115212630895, "SoftSPL": 0.8732374410773396, "PLR": 1.0836449014325908, "nDTW": 0.8732374410773396, "CLS": 0.8732374410773396, "path_length_cm": 2804.592205846703, "cumulative_reward": 2451.422827736615}, "token_totals": {"input": 13627, "output": 1373, "calls": 15}, "finished_at": "2026-04-23T20:02:01.245194+00:00"}