{"episode_id": "map_68_B13_suburban_park_obj_on_0004", "episode_idx": 1, "agent_name": "GhostAgent_1", "SR": 0.0, "SPL": 0.0, "SoftSPL": 0.6792594557846906, "PLR": 0.7051517924660958, "nDTW": 9.037758401819048e-44, "CLS": 0.08864515870316275, "steps": 40, "path_length_cm": 4951.152795621445, "cumulative_reward": 4764.851168356335, "ended_reason": "max_steps", "metrics": {"SR": 0.0, "SPL": 0.0, "SoftSPL": 0.6792594557846906, "PLR": 0.7051517924660958, "nDTW": 9.037758401819048e-44, "CLS": 0.08864515870316275, "path_length_cm": 4951.152795621445, "cumulative_reward": 4764.851168356335}, "token_totals": {"input": 106226, "output": 3309, "calls": 40}, "finished_at": "2026-04-23T19:22:21.704109+00:00"}