{"episode_id": "map_23_containeryard_demo_remix_obj_pn_0005", "episode_idx": 2, "agent_name": "GhostAgent_2", "SR": 1.0, "SPL": 0.8712922102466214, "SoftSPL": 0.850254326372571, "PLR": 1.1477205789742428, "nDTW": 0.0016983378721551511, "CLS": 0.43796543491083917, "steps": 10, "path_length_cm": 2817.699930204925, "cumulative_reward": 2438.546393754374, "ended_reason": "success", "metrics": {"SR": 1.0, "SPL": 0.8712922102466214, "SoftSPL": 0.850254326372571, "PLR": 1.1477205789742428, "nDTW": 0.0016983378721551511, "CLS": 0.43796543491083917, "path_length_cm": 2817.699930204925, "cumulative_reward": 2438.546393754374}, "token_totals": {"input": 25186, "output": 1876, "calls": 10}, "finished_at": "2026-04-23T13:28:20.548486+00:00"}