{"episode_id": "map_16_hwaseong_remix_on_0014", "episode_idx": 4, "agent_name": "GhostAgent_4", "SR": 0.0, "SPL": 0.0, "SoftSPL": 0.5861433511851298, "PLR": 1.415993134786756, "nDTW": 0.5861433511851298, "CLS": 0.5861433511851298, "steps": 40, "path_length_cm": 9288.461846397988, "cumulative_reward": 4072.733421419468, "ended_reason": "max_steps", "metrics": {"SR": 0.0, "SPL": 0.0, "SoftSPL": 0.5861433511851298, "PLR": 1.415993134786756, "nDTW": 0.5861433511851298, "CLS": 0.5861433511851298, "path_length_cm": 9288.461846397988, "cumulative_reward": 4072.733421419468}, "token_totals": {"input": 122390, "output": 5647, "calls": 40}, "finished_at": "2026-04-23T20:11:13.733105+00:00"}