{"episode_id": "map_57_gothic_day_invasion_pn_0010", "episode_idx": 9, "agent_name": "GhostAgent_9", "SR": 0.0, "SPL": 0.0, "SoftSPL": 0.7813818080503598, "PLR": 0.2136200073832611, "nDTW": 5.638191846071772e-05, "CLS": 0.1066499295613355, "steps": 13, "path_length_cm": 1204.6950782373842, "cumulative_reward": 1195.7159096008384, "ended_reason": "success", "metrics": {"SR": 0.0, "SPL": 0.0, "SoftSPL": 0.7813818080503598, "PLR": 0.2136200073832611, "nDTW": 5.638191846071772e-05, "CLS": 0.1066499295613355, "path_length_cm": 1204.6950782373842, "cumulative_reward": 1195.7159096008384}, "token_totals": {"input": 30717, "output": 1806, "calls": 13}, "finished_at": "2026-04-23T02:58:47.685851+00:00"}