{"episode_id": "map_04_courtyard_remix_obj_on_0018", "episode_idx": 0, "agent_name": "GhostAgent_0", "SR": 0.0, "SPL": 0.0, "SoftSPL": 0.418739089933823, "PLR": 0.09615119567552093, "nDTW": 0.0002601336306621641, "CLS": 0.1402420995567227, "steps": 40, "path_length_cm": 214.8710000000001, "cumulative_reward": 213.89300316310525, "ended_reason": "max_steps", "metrics": {"SR": 0.0, "SPL": 0.0, "SoftSPL": 0.418739089933823, "PLR": 0.09615119567552093, "nDTW": 0.0002601336306621641, "CLS": 0.1402420995567227, "path_length_cm": 214.8710000000001, "cumulative_reward": 213.89300316310525}, "token_totals": {"input": 111072, "output": 4774, "calls": 40}, "finished_at": "2026-04-22T23:08:41.839136+00:00"}