{"episode_id": "map_27_courtyard_overcast_remix_on_0004", "episode_idx": 4, "agent_name": "GhostAgent_4", "SR": 1.0, "SPL": 1.0, "SoftSPL": 0.9944063908522749, "PLR": 0.6550243263124403, "nDTW": 0.3274829034908067, "CLS": 0.30448387305025765, "steps": 5, "path_length_cm": 1159.6616175468075, "cumulative_reward": 1155.2656878411153, "ended_reason": "success", "metrics": {"SR": 1.0, "SPL": 1.0, "SoftSPL": 0.9944063908522749, "PLR": 0.6550243263124403, "nDTW": 0.3274829034908067, "CLS": 0.30448387305025765, "path_length_cm": 1159.6616175468075, "cumulative_reward": 1155.2656878411153}, "token_totals": {"input": 2924, "output": 229, "calls": 5}, "finished_at": "2026-04-23T15:26:52.920969+00:00"}