{"episode_id": "map_59_B10_market_plaza_on_0002", "episode_idx": 2, "agent_name": "GhostAgent_2", "SR": 0.0, "SPL": 0.0, "SoftSPL": 0.44574795793967226, "PLR": 0.46091118368814704, "nDTW": 3.668210593162446e-06, "CLS": 0.272397127499051, "steps": 23, "path_length_cm": 2749.026400206726, "cumulative_reward": 2050.0524520325384, "ended_reason": "no_tool_call", "metrics": {"SR": 0.0, "SPL": 0.0, "SoftSPL": 0.44574795793967226, "PLR": 0.46091118368814704, "nDTW": 3.668210593162446e-06, "CLS": 0.272397127499051, "path_length_cm": 2749.026400206726, "cumulative_reward": 2050.0524520325384}, "token_totals": {"input": 68593, "output": 4118, "calls": 23}, "finished_at": "2026-04-23T02:34:34.608447+00:00"}