{"episode_id": "map_45_B7_park_with_paths_on_0018", "episode_idx": 8, "agent_name": "GhostAgent_8", "SR": 0.0, "SPL": 0.0, "SoftSPL": 0.8025532336821558, "PLR": 1.191356345255849, "nDTW": 3.8207779637425234e-19, "CLS": 0.060892587470140584, "steps": 40, "path_length_cm": 9194.149631750584, "cumulative_reward": 7355.721298953642, "ended_reason": "max_steps", "metrics": {"SR": 0.0, "SPL": 0.0, "SoftSPL": 0.8025532336821558, "PLR": 1.191356345255849, "nDTW": 3.8207779637425234e-19, "CLS": 0.060892587470140584, "path_length_cm": 9194.149631750584, "cumulative_reward": 7355.721298953642}, "token_totals": {"input": 121877, "output": 5294, "calls": 40}, "finished_at": "2026-04-23T14:11:50.111267+00:00"}