{"episode_id": "map_11_wintertown_demo01_remix_pn_0005", "episode_idx": 4, "agent_name": "GhostAgent_4", "SR": 0.0, "SPL": 0.0, "SoftSPL": 0.0, "PLR": 0.6196510128550412, "nDTW": 1.2191854296587745e-22, "CLS": 0.10495388597783971, "steps": 40, "path_length_cm": 3764.6649425602886, "cumulative_reward": 2530.954730999212, "ended_reason": "max_steps", "metrics": {"SR": 0.0, "SPL": 0.0, "SoftSPL": 0.0, "PLR": 0.6196510128550412, "nDTW": 1.2191854296587745e-22, "CLS": 0.10495388597783971, "path_length_cm": 3764.6649425602886, "cumulative_reward": 2530.954730999212}, "token_totals": {"input": 119904, "output": 7032, "calls": 40}, "finished_at": "2026-04-22T23:07:56.953721+00:00"}