{"episode_id": "map_64_cave_lost_expedition_pn_0004", "episode_idx": 4, "agent_name": "GhostAgent_4", "SR": 0.0, "SPL": 0.0, "SoftSPL": 0.0, "PLR": 1.0689921198413679, "nDTW": 0.00043606962332233307, "CLS": 0.8853064279851647, "steps": 40, "path_length_cm": 1708.463205930474, "cumulative_reward": 1612.8878351289977, "ended_reason": "max_steps", "metrics": {"SR": 0.0, "SPL": 0.0, "SoftSPL": 0.0, "PLR": 1.0689921198413679, "nDTW": 0.00043606962332233307, "CLS": 0.8853064279851647, "path_length_cm": 1708.463205930474, "cumulative_reward": 1612.8878351289977}, "token_totals": {"input": 108475, "output": 4541, "calls": 40}, "finished_at": "2026-04-23T19:46:02.404398+00:00"}