{"episode_id": "map_01_wintertown_native_obj_pn_0005", "episode_idx": 3, "agent_name": "GhostAgent_3", "SR": 0.0, "SPL": 0.0, "SoftSPL": 0.0, "PLR": 0.29234704899042696, "nDTW": 2.3029605342058795e-54, "CLS": 0.2981453068923429, "steps": 40, "path_length_cm": 2016.4550000000002, "cumulative_reward": -291.08012728238293, "ended_reason": "max_steps", "metrics": {"SR": 0.0, "SPL": 0.0, "SoftSPL": 0.0, "PLR": 0.29234704899042696, "nDTW": 2.3029605342058795e-54, "CLS": 0.2981453068923429, "path_length_cm": 2016.4550000000002, "cumulative_reward": -291.08012728238293}, "token_totals": {"input": 408344, "output": 3040, "calls": 40}, "finished_at": "2026-04-22T21:49:18.964500+00:00"}