{"episode_id": "map_36_dungeon_native_pn_0008", "episode_idx": 8, "agent_name": "GhostAgent_8", "SR": 1.0, "SPL": 0.625808264963293, "SoftSPL": 0.5562755716123994, "PLR": 1.5979335141229805, "nDTW": 0.001988207895461332, "CLS": 0.31071300480527797, "steps": 17, "path_length_cm": 2786.7161519547717, "cumulative_reward": 1750.1325487662784, "ended_reason": "success", "metrics": {"SR": 1.0, "SPL": 0.625808264963293, "SoftSPL": 0.5562755716123994, "PLR": 1.5979335141229805, "nDTW": 0.001988207895461332, "CLS": 0.31071300480527797, "path_length_cm": 2786.7161519547717, "cumulative_reward": 1750.1325487662784}, "token_totals": {"input": 41874, "output": 1576, "calls": 17}, "finished_at": "2026-04-23T00:46:42.821709+00:00"}