{"episode_id": "map_34_temple_plaza_native_on_0008", "episode_idx": 8, "agent_name": "GhostAgent_8", "SR": 0.0, "SPL": 0.0, "SoftSPL": 0.6171931948061833, "PLR": 0.0, "nDTW": 0.00037136742048425147, "CLS": 0.04103628514096313, "steps": 40, "path_length_cm": 0.0, "cumulative_reward": -0.4000000000000002, "ended_reason": "max_steps", "metrics": {"SR": 0.0, "SPL": 0.0, "SoftSPL": 0.6171931948061833, "PLR": 0.0, "nDTW": 0.00037136742048425147, "CLS": 0.04103628514096313, "path_length_cm": 0.0, "cumulative_reward": -0.4000000000000002}, "token_totals": {"input": 32910, "output": 1645, "calls": 40}, "finished_at": "2026-04-23T15:29:23.958891+00:00"}