{"episode_id": "map_19_wintertown_demo02_native_obj_on_0013", "episode_idx": 8, "agent_name": "GhostAgent_8", "SR": 0.0, "SPL": 0.0, "SoftSPL": 0.0, "PLR": 0.08736170362267152, "nDTW": 2.343247235501713e-05, "CLS": 0.0945305041051751, "steps": 2, "path_length_cm": 403.0108958328547, "cumulative_reward": -403.0038697497173, "ended_reason": "no_tool_call", "metrics": {"SR": 0.0, "SPL": 0.0, "SoftSPL": 0.0, "PLR": 0.08736170362267152, "nDTW": 2.343247235501713e-05, "CLS": 0.0945305041051751, "path_length_cm": 403.0108958328547, "cumulative_reward": -403.0038697497173}, "token_totals": {"input": 2100, "output": 512, "calls": 2}, "finished_at": "2026-04-23T13:18:36.420088+00:00"}