{"episode_id": "map_19_wintertown_demo02_native_obj_on_0015", "episode_idx": 5, "agent_name": "GhostAgent_5", "SR": 0.0, "SPL": 0.0, "SoftSPL": 0.6392882572640163, "PLR": 1.260715054928879, "nDTW": 1.1403103278550052e-14, "CLS": 0.036667073061322907, "steps": 40, "path_length_cm": 9712.737890430322, "cumulative_reward": 5538.040690973595, "ended_reason": "max_steps", "metrics": {"SR": 0.0, "SPL": 0.0, "SoftSPL": 0.6392882572640163, "PLR": 1.260715054928879, "nDTW": 1.1403103278550052e-14, "CLS": 0.036667073061322907, "path_length_cm": 9712.737890430322, "cumulative_reward": 5538.040690973595}, "token_totals": {"input": 118114, "output": 5088, "calls": 40}, "finished_at": "2026-04-23T00:41:03.175716+00:00"}