{"episode_id": "map_05_middleeast_native_pn_0001", "episode_idx": 1, "agent_name": "GhostAgent_1", "SR": 0.0, "SPL": 0.0, "SoftSPL": 0.8160198369176257, "PLR": 1.021452292063316, "nDTW": 4.457402602956341e-68, "CLS": 0.2514149056939128, "steps": 40, "path_length_cm": 6376.599794617822, "cumulative_reward": 5203.03158727404, "ended_reason": "max_steps", "metrics": {"SR": 0.0, "SPL": 0.0, "SoftSPL": 0.8160198369176257, "PLR": 1.021452292063316, "nDTW": 4.457402602956341e-68, "CLS": 0.2514149056939128, "path_length_cm": 6376.599794617822, "cumulative_reward": 5203.03158727404}, "token_totals": {"input": 410765, "output": 3934, "calls": 40}, "finished_at": "2026-04-22T19:14:46.747355+00:00"}