{"episode_id": "map_37_dungeon_remix_on_0004", "episode_idx": 4, "agent_name": "GhostAgent_4", "SR": 0.0, "SPL": 0.0, "SoftSPL": 0.0, "PLR": 29.287275376095113, "nDTW": 0.0, "CLS": 0.0, "steps": 17, "path_length_cm": 49861.87920055569, "cumulative_reward": -7005.286146741826, "ended_reason": "step_error", "metrics": {"SR": 0.0, "SPL": 0.0, "SoftSPL": 0.0, "PLR": 29.287275376095113, "nDTW": 0.0, "CLS": 0.0, "path_length_cm": 49861.87920055569, "cumulative_reward": -7005.286146741826}, "token_totals": {"input": 46277, "output": 2154, "calls": 17}, "finished_at": "2026-04-23T20:20:58.515086+00:00"}