{"episode_id": "map_57_gothic_day_invasion_obj_on_0008", "episode_idx": 7, "agent_name": "GhostAgent_7", "SR": 1.0, "SPL": 0.836477795082914, "SoftSPL": 0.8158387841614815, "PLR": 1.1954889966934235, "nDTW": 1.869737968726246e-05, "CLS": 0.3516876252561335, "steps": 23, "path_length_cm": 5774.427042048641, "cumulative_reward": 4670.110235506431, "ended_reason": "success", "metrics": {"SR": 1.0, "SPL": 0.836477795082914, "SoftSPL": 0.8158387841614815, "PLR": 1.1954889966934235, "nDTW": 1.869737968726246e-05, "CLS": 0.3516876252561335, "path_length_cm": 5774.427042048641, "cumulative_reward": 4670.110235506431}, "token_totals": {"input": 59359, "output": 2047, "calls": 23}, "finished_at": "2026-04-23T15:22:49.191444+00:00"}