{
  "map": "map_22_containeryard_demo_native",
  "n": 32,
  "SR": 0.21875,
  "SPL": 0.18896412327764833,
  "SoftSPL": 0.3400878637813626,
  "nDTW": 9.231202175182814e-05,
  "avg_steps": 35.25
}