{"episode_id": "map_16_hwaseong_remix_pn_0015", "episode_idx": 7, "agent_name": "GhostAgent_7", "SR": 1.0, "SPL": 0.7358919310555788, "SoftSPL": 0.6957452051486454, "PLR": 1.3588951825651614, "nDTW": 0.0008619557964585632, "CLS": 0.2669924285139765, "steps": 19, "path_length_cm": 3235.461484928521, "cumulative_reward": 2211.678877370313, "ended_reason": "success", "metrics": {"SR": 1.0, "SPL": 0.7358919310555788, "SoftSPL": 0.6957452051486454, "PLR": 1.3588951825651614, "nDTW": 0.0008619557964585632, "CLS": 0.2669924285139765, "path_length_cm": 3235.461484928521, "cumulative_reward": 2211.678877370313}, "token_totals": {"input": 55018, "output": 3679, "calls": 19}, "finished_at": "2026-04-23T15:43:17.436988+00:00"}