{"episode_id": "map_47_wintertown_demo01_minimal_pn_0011", "episode_idx": 0, "agent_name": "GhostAgent_0", "SR": 0.0, "SPL": 0.0, "SoftSPL": 0.21041612530657017, "PLR": 0.1758477789501153, "nDTW": 7.622881571199406e-09, "CLS": 0.20417883871103368, "steps": 40, "path_length_cm": 1006.9782383355193, "cumulative_reward": 405.5549180033304, "ended_reason": "max_steps", "metrics": {"SR": 0.0, "SPL": 0.0, "SoftSPL": 0.21041612530657017, "PLR": 0.1758477789501153, "nDTW": 7.622881571199406e-09, "CLS": 0.20417883871103368, "path_length_cm": 1006.9782383355193, "cumulative_reward": 405.5549180033304}, "token_totals": {"input": 107547, "output": 4264, "calls": 40}, "finished_at": "2026-04-23T01:45:27.561565+00:00"}