{"episode_id": "map_09b_wintertown_demo02_obj_on_0010", "episode_idx": 6, "agent_name": "GhostAgent_6", "SR": 0.0, "SPL": 0.0, "SoftSPL": 0.0, "PLR": 6.830329623026912, "nDTW": 2.994999176389172e-85, "CLS": 0.0029878738500594927, "steps": 11, "path_length_cm": 50459.265, "cumulative_reward": -49489.63573125264, "ended_reason": "step_error", "metrics": {"SR": 0.0, "SPL": 0.0, "SoftSPL": 0.0, "PLR": 6.830329623026912, "nDTW": 2.994999176389172e-85, "CLS": 0.0029878738500594927, "path_length_cm": 50459.265, "cumulative_reward": -49489.63573125264}, "token_totals": {"input": 30328, "output": 2117, "calls": 11}, "finished_at": "2026-04-23T16:47:09.754401+00:00"}