{"episode_id": "map_04_courtyard_remix_on_0017", "episode_idx": 3, "agent_name": "GhostAgent_3", "SR": 0.0, "SPL": 0.0, "SoftSPL": 0.9410710570066756, "PLR": 0.5112125050610737, "nDTW": 2.7748189074861015e-05, "CLS": 0.08581051643502426, "steps": 40, "path_length_cm": 2935.4691101865455, "cumulative_reward": 354.74151018415097, "ended_reason": "max_steps", "metrics": {"SR": 0.0, "SPL": 0.0, "SoftSPL": 0.9410710570066756, "PLR": 0.5112125050610737, "nDTW": 2.7748189074861015e-05, "CLS": 0.08581051643502426, "path_length_cm": 2935.4691101865455, "cumulative_reward": 354.74151018415097}, "token_totals": {"input": 491264, "output": 8074, "calls": 40}, "finished_at": "2026-04-22T21:47:35.000854+00:00"}