{"episode_id": "map_06_hwaseong_native_obj_pn_0009", "episode_idx": 3, "agent_name": "GhostAgent_3", "SR": 0.0, "SPL": 0.0, "SoftSPL": 0.02493904848281747, "PLR": 0.0, "nDTW": 0.0009431301651145054, "CLS": 0.13438741442138338, "steps": 0, "path_length_cm": 0.0, "cumulative_reward": 0.0, "ended_reason": "spawn_blocked", "metrics": {"SR": 0.0, "SPL": 0.0, "SoftSPL": 0.02493904848281747, "PLR": 0.0, "nDTW": 0.0009431301651145054, "CLS": 0.13438741442138338, "path_length_cm": 0.0, "cumulative_reward": 0.0}, "token_totals": {"input": 0, "output": 0, "calls": 0}, "finished_at": "2026-04-23T18:08:28.519344+00:00"}