{"episode_id": "map_18_cave_native_on_0011", "episode_idx": 1, "agent_name": "GhostAgent_1", "SR": 0.0, "SPL": 0.0, "SoftSPL": 0.17069591479403004, "PLR": 0.033787841540788455, "nDTW": 1.8674718815013695e-14, "CLS": 0.13405913781101356, "steps": 40, "path_length_cm": 235.36779356520944, "cumulative_reward": 25.927290131466666, "ended_reason": "max_steps", "metrics": {"SR": 0.0, "SPL": 0.0, "SoftSPL": 0.17069591479403004, "PLR": 0.033787841540788455, "nDTW": 1.8674718815013695e-14, "CLS": 0.13405913781101356, "path_length_cm": 235.36779356520944, "cumulative_reward": 25.927290131466666}, "token_totals": {"input": 115445, "output": 4379, "calls": 40}, "finished_at": "2026-04-23T17:14:56.839197+00:00"}