{"episode_id": "map_53_courtyard_sanny_big_remix_pn_0003", "episode_idx": 0, "agent_name": "GhostAgent_0", "SR": 0.0, "SPL": 0.0, "SoftSPL": 0.0, "PLR": 26.774985536920507, "nDTW": 7.098875365571161e-182, "CLS": 0.004199885328585376, "steps": 13, "path_length_cm": 48397.92835682677, "cumulative_reward": -35865.96149966803, "ended_reason": "step_error", "metrics": {"SR": 0.0, "SPL": 0.0, "SoftSPL": 0.0, "PLR": 26.774985536920507, "nDTW": 7.098875365571161e-182, "CLS": 0.004199885328585376, "path_length_cm": 48397.92835682677, "cumulative_reward": -35865.96149966803}, "token_totals": {"input": 33483, "output": 1467, "calls": 13}, "finished_at": "2026-04-23T19:11:53.872994+00:00"}