{"episode_id": "map_47_wintertown_demo01_minimal_on_0005", "episode_idx": 5, "agent_name": "GhostAgent_5", "SR": 0.0, "SPL": 0.0, "SoftSPL": 0.23917971286854076, "PLR": 2.7758856860556853, "nDTW": 8.820186041205022e-42, "CLS": 0.12954683241108664, "steps": 40, "path_length_cm": 11165.889136731552, "cumulative_reward": 2636.1694673799375, "ended_reason": "max_steps", "metrics": {"SR": 0.0, "SPL": 0.0, "SoftSPL": 0.23917971286854076, "PLR": 2.7758856860556853, "nDTW": 8.820186041205022e-42, "CLS": 0.12954683241108664, "path_length_cm": 11165.889136731552, "cumulative_reward": 2636.1694673799375}, "token_totals": {"input": 129072, "output": 7209, "calls": 40}, "finished_at": "2026-04-23T01:28:57.258858+00:00"}