{"episode_id": "map_09b_wintertown_demo02_pn_0008", "episode_idx": 8, "agent_name": "GhostAgent_8", "SR": 0.0, "SPL": 0.0, "SoftSPL": 0.4881526283389953, "PLR": 0.16796786797443772, "nDTW": 9.169933928306155e-10, "CLS": 0.10613993382484563, "steps": 40, "path_length_cm": 1062.998089905667, "cumulative_reward": 274.82604196703363, "ended_reason": "max_steps", "metrics": {"SR": 0.0, "SPL": 0.0, "SoftSPL": 0.4881526283389953, "PLR": 0.16796786797443772, "nDTW": 9.169933928306155e-10, "CLS": 0.10613993382484563, "path_length_cm": 1062.998089905667, "cumulative_reward": 274.82604196703363}, "token_totals": {"input": 123666, "output": 6998, "calls": 40}, "finished_at": "2026-04-22T22:49:48.338259+00:00"}