{"episode_id": "map_16_hwaseong_remix_pn_0002", "episode_idx": 1, "agent_name": "GhostAgent_1", "SR": 0.0, "SPL": 0.0, "SoftSPL": 0.39530456947697906, "PLR": 0.4199819847763401, "nDTW": 3.3818048397797703e-17, "CLS": 0.029552067975523767, "steps": 40, "path_length_cm": 2244.778509710451, "cumulative_reward": 686.8982542258668, "ended_reason": "max_steps", "metrics": {"SR": 0.0, "SPL": 0.0, "SoftSPL": 0.39530456947697906, "PLR": 0.4199819847763401, "nDTW": 3.3818048397797703e-17, "CLS": 0.029552067975523767, "path_length_cm": 2244.778509710451, "cumulative_reward": 686.8982542258668}, "token_totals": {"input": 114547, "output": 4841, "calls": 40}, "finished_at": "2026-04-23T15:43:17.434548+00:00"}