{"episode_id": "map_40_B2_open_plaza_pn_0019", "episode_idx": 9, "agent_name": "GhostAgent_9", "SR": 0.0, "SPL": 0.0, "SoftSPL": 0.0, "PLR": 7.759830931737868, "nDTW": 0.0, "CLS": 0.032217196769464114, "steps": 40, "path_length_cm": 48495.68419437035, "cumulative_reward": -35471.71545247978, "ended_reason": "max_steps", "metrics": {"SR": 0.0, "SPL": 0.0, "SoftSPL": 0.0, "PLR": 7.759830931737868, "nDTW": 0.0, "CLS": 0.032217196769464114, "path_length_cm": 48495.68419437035, "cumulative_reward": -35471.71545247978}, "token_totals": {"input": 134763, "output": 8525, "calls": 40}, "finished_at": "2026-04-23T16:18:24.671759+00:00"}