{"episode_id": "map_45_B7_park_with_paths_on_0013", "episode_idx": 3, "agent_name": "GhostAgent_3", "SR": 0.0, "SPL": 0.0, "SoftSPL": 0.0, "PLR": 7.958732453901683, "nDTW": 1.635985283207861e-308, "CLS": 0.013960905729005206, "steps": 40, "path_length_cm": 54131.15961056321, "cumulative_reward": -42314.880176683226, "ended_reason": "max_steps", "metrics": {"SR": 0.0, "SPL": 0.0, "SoftSPL": 0.0, "PLR": 7.958732453901683, "nDTW": 1.635985283207861e-308, "CLS": 0.013960905729005206, "path_length_cm": 54131.15961056321, "cumulative_reward": -42314.880176683226}, "token_totals": {"input": 127206, "output": 6902, "calls": 40}, "finished_at": "2026-04-23T14:11:50.108627+00:00"}