{"episode_id": "map_68_B13_suburban_park_on_0009", "episode_idx": 9, "agent_name": "GhostAgent_9", "SR": 0.0, "SPL": 0.0, "SoftSPL": 0.3698345625311241, "PLR": 2.0645325847080462, "nDTW": 4.294674201218554e-27, "CLS": 0.15003437356757798, "steps": 40, "path_length_cm": 7215.334930296151, "cumulative_reward": 2665.7357567339977, "ended_reason": "max_steps", "metrics": {"SR": 0.0, "SPL": 0.0, "SoftSPL": 0.3698345625311241, "PLR": 2.0645325847080462, "nDTW": 4.294674201218554e-27, "CLS": 0.15003437356757798, "path_length_cm": 7215.334930296151, "cumulative_reward": 2665.7357567339977}, "token_totals": {"input": 127943, "output": 7444, "calls": 40}, "finished_at": "2026-04-23T04:00:24.151316+00:00"}