{"episode_id": "map_27_courtyard_overcast_remix_on_0008", "episode_idx": 8, "agent_name": "GhostAgent_8", "SR": 0.0, "SPL": 0.0, "SoftSPL": 0.1902892096517892, "PLR": 0.20549967360359753, "nDTW": 3.4279537501409675e-05, "CLS": 0.2570396703637566, "steps": 40, "path_length_cm": 401.2524976881764, "cumulative_reward": 309.10637856520884, "ended_reason": "max_steps", "metrics": {"SR": 0.0, "SPL": 0.0, "SoftSPL": 0.1902892096517892, "PLR": 0.20549967360359753, "nDTW": 3.4279537501409675e-05, "CLS": 0.2570396703637566, "path_length_cm": 401.2524976881764, "cumulative_reward": 309.10637856520884}, "token_totals": {"input": 33132, "output": 1965, "calls": 40}, "finished_at": "2026-04-23T15:26:52.922578+00:00"}