{"episode_id": "map_65_hwaseong_ceremonial_on_0015", "episode_idx": 5, "agent_name": "GhostAgent_5", "SR": 0.0, "SPL": 0.0, "SoftSPL": 0.14908923980541594, "PLR": 1.7347028095819417, "nDTW": 3.774927656309394e-55, "CLS": 0.11685675128436372, "steps": 40, "path_length_cm": 7211.78407244358, "cumulative_reward": 1039.5682559957695, "ended_reason": "max_steps", "metrics": {"SR": 0.0, "SPL": 0.0, "SoftSPL": 0.14908923980541594, "PLR": 1.7347028095819417, "nDTW": 3.774927656309394e-55, "CLS": 0.11685675128436372, "path_length_cm": 7211.78407244358, "cumulative_reward": 1039.5682559957695}, "token_totals": {"input": 128183, "output": 6983, "calls": 40}, "finished_at": "2026-04-23T03:56:43.889183+00:00"}