{"episode_id": "map_08_cave_remix_obj_pn_0012", "episode_idx": 0, "agent_name": "GhostAgent_0", "SR": 1.0, "SPL": 0.9941398926503537, "SoftSPL": 0.9683629932283465, "PLR": 1.005894650635157, "nDTW": 0.019188360022008962, "CLS": 0.43832209572533326, "steps": 8, "path_length_cm": 2702.587452594008, "cumulative_reward": 2584.4040235359257, "ended_reason": "success", "metrics": {"SR": 1.0, "SPL": 0.9941398926503537, "SoftSPL": 0.9683629932283465, "PLR": 1.005894650635157, "nDTW": 0.019188360022008962, "CLS": 0.43832209572533326, "path_length_cm": 2702.587452594008, "cumulative_reward": 2584.4040235359257}, "token_totals": {"input": 4533, "output": 24, "calls": 8}, "finished_at": "2026-04-23T15:13:50.488392+00:00"}