{"episode_id": "map_03_watertown_remix_on_0015", "episode_idx": 4, "agent_name": "GhostAgent_4", "SR": 0.0, "SPL": 0.0, "SoftSPL": 0.6018462375749765, "PLR": 0.9725302029617744, "nDTW": 5.080923146132425e-116, "CLS": 0.2570615594470608, "steps": 40, "path_length_cm": 7405.039471391542, "cumulative_reward": 4582.178993561136, "ended_reason": "max_steps", "metrics": {"SR": 0.0, "SPL": 0.0, "SoftSPL": 0.6018462375749765, "PLR": 0.9725302029617744, "nDTW": 5.080923146132425e-116, "CLS": 0.2570615594470608, "path_length_cm": 7405.039471391542, "cumulative_reward": 4582.178993561136}, "token_totals": {"input": 368817, "output": 24560, "calls": 40}, "finished_at": "2026-04-22T17:58:39.269773+00:00"}