{
  "map": "map_19_wintertown_demo02_native",
  "n": 32,
  "SR": 0.15625,
  "SPL": 0.11527368112825237,
  "SoftSPL": 0.2127210320333888,
  "nDTW": 0.0020538326140277763,
  "avg_steps": 34.6875
}