{"episode_id": "map_25_containeryard_day_remix_on_0018", "episode_idx": 8, "agent_name": "GhostAgent_8", "SR": 0.0, "SPL": 0.0, "SoftSPL": 0.14267133365482662, "PLR": 1.119930228347822, "nDTW": 1.2917484376191467e-48, "CLS": 0.22394476535284422, "steps": 40, "path_length_cm": 1730.337000006519, "cumulative_reward": 246.4700536944137, "ended_reason": "max_steps", "metrics": {"SR": 0.0, "SPL": 0.0, "SoftSPL": 0.14267133365482662, "PLR": 1.119930228347822, "nDTW": 1.2917484376191467e-48, "CLS": 0.22394476535284422, "path_length_cm": 1730.337000006519, "cumulative_reward": 246.4700536944137}, "token_totals": {"input": 118749, "output": 7022, "calls": 40}, "finished_at": "2026-04-23T00:32:48.463743+00:00"}