{"episode_id": "map_34_temple_plaza_native_pn_0002", "episode_idx": 2, "agent_name": "GhostAgent_2", "SR": 0.0, "SPL": 0.0, "SoftSPL": 0.7865558127429094, "PLR": 0.5523159210688867, "nDTW": 5.996758331044788e-10, "CLS": 0.06597220820961854, "steps": 40, "path_length_cm": 1178.4875271031049, "cumulative_reward": 1157.3422210270217, "ended_reason": "max_steps", "metrics": {"SR": 0.0, "SPL": 0.0, "SoftSPL": 0.7865558127429094, "PLR": 0.5523159210688867, "nDTW": 5.996758331044788e-10, "CLS": 0.06597220820961854, "path_length_cm": 1178.4875271031049, "cumulative_reward": 1157.3422210270217}, "token_totals": {"input": 30744, "output": 1436, "calls": 40}, "finished_at": "2026-04-23T15:33:32.933761+00:00"}