{"episode_id": "map_67_B12_construction_site_obj_on_0006", "episode_idx": 6, "agent_name": "GhostAgent_6", "SR": 0.0, "SPL": 0.0, "SoftSPL": 0.2777261559958204, "PLR": 0.1122286063258903, "nDTW": 2.445672942651446e-10, "CLS": 0.1424478703660748, "steps": 40, "path_length_cm": 554.1130317291977, "cumulative_reward": 399.17630089318845, "ended_reason": "max_steps", "metrics": {"SR": 0.0, "SPL": 0.0, "SoftSPL": 0.2777261559958204, "PLR": 0.1122286063258903, "nDTW": 2.445672942651446e-10, "CLS": 0.1424478703660748, "path_length_cm": 554.1130317291977, "cumulative_reward": 399.17630089318845}, "token_totals": {"input": 107165, "output": 3433, "calls": 40}, "finished_at": "2026-04-23T15:47:09.094369+00:00"}