{"episode_id": "map_64_cave_lost_expedition_pn_0013", "episode_idx": 3, "agent_name": "GhostAgent_3", "SR": 0.0, "SPL": 0.0, "SoftSPL": 0.505299751876937, "PLR": 0.5391686727190712, "nDTW": 2.1292627527160135e-15, "CLS": 0.1610397934600818, "steps": 40, "path_length_cm": 1695.0330816074888, "cumulative_reward": 1654.3558295684963, "ended_reason": "max_steps", "metrics": {"SR": 0.0, "SPL": 0.0, "SoftSPL": 0.505299751876937, "PLR": 0.5391686727190712, "nDTW": 2.1292627527160135e-15, "CLS": 0.1610397934600818, "path_length_cm": 1695.0330816074888, "cumulative_reward": 1654.3558295684963}, "token_totals": {"input": 109128, "output": 4076, "calls": 40}, "finished_at": "2026-04-23T20:02:29.735994+00:00"}