{"episode_id": "map_62_trainstation_cross_remix_pn_0007", "episode_idx": 7, "agent_name": "GhostAgent_7", "SR": 0.0, "SPL": 0.0, "SoftSPL": 0.0, "PLR": 0.30412204061582937, "nDTW": 9.9701767499851e-09, "CLS": 0.09121605202089489, "steps": 40, "path_length_cm": 567.902292543969, "cumulative_reward": -17.589996417761963, "ended_reason": "max_steps", "metrics": {"SR": 0.0, "SPL": 0.0, "SoftSPL": 0.0, "PLR": 0.30412204061582937, "nDTW": 9.9701767499851e-09, "CLS": 0.09121605202089489, "path_length_cm": 567.902292543969, "cumulative_reward": -17.589996417761963}, "token_totals": {"input": 125085, "output": 7437, "calls": 40}, "finished_at": "2026-04-23T04:04:23.643197+00:00"}