{"episode_id": "map_20_trainstation_native_obj_on_0002", "episode_idx": 2, "agent_name": "GhostAgent_2", "SR": 0.0, "SPL": 0.0, "SoftSPL": 0.0, "PLR": 0.033683344021900444, "nDTW": 0.0023745293275676594, "CLS": 0.2600596730571783, "steps": 40, "path_length_cm": 35.190000000000055, "cumulative_reward": -0.4466505790259364, "ended_reason": "max_steps", "metrics": {"SR": 0.0, "SPL": 0.0, "SoftSPL": 0.0, "PLR": 0.033683344021900444, "nDTW": 0.0023745293275676594, "CLS": 0.2600596730571783, "path_length_cm": 35.190000000000055, "cumulative_reward": -0.4466505790259364}, "token_totals": {"input": 112389, "output": 5280, "calls": 40}, "finished_at": "2026-04-23T17:39:38.786447+00:00"}