{"episode_id": "map_19_wintertown_demo02_native_pn_0016", "episode_idx": 6, "agent_name": "GhostAgent_6", "SR": 0.0, "SPL": 0.0, "SoftSPL": 0.0, "PLR": 0.038965159735624, "nDTW": 0.0003545235003760173, "CLS": 0.26034051823834176, "steps": 40, "path_length_cm": 55.394429686552506, "cumulative_reward": 4.30407284957242, "ended_reason": "max_steps", "metrics": {"SR": 0.0, "SPL": 0.0, "SoftSPL": 0.0, "PLR": 0.038965159735624, "nDTW": 0.0003545235003760173, "CLS": 0.26034051823834176, "path_length_cm": 55.394429686552506, "cumulative_reward": 4.30407284957242}, "token_totals": {"input": 109602, "output": 4380, "calls": 40}, "finished_at": "2026-04-22T23:24:24.861367+00:00"}