{"episode_id": "map_42_B4_industrial_yard_pn_0006", "episode_idx": 6, "agent_name": "GhostAgent_6", "SR": 1.0, "SPL": 0.9816296523812416, "SoftSPL": 0.96304687594697, "PLR": 1.018714132742624, "nDTW": 9.207753413332145e-35, "CLS": 0.5611455030986201, "steps": 18, "path_length_cm": 7201.768999999998, "cumulative_reward": 6937.95937091607, "ended_reason": "success", "metrics": {"SR": 1.0, "SPL": 0.9816296523812416, "SoftSPL": 0.96304687594697, "PLR": 1.018714132742624, "nDTW": 9.207753413332145e-35, "CLS": 0.5611455030986201, "path_length_cm": 7201.768999999998, "cumulative_reward": 6937.95937091607}, "token_totals": {"input": 11291, "output": 54, "calls": 18}, "finished_at": "2026-04-23T15:55:15.200358+00:00"}