{"episode_id": "map_67_B12_construction_site_on_0015", "episode_idx": 5, "agent_name": "GhostAgent_5", "SR": 0.0, "SPL": 0.0, "SoftSPL": 0.0, "PLR": 1.2795742845867368, "nDTW": 1.404202032166258e-105, "CLS": 0.1953774806288368, "steps": 24, "path_length_cm": 8394.67268551698, "cumulative_reward": -6155.455569731174, "ended_reason": "no_tool_call", "metrics": {"SR": 0.0, "SPL": 0.0, "SoftSPL": 0.0, "PLR": 1.2795742845867368, "nDTW": 1.404202032166258e-105, "CLS": 0.1953774806288368, "path_length_cm": 8394.67268551698, "cumulative_reward": -6155.455569731174}, "token_totals": {"input": 75656, "output": 4381, "calls": 24}, "finished_at": "2026-04-23T15:33:28.802461+00:00"}