{"episode_id": "map_49_courtyard_sunny_packed_on_0000", "episode_idx": 0, "agent_name": "GhostAgent_0", "SR": 0.0, "SPL": 0.0, "SoftSPL": 0.4051837378983614, "PLR": 0.13243634429074155, "nDTW": 2.9164787060632907e-06, "CLS": 0.11599519422587648, "steps": 40, "path_length_cm": 437.69284733680047, "cumulative_reward": 59.51966450273397, "ended_reason": "max_steps", "metrics": {"SR": 0.0, "SPL": 0.0, "SoftSPL": 0.4051837378983614, "PLR": 0.13243634429074155, "nDTW": 2.9164787060632907e-06, "CLS": 0.11599519422587648, "path_length_cm": 437.69284733680047, "cumulative_reward": 59.51966450273397}, "token_totals": {"input": 124544, "output": 7034, "calls": 40}, "finished_at": "2026-04-23T02:05:40.654543+00:00"}