{"episode_id": "map_23_containeryard_demo_remix_on_0006", "episode_idx": 6, "agent_name": "GhostAgent_6", "SR": 0.0, "SPL": 0.0, "SoftSPL": 1.4935541927663112e-06, "PLR": 0.0, "nDTW": 0.0001898479249509175, "CLS": 0.25000000901055863, "steps": 40, "path_length_cm": 0.0, "cumulative_reward": -0.4000000000000002, "ended_reason": "max_steps", "metrics": {"SR": 0.0, "SPL": 0.0, "SoftSPL": 1.4935541927663112e-06, "PLR": 0.0, "nDTW": 0.0001898479249509175, "CLS": 0.25000000901055863, "path_length_cm": 0.0, "cumulative_reward": -0.4000000000000002}, "token_totals": {"input": 109819, "output": 2974, "calls": 40}, "finished_at": "2026-04-23T17:30:07.822997+00:00"}