{"episode_id": "map_49_courtyard_sunny_packed_pn_0019", "episode_idx": 9, "agent_name": "GhostAgent_9", "SR": 0.0, "SPL": 0.0, "SoftSPL": 0.7875049622429258, "PLR": 0.09555908198659963, "nDTW": 0.00015776014561377747, "CLS": 0.09714835547404085, "steps": 40, "path_length_cm": 435.9548658851654, "cumulative_reward": 187.76933402492108, "ended_reason": "max_steps", "metrics": {"SR": 0.0, "SPL": 0.0, "SoftSPL": 0.7875049622429258, "PLR": 0.09555908198659963, "nDTW": 0.00015776014561377747, "CLS": 0.09714835547404085, "path_length_cm": 435.9548658851654, "cumulative_reward": 187.76933402492108}, "token_totals": {"input": 108600, "output": 4504, "calls": 40}, "finished_at": "2026-04-23T01:44:08.477176+00:00"}