{"episode_id": "map_66_middleeast_bazaar_pn_0010", "episode_idx": 0, "agent_name": "GhostAgent_0", "SR": 0.0, "SPL": 0.0, "SoftSPL": 0.0, "PLR": 0.004520555055398962, "nDTW": 0.0006209322802426872, "CLS": 0.06810318728701253, "steps": 40, "path_length_cm": 23.54006716218123, "cumulative_reward": 22.74048513914707, "ended_reason": "max_steps", "metrics": {"SR": 0.0, "SPL": 0.0, "SoftSPL": 0.0, "PLR": 0.004520555055398962, "nDTW": 0.0006209322802426872, "CLS": 0.06810318728701253, "path_length_cm": 23.54006716218123, "cumulative_reward": 22.74048513914707}, "token_totals": {"input": 30582, "output": 1386, "calls": 40}, "finished_at": "2026-04-23T18:51:48.321143+00:00"}