{"episode_id": "map_26_courtyard_overcast_native_obj_pn_0004", "episode_idx": 9, "agent_name": "GhostAgent_9", "SR": 0.0, "SPL": 0.0, "SoftSPL": 0.0, "PLR": 10.532252003154934, "nDTW": 1.5124920334727195e-48, "CLS": 0.0009451017990848564, "steps": 12, "path_length_cm": 51146.616855200955, "cumulative_reward": -51008.75283746489, "ended_reason": "step_error", "metrics": {"SR": 0.0, "SPL": 0.0, "SoftSPL": 0.0, "PLR": 10.532252003154934, "nDTW": 1.5124920334727195e-48, "CLS": 0.0009451017990848564, "path_length_cm": 51146.616855200955, "cumulative_reward": -51008.75283746489}, "token_totals": {"input": 30677, "output": 1498, "calls": 12}, "finished_at": "2026-04-23T18:33:26.081142+00:00"}