{"episode_id": "map_42_B4_industrial_yard_obj_pn_0006", "episode_idx": 6, "agent_name": "GhostAgent_6", "SR": 0.0, "SPL": 0.0, "SoftSPL": 0.039394862208837034, "PLR": 0.0, "nDTW": 4.538684836170612e-12, "CLS": 0.0833333334525976, "steps": 40, "path_length_cm": 0.0, "cumulative_reward": -0.4000000000000002, "ended_reason": "max_steps", "metrics": {"SR": 0.0, "SPL": 0.0, "SoftSPL": 0.039394862208837034, "PLR": 0.0, "nDTW": 4.538684836170612e-12, "CLS": 0.0833333334525976, "path_length_cm": 0.0, "cumulative_reward": -0.4000000000000002}, "token_totals": {"input": 33442, "output": 2078, "calls": 40}, "finished_at": "2026-04-23T16:10:19.032022+00:00"}