{"episode_id": "map_03_watertown_remix_on_0001", "episode_idx": 1, "agent_name": "GhostAgent_1", "SR": 1.0, "SPL": 0.9878951183397399, "SoftSPL": 0.95719690944325, "PLR": 1.01225320525989, "nDTW": 1.0410571923345235e-20, "CLS": 0.38365574644767453, "steps": 32, "path_length_cm": 6193.187805485164, "cumulative_reward": 5883.650323650628, "ended_reason": "success", "metrics": {"SR": 1.0, "SPL": 0.9878951183397399, "SoftSPL": 0.95719690944325, "PLR": 1.01225320525989, "nDTW": 1.0410571923345235e-20, "CLS": 0.38365574644767453, "path_length_cm": 6193.187805485164, "cumulative_reward": 5883.650323650628}, "token_totals": {"input": 217024, "output": 9992, "calls": 32}, "finished_at": "2026-04-22T15:07:51.402055+00:00"}