{"episode_id": "map_26_courtyard_overcast_native_on_0012", "episode_idx": 2, "agent_name": "GhostAgent_2", "SR": 0.0, "SPL": 0.0, "SoftSPL": 0.0, "PLR": 38.20707433287955, "nDTW": 6.529896146743195e-203, "CLS": 0.0029632577291549235, "steps": 16, "path_length_cm": 50682.44824405138, "cumulative_reward": -43152.39701111189, "ended_reason": "step_error", "metrics": {"SR": 0.0, "SPL": 0.0, "SoftSPL": 0.0, "PLR": 38.20707433287955, "nDTW": 6.529896146743195e-203, "CLS": 0.0029632577291549235, "path_length_cm": 50682.44824405138, "cumulative_reward": -43152.39701111189}, "token_totals": {"input": 47849, "output": 3047, "calls": 16}, "finished_at": "2026-04-23T17:47:32.754330+00:00"}