{"episode_id": "map_26_courtyard_overcast_native_obj_pn_0000", "episode_idx": 0, "agent_name": "GhostAgent_0", "SR": 0.0, "SPL": 0.0, "SoftSPL": 0.9441910784727983, "PLR": 0.17464936952026855, "nDTW": 0.000236116401052264, "CLS": 0.14140048606718778, "steps": 40, "path_length_cm": 775.595145621475, "cumulative_reward": 734.1472061663112, "ended_reason": "max_steps", "metrics": {"SR": 0.0, "SPL": 0.0, "SoftSPL": 0.9441910784727983, "PLR": 0.17464936952026855, "nDTW": 0.000236116401052264, "CLS": 0.14140048606718778, "path_length_cm": 775.595145621475, "cumulative_reward": 734.1472061663112}, "token_totals": {"input": 117000, "output": 6339, "calls": 40}, "finished_at": "2026-04-23T00:42:03.063514+00:00"}