{"episode_id": "map_56_containeryard_settlement_obj_pn_0013", "episode_idx": 0, "agent_name": "GhostAgent_0", "SR": 0.0, "SPL": 0.0, "SoftSPL": 0.0, "PLR": 0.0, "nDTW": 1.0059534376043636e-08, "CLS": 0.1666666671840826, "steps": 40, "path_length_cm": 0.0, "cumulative_reward": -0.4000000000000002, "ended_reason": "max_steps", "metrics": {"SR": 0.0, "SPL": 0.0, "SoftSPL": 0.0, "PLR": 0.0, "nDTW": 1.0059534376043636e-08, "CLS": 0.1666666671840826, "path_length_cm": 0.0, "cumulative_reward": -0.4000000000000002}, "token_totals": {"input": 33653, "output": 1967, "calls": 40}, "finished_at": "2026-04-23T19:07:23.075397+00:00"}