{"episode_id": "map_50_B9_sparse_wilderness_pn_0003", "episode_idx": 3, "agent_name": "GhostAgent_3", "SR": 0.0, "SPL": 0.0, "SoftSPL": 0.0, "PLR": 14.17243393091921, "nDTW": 0.0, "CLS": 0.017639877717580542, "steps": 25, "path_length_cm": 55622.268000000004, "cumulative_reward": -52083.48559659651, "ended_reason": "step_error", "metrics": {"SR": 0.0, "SPL": 0.0, "SoftSPL": 0.0, "PLR": 14.17243393091921, "nDTW": 0.0, "CLS": 0.017639877717580542, "path_length_cm": 55622.268000000004, "cumulative_reward": -52083.48559659651}, "token_totals": {"input": 85894, "output": 6153, "calls": 25}, "finished_at": "2026-04-23T19:10:54.942791+00:00"}