{"episode_id": "map_60_B11_forest_camp_pn_0007", "episode_idx": 7, "agent_name": "GhostAgent_7", "SR": 0.0, "SPL": 0.0, "SoftSPL": 0.3604327765892893, "PLR": 0.4283781597330333, "nDTW": 6.696153556946439e-08, "CLS": 0.26378825285091817, "steps": 9, "path_length_cm": 2798.341774421664, "cumulative_reward": 2336.393414439026, "ended_reason": "no_tool_call", "metrics": {"SR": 0.0, "SPL": 0.0, "SoftSPL": 0.3604327765892893, "PLR": 0.4283781597330333, "nDTW": 6.696153556946439e-08, "CLS": 0.26378825285091817, "path_length_cm": 2798.341774421664, "cumulative_reward": 2336.393414439026}, "token_totals": {"input": 20721, "output": 1416, "calls": 9}, "finished_at": "2026-04-23T17:13:38.962311+00:00"}