{"episode_id": "map_65_hwaseong_ceremonial_on_0012", "episode_idx": 2, "agent_name": "GhostAgent_2", "SR": 0.0, "SPL": 0.0, "SoftSPL": 0.7280682809231227, "PLR": 0.8581048607500911, "nDTW": 1.545273199643623e-07, "CLS": 0.23624625739221625, "steps": 40, "path_length_cm": 4175.486766118298, "cumulative_reward": 3347.3521773543125, "ended_reason": "max_steps", "metrics": {"SR": 0.0, "SPL": 0.0, "SoftSPL": 0.7280682809231227, "PLR": 0.8581048607500911, "nDTW": 1.545273199643623e-07, "CLS": 0.23624625739221625, "path_length_cm": 4175.486766118298, "cumulative_reward": 3347.3521773543125}, "token_totals": {"input": 108428, "output": 3700, "calls": 40}, "finished_at": "2026-04-23T03:56:43.685840+00:00"}