{"episode_id": "map_62_trainstation_cross_remix_pn_0018", "episode_idx": 8, "agent_name": "GhostAgent_8", "SR": 1.0, "SPL": 0.7759451350807864, "SoftSPL": 0.7062045760214849, "PLR": 1.2887509113590698, "nDTW": 1.7475281719382544e-07, "CLS": 0.3637109524994019, "steps": 14, "path_length_cm": 2856.864357773445, "cumulative_reward": 2019.889531127016, "ended_reason": "success", "metrics": {"SR": 1.0, "SPL": 0.7759451350807864, "SoftSPL": 0.7062045760214849, "PLR": 1.2887509113590698, "nDTW": 1.7475281719382544e-07, "CLS": 0.3637109524994019, "path_length_cm": 2856.864357773445, "cumulative_reward": 2019.889531127016}, "token_totals": {"input": 35418, "output": 1826, "calls": 14}, "finished_at": "2026-04-23T04:17:13.736688+00:00"}