{"episode_id": "map_40_B2_open_plaza_obj_pn_0009", "episode_idx": 9, "agent_name": "GhostAgent_9", "SR": 0.0, "SPL": 0.0, "SoftSPL": 0.11548901284107796, "PLR": 1.6277346852434706, "nDTW": 2.027044170090488e-98, "CLS": 0.0682611940195701, "steps": 40, "path_length_cm": 7839.170244132554, "cumulative_reward": 907.1685889494111, "ended_reason": "max_steps", "metrics": {"SR": 0.0, "SPL": 0.0, "SoftSPL": 0.11548901284107796, "PLR": 1.6277346852434706, "nDTW": 2.027044170090488e-98, "CLS": 0.0682611940195701, "path_length_cm": 7839.170244132554, "cumulative_reward": 907.1685889494111}, "token_totals": {"input": 124425, "output": 6003, "calls": 40}, "finished_at": "2026-04-23T16:36:21.278715+00:00"}