{"episode_id": "map_53_courtyard_sanny_big_remix_obj_on_0010", "episode_idx": 9, "agent_name": "GhostAgent_9", "SR": 0.0, "SPL": 0.0, "SoftSPL": 0.0, "PLR": 14.384416836620343, "nDTW": 2.0057172537569787e-80, "CLS": 0.0027157196043279003, "steps": 15, "path_length_cm": 53729.105300649404, "cumulative_reward": -35478.77762295416, "ended_reason": "step_error", "metrics": {"SR": 0.0, "SPL": 0.0, "SoftSPL": 0.0, "PLR": 14.384416836620343, "nDTW": 2.0057172537569787e-80, "CLS": 0.0027157196043279003, "path_length_cm": 53729.105300649404, "cumulative_reward": -35478.77762295416}, "token_totals": {"input": 45857, "output": 3385, "calls": 15}, "finished_at": "2026-04-23T18:49:51.443212+00:00"}