{"episode_id": "map_16_hwaseong_remix_on_0009", "episode_idx": 5, "agent_name": "GhostAgent_5", "SR": 1.0, "SPL": 0.7400742998166141, "SoftSPL": 0.7085786680866448, "PLR": 1.3512156823278336, "nDTW": 1.457850397774862e-12, "CLS": 0.409487147839994, "steps": 18, "path_length_cm": 4559.839465897154, "cumulative_reward": 3233.317492450166, "ended_reason": "success", "metrics": {"SR": 1.0, "SPL": 0.7400742998166141, "SoftSPL": 0.7085786680866448, "PLR": 1.3512156823278336, "nDTW": 1.457850397774862e-12, "CLS": 0.409487147839994, "path_length_cm": 4559.839465897154, "cumulative_reward": 3233.317492450166}, "token_totals": {"input": 52307, "output": 3365, "calls": 18}, "finished_at": "2026-04-23T13:13:23.628722+00:00"}