{"episode_id": "map_57_gothic_day_invasion_pn_0013", "episode_idx": 0, "agent_name": "GhostAgent_0", "SR": 1.0, "SPL": 0.8358752262312965, "SoftSPL": 0.8000263364382539, "PLR": 1.1963508052615597, "nDTW": 0.0027370627810986946, "CLS": 0.36218777503213206, "steps": 25, "path_length_cm": 2417.7771234014017, "cumulative_reward": 1901.6985609967705, "ended_reason": "success", "metrics": {"SR": 1.0, "SPL": 0.8358752262312965, "SoftSPL": 0.8000263364382539, "PLR": 1.1963508052615597, "nDTW": 0.0027370627810986946, "CLS": 0.36218777503213206, "path_length_cm": 2417.7771234014017, "cumulative_reward": 1901.6985609967705}, "token_totals": {"input": 71219, "output": 3952, "calls": 25}, "finished_at": "2026-04-23T17:01:38.405838+00:00"}