{"episode_id": "map_05_middleeast_native_obj_pn_0007", "episode_idx": 0, "agent_name": "GhostAgent_0", "SR": 0.0, "SPL": 0.0, "SoftSPL": 0.7066441557088894, "PLR": 0.8567695501584361, "nDTW": 3.444393984126044e-37, "CLS": 0.1365799827005951, "steps": 40, "path_length_cm": 6417.255336859696, "cumulative_reward": 5328.13341861272, "ended_reason": "max_steps", "metrics": {"SR": 0.0, "SPL": 0.0, "SoftSPL": 0.7066441557088894, "PLR": 0.8567695501584361, "nDTW": 3.444393984126044e-37, "CLS": 0.1365799827005951, "path_length_cm": 6417.255336859696, "cumulative_reward": 5328.13341861272}, "token_totals": {"input": 444876, "output": 4606, "calls": 40}, "finished_at": "2026-04-22T21:09:53.114471+00:00"}