{"episode_id": "map_31_gothic_day_remix_obj_pn_0013", "episode_idx": 2, "agent_name": "GhostAgent_2", "SR": 0.0, "SPL": 0.0, "SoftSPL": 0.0, "PLR": 0.47822413512568523, "nDTW": 1.9509918811145234e-15, "CLS": 0.13005443671358527, "steps": 40, "path_length_cm": 1499.7108877541489, "cumulative_reward": -701.2777304475267, "ended_reason": "max_steps", "metrics": {"SR": 0.0, "SPL": 0.0, "SoftSPL": 0.0, "PLR": 0.47822413512568523, "nDTW": 1.9509918811145234e-15, "CLS": 0.13005443671358527, "path_length_cm": 1499.7108877541489, "cumulative_reward": -701.2777304475267}, "token_totals": {"input": 120042, "output": 5900, "calls": 40}, "finished_at": "2026-04-23T01:13:29.750660+00:00"}