{"episode_id": "map_57_gothic_day_invasion_obj_pn_0018", "episode_idx": 3, "agent_name": "GhostAgent_3", "SR": 0.0, "SPL": 0.0, "SoftSPL": 0.0, "PLR": 0.6598725079064196, "nDTW": 9.220989554113146e-16, "CLS": 0.06064744847728711, "steps": 40, "path_length_cm": 2079.9775334467463, "cumulative_reward": -594.5227124793919, "ended_reason": "max_steps", "metrics": {"SR": 0.0, "SPL": 0.0, "SoftSPL": 0.0, "PLR": 0.6598725079064196, "nDTW": 9.220989554113146e-16, "CLS": 0.06064744847728711, "path_length_cm": 2079.9775334467463, "cumulative_reward": -594.5227124793919}, "token_totals": {"input": 127462, "output": 7459, "calls": 40}, "finished_at": "2026-04-23T03:42:47.366634+00:00"}