{"episode_id": "map_01_wintertown_native_obj_on_0010", "episode_idx": 4, "agent_name": "GhostAgent_4", "SR": 0.0, "SPL": 0.0, "SoftSPL": 0.35706184263741036, "PLR": 1.4910888074412672, "nDTW": 1.6740693538338554e-26, "CLS": 0.02877416755076439, "steps": 40, "path_length_cm": 6649.972774314639, "cumulative_reward": 2353.8695253722017, "ended_reason": "max_steps", "metrics": {"SR": 0.0, "SPL": 0.0, "SoftSPL": 0.35706184263741036, "PLR": 1.4910888074412672, "nDTW": 1.6740693538338554e-26, "CLS": 0.02877416755076439, "path_length_cm": 6649.972774314639, "cumulative_reward": 2353.8695253722017}, "token_totals": {"input": 133198, "output": 8401, "calls": 40}, "finished_at": "2026-04-22T22:34:39.253564+00:00"}