{"episode_id": "map_01_wintertown_native_obj_pn_0001", "episode_idx": 4, "agent_name": "GhostAgent_4", "SR": 0.0, "SPL": 0.0, "SoftSPL": 0.0, "PLR": 0.5870879034934291, "nDTW": 4.093913204368893e-92, "CLS": 0.425830609993769, "steps": 40, "path_length_cm": 2673.615925146181, "cumulative_reward": 92.27663611793794, "ended_reason": "max_steps", "metrics": {"SR": 0.0, "SPL": 0.0, "SoftSPL": 0.0, "PLR": 0.5870879034934291, "nDTW": 4.093913204368893e-92, "CLS": 0.425830609993769, "path_length_cm": 2673.615925146181, "cumulative_reward": 92.27663611793794}, "token_totals": {"input": 420266, "output": 3778, "calls": 40}, "finished_at": "2026-04-22T21:00:15.491699+00:00"}