{"episode_id": "map_36_dungeon_native_obj_pn_0000", "episode_idx": 0, "agent_name": "GhostAgent_0", "SR": 0.0, "SPL": 0.0, "SoftSPL": 0.2503786394967223, "PLR": 1.1199499904022723, "nDTW": 0.00015468224179261716, "CLS": 0.8159231553612641, "steps": 40, "path_length_cm": 2113.49122538784, "cumulative_reward": 1810.4420807009449, "ended_reason": "max_steps", "metrics": {"SR": 0.0, "SPL": 0.0, "SoftSPL": 0.2503786394967223, "PLR": 1.1199499904022723, "nDTW": 0.00015468224179261716, "CLS": 0.8159231553612641, "path_length_cm": 2113.49122538784, "cumulative_reward": 1810.4420807009449}, "token_totals": {"input": 113743, "output": 5204, "calls": 40}, "finished_at": "2026-04-23T01:20:30.556406+00:00"}