{"episode_id": "map_31_gothic_day_remix_obj_on_0017", "episode_idx": 6, "agent_name": "GhostAgent_6", "SR": 0.0, "SPL": 0.0, "SoftSPL": 0.5337845388910973, "PLR": 1.1697852019057355, "nDTW": 1.203797274824429e-16, "CLS": 0.028479174612365085, "steps": 40, "path_length_cm": 4336.580909096866, "cumulative_reward": 1873.289385758618, "ended_reason": "max_steps", "metrics": {"SR": 0.0, "SPL": 0.0, "SoftSPL": 0.5337845388910973, "PLR": 1.1697852019057355, "nDTW": 1.203797274824429e-16, "CLS": 0.028479174612365085, "path_length_cm": 4336.580909096866, "cumulative_reward": 1873.289385758618}, "token_totals": {"input": 109535, "output": 3574, "calls": 40}, "finished_at": "2026-04-23T18:48:31.059302+00:00"}