{"episode_id": "map_66_middleeast_bazaar_obj_pn_0010", "episode_idx": 0, "agent_name": "GhostAgent_0", "SR": 0.0, "SPL": 0.0, "SoftSPL": 0.0, "PLR": 0.0009642444804455908, "nDTW": 1.193939685267472e-08, "CLS": 0.1252415290183701, "steps": 40, "path_length_cm": 5.960689389660118, "cumulative_reward": 5.062669375205232, "ended_reason": "max_steps", "metrics": {"SR": 0.0, "SPL": 0.0, "SoftSPL": 0.0, "PLR": 0.0009642444804455908, "nDTW": 1.193939685267472e-08, "CLS": 0.1252415290183701, "path_length_cm": 5.960689389660118, "cumulative_reward": 5.062669375205232}, "token_totals": {"input": 33099, "output": 1960, "calls": 40}, "finished_at": "2026-04-23T19:13:48.210282+00:00"}