{"episode_id": "map_40_B2_open_plaza_pn_0000", "episode_idx": 0, "agent_name": "GhostAgent_0", "SR": 0.0, "SPL": 0.0, "SoftSPL": 0.0, "PLR": 0.0, "nDTW": 4.286751863627543e-06, "CLS": 0.25000000000459405, "steps": 40, "path_length_cm": 0.0, "cumulative_reward": -0.4000000000000002, "ended_reason": "max_steps", "metrics": {"SR": 0.0, "SPL": 0.0, "SoftSPL": 0.0, "PLR": 0.0, "nDTW": 4.286751863627543e-06, "CLS": 0.25000000000459405, "path_length_cm": 0.0, "cumulative_reward": -0.4000000000000002}, "token_totals": {"input": 105464, "output": 2291, "calls": 40}, "finished_at": "2026-04-23T00:55:48.444460+00:00"}