{"episode_id": "map_42_B4_industrial_yard_obj_pn_0005", "episode_idx": 5, "agent_name": "GhostAgent_5", "SR": 0.0, "SPL": 0.0, "SoftSPL": 0.0, "PLR": 0.0, "nDTW": 0.008138501607608288, "CLS": 0.16946751545124705, "steps": 40, "path_length_cm": 0.0, "cumulative_reward": -0.4000000000000002, "ended_reason": "max_steps", "metrics": {"SR": 0.0, "SPL": 0.0, "SoftSPL": 0.0, "PLR": 0.0, "nDTW": 0.008138501607608288, "CLS": 0.16946751545124705, "path_length_cm": 0.0, "cumulative_reward": -0.4000000000000002}, "token_totals": {"input": 34092, "output": 2233, "calls": 40}, "finished_at": "2026-04-23T16:10:19.031603+00:00"}