{"episode_id": "map_26_courtyard_overcast_native_obj_on_0017", "episode_idx": 7, "agent_name": "GhostAgent_7", "SR": 0.0, "SPL": 0.0, "SoftSPL": 0.029300408561820923, "PLR": 0.0, "nDTW": 0.0009385062474981442, "CLS": 0.1366023713490147, "steps": 0, "path_length_cm": 0.0, "cumulative_reward": 0.0, "ended_reason": "spawn_blocked", "metrics": {"SR": 0.0, "SPL": 0.0, "SoftSPL": 0.029300408561820923, "PLR": 0.0, "nDTW": 0.0009385062474981442, "CLS": 0.1366023713490147, "path_length_cm": 0.0, "cumulative_reward": 0.0}, "token_totals": {"input": 0, "output": 0, "calls": 0}, "finished_at": "2026-04-23T18:11:25.179169+00:00"}