{"episode_id": "map_42_B4_industrial_yard_obj_pn_0001", "episode_idx": 1, "agent_name": "GhostAgent_1", "SR": 0.0, "SPL": 0.0, "SoftSPL": 0.1148247739003253, "PLR": 0.1282130886751591, "nDTW": 9.919453896611842e-11, "CLS": 0.16873442649345077, "steps": 40, "path_length_cm": 349.9781396330348, "cumulative_reward": 283.7258062025321, "ended_reason": "max_steps", "metrics": {"SR": 0.0, "SPL": 0.0, "SoftSPL": 0.1148247739003253, "PLR": 0.1282130886751591, "nDTW": 9.919453896611842e-11, "CLS": 0.16873442649345077, "path_length_cm": 349.9781396330348, "cumulative_reward": 283.7258062025321}, "token_totals": {"input": 36925, "output": 3101, "calls": 40}, "finished_at": "2026-04-23T16:10:19.029444+00:00"}