{"episode_id": "map_62_trainstation_cross_remix_obj_pn_0016", "episode_idx": 1, "agent_name": "GhostAgent_1", "SR": 0.0, "SPL": 0.0, "SoftSPL": 0.0, "PLR": 0.9203659637233343, "nDTW": 2.1370314145519296e-24, "CLS": 0.07395281970281377, "steps": 40, "path_length_cm": 1708.06117377595, "cumulative_reward": 880.0817989614716, "ended_reason": "max_steps", "metrics": {"SR": 0.0, "SPL": 0.0, "SoftSPL": 0.0, "PLR": 0.9203659637233343, "nDTW": 2.1370314145519296e-24, "CLS": 0.07395281970281377, "path_length_cm": 1708.06117377595, "cumulative_reward": 880.0817989614716}, "token_totals": {"input": 116505, "output": 4912, "calls": 40}, "finished_at": "2026-04-23T04:40:51.638936+00:00"}