{"episode_id": "map_15_middleeast_remix_on_0010", "episode_idx": 0, "agent_name": "GhostAgent_0", "SR": 0.0, "SPL": 0.0, "SoftSPL": 0.2170208638217157, "PLR": 0.0, "nDTW": 4.039447767862285e-07, "CLS": 0.07143425515228917, "steps": 40, "path_length_cm": 0.0, "cumulative_reward": -0.4000000000000002, "ended_reason": "max_steps", "metrics": {"SR": 0.0, "SPL": 0.0, "SoftSPL": 0.2170208638217157, "PLR": 0.0, "nDTW": 4.039447767862285e-07, "CLS": 0.07143425515228917, "path_length_cm": 0.0, "cumulative_reward": -0.4000000000000002}, "token_totals": {"input": 34270, "output": 1994, "calls": 40}, "finished_at": "2026-04-23T14:54:55.037067+00:00"}