{"episode_id": "map_20_trainstation_native_obj_pn_0002", "episode_idx": 1, "agent_name": "GhostAgent_1", "SR": 0.0, "SPL": 0.0, "SoftSPL": 0.0, "PLR": 0.033683344021900444, "nDTW": 0.0023745293275676594, "CLS": 0.2600596730571783, "steps": 40, "path_length_cm": 35.190000000000055, "cumulative_reward": 18.94523241210439, "ended_reason": "max_steps", "metrics": {"SR": 0.0, "SPL": 0.0, "SoftSPL": 0.0, "PLR": 0.033683344021900444, "nDTW": 0.0023745293275676594, "CLS": 0.2600596730571783, "path_length_cm": 35.190000000000055, "cumulative_reward": 18.94523241210439}, "token_totals": {"input": 105964, "output": 3528, "calls": 40}, "finished_at": "2026-04-23T18:51:29.196189+00:00"}