{"episode_id": "map_19_wintertown_demo02_native_on_0018", "episode_idx": 2, "agent_name": "GhostAgent_2", "SR": 0.0, "SPL": 0.0, "SoftSPL": 0.0, "PLR": 7.160792641889019, "nDTW": 0.0, "CLS": 0.0, "steps": 27, "path_length_cm": 46921.80986524199, "cumulative_reward": -6023.154751467085, "ended_reason": "step_error", "metrics": {"SR": 0.0, "SPL": 0.0, "SoftSPL": 0.0, "PLR": 7.160792641889019, "nDTW": 0.0, "CLS": 0.0, "path_length_cm": 46921.80986524199, "cumulative_reward": -6023.154751467085}, "token_totals": {"input": 77778, "output": 3686, "calls": 27}, "finished_at": "2026-04-23T20:03:51.403112+00:00"}