{"episode_id": "map_06_hwaseong_native_on_0002", "episode_idx": 2, "agent_name": "GhostAgent_2", "SR": 0.0, "SPL": 0.0, "SoftSPL": 0.11318599239165489, "PLR": 2.519993909995476, "nDTW": 9.561981058960647e-48, "CLS": 0.04414416686431284, "steps": 40, "path_length_cm": 5669.583098464222, "cumulative_reward": 637.4840388802386, "ended_reason": "max_steps", "metrics": {"SR": 0.0, "SPL": 0.0, "SoftSPL": 0.11318599239165489, "PLR": 2.519993909995476, "nDTW": 9.561981058960647e-48, "CLS": 0.04414416686431284, "path_length_cm": 5669.583098464222, "cumulative_reward": 637.4840388802386}, "token_totals": {"input": 492310, "output": 6762, "calls": 40}, "finished_at": "2026-04-22T19:38:17.565222+00:00"}