{"episode_id": "map_28_village_night_native_pn_0007", "episode_idx": 6, "agent_name": "GhostAgent_6", "SR": 1.0, "SPL": 0.974182149539311, "SoftSPL": 0.947087965169963, "PLR": 1.0265020771247946, "nDTW": 4.180566725850379e-05, "CLS": 0.711727588736835, "steps": 15, "path_length_cm": 3402.351399650903, "cumulative_reward": 3051.1033512121912, "ended_reason": "success", "metrics": {"SR": 1.0, "SPL": 0.974182149539311, "SoftSPL": 0.947087965169963, "PLR": 1.0265020771247946, "nDTW": 4.180566725850379e-05, "CLS": 0.711727588736835, "path_length_cm": 3402.351399650903, "cumulative_reward": 3051.1033512121912}, "token_totals": {"input": 38211, "output": 1888, "calls": 15}, "finished_at": "2026-04-23T00:10:12.689625+00:00"}