{
  "map": "map_59_B10_market_plaza",
  "n": 34,
  "SR": 0.029411764705882353,
  "SPL": 0.028512719096531886,
  "SoftSPL": 0.19863715773577909,
  "nDTW": 0.0002236175859156876,
  "avg_steps": 36.411764705882355
}