{"episode_id": "map_47_wintertown_demo01_minimal_on_0011", "episode_idx": 1, "agent_name": "GhostAgent_1", "SR": 0.0, "SPL": 0.0, "SoftSPL": 0.28549985638810993, "PLR": 2.0953272888099908, "nDTW": 3.109753953279331e-31, "CLS": 0.08966807184921037, "steps": 40, "path_length_cm": 11998.724093187308, "cumulative_reward": 2697.5646503567104, "ended_reason": "max_steps", "metrics": {"SR": 0.0, "SPL": 0.0, "SoftSPL": 0.28549985638810993, "PLR": 2.0953272888099908, "nDTW": 3.109753953279331e-31, "CLS": 0.08966807184921037, "path_length_cm": 11998.724093187308, "cumulative_reward": 2697.5646503567104}, "token_totals": {"input": 128650, "output": 7665, "calls": 40}, "finished_at": "2026-04-23T01:44:15.741634+00:00"}