{"episode_id": "map_15_middleeast_remix_on_0019", "episode_idx": 9, "agent_name": "GhostAgent_9", "SR": 0.0, "SPL": 0.0, "SoftSPL": 0.18011741726006192, "PLR": 0.0, "nDTW": 0.00037159750971234155, "CLS": 0.07997746773933104, "steps": 40, "path_length_cm": 0.0, "cumulative_reward": -0.4000000000000002, "ended_reason": "max_steps", "metrics": {"SR": 0.0, "SPL": 0.0, "SoftSPL": 0.18011741726006192, "PLR": 0.0, "nDTW": 0.00037159750971234155, "CLS": 0.07997746773933104, "path_length_cm": 0.0, "cumulative_reward": -0.4000000000000002}, "token_totals": {"input": 34015, "output": 2205, "calls": 40}, "finished_at": "2026-04-23T14:54:55.042791+00:00"}