{"episode_id": "map_65_hwaseong_ceremonial_on_0014", "episode_idx": 4, "agent_name": "GhostAgent_4", "SR": 0.0, "SPL": 0.0, "SoftSPL": 0.17079932600593217, "PLR": 0.15231372733196236, "nDTW": 1.8157132483711222e-14, "CLS": 0.2160509426976513, "steps": 40, "path_length_cm": 436.84490881170797, "cumulative_reward": -199.81536641372762, "ended_reason": "max_steps", "metrics": {"SR": 0.0, "SPL": 0.0, "SoftSPL": 0.17079932600593217, "PLR": 0.15231372733196236, "nDTW": 1.8157132483711222e-14, "CLS": 0.2160509426976513, "path_length_cm": 436.84490881170797, "cumulative_reward": -199.81536641372762}, "token_totals": {"input": 116096, "output": 4314, "calls": 40}, "finished_at": "2026-04-23T03:56:43.828470+00:00"}