{"episode_id": "map_42_B4_industrial_yard_obj_on_0001", "episode_idx": 1, "agent_name": "GhostAgent_1", "SR": 0.0, "SPL": 0.0, "SoftSPL": 0.5388819199990031, "PLR": 0.5372935729409415, "nDTW": 5.907802954777313e-06, "CLS": 0.2298197600372034, "steps": 40, "path_length_cm": 1466.6287743139703, "cumulative_reward": 1464.0972585814154, "ended_reason": "max_steps", "metrics": {"SR": 0.0, "SPL": 0.0, "SoftSPL": 0.5388819199990031, "PLR": 0.5372935729409415, "nDTW": 5.907802954777313e-06, "CLS": 0.2298197600372034, "path_length_cm": 1466.6287743139703, "cumulative_reward": 1464.0972585814154}, "token_totals": {"input": 32296, "output": 1744, "calls": 40}, "finished_at": "2026-04-23T16:17:04.743144+00:00"}