{"episode_id": "map_01_wintertown_native_on_0017", "episode_idx": 4, "agent_name": "GhostAgent_4", "SR": 0.0, "SPL": 0.0, "SoftSPL": 8.813856943179489e-07, "PLR": 0.0, "nDTW": 1.2738711309818894e-05, "CLS": 0.2500000000405687, "steps": 40, "path_length_cm": 0.0, "cumulative_reward": -0.4000000000000002, "ended_reason": "max_steps", "metrics": {"SR": 0.0, "SPL": 0.0, "SoftSPL": 8.813856943179489e-07, "PLR": 0.0, "nDTW": 1.2738711309818894e-05, "CLS": 0.2500000000405687, "path_length_cm": 0.0, "cumulative_reward": -0.4000000000000002}, "token_totals": {"input": 430987, "output": 5546, "calls": 40}, "finished_at": "2026-04-22T20:23:53.044271+00:00"}