{"episode_id": "map_46_B8_dense_urban_pn_0005", "episode_idx": 5, "agent_name": "GhostAgent_5", "SR": 0.0, "SPL": 0.0, "SoftSPL": 0.0, "PLR": 0.0, "nDTW": 0.05546031244507926, "CLS": 0.2507689615641265, "steps": 40, "path_length_cm": 0.0, "cumulative_reward": -0.4000000000000002, "ended_reason": "max_steps", "metrics": {"SR": 0.0, "SPL": 0.0, "SoftSPL": 0.0, "PLR": 0.0, "nDTW": 0.05546031244507926, "CLS": 0.2507689615641265, "path_length_cm": 0.0, "cumulative_reward": -0.4000000000000002}, "token_totals": {"input": 33404, "output": 2091, "calls": 40}, "finished_at": "2026-04-23T15:59:39.501244+00:00"}