{"episode_id": "map_49_courtyard_sunny_packed_obj_on_0014", "episode_idx": 4, "agent_name": "GhostAgent_4", "SR": 1.0, "SPL": 0.8733769740850384, "SoftSPL": 0.8255002075267817, "PLR": 1.1449809528670178, "nDTW": 0.026842388747625828, "CLS": 0.1829801698059899, "steps": 26, "path_length_cm": 3525.533751591892, "cumulative_reward": 1695.6520086526593, "ended_reason": "success", "metrics": {"SR": 1.0, "SPL": 0.8733769740850384, "SoftSPL": 0.8255002075267817, "PLR": 1.1449809528670178, "nDTW": 0.026842388747625828, "CLS": 0.1829801698059899, "path_length_cm": 3525.533751591892, "cumulative_reward": 1695.6520086526593}, "token_totals": {"input": 72414, "output": 2743, "calls": 26}, "finished_at": "2026-04-23T03:42:16.383978+00:00"}