{"episode_id": "map_47_wintertown_demo01_minimal_obj_pn_0006", "episode_idx": 5, "agent_name": "GhostAgent_5", "SR": 0.0, "SPL": 0.0, "SoftSPL": 0.0, "PLR": 0.05489621753054186, "nDTW": 1.5280360983156546e-15, "CLS": 0.0997636694822766, "steps": 40, "path_length_cm": 388.6564367214315, "cumulative_reward": -372.6454145853604, "ended_reason": "max_steps", "metrics": {"SR": 0.0, "SPL": 0.0, "SoftSPL": 0.0, "PLR": 0.05489621753054186, "nDTW": 1.5280360983156546e-15, "CLS": 0.0997636694822766, "path_length_cm": 388.6564367214315, "cumulative_reward": -372.6454145853604}, "token_totals": {"input": 115089, "output": 4561, "calls": 40}, "finished_at": "2026-04-23T02:15:46.727944+00:00"}