{"episode_id": "map_43_B5_residential_courtyard_on_0004", "episode_idx": 4, "agent_name": "GhostAgent_4", "SR": 0.0, "SPL": 0.0, "SoftSPL": 0.6010500011027852, "PLR": 0.6175433038008431, "nDTW": 0.6010500011027852, "CLS": 0.6010500011027852, "steps": 40, "path_length_cm": 1598.27, "cumulative_reward": 1555.1814249917184, "ended_reason": "max_steps", "metrics": {"SR": 0.0, "SPL": 0.0, "SoftSPL": 0.6010500011027852, "PLR": 0.6175433038008431, "nDTW": 0.6010500011027852, "CLS": 0.6010500011027852, "path_length_cm": 1598.27, "cumulative_reward": 1555.1814249917184}, "token_totals": {"input": 31962, "output": 1480, "calls": 40}, "finished_at": "2026-04-23T20:06:22.241793+00:00"}