{"episode_id": "map_53_courtyard_sanny_big_remix_pn_0002", "episode_idx": 2, "agent_name": "GhostAgent_2", "SR": 0.0, "SPL": 0.0, "SoftSPL": 0.704131312239832, "PLR": 1.3218971650189693, "nDTW": 1.4106582407124845e-05, "CLS": 0.10145944694982871, "steps": 40, "path_length_cm": 6711.840322582266, "cumulative_reward": 2519.6339582604514, "ended_reason": "max_steps", "metrics": {"SR": 0.0, "SPL": 0.0, "SoftSPL": 0.704131312239832, "PLR": 1.3218971650189693, "nDTW": 1.4106582407124845e-05, "CLS": 0.10145944694982871, "path_length_cm": 6711.840322582266, "cumulative_reward": 2519.6339582604514}, "token_totals": {"input": 131233, "output": 8438, "calls": 40}, "finished_at": "2026-04-23T02:00:37.952599+00:00"}