{"episode_id": "map_01_wintertown_native_obj_pn_0000", "episode_idx": 3, "agent_name": "GhostAgent_3", "SR": 0.0, "SPL": 0.0, "SoftSPL": 0.18650912818984108, "PLR": 1.6255249867455084, "nDTW": 3.021635301059566e-105, "CLS": 0.1537965465069138, "steps": 40, "path_length_cm": 7076.934348044848, "cumulative_reward": 1319.511256384965, "ended_reason": "max_steps", "metrics": {"SR": 0.0, "SPL": 0.0, "SoftSPL": 0.18650912818984108, "PLR": 1.6255249867455084, "nDTW": 3.021635301059566e-105, "CLS": 0.1537965465069138, "path_length_cm": 7076.934348044848, "cumulative_reward": 1319.511256384965}, "token_totals": {"input": 462555, "output": 5731, "calls": 40}, "finished_at": "2026-04-22T21:00:15.491352+00:00"}