{"episode_id": "map_65_hwaseong_ceremonial_on_0009", "episode_idx": 9, "agent_name": "GhostAgent_9", "SR": 0.0, "SPL": 0.0, "SoftSPL": 0.0, "PLR": 2.3012522429178803, "nDTW": 4.069499628892721e-37, "CLS": 0.016646806841046302, "steps": 40, "path_length_cm": 5800.375315841805, "cumulative_reward": -2374.647249794816, "ended_reason": "max_steps", "metrics": {"SR": 0.0, "SPL": 0.0, "SoftSPL": 0.0, "PLR": 2.3012522429178803, "nDTW": 4.069499628892721e-37, "CLS": 0.016646806841046302, "path_length_cm": 5800.375315841805, "cumulative_reward": -2374.647249794816}, "token_totals": {"input": 117970, "output": 4140, "calls": 40}, "finished_at": "2026-04-23T03:37:35.464428+00:00"}