{"episode_id": "map_36_dungeon_native_obj_pn_0001", "episode_idx": 1, "agent_name": "GhostAgent_1", "SR": 0.0, "SPL": 0.0, "SoftSPL": 0.0, "PLR": 0.008978044652586236, "nDTW": 0.00015175508447516693, "CLS": 0.2522654450875986, "steps": 40, "path_length_cm": 23.235000000000127, "cumulative_reward": -23.634997545908817, "ended_reason": "max_steps", "metrics": {"SR": 0.0, "SPL": 0.0, "SoftSPL": 0.0, "PLR": 0.008978044652586236, "nDTW": 0.00015175508447516693, "CLS": 0.2522654450875986, "path_length_cm": 23.235000000000127, "cumulative_reward": -23.634997545908817}, "token_totals": {"input": 122958, "output": 5958, "calls": 40}, "finished_at": "2026-04-23T01:20:30.557218+00:00"}