{"episode_id": "map_31_gothic_day_remix_obj_pn_0004", "episode_idx": 3, "agent_name": "GhostAgent_3", "SR": 0.0, "SPL": 0.0, "SoftSPL": 0.0, "PLR": 0.0, "nDTW": 1.5100264421800287e-06, "CLS": 0.08461282937678151, "steps": 40, "path_length_cm": 0.0, "cumulative_reward": -0.4000000000000002, "ended_reason": "max_steps", "metrics": {"SR": 0.0, "SPL": 0.0, "SoftSPL": 0.0, "PLR": 0.0, "nDTW": 1.5100264421800287e-06, "CLS": 0.08461282937678151, "path_length_cm": 0.0, "cumulative_reward": -0.4000000000000002}, "token_totals": {"input": 109905, "output": 3262, "calls": 40}, "finished_at": "2026-04-23T01:01:10.746845+00:00"}