{"episode_id": "map_56_containeryard_settlement_pn_0004", "episode_idx": 4, "agent_name": "GhostAgent_4", "SR": 0.0, "SPL": 0.0, "SoftSPL": 0.37251363891329825, "PLR": 0.29542099707934094, "nDTW": 2.6915962143173905e-10, "CLS": 0.2562514623021473, "steps": 40, "path_length_cm": 1509.5835698156075, "cumulative_reward": 1346.3925335322856, "ended_reason": "max_steps", "metrics": {"SR": 0.0, "SPL": 0.0, "SoftSPL": 0.37251363891329825, "PLR": 0.29542099707934094, "nDTW": 2.6915962143173905e-10, "CLS": 0.2562514623021473, "path_length_cm": 1509.5835698156075, "cumulative_reward": 1346.3925335322856}, "token_totals": {"input": 33920, "output": 2172, "calls": 40}, "finished_at": "2026-04-23T18:37:28.009895+00:00"}