{"episode_id": "map_67_B12_construction_site_pn_0001", "episode_idx": 1, "agent_name": "GhostAgent_1", "SR": 0.0, "SPL": 0.0, "SoftSPL": 0.2770428804106956, "PLR": 1.6149974305324584, "nDTW": 1.91519251454549e-57, "CLS": 0.024833716888353362, "steps": 40, "path_length_cm": 11353.54498646332, "cumulative_reward": 2940.3121820363313, "ended_reason": "max_steps", "metrics": {"SR": 0.0, "SPL": 0.0, "SoftSPL": 0.2770428804106956, "PLR": 1.6149974305324584, "nDTW": 1.91519251454549e-57, "CLS": 0.024833716888353362, "path_length_cm": 11353.54498646332, "cumulative_reward": 2940.3121820363313}, "token_totals": {"input": 127164, "output": 7094, "calls": 40}, "finished_at": "2026-04-23T05:13:06.558548+00:00"}