{"episode_id": "map_56_containeryard_settlement_pn_0015", "episode_idx": 3, "agent_name": "GhostAgent_3", "SR": 0.0, "SPL": 0.0, "SoftSPL": 0.0, "PLR": 1.7482151466492415, "nDTW": 1.2170902848671427e-86, "CLS": 0.06817136103373196, "steps": 40, "path_length_cm": 4387.548000000001, "cumulative_reward": -1191.5810903191086, "ended_reason": "max_steps", "metrics": {"SR": 0.0, "SPL": 0.0, "SoftSPL": 0.0, "PLR": 1.7482151466492415, "nDTW": 1.2170902848671427e-86, "CLS": 0.06817136103373196, "path_length_cm": 4387.548000000001, "cumulative_reward": -1191.5810903191086}, "token_totals": {"input": 35145, "output": 2381, "calls": 40}, "finished_at": "2026-04-23T18:48:14.311672+00:00"}