{"episode_id": "map_22_containeryard_demo_native_obj_pn_0015", "episode_idx": 2, "agent_name": "GhostAgent_2", "SR": 0.0, "SPL": 0.0, "SoftSPL": 0.0, "PLR": 0.3499193808458174, "nDTW": 9.245952665478815e-21, "CLS": 0.38492777856272, "steps": 40, "path_length_cm": 434.04000000115195, "cumulative_reward": -129.36856434571564, "ended_reason": "max_steps", "metrics": {"SR": 0.0, "SPL": 0.0, "SoftSPL": 0.0, "PLR": 0.3499193808458174, "nDTW": 9.245952665478815e-21, "CLS": 0.38492777856272, "path_length_cm": 434.04000000115195, "cumulative_reward": -129.36856434571564}, "token_totals": {"input": 113621, "output": 5656, "calls": 40}, "finished_at": "2026-04-23T00:32:39.606839+00:00"}