{"episode_id": "map_26_courtyard_overcast_native_obj_on_0014", "episode_idx": 4, "agent_name": "GhostAgent_4", "SR": 0.0, "SPL": 0.0, "SoftSPL": 0.7304100358163397, "PLR": 0.0, "nDTW": 0.0015052255371222612, "CLS": 0.09287060993072303, "steps": 0, "path_length_cm": 0.0, "cumulative_reward": 0.0, "ended_reason": "spawn_blocked", "metrics": {"SR": 0.0, "SPL": 0.0, "SoftSPL": 0.7304100358163397, "PLR": 0.0, "nDTW": 0.0015052255371222612, "CLS": 0.09287060993072303, "path_length_cm": 0.0, "cumulative_reward": 0.0}, "token_totals": {"input": 0, "output": 0, "calls": 0}, "finished_at": "2026-04-23T18:11:25.060921+00:00"}