{"episode_id": "map_09b_wintertown_demo02_on_0013", "episode_idx": 5, "agent_name": "GhostAgent_5", "SR": 0.0, "SPL": 0.0, "SoftSPL": 0.0, "PLR": 0.40193729213215207, "nDTW": 0.001198852535248967, "CLS": 0.4181248999968921, "steps": 4, "path_length_cm": 574.5251460007769, "cumulative_reward": -302.07389747942716, "ended_reason": "no_tool_call", "metrics": {"SR": 0.0, "SPL": 0.0, "SoftSPL": 0.0, "PLR": 0.40193729213215207, "nDTW": 0.001198852535248967, "CLS": 0.4181248999968921, "path_length_cm": 574.5251460007769, "cumulative_reward": -302.07389747942716}, "token_totals": {"input": 6580, "output": 1004, "calls": 4}, "finished_at": "2026-04-22T23:01:43.060210+00:00"}