{"episode_id": "map_09b_wintertown_demo02_obj_pn_0010", "episode_idx": 4, "agent_name": "GhostAgent_4", "SR": 0.0, "SPL": 0.0, "SoftSPL": 0.0, "PLR": 6.710415930629048, "nDTW": 1.841500472997572e-98, "CLS": 0.0030412665144611568, "steps": 13, "path_length_cm": 49573.399000000005, "cumulative_reward": -32315.63531956252, "ended_reason": "step_error", "metrics": {"SR": 0.0, "SPL": 0.0, "SoftSPL": 0.0, "PLR": 6.710415930629048, "nDTW": 1.841500472997572e-98, "CLS": 0.0030412665144611568, "path_length_cm": 49573.399000000005, "cumulative_reward": -32315.63531956252}, "token_totals": {"input": 34520, "output": 1884, "calls": 13}, "finished_at": "2026-04-23T17:57:23.156787+00:00"}