{"episode_id": "map_65_hwaseong_ceremonial_on_0005", "episode_idx": 5, "agent_name": "GhostAgent_5", "SR": 0.0, "SPL": 0.0, "SoftSPL": 0.003081087922352399, "PLR": 0.0, "nDTW": 1.389950480217585e-08, "CLS": 0.12500138942148714, "steps": 4, "path_length_cm": 0.0, "cumulative_reward": -0.03, "ended_reason": "no_tool_call", "metrics": {"SR": 0.0, "SPL": 0.0, "SoftSPL": 0.003081087922352399, "PLR": 0.0, "nDTW": 1.389950480217585e-08, "CLS": 0.12500138942148714, "path_length_cm": 0.0, "cumulative_reward": -0.03}, "token_totals": {"input": 5350, "output": 437, "calls": 4}, "finished_at": "2026-04-23T03:37:35.463238+00:00"}