{"episode_id": "map_67_B12_construction_site_obj_on_0003", "episode_idx": 3, "agent_name": "GhostAgent_3", "SR": 0.0, "SPL": 0.0, "SoftSPL": 0.043999065625658584, "PLR": 0.05965446085613007, "nDTW": 3.313715881978572e-09, "CLS": 0.0820938504273195, "steps": 2, "path_length_cm": 402.7040000000002, "cumulative_reward": 188.21278061530688, "ended_reason": "no_tool_call", "metrics": {"SR": 0.0, "SPL": 0.0, "SoftSPL": 0.043999065625658584, "PLR": 0.05965446085613007, "nDTW": 3.313715881978572e-09, "CLS": 0.0820938504273195, "path_length_cm": 402.7040000000002, "cumulative_reward": 188.21278061530688}, "token_totals": {"input": 2091, "output": 512, "calls": 2}, "finished_at": "2026-04-23T15:47:09.093454+00:00"}