{"episode_id": "map_25_containeryard_day_remix_on_0010", "episode_idx": 0, "agent_name": "GhostAgent_0", "SR": 0.0, "SPL": 0.0, "SoftSPL": 0.0, "PLR": 0.10174355968401545, "nDTW": 5.2039670789689286e-21, "CLS": 0.2783169604878816, "steps": 40, "path_length_cm": 374.9240000000001, "cumulative_reward": -375.322342866918, "ended_reason": "max_steps", "metrics": {"SR": 0.0, "SPL": 0.0, "SoftSPL": 0.0, "PLR": 0.10174355968401545, "nDTW": 5.2039670789689286e-21, "CLS": 0.2783169604878816, "path_length_cm": 374.9240000000001, "cumulative_reward": -375.322342866918}, "token_totals": {"input": 126871, "output": 6916, "calls": 40}, "finished_at": "2026-04-23T00:32:48.460804+00:00"}