{"episode_id": "map_08_cave_remix_pn_0003", "episode_idx": 3, "agent_name": "GhostAgent_3", "SR": 0.0, "SPL": 0.0, "SoftSPL": 0.0, "PLR": 8.994975976834247e-05, "nDTW": 0.0051174662545844804, "CLS": 0.12076222435059111, "steps": 40, "path_length_cm": 0.20500000000004093, "cumulative_reward": -0.37130241687773397, "ended_reason": "max_steps", "metrics": {"SR": 0.0, "SPL": 0.0, "SoftSPL": 0.0, "PLR": 8.994975976834247e-05, "nDTW": 0.0051174662545844804, "CLS": 0.12076222435059111, "path_length_cm": 0.20500000000004093, "cumulative_reward": -0.37130241687773397}, "token_totals": {"input": 30783, "output": 1496, "calls": 40}, "finished_at": "2026-04-23T14:46:04.374870+00:00"}