{"episode_id": "map_56_containeryard_settlement_pn_0002", "episode_idx": 2, "agent_name": "GhostAgent_2", "SR": 0.0, "SPL": 0.0, "SoftSPL": 0.17220278537889744, "PLR": 0.02062507351335004, "nDTW": 7.710858175191618e-07, "CLS": 0.0683658330377463, "steps": 40, "path_length_cm": 122.7460000000001, "cumulative_reward": 70.37780277612126, "ended_reason": "max_steps", "metrics": {"SR": 0.0, "SPL": 0.0, "SoftSPL": 0.17220278537889744, "PLR": 0.02062507351335004, "nDTW": 7.710858175191618e-07, "CLS": 0.0683658330377463, "path_length_cm": 122.7460000000001, "cumulative_reward": 70.37780277612126}, "token_totals": {"input": 41466, "output": 4152, "calls": 40}, "finished_at": "2026-04-23T18:37:28.008976+00:00"}