{"episode_id": "map_36_dungeon_native_obj_on_0003", "episode_idx": 3, "agent_name": "GhostAgent_3", "SR": 1.0, "SPL": 0.9867246040871839, "SoftSPL": 0.9722766608935773, "PLR": 1.0134540031309922, "nDTW": 0.5900636557230692, "CLS": 0.8676097949200874, "steps": 3, "path_length_cm": 1094.054, "cumulative_reward": 1066.160518170772, "ended_reason": "success", "metrics": {"SR": 1.0, "SPL": 0.9867246040871839, "SoftSPL": 0.9722766608935773, "PLR": 1.0134540031309922, "nDTW": 0.5900636557230692, "CLS": 0.8676097949200874, "path_length_cm": 1094.054, "cumulative_reward": 1066.160518170772}, "token_totals": {"input": 3316, "output": 249, "calls": 3}, "finished_at": "2026-04-23T01:34:21.896458+00:00"}