{"episode_id": "map_06_hwaseong_native_pn_0016", "episode_idx": 0, "agent_name": "GhostAgent_0", "SR": 0.0, "SPL": 0.0, "SoftSPL": 0.0, "PLR": 0.8839383815153821, "nDTW": 1.6501107037790702e-107, "CLS": 0.28282514693083466, "steps": 40, "path_length_cm": 3602.7914129156547, "cumulative_reward": 98.95514337321195, "ended_reason": "max_steps", "metrics": {"SR": 0.0, "SPL": 0.0, "SoftSPL": 0.0, "PLR": 0.8839383815153821, "nDTW": 1.6501107037790702e-107, "CLS": 0.28282514693083466, "path_length_cm": 3602.7914129156547, "cumulative_reward": 98.95514337321195}, "token_totals": {"input": 125254, "output": 6619, "calls": 40}, "finished_at": "2026-04-23T13:57:33.011395+00:00"}