{"episode_id": "map_01_wintertown_native_on_0009", "episode_idx": 4, "agent_name": "GhostAgent_4", "SR": 1.0, "SPL": 0.7385190078464355, "SoftSPL": 0.6556680878276887, "PLR": 1.3540612893851687, "nDTW": 0.006432030989248288, "CLS": 0.4286012844194702, "steps": 21, "path_length_cm": 1482.5887869736089, "cumulative_reward": 869.6722583227636, "ended_reason": "success", "metrics": {"SR": 1.0, "SPL": 0.7385190078464355, "SoftSPL": 0.6556680878276887, "PLR": 1.3540612893851687, "nDTW": 0.006432030989248288, "CLS": 0.4286012844194702, "path_length_cm": 1482.5887869736089, "cumulative_reward": 869.6722583227636}, "token_totals": {"input": 136423, "output": 3912, "calls": 21}, "finished_at": "2026-04-22T20:00:32.463681+00:00"}