{"episode_id": "map_67_B12_construction_site_obj_on_0004", "episode_idx": 4, "agent_name": "GhostAgent_4", "SR": 0.0, "SPL": 0.0, "SoftSPL": 0.420910652410556, "PLR": 1.083607720327424, "nDTW": 5.318963243803383e-27, "CLS": 0.014805245109628735, "steps": 40, "path_length_cm": 8109.145866838668, "cumulative_reward": 3263.7805152215187, "ended_reason": "max_steps", "metrics": {"SR": 0.0, "SPL": 0.0, "SoftSPL": 0.420910652410556, "PLR": 1.083607720327424, "nDTW": 5.318963243803383e-27, "CLS": 0.014805245109628735, "path_length_cm": 8109.145866838668, "cumulative_reward": 3263.7805152215187}, "token_totals": {"input": 126572, "output": 6874, "calls": 40}, "finished_at": "2026-04-23T15:47:09.093745+00:00"}