{"episode_id": "map_08_cave_remix_pn_0014", "episode_idx": 4, "agent_name": "GhostAgent_4", "SR": 0.0, "SPL": 0.0, "SoftSPL": 0.0, "PLR": 2.792166571648031, "nDTW": 3.655079708373558e-72, "CLS": 0.040186174986469696, "steps": 40, "path_length_cm": 4875.3182857574775, "cumulative_reward": 3948.723209340564, "ended_reason": "max_steps", "metrics": {"SR": 0.0, "SPL": 0.0, "SoftSPL": 0.0, "PLR": 2.792166571648031, "nDTW": 3.655079708373558e-72, "CLS": 0.040186174986469696, "path_length_cm": 4875.3182857574775, "cumulative_reward": 3948.723209340564}, "token_totals": {"input": 49529, "output": 6295, "calls": 40}, "finished_at": "2026-04-23T14:55:42.728561+00:00"}