{
  "map": "map_25_containeryard_day_remix",
  "n": 20,
  "SR": 0.05,
  "SPL": 0.04142369756684296,
  "SoftSPL": 0.1658762882198728,
  "nDTW": 1.0255745961017377e-06,
  "avg_steps": 38.1
}