{"episode_id": "map_61_containeryard_day_big_remix_obj_on_0010", "episode_idx": 0, "agent_name": "GhostAgent_0", "SR": 0.0, "SPL": 0.0, "SoftSPL": 0.0022494389502761836, "PLR": 0.0, "nDTW": 5.555562001022722e-07, "CLS": 0.16666729370708602, "steps": 40, "path_length_cm": 0.0, "cumulative_reward": -0.4000000000000002, "ended_reason": "max_steps", "metrics": {"SR": 0.0, "SPL": 0.0, "SoftSPL": 0.0022494389502761836, "PLR": 0.0, "nDTW": 5.555562001022722e-07, "CLS": 0.16666729370708602, "path_length_cm": 0.0, "cumulative_reward": -0.4000000000000002}, "token_totals": {"input": 32513, "output": 1782, "calls": 40}, "finished_at": "2026-04-23T17:03:17.541138+00:00"}