{"episode_id": "map_08_cave_remix_on_0003", "episode_idx": 3, "agent_name": "GhostAgent_3", "SR": 0.0, "SPL": 0.0, "SoftSPL": 0.7757049419125692, "PLR": 0.5551877705511121, "nDTW": 4.948532538984143e-11, "CLS": 0.1306178303032173, "steps": 40, "path_length_cm": 1265.300688474512, "cumulative_reward": 1191.189401290292, "ended_reason": "max_steps", "metrics": {"SR": 0.0, "SPL": 0.0, "SoftSPL": 0.7757049419125692, "PLR": 0.5551877705511121, "nDTW": 4.948532538984143e-11, "CLS": 0.1306178303032173, "path_length_cm": 1265.300688474512, "cumulative_reward": 1191.189401290292}, "token_totals": {"input": 32253, "output": 1607, "calls": 40}, "finished_at": "2026-04-23T14:47:31.345143+00:00"}