{"episode_id": "map_47_wintertown_demo01_minimal_pn_0006", "episode_idx": 6, "agent_name": "GhostAgent_6", "SR": 0.0, "SPL": 0.0, "SoftSPL": 0.19380373271409407, "PLR": 2.385136430625205, "nDTW": 1.077484716170734e-50, "CLS": 0.04969130188582999, "steps": 40, "path_length_cm": 10125.977459397776, "cumulative_reward": 1944.2063109576661, "ended_reason": "max_steps", "metrics": {"SR": 0.0, "SPL": 0.0, "SoftSPL": 0.19380373271409407, "PLR": 2.385136430625205, "nDTW": 1.077484716170734e-50, "CLS": 0.04969130188582999, "path_length_cm": 10125.977459397776, "cumulative_reward": 1944.2063109576661}, "token_totals": {"input": 132365, "output": 8445, "calls": 40}, "finished_at": "2026-04-23T01:22:40.672801+00:00"}