{"episode_id": "map_06_hwaseong_native_obj_pn_0014", "episode_idx": 0, "agent_name": "GhostAgent_0", "SR": 0.0, "SPL": 0.0, "SoftSPL": 0.0, "PLR": 2.2916318550884895, "nDTW": 2.2753376506113557e-78, "CLS": 0.04850009487740453, "steps": 40, "path_length_cm": 6472.599593104684, "cumulative_reward": 2415.9238611962755, "ended_reason": "max_steps", "metrics": {"SR": 0.0, "SPL": 0.0, "SoftSPL": 0.0, "PLR": 2.2916318550884895, "nDTW": 2.2753376506113557e-78, "CLS": 0.04850009487740453, "path_length_cm": 6472.599593104684, "cumulative_reward": 2415.9238611962755}, "token_totals": {"input": 119511, "output": 5453, "calls": 40}, "finished_at": "2026-04-23T15:30:17.317674+00:00"}