{"episode_id": "map_23_containeryard_demo_remix_on_0004", "episode_idx": 4, "agent_name": "GhostAgent_4", "SR": 1.0, "SPL": 0.6408489405392594, "SoftSPL": 0.5594255662748913, "PLR": 1.5604301368720737, "nDTW": 3.5321256745825945e-17, "CLS": 0.16033869691845587, "steps": 38, "path_length_cm": 2373.258195168737, "cumulative_reward": 1326.40731166771, "ended_reason": "success", "metrics": {"SR": 1.0, "SPL": 0.6408489405392594, "SoftSPL": 0.5594255662748913, "PLR": 1.5604301368720737, "nDTW": 3.5321256745825945e-17, "CLS": 0.16033869691845587, "path_length_cm": 2373.258195168737, "cumulative_reward": 1326.40731166771}, "token_totals": {"input": 116915, "output": 6567, "calls": 38}, "finished_at": "2026-04-23T17:30:07.822139+00:00"}