{"episode_id": "map_45_B7_park_with_paths_obj_on_0006", "episode_idx": 3, "agent_name": "GhostAgent_3", "SR": 0.0, "SPL": 0.0, "SoftSPL": 0.0, "PLR": 1.357940599497437, "nDTW": 0.0, "CLS": 0.0, "steps": 40, "path_length_cm": 8880.103176947545, "cumulative_reward": -1508.1250694044566, "ended_reason": "max_steps", "metrics": {"SR": 0.0, "SPL": 0.0, "SoftSPL": 0.0, "PLR": 1.357940599497437, "nDTW": 0.0, "CLS": 0.0, "path_length_cm": 8880.103176947545, "cumulative_reward": -1508.1250694044566}, "token_totals": {"input": 114910, "output": 4308, "calls": 40}, "finished_at": "2026-04-23T20:21:23.696358+00:00"}