{"episode_id": "map_25_containeryard_day_remix_obj_on_0013", "episode_idx": 8, "agent_name": "GhostAgent_8", "SR": 0.0, "SPL": 0.0, "SoftSPL": 0.0, "PLR": 0.2515029678255322, "nDTW": 2.5233736082151786e-13, "CLS": 0.33516985896162704, "steps": 40, "path_length_cm": 263.97500000000036, "cumulative_reward": -258.9906387241706, "ended_reason": "max_steps", "metrics": {"SR": 0.0, "SPL": 0.0, "SoftSPL": 0.0, "PLR": 0.2515029678255322, "nDTW": 2.5233736082151786e-13, "CLS": 0.33516985896162704, "path_length_cm": 263.97500000000036, "cumulative_reward": -258.9906387241706}, "token_totals": {"input": 104423, "output": 3403, "calls": 40}, "finished_at": "2026-04-23T00:49:02.999919+00:00"}