{"episode_id": "map_49_courtyard_sunny_packed_on_0007", "episode_idx": 7, "agent_name": "GhostAgent_7", "SR": 0.0, "SPL": 0.0, "SoftSPL": 0.5949418594536624, "PLR": 0.05204121552143494, "nDTW": 0.0005688544332651549, "CLS": 0.07181307175200478, "steps": 40, "path_length_cm": 338.77374150419547, "cumulative_reward": 72.33110961696401, "ended_reason": "max_steps", "metrics": {"SR": 0.0, "SPL": 0.0, "SoftSPL": 0.5949418594536624, "PLR": 0.05204121552143494, "nDTW": 0.0005688544332651549, "CLS": 0.07181307175200478, "path_length_cm": 338.77374150419547, "cumulative_reward": 72.33110961696401}, "token_totals": {"input": 125326, "output": 7359, "calls": 40}, "finished_at": "2026-04-23T02:05:40.658511+00:00"}