{"episode_id": "map_22_containeryard_demo_native_on_0016", "episode_idx": 6, "agent_name": "GhostAgent_6", "SR": 0.0, "SPL": 0.0, "SoftSPL": 0.2717465503795573, "PLR": 0.7311073130013649, "nDTW": 1.247363293365163e-44, "CLS": 0.04439388931763892, "steps": 40, "path_length_cm": 3742.3190030600863, "cumulative_reward": 564.4013598388942, "ended_reason": "max_steps", "metrics": {"SR": 0.0, "SPL": 0.0, "SoftSPL": 0.2717465503795573, "PLR": 0.7311073130013649, "nDTW": 1.247363293365163e-44, "CLS": 0.04439388931763892, "path_length_cm": 3742.3190030600863, "cumulative_reward": 564.4013598388942}, "token_totals": {"input": 125646, "output": 6764, "calls": 40}, "finished_at": "2026-04-23T00:04:06.397412+00:00"}