{"episode_id": "map_61_containeryard_day_big_remix_on_0008", "episode_idx": 8, "agent_name": "GhostAgent_8", "SR": 0.0, "SPL": 0.0, "SoftSPL": 0.0, "PLR": 0.3836481939839609, "nDTW": 7.314016034090733e-19, "CLS": 0.29068017240890753, "steps": 40, "path_length_cm": 556.8998819051777, "cumulative_reward": -542.2324901347583, "ended_reason": "max_steps", "metrics": {"SR": 0.0, "SPL": 0.0, "SoftSPL": 0.0, "PLR": 0.3836481939839609, "nDTW": 7.314016034090733e-19, "CLS": 0.29068017240890753, "path_length_cm": 556.8998819051777, "cumulative_reward": -542.2324901347583}, "token_totals": {"input": 34492, "output": 2251, "calls": 40}, "finished_at": "2026-04-23T16:30:40.536031+00:00"}