{"episode_id": "map_47_wintertown_demo01_minimal_obj_pn_0001", "episode_idx": 0, "agent_name": "GhostAgent_0", "SR": 0.0, "SPL": 0.0, "SoftSPL": 0.15509358803182616, "PLR": 0.032520965883052665, "nDTW": 9.210765312060944e-08, "CLS": 0.0834389020930738, "steps": 40, "path_length_cm": 217.66249944561267, "cumulative_reward": 24.751238436932482, "ended_reason": "max_steps", "metrics": {"SR": 0.0, "SPL": 0.0, "SoftSPL": 0.15509358803182616, "PLR": 0.032520965883052665, "nDTW": 9.210765312060944e-08, "CLS": 0.0834389020930738, "path_length_cm": 217.66249944561267, "cumulative_reward": 24.751238436932482}, "token_totals": {"input": 123238, "output": 6732, "calls": 40}, "finished_at": "2026-04-23T02:15:46.725143+00:00"}