{"episode_id": "map_59_B10_market_plaza_obj_pn_0003", "episode_idx": 7, "agent_name": "GhostAgent_7", "SR": 0.0, "SPL": 0.0, "SoftSPL": 0.0, "PLR": 0.05630052779510616, "nDTW": 1.7821112939455412e-17, "CLS": 0.2423228788038926, "steps": 40, "path_length_cm": 401.617, "cumulative_reward": -401.922641405592, "ended_reason": "max_steps", "metrics": {"SR": 0.0, "SPL": 0.0, "SoftSPL": 0.0, "PLR": 0.05630052779510616, "nDTW": 1.7821112939455412e-17, "CLS": 0.2423228788038926, "path_length_cm": 401.617, "cumulative_reward": -401.922641405592}, "token_totals": {"input": 125735, "output": 7013, "calls": 40}, "finished_at": "2026-04-23T19:32:42.155351+00:00"}