{"episode_id": "map_11_wintertown_demo01_remix_obj_pn_0008", "episode_idx": 2, "agent_name": "GhostAgent_2", "SR": 0.0, "SPL": 0.0, "SoftSPL": 0.0, "PLR": 1.3161639445520916, "nDTW": 1.943702088467198e-49, "CLS": 0.04753462993487222, "steps": 40, "path_length_cm": 3411.9970865779514, "cumulative_reward": 2025.2440401904787, "ended_reason": "max_steps", "metrics": {"SR": 0.0, "SPL": 0.0, "SoftSPL": 0.0, "PLR": 1.3161639445520916, "nDTW": 1.943702088467198e-49, "CLS": 0.04753462993487222, "path_length_cm": 3411.9970865779514, "cumulative_reward": 2025.2440401904787}, "token_totals": {"input": 125224, "output": 8217, "calls": 40}, "finished_at": "2026-04-22T23:46:04.882573+00:00"}