{"episode_id": "map_53_courtyard_sanny_big_remix_obj_pn_0005", "episode_idx": 7, "agent_name": "GhostAgent_7", "SR": 0.0, "SPL": 0.0, "SoftSPL": 0.0, "PLR": 11.478728560278471, "nDTW": 2.9993410619539496e-86, "CLS": 0.011431496624914845, "steps": 19, "path_length_cm": 53371.61110115638, "cumulative_reward": -48148.3406941247, "ended_reason": "step_error", "metrics": {"SR": 0.0, "SPL": 0.0, "SoftSPL": 0.0, "PLR": 11.478728560278471, "nDTW": 2.9993410619539496e-86, "CLS": 0.011431496624914845, "path_length_cm": 53371.61110115638, "cumulative_reward": -48148.3406941247}, "token_totals": {"input": 55340, "output": 2901, "calls": 19}, "finished_at": "2026-04-23T19:11:53.876500+00:00"}