{"episode_id": "map_19_wintertown_demo02_native_on_0008", "episode_idx": 8, "agent_name": "GhostAgent_8", "SR": 0.0, "SPL": 0.0, "SoftSPL": 0.06482269604627493, "PLR": 1.442660587327131, "nDTW": 2.4331316385142743e-20, "CLS": 0.04332280146257686, "steps": 20, "path_length_cm": 5619.566932603627, "cumulative_reward": 125.06584838625277, "ended_reason": "no_tool_call", "metrics": {"SR": 0.0, "SPL": 0.0, "SoftSPL": 0.06482269604627493, "PLR": 1.442660587327131, "nDTW": 2.4331316385142743e-20, "CLS": 0.04332280146257686, "path_length_cm": 5619.566932603627, "cumulative_reward": 125.06584838625277}, "token_totals": {"input": 62943, "output": 4489, "calls": 20}, "finished_at": "2026-04-22T23:37:15.219466+00:00"}