{"episode_id": "map_66_middleeast_bazaar_obj_pn_0000", "episode_idx": 0, "agent_name": "GhostAgent_0", "SR": 0.0, "SPL": 0.0, "SoftSPL": 0.0, "PLR": 0.0, "nDTW": 0.003411526610410849, "CLS": 0.1681155806465344, "steps": 40, "path_length_cm": 0.0, "cumulative_reward": -0.4000000000000002, "ended_reason": "max_steps", "metrics": {"SR": 0.0, "SPL": 0.0, "SoftSPL": 0.0, "PLR": 0.0, "nDTW": 0.003411526610410849, "CLS": 0.1681155806465344, "path_length_cm": 0.0, "cumulative_reward": -0.4000000000000002}, "token_totals": {"input": 30908, "output": 1424, "calls": 40}, "finished_at": "2026-04-23T19:04:36.072207+00:00"}