{"episode_id": "map_09b_wintertown_demo02_on_0005", "episode_idx": 1, "agent_name": "GhostAgent_1", "SR": 0.0, "SPL": 0.0, "SoftSPL": 0.09584078259940762, "PLR": 4.749534576004959, "nDTW": 1.3940476009472868e-94, "CLS": 0.05273879396600714, "steps": 40, "path_length_cm": 12099.201855643832, "cumulative_reward": 1159.1910258742353, "ended_reason": "max_steps", "metrics": {"SR": 0.0, "SPL": 0.0, "SoftSPL": 0.09584078259940762, "PLR": 4.749534576004959, "nDTW": 1.3940476009472868e-94, "CLS": 0.05273879396600714, "path_length_cm": 12099.201855643832, "cumulative_reward": 1159.1910258742353}, "token_totals": {"input": 123740, "output": 5698, "calls": 40}, "finished_at": "2026-04-22T23:01:43.058487+00:00"}