{
  "map": "map_03_watertown_remix",
  "n": 39,
  "SR": 0.15384615384615385,
  "SPL": 0.12734738228418438,
  "SoftSPL": 0.32930858945992153,
  "nDTW": 0.0008234653744318674,
  "avg_steps": 36.8974358974359
}