{"episode_id": "map_01_wintertown_native_obj_pn_0010", "episode_idx": 1, "agent_name": "GhostAgent_1", "SR": 0.0, "SPL": 0.0, "SoftSPL": 0.26952983716037554, "PLR": 2.1259393195465255, "nDTW": 1.7683191564512146e-38, "CLS": 0.01882255972150166, "steps": 40, "path_length_cm": 9481.28543670679, "cumulative_reward": 2486.6868227805403, "ended_reason": "max_steps", "metrics": {"SR": 0.0, "SPL": 0.0, "SoftSPL": 0.26952983716037554, "PLR": 2.1259393195465255, "nDTW": 1.7683191564512146e-38, "CLS": 0.01882255972150166, "path_length_cm": 9481.28543670679, "cumulative_reward": 2486.6868227805403}, "token_totals": {"input": 123809, "output": 5865, "calls": 40}, "finished_at": "2026-04-22T22:38:09.153146+00:00"}