{"episode_id": "map_28_village_night_native_on_0017", "episode_idx": 7, "agent_name": "GhostAgent_7", "SR": 1.0, "SPL": 0.978067288694822, "SoftSPL": 0.9743966996245959, "PLR": 1.0224245423179892, "nDTW": 9.606386629155061e-12, "CLS": 0.9278982872334296, "steps": 15, "path_length_cm": 2907.8878650520164, "cumulative_reward": 2835.790449815516, "ended_reason": "success", "metrics": {"SR": 1.0, "SPL": 0.978067288694822, "SoftSPL": 0.9743966996245959, "PLR": 1.0224245423179892, "nDTW": 9.606386629155061e-12, "CLS": 0.9278982872334296, "path_length_cm": 2907.8878650520164, "cumulative_reward": 2835.790449815516}, "token_totals": {"input": 41606, "output": 2392, "calls": 15}, "finished_at": "2026-04-23T00:53:39.825801+00:00"}