{"episode_id": "map_68_B13_suburban_park_obj_on_0005", "episode_idx": 5, "agent_name": "GhostAgent_5", "SR": 0.0, "SPL": 0.0, "SoftSPL": 0.0, "PLR": 2.308344552080665, "nDTW": 1.3996088949494053e-51, "CLS": 0.017338544659560445, "steps": 40, "path_length_cm": 12013.271385502363, "cumulative_reward": -2742.613384006034, "ended_reason": "max_steps", "metrics": {"SR": 0.0, "SPL": 0.0, "SoftSPL": 0.0, "PLR": 2.308344552080665, "nDTW": 1.3996088949494053e-51, "CLS": 0.017338544659560445, "path_length_cm": 12013.271385502363, "cumulative_reward": -2742.613384006034}, "token_totals": {"input": 128206, "output": 6686, "calls": 40}, "finished_at": "2026-04-23T04:32:19.347892+00:00"}