{"episode_id": "map_09b_wintertown_demo02_on_0016", "episode_idx": 8, "agent_name": "GhostAgent_8", "SR": 0.0, "SPL": 0.0, "SoftSPL": 0.8918715181726411, "PLR": 1.0129113869760829, "nDTW": 4.266431741176345e-11, "CLS": 0.23915388773589225, "steps": 40, "path_length_cm": 2871.066939042097, "cumulative_reward": 2559.3142315391938, "ended_reason": "max_steps", "metrics": {"SR": 0.0, "SPL": 0.0, "SoftSPL": 0.8918715181726411, "PLR": 1.0129113869760829, "nDTW": 4.266431741176345e-11, "CLS": 0.23915388773589225, "path_length_cm": 2871.066939042097, "cumulative_reward": 2559.3142315391938}, "token_totals": {"input": 116937, "output": 5913, "calls": 40}, "finished_at": "2026-04-22T23:01:43.061195+00:00"}