{
  "map": "map_13_watertown_native",
  "n": 20,
  "SR": 0.15,
  "SPL": 0.1108642132964374,
  "SoftSPL": 0.20871185882788276,
  "nDTW": 5.9251179370898e-05,
  "avg_steps": 33.05
}