{"episode_id": "map_67_B12_construction_site_on_0016", "episode_idx": 6, "agent_name": "GhostAgent_6", "SR": 0.0, "SPL": 0.0, "SoftSPL": 0.3145768729695851, "PLR": 1.7665016744975373, "nDTW": 2.1968753783789067e-14, "CLS": 0.12742368720350716, "steps": 40, "path_length_cm": 7627.241944994762, "cumulative_reward": 2342.074542230859, "ended_reason": "max_steps", "metrics": {"SR": 0.0, "SPL": 0.0, "SoftSPL": 0.3145768729695851, "PLR": 1.7665016744975373, "nDTW": 2.1968753783789067e-14, "CLS": 0.12742368720350716, "path_length_cm": 7627.241944994762, "cumulative_reward": 2342.074542230859}, "token_totals": {"input": 131237, "output": 8259, "calls": 40}, "finished_at": "2026-04-23T15:33:28.802846+00:00"}