{"episode_id": "map_64_cave_lost_expedition_pn_0006", "episode_idx": 6, "agent_name": "GhostAgent_6", "SR": 0.0, "SPL": 0.0, "SoftSPL": 0.0, "PLR": 7.416774227592736, "nDTW": 4.037499699788619e-48, "CLS": 0.0021217492354131456, "steps": 14, "path_length_cm": 51954.72596751394, "cumulative_reward": -26873.958509018346, "ended_reason": "step_error", "metrics": {"SR": 0.0, "SPL": 0.0, "SoftSPL": 0.0, "PLR": 7.416774227592736, "nDTW": 4.037499699788619e-48, "CLS": 0.0021217492354131456, "path_length_cm": 51954.72596751394, "cumulative_reward": -26873.958509018346}, "token_totals": {"input": 37294, "output": 2241, "calls": 14}, "finished_at": "2026-04-23T19:46:02.405847+00:00"}