{"episode_id": "map_49_courtyard_sunny_packed_obj_pn_0010", "episode_idx": 8, "agent_name": "GhostAgent_8", "SR": 0.0, "SPL": 0.0, "SoftSPL": 0.7595084955081329, "PLR": 1.1418063257826272, "nDTW": 2.4761297728257555e-08, "CLS": 0.004868235604253394, "steps": 40, "path_length_cm": 5165.212112069386, "cumulative_reward": 835.22057346914, "ended_reason": "max_steps", "metrics": {"SR": 0.0, "SPL": 0.0, "SoftSPL": 0.7595084955081329, "PLR": 1.1418063257826272, "nDTW": 2.4761297728257555e-08, "CLS": 0.004868235604253394, "path_length_cm": 5165.212112069386, "cumulative_reward": 835.22057346914}, "token_totals": {"input": 126127, "output": 7302, "calls": 40}, "finished_at": "2026-04-23T16:41:05.342421+00:00"}