{"episode_id": "map_56_containeryard_settlement_obj_pn_0001", "episode_idx": 9, "agent_name": "GhostAgent_9", "SR": 0.0, "SPL": 0.0, "SoftSPL": 0.18197882877897598, "PLR": 0.16480343133375974, "nDTW": 7.67494011484378e-12, "CLS": 0.06392948895512479, "steps": 40, "path_length_cm": 1188.585419259462, "cumulative_reward": 280.86820320887625, "ended_reason": "max_steps", "metrics": {"SR": 0.0, "SPL": 0.0, "SoftSPL": 0.18197882877897598, "PLR": 0.16480343133375974, "nDTW": 7.67494011484378e-12, "CLS": 0.06392948895512479, "path_length_cm": 1188.585419259462, "cumulative_reward": 280.86820320887625}, "token_totals": {"input": 37671, "output": 3096, "calls": 40}, "finished_at": "2026-04-23T18:48:14.315371+00:00"}