{"episode_id": "map_21_hwaseong_remix2_on_0008", "episode_idx": 8, "agent_name": "GhostAgent_8", "SR": 0.0, "SPL": 0.0, "SoftSPL": 0.0, "PLR": 0.38901751854704275, "nDTW": 9.994074050129881e-34, "CLS": 0.40918318353961797, "steps": 40, "path_length_cm": 798.085, "cumulative_reward": -12.723034751518197, "ended_reason": "max_steps", "metrics": {"SR": 0.0, "SPL": 0.0, "SoftSPL": 0.0, "PLR": 0.38901751854704275, "nDTW": 9.994074050129881e-34, "CLS": 0.40918318353961797, "path_length_cm": 798.085, "cumulative_reward": -12.723034751518197}, "token_totals": {"input": 38313, "output": 3001, "calls": 40}, "finished_at": "2026-04-23T17:56:38.481163+00:00"}