{"episode_id": "map_59_B10_market_plaza_on_0013", "episode_idx": 3, "agent_name": "GhostAgent_3", "SR": 0.0, "SPL": 0.0, "SoftSPL": 0.10683330063673935, "PLR": 0.03889847128012129, "nDTW": 2.0444430837316943e-15, "CLS": 0.11077217041458653, "steps": 40, "path_length_cm": 305.20090652624685, "cumulative_reward": 78.1402204222153, "ended_reason": "max_steps", "metrics": {"SR": 0.0, "SPL": 0.0, "SoftSPL": 0.10683330063673935, "PLR": 0.03889847128012129, "nDTW": 2.0444430837316943e-15, "CLS": 0.11077217041458653, "path_length_cm": 305.20090652624685, "cumulative_reward": 78.1402204222153}, "token_totals": {"input": 120487, "output": 6990, "calls": 40}, "finished_at": "2026-04-23T02:47:45.591152+00:00"}