{"episode_id": "map_20_trainstation_native_on_0015", "episode_idx": 5, "agent_name": "GhostAgent_5", "SR": 0.0, "SPL": 0.0, "SoftSPL": 0.0, "PLR": 2.1960884988851146, "nDTW": 2.5857167876317725e-53, "CLS": 0.013906364130080636, "steps": 40, "path_length_cm": 10800.516963711914, "cumulative_reward": -1517.9769906177971, "ended_reason": "max_steps", "metrics": {"SR": 0.0, "SPL": 0.0, "SoftSPL": 0.0, "PLR": 2.1960884988851146, "nDTW": 2.5857167876317725e-53, "CLS": 0.013906364130080636, "path_length_cm": 10800.516963711914, "cumulative_reward": -1517.9769906177971}, "token_totals": {"input": 133515, "output": 8356, "calls": 40}, "finished_at": "2026-04-23T17:25:02.997868+00:00"}