{"episode_id": "map_36_dungeon_native_pn_0002", "episode_idx": 2, "agent_name": "GhostAgent_2", "SR": 0.0, "SPL": 0.0, "SoftSPL": 0.6067258406251732, "PLR": 1.0602947425892912, "nDTW": 0.0005285086793036253, "CLS": 0.3117161505637777, "steps": 40, "path_length_cm": 2820.839942026828, "cumulative_reward": 2456.8733707416313, "ended_reason": "max_steps", "metrics": {"SR": 0.0, "SPL": 0.0, "SoftSPL": 0.6067258406251732, "PLR": 1.0602947425892912, "nDTW": 0.0005285086793036253, "CLS": 0.3117161505637777, "path_length_cm": 2820.839942026828, "cumulative_reward": 2456.8733707416313}, "token_totals": {"input": 127226, "output": 8366, "calls": 40}, "finished_at": "2026-04-23T00:46:42.819161+00:00"}