{"episode_id": "map_20_trainstation_native_obj_pn_0019", "episode_idx": 8, "agent_name": "GhostAgent_8", "SR": 0.0, "SPL": 0.0, "SoftSPL": 0.0, "PLR": 0.26140101369549956, "nDTW": 3.0018115545046627e-59, "CLS": 0.33847866655562303, "steps": 40, "path_length_cm": 1281.0949999999998, "cumulative_reward": -299.1836694729773, "ended_reason": "max_steps", "metrics": {"SR": 0.0, "SPL": 0.0, "SoftSPL": 0.0, "PLR": 0.26140101369549956, "nDTW": 3.0018115545046627e-59, "CLS": 0.33847866655562303, "path_length_cm": 1281.0949999999998, "cumulative_reward": -299.1836694729773}, "token_totals": {"input": 109018, "output": 3614, "calls": 40}, "finished_at": "2026-04-23T19:08:33.573039+00:00"}