{"episode_id": "map_09b_wintertown_demo02_obj_on_0005", "episode_idx": 4, "agent_name": "GhostAgent_4", "SR": 0.0, "SPL": 0.0, "SoftSPL": 2.4354091704648084e-05, "PLR": 0.0, "nDTW": 5.280424562320266e-06, "CLS": 0.2500000000069707, "steps": 0, "path_length_cm": 0.0, "cumulative_reward": 0.0, "ended_reason": "spawn_blocked", "metrics": {"SR": 0.0, "SPL": 0.0, "SoftSPL": 2.4354091704648084e-05, "PLR": 0.0, "nDTW": 5.280424562320266e-06, "CLS": 0.2500000000069707, "path_length_cm": 0.0, "cumulative_reward": 0.0}, "token_totals": {"input": 0, "output": 0, "calls": 0}, "finished_at": "2026-04-23T16:47:09.753445+00:00"}