{"episode_id": "map_23_containeryard_demo_remix_on_0002", "episode_idx": 2, "agent_name": "GhostAgent_2", "SR": 0.0, "SPL": 0.0, "SoftSPL": 0.28149683382750545, "PLR": 0.2856219563065078, "nDTW": 1.1122839835658245e-11, "CLS": 0.22296260961902756, "steps": 40, "path_length_cm": 2273.288, "cumulative_reward": 2220.4221388723213, "ended_reason": "max_steps", "metrics": {"SR": 0.0, "SPL": 0.0, "SoftSPL": 0.28149683382750545, "PLR": 0.2856219563065078, "nDTW": 1.1122839835658245e-11, "CLS": 0.22296260961902756, "path_length_cm": 2273.288, "cumulative_reward": 2220.4221388723213}, "token_totals": {"input": 106247, "output": 3423, "calls": 40}, "finished_at": "2026-04-23T17:30:07.821376+00:00"}