{"episode_id": "map_32_gothic_night_native_on_0000", "episode_idx": 0, "agent_name": "GhostAgent_0", "SR": 0.0, "SPL": 0.0, "SoftSPL": 0.6984961713566065, "PLR": 0.445723207242232, "nDTW": 9.11741857034847e-14, "CLS": 0.04648066224313428, "steps": 40, "path_length_cm": 2486.9884077532647, "cumulative_reward": 1184.9379407070414, "ended_reason": "max_steps", "metrics": {"SR": 0.0, "SPL": 0.0, "SoftSPL": 0.6984961713566065, "PLR": 0.445723207242232, "nDTW": 9.11741857034847e-14, "CLS": 0.04648066224313428, "path_length_cm": 2486.9884077532647, "cumulative_reward": 1184.9379407070414}, "token_totals": {"input": 120212, "output": 6603, "calls": 40}, "finished_at": "2026-04-23T01:12:41.471521+00:00"}