{
  "map": "map_56_containeryard_settlement",
  "n": 35,
  "SR": 0.14285714285714285,
  "SPL": 0.1366856904290434,
  "SoftSPL": 0.27845812997090263,
  "nDTW": 0.0006192624235482212,
  "avg_steps": 36.82857142857143
}