{"episode_id": "map_22_containeryard_demo_native_obj_pn_0004", "episode_idx": 2, "agent_name": "GhostAgent_2", "SR": 0.0, "SPL": 0.0, "SoftSPL": 0.7273884604500751, "PLR": 0.8264350970621612, "nDTW": 1.1729060408006073e-64, "CLS": 0.3031813041200524, "steps": 40, "path_length_cm": 4121.274806380557, "cumulative_reward": 3638.1215792222165, "ended_reason": "max_steps", "metrics": {"SR": 0.0, "SPL": 0.0, "SoftSPL": 0.7273884604500751, "PLR": 0.8264350970621612, "nDTW": 1.1729060408006073e-64, "CLS": 0.3031813041200524, "path_length_cm": 4121.274806380557, "cumulative_reward": 3638.1215792222165}, "token_totals": {"input": 126325, "output": 7113, "calls": 40}, "finished_at": "2026-04-23T00:19:23.155033+00:00"}