{"episode_id": "map_43_B5_residential_courtyard_on_0009", "episode_idx": 9, "agent_name": "GhostAgent_9", "SR": 1.0, "SPL": 0.992026848101096, "SoftSPL": 0.969262494250701, "PLR": 1.008037233986324, "nDTW": 0.969262494250701, "CLS": 0.969262494250701, "steps": 20, "path_length_cm": 5611.8138442082445, "cumulative_reward": 5392.787234156536, "ended_reason": "success", "metrics": {"SR": 1.0, "SPL": 0.992026848101096, "SoftSPL": 0.969262494250701, "PLR": 1.008037233986324, "nDTW": 0.969262494250701, "CLS": 0.969262494250701, "path_length_cm": 5611.8138442082445, "cumulative_reward": 5392.787234156536}, "token_totals": {"input": 12817, "output": 132, "calls": 20}, "finished_at": "2026-04-23T20:06:22.243954+00:00"}