{
  "map": "map_42_B4_industrial_yard",
  "n": 40,
  "SR": 0.175,
  "SPL": 0.1675057289140033,
  "SoftSPL": 0.2528286247220773,
  "nDTW": 0.0005836629354006043,
  "avg_steps": 35.0
}