{
  "map": "map_06_hwaseong_native",
  "n": 40,
  "SR": 0.1,
  "SPL": 0.08652397341412185,
  "SoftSPL": 0.20550030651249127,
  "nDTW": 0.005755251019846214,
  "avg_steps": 24.175
}