{"episode_id": "map_16_hwaseong_remix_on_0011", "episode_idx": 1, "agent_name": "GhostAgent_1", "SR": 0.0, "SPL": 0.0, "SoftSPL": 0.18189852700892617, "PLR": 0.3417269986078243, "nDTW": 2.942964512334987e-14, "CLS": 0.38085255132264284, "steps": 40, "path_length_cm": 429.5850099498959, "cumulative_reward": 228.26651452457392, "ended_reason": "max_steps", "metrics": {"SR": 0.0, "SPL": 0.0, "SoftSPL": 0.18189852700892617, "PLR": 0.3417269986078243, "nDTW": 2.942964512334987e-14, "CLS": 0.38085255132264284, "path_length_cm": 429.5850099498959, "cumulative_reward": 228.26651452457392}, "token_totals": {"input": 119005, "output": 6756, "calls": 40}, "finished_at": "2026-04-23T00:15:14.743967+00:00"}