{
  "map": "map_01_wintertown_native",
  "n": 38,
  "SR": 0.10526315789473684,
  "SPL": 0.10320902160381114,
  "SoftSPL": 0.21748471243168124,
  "nDTW": 0.00014054738472786348,
  "avg_steps": 38.31578947368421
}