{"episode_id": "map_31_gothic_day_remix_pn_0007", "episode_idx": 7, "agent_name": "GhostAgent_7", "SR": 0.0, "SPL": 0.0, "SoftSPL": 0.45423527777291295, "PLR": 0.09081300614926213, "nDTW": 0.00010172605200687595, "CLS": 0.09104545197328957, "steps": 40, "path_length_cm": 387.8260240610389, "cumulative_reward": 198.5515522359242, "ended_reason": "max_steps", "metrics": {"SR": 0.0, "SPL": 0.0, "SoftSPL": 0.45423527777291295, "PLR": 0.09081300614926213, "nDTW": 0.00010172605200687595, "CLS": 0.09104545197328957, "path_length_cm": 387.8260240610389, "cumulative_reward": 198.5515522359242}, "token_totals": {"input": 103596, "output": 2967, "calls": 40}, "finished_at": "2026-04-23T00:28:54.988041+00:00"}