{"episode_id": "map_66_middleeast_bazaar_obj_pn_0012", "episode_idx": 2, "agent_name": "GhostAgent_2", "SR": 0.0, "SPL": 0.0, "SoftSPL": 0.0, "PLR": 0.0, "nDTW": 1.0519619593989937e-07, "CLS": 0.08342934054401857, "steps": 40, "path_length_cm": 0.0, "cumulative_reward": -0.4000000000000002, "ended_reason": "max_steps", "metrics": {"SR": 0.0, "SPL": 0.0, "SoftSPL": 0.0, "PLR": 0.0, "nDTW": 1.0519619593989937e-07, "CLS": 0.08342934054401857, "path_length_cm": 0.0, "cumulative_reward": -0.4000000000000002}, "token_totals": {"input": 34735, "output": 2350, "calls": 40}, "finished_at": "2026-04-23T19:13:48.370857+00:00"}