{"episode_id": "map_53_courtyard_sanny_big_remix_on_0019", "episode_idx": 3, "agent_name": "GhostAgent_3", "SR": 0.0, "SPL": 0.0, "SoftSPL": 0.6236648423866891, "PLR": 0.0, "nDTW": 0.003387180134260018, "CLS": 0.06222842593586551, "steps": 1, "path_length_cm": 0.0, "cumulative_reward": 0.0, "ended_reason": "no_tool_call", "metrics": {"SR": 0.0, "SPL": 0.0, "SoftSPL": 0.6236648423866891, "PLR": 0.0, "nDTW": 0.003387180134260018, "CLS": 0.06222842593586551, "path_length_cm": 0.0, "cumulative_reward": 0.0}, "token_totals": {"input": 771, "output": 256, "calls": 1}, "finished_at": "2026-04-23T18:49:51.440105+00:00"}