{"episode_id": "map_66_middleeast_bazaar_obj_pn_0007", "episode_idx": 7, "agent_name": "GhostAgent_7", "SR": 0.0, "SPL": 0.0, "SoftSPL": 0.0, "PLR": 0.0, "nDTW": 0.00012905150441620255, "CLS": 0.10510327983719688, "steps": 40, "path_length_cm": 0.0, "cumulative_reward": -0.4000000000000002, "ended_reason": "max_steps", "metrics": {"SR": 0.0, "SPL": 0.0, "SoftSPL": 0.0, "PLR": 0.0, "nDTW": 0.00012905150441620255, "CLS": 0.10510327983719688, "path_length_cm": 0.0, "cumulative_reward": -0.4000000000000002}, "token_totals": {"input": 33282, "output": 1953, "calls": 40}, "finished_at": "2026-04-23T19:04:36.076390+00:00"}