{"episode_id": "map_32_gothic_night_native_on_0005", "episode_idx": 5, "agent_name": "GhostAgent_5", "SR": 0.0, "SPL": 0.0, "SoftSPL": 0.22321936203909964, "PLR": 0.7935134712807597, "nDTW": 3.402749839491348e-98, "CLS": 0.3150545803525541, "steps": 40, "path_length_cm": 3278.480257943587, "cumulative_reward": 921.8577116696765, "ended_reason": "max_steps", "metrics": {"SR": 0.0, "SPL": 0.0, "SoftSPL": 0.22321936203909964, "PLR": 0.7935134712807597, "nDTW": 3.402749839491348e-98, "CLS": 0.3150545803525541, "path_length_cm": 3278.480257943587, "cumulative_reward": 921.8577116696765}, "token_totals": {"input": 123609, "output": 7159, "calls": 40}, "finished_at": "2026-04-23T01:12:41.474135+00:00"}