{"episode_id": "map_27_courtyard_overcast_remix_obj_pn_0019", "episode_idx": 9, "agent_name": "GhostAgent_9", "SR": 0.0, "SPL": 0.0, "SoftSPL": 0.6308549229726459, "PLR": 0.0, "nDTW": 0.00293054063066777, "CLS": 0.06370250374223048, "steps": 40, "path_length_cm": 0.0, "cumulative_reward": -0.4000000000000002, "ended_reason": "max_steps", "metrics": {"SR": 0.0, "SPL": 0.0, "SoftSPL": 0.6308549229726459, "PLR": 0.0, "nDTW": 0.00293054063066777, "CLS": 0.06370250374223048, "path_length_cm": 0.0, "cumulative_reward": -0.4000000000000002}, "token_totals": {"input": 32879, "output": 1941, "calls": 40}, "finished_at": "2026-04-23T15:45:51.754312+00:00"}