{"episode_id": "map_67_B12_construction_site_on_0019", "episode_idx": 9, "agent_name": "GhostAgent_9", "SR": 0.0, "SPL": 0.0, "SoftSPL": 0.0, "PLR": 6.190808539904638, "nDTW": 1.584666316026631e-167, "CLS": 0.04083971116262723, "steps": 40, "path_length_cm": 22592.48905318639, "cumulative_reward": -14660.654281623512, "ended_reason": "max_steps", "metrics": {"SR": 0.0, "SPL": 0.0, "SoftSPL": 0.0, "PLR": 6.190808539904638, "nDTW": 1.584666316026631e-167, "CLS": 0.04083971116262723, "path_length_cm": 22592.48905318639, "cumulative_reward": -14660.654281623512}, "token_totals": {"input": 133184, "output": 7642, "calls": 40}, "finished_at": "2026-04-23T15:33:28.803996+00:00"}