{
  "map": "map_37_dungeon_remix",
  "n": 20,
  "SR": 0.05,
  "SPL": 0.03199279843747447,
  "SoftSPL": 0.1414729708803793,
  "nDTW": 0.0003902089948128236,
  "avg_steps": 38.75
}