{"episode_id": "map_19_wintertown_demo02_native_obj_on_0014", "episode_idx": 9, "agent_name": "GhostAgent_9", "SR": 0.0, "SPL": 0.0, "SoftSPL": 0.0, "PLR": 0.30505761164287437, "nDTW": 4.122048068045152e-38, "CLS": 0.20700211460455803, "steps": 40, "path_length_cm": 1676.3617392282724, "cumulative_reward": -1585.6779908431681, "ended_reason": "max_steps", "metrics": {"SR": 0.0, "SPL": 0.0, "SoftSPL": 0.0, "PLR": 0.30505761164287437, "nDTW": 4.122048068045152e-38, "CLS": 0.20700211460455803, "path_length_cm": 1676.3617392282724, "cumulative_reward": -1585.6779908431681}, "token_totals": {"input": 120718, "output": 5478, "calls": 40}, "finished_at": "2026-04-23T13:18:36.420400+00:00"}