{"episode_id": "map_65_hwaseong_ceremonial_pn_0008", "episode_idx": 6, "agent_name": "GhostAgent_6", "SR": 0.0, "SPL": 0.0, "SoftSPL": 0.0, "PLR": 0.9985784873009459, "nDTW": 1.7869055088253912e-09, "CLS": 0.4264388694644984, "steps": 25, "path_length_cm": 2249.328, "cumulative_reward": 2248.421645411712, "ended_reason": "success", "metrics": {"SR": 0.0, "SPL": 0.0, "SoftSPL": 0.0, "PLR": 0.9985784873009459, "nDTW": 1.7869055088253912e-09, "CLS": 0.4264388694644984, "path_length_cm": 2249.328, "cumulative_reward": 2248.421645411712}, "token_totals": {"input": 64612, "output": 2933, "calls": 25}, "finished_at": "2026-04-23T13:18:15.743487+00:00"}