{"episode_id": "map_19_wintertown_demo02_native_obj_on_0017", "episode_idx": 7, "agent_name": "GhostAgent_7", "SR": 0.0, "SPL": 0.0, "SoftSPL": 0.5051275842184039, "PLR": 1.309098354461086, "nDTW": 2.890650382042966e-35, "CLS": 0.026098428672895208, "steps": 40, "path_length_cm": 7930.701105094884, "cumulative_reward": 3982.2885490246153, "ended_reason": "max_steps", "metrics": {"SR": 0.0, "SPL": 0.0, "SoftSPL": 0.5051275842184039, "PLR": 1.309098354461086, "nDTW": 2.890650382042966e-35, "CLS": 0.026098428672895208, "path_length_cm": 7930.701105094884, "cumulative_reward": 3982.2885490246153}, "token_totals": {"input": 126474, "output": 6932, "calls": 40}, "finished_at": "2026-04-23T00:41:03.331719+00:00"}