{"episode_id": "map_67_B12_construction_site_obj_pn_0004", "episode_idx": 4, "agent_name": "GhostAgent_4", "SR": 0.0, "SPL": 0.0, "SoftSPL": 0.3849951308469867, "PLR": 1.2878854026605824, "nDTW": 2.2907982028844572e-28, "CLS": 0.01244436641327347, "steps": 40, "path_length_cm": 9637.85177424839, "cumulative_reward": 3531.06112437791, "ended_reason": "max_steps", "metrics": {"SR": 0.0, "SPL": 0.0, "SoftSPL": 0.3849951308469867, "PLR": 1.2878854026605824, "nDTW": 2.2907982028844572e-28, "CLS": 0.01244436641327347, "path_length_cm": 9637.85177424839, "cumulative_reward": 3531.06112437791}, "token_totals": {"input": 123347, "output": 6303, "calls": 40}, "finished_at": "2026-04-23T05:57:20.826588+00:00"}