{"episode_id": "map_18_cave_native_pn_0008", "episode_idx": 8, "agent_name": "GhostAgent_8", "SR": 1.0, "SPL": 0.5931663269545111, "SoftSPL": 0.5429570960654129, "PLR": 1.6858677820339054, "nDTW": 0.01231115601406018, "CLS": 0.15846282694201652, "steps": 10, "path_length_cm": 2875.4666650704903, "cumulative_reward": 2651.9973336877047, "ended_reason": "success", "metrics": {"SR": 1.0, "SPL": 0.5931663269545111, "SoftSPL": 0.5429570960654129, "PLR": 1.6858677820339054, "nDTW": 0.01231115601406018, "CLS": 0.15846282694201652, "path_length_cm": 2875.4666650704903, "cumulative_reward": 2651.9973336877047}, "token_totals": {"input": 22418, "output": 1219, "calls": 10}, "finished_at": "2026-04-23T18:10:13.633012+00:00"}