{"episode_id": "map_32_gothic_night_native_pn_0018", "episode_idx": 7, "agent_name": "GhostAgent_7", "SR": 0.0, "SPL": 0.0, "SoftSPL": 0.0, "PLR": 1.51659490933374, "nDTW": 1.620198009688382e-54, "CLS": 0.17836233033588036, "steps": 40, "path_length_cm": 2909.4356740658473, "cumulative_reward": -92.94493265591753, "ended_reason": "max_steps", "metrics": {"SR": 0.0, "SPL": 0.0, "SoftSPL": 0.0, "PLR": 1.51659490933374, "nDTW": 1.620198009688382e-54, "CLS": 0.17836233033588036, "path_length_cm": 2909.4356740658473, "cumulative_reward": -92.94493265591753}, "token_totals": {"input": 131387, "output": 8953, "calls": 40}, "finished_at": "2026-04-23T16:31:52.630637+00:00"}