{"episode_id": "map_53_courtyard_sanny_big_remix_pn_0014", "episode_idx": 5, "agent_name": "GhostAgent_5", "SR": 0.0, "SPL": 0.0, "SoftSPL": 0.7578133568161474, "PLR": 0.16781308024094413, "nDTW": 4.802527173770674e-06, "CLS": 0.06205191046064243, "steps": 22, "path_length_cm": 1124.8393299394318, "cumulative_reward": 188.69166590478744, "ended_reason": "success", "metrics": {"SR": 0.0, "SPL": 0.0, "SoftSPL": 0.7578133568161474, "PLR": 0.16781308024094413, "nDTW": 4.802527173770674e-06, "CLS": 0.06205191046064243, "path_length_cm": 1124.8393299394318, "cumulative_reward": 188.69166590478744}, "token_totals": {"input": 66362, "output": 4352, "calls": 22}, "finished_at": "2026-04-23T16:53:11.720415+00:00"}