{"episode_id": "map_47_wintertown_demo01_minimal_pn_0004", "episode_idx": 4, "agent_name": "GhostAgent_4", "SR": 0.0, "SPL": 0.0, "SoftSPL": 0.0, "PLR": 0.38941180348677645, "nDTW": 6.043206851631364e-09, "CLS": 0.2553762623994139, "steps": 40, "path_length_cm": 709.3058118150935, "cumulative_reward": 615.0458370946008, "ended_reason": "max_steps", "metrics": {"SR": 0.0, "SPL": 0.0, "SoftSPL": 0.0, "PLR": 0.38941180348677645, "nDTW": 6.043206851631364e-09, "CLS": 0.2553762623994139, "path_length_cm": 709.3058118150935, "cumulative_reward": 615.0458370946008}, "token_totals": {"input": 114008, "output": 5457, "calls": 40}, "finished_at": "2026-04-23T01:22:40.672150+00:00"}