{"episode_id": "map_23_containeryard_demo_remix_obj_pn_0003", "episode_idx": 1, "agent_name": "GhostAgent_1", "SR": 0.0, "SPL": 0.0, "SoftSPL": 0.7279790107490218, "PLR": 0.9638775428175814, "nDTW": 2.4104228274185576e-31, "CLS": 0.2767139349792887, "steps": 40, "path_length_cm": 2422.166432448013, "cumulative_reward": 1879.4177368545463, "ended_reason": "max_steps", "metrics": {"SR": 0.0, "SPL": 0.0, "SoftSPL": 0.7279790107490218, "PLR": 0.9638775428175814, "nDTW": 2.4104228274185576e-31, "CLS": 0.2767139349792887, "path_length_cm": 2422.166432448013, "cumulative_reward": 1879.4177368545463}, "token_totals": {"input": 119389, "output": 5818, "calls": 40}, "finished_at": "2026-04-23T13:28:20.477656+00:00"}