{"episode_id": "map_66_middleeast_bazaar_pn_0006", "episode_idx": 6, "agent_name": "GhostAgent_6", "SR": 0.0, "SPL": 0.0, "SoftSPL": 0.7026632577226191, "PLR": 0.5658267428704906, "nDTW": 5.67135924095211e-07, "CLS": 0.07729886625577279, "steps": 40, "path_length_cm": 4441.434385092201, "cumulative_reward": 4354.005970317048, "ended_reason": "max_steps", "metrics": {"SR": 0.0, "SPL": 0.0, "SoftSPL": 0.7026632577226191, "PLR": 0.5658267428704906, "nDTW": 5.67135924095211e-07, "CLS": 0.07729886625577279, "path_length_cm": 4441.434385092201, "cumulative_reward": 4354.005970317048}, "token_totals": {"input": 32600, "output": 1857, "calls": 40}, "finished_at": "2026-04-23T18:41:08.110432+00:00"}