{"episode_id": "map_62_trainstation_cross_remix_on_0007", "episode_idx": 7, "agent_name": "GhostAgent_7", "SR": 0.0, "SPL": 0.0, "SoftSPL": 0.5911824149631858, "PLR": 0.08103515677296724, "nDTW": 0.0017132076420950243, "CLS": 0.11047417684812252, "steps": 40, "path_length_cm": 151.32100000000037, "cumulative_reward": 21.810379887561492, "ended_reason": "max_steps", "metrics": {"SR": 0.0, "SPL": 0.0, "SoftSPL": 0.5911824149631858, "PLR": 0.08103515677296724, "nDTW": 0.0017132076420950243, "CLS": 0.11047417684812252, "path_length_cm": 151.32100000000037, "cumulative_reward": 21.810379887561492}, "token_totals": {"input": 114052, "output": 4620, "calls": 40}, "finished_at": "2026-04-23T02:58:41.292084+00:00"}