{"episode_id": "map_22_containeryard_demo_native_pn_0001", "episode_idx": 1, "agent_name": "GhostAgent_1", "SR": 1.0, "SPL": 0.9851324525643411, "SoftSPL": 0.9601983411366729, "PLR": 1.0150919273819048, "nDTW": 2.0841807267408882e-38, "CLS": 0.48153840791696223, "steps": 22, "path_length_cm": 7384.002, "cumulative_reward": 7092.391105171683, "ended_reason": "success", "metrics": {"SR": 1.0, "SPL": 0.9851324525643411, "SoftSPL": 0.9601983411366729, "PLR": 1.0150919273819048, "nDTW": 2.0841807267408882e-38, "CLS": 0.48153840791696223, "path_length_cm": 7384.002, "cumulative_reward": 7092.391105171683}, "token_totals": {"input": 58356, "output": 2846, "calls": 22}, "finished_at": "2026-04-22T23:47:20.261563+00:00"}