{"episode_id": "map_22_containeryard_demo_native_obj_on_0014", "episode_idx": 2, "agent_name": "GhostAgent_2", "SR": 0.0, "SPL": 0.0, "SoftSPL": 0.0, "PLR": 1.580570316979932, "nDTW": 7.113639837646546e-55, "CLS": 0.015169474000853066, "steps": 40, "path_length_cm": 11597.687592090968, "cumulative_reward": -4490.199636493762, "ended_reason": "max_steps", "metrics": {"SR": 0.0, "SPL": 0.0, "SoftSPL": 0.0, "PLR": 1.580570316979932, "nDTW": 7.113639837646546e-55, "CLS": 0.015169474000853066, "path_length_cm": 11597.687592090968, "cumulative_reward": -4490.199636493762}, "token_totals": {"input": 136691, "output": 9300, "calls": 40}, "finished_at": "2026-04-23T00:32:10.911824+00:00"}