{"episode_id": "map_43_B5_residential_courtyard_pn_0011", "episode_idx": 1, "agent_name": "GhostAgent_1", "SR": 0.0, "SPL": 0.0, "SoftSPL": 0.0006914135409873401, "PLR": 0.0, "nDTW": 0.0006914135409873401, "CLS": 0.0006914135409873401, "steps": 40, "path_length_cm": 0.0, "cumulative_reward": -0.4000000000000002, "ended_reason": "max_steps", "metrics": {"SR": 0.0, "SPL": 0.0, "SoftSPL": 0.0006914135409873401, "PLR": 0.0, "nDTW": 0.0006914135409873401, "CLS": 0.0006914135409873401, "path_length_cm": 0.0, "cumulative_reward": -0.4000000000000002}, "token_totals": {"input": 26133, "output": 120, "calls": 40}, "finished_at": "2026-04-23T20:09:14.252241+00:00"}