{"episode_id": "map_59_B10_market_plaza_on_0006", "episode_idx": 6, "agent_name": "GhostAgent_6", "SR": 0.0, "SPL": 0.0, "SoftSPL": 0.19805281350765447, "PLR": 3.104356269416797, "nDTW": 5.082752263611677e-72, "CLS": 0.08534485248284557, "steps": 40, "path_length_cm": 5682.2447591032, "cumulative_reward": 1124.9831953277264, "ended_reason": "max_steps", "metrics": {"SR": 0.0, "SPL": 0.0, "SoftSPL": 0.19805281350765447, "PLR": 3.104356269416797, "nDTW": 5.082752263611677e-72, "CLS": 0.08534485248284557, "path_length_cm": 5682.2447591032, "cumulative_reward": 1124.9831953277264}, "token_totals": {"input": 136766, "output": 9402, "calls": 40}, "finished_at": "2026-04-23T02:34:34.610830+00:00"}