{"episode_id": "map_33_gothic_night_remix_pn_0007", "episode_idx": 7, "agent_name": "GhostAgent_7", "SR": 0.0, "SPL": 0.0, "SoftSPL": 0.0, "PLR": 0.0, "nDTW": 3.027226497730469e-10, "CLS": 0.0626951539492365, "steps": 40, "path_length_cm": 0.0, "cumulative_reward": -0.4000000000000002, "ended_reason": "max_steps", "metrics": {"SR": 0.0, "SPL": 0.0, "SoftSPL": 0.0, "PLR": 0.0, "nDTW": 3.027226497730469e-10, "CLS": 0.0626951539492365, "path_length_cm": 0.0, "cumulative_reward": -0.4000000000000002}, "token_totals": {"input": 31739, "output": 1611, "calls": 40}, "finished_at": "2026-04-23T18:09:43.408326+00:00"}