{"episode_id": "map_36_dungeon_native_on_0002", "episode_idx": 2, "agent_name": "GhostAgent_2", "SR": 1.0, "SPL": 0.699749576783818, "SoftSPL": 0.6903969498542877, "PLR": 1.4290826792581854, "nDTW": 1.9280614403236672e-13, "CLS": 0.175111166307257, "steps": 22, "path_length_cm": 3801.974432378854, "cumulative_reward": 2622.0653759799206, "ended_reason": "success", "metrics": {"SR": 1.0, "SPL": 0.699749576783818, "SoftSPL": 0.6903969498542877, "PLR": 1.4290826792581854, "nDTW": 1.9280614403236672e-13, "CLS": 0.175111166307257, "path_length_cm": 3801.974432378854, "cumulative_reward": 2622.0653759799206}, "token_totals": {"input": 65597, "output": 4227, "calls": 22}, "finished_at": "2026-04-23T01:09:43.404783+00:00"}