{"episode_id": "map_65_hwaseong_ceremonial_pn_0000", "episode_idx": 0, "agent_name": "GhostAgent_0", "SR": 0.0, "SPL": 0.0, "SoftSPL": 0.29410268177043897, "PLR": 1.2008013147583796, "nDTW": 1.2139383376847933e-143, "CLS": 0.20819433465113701, "steps": 40, "path_length_cm": 7907.456777881142, "cumulative_reward": 3430.9141441423117, "ended_reason": "max_steps", "metrics": {"SR": 0.0, "SPL": 0.0, "SoftSPL": 0.29410268177043897, "PLR": 1.2008013147583796, "nDTW": 1.2139383376847933e-143, "CLS": 0.20819433465113701, "path_length_cm": 7907.456777881142, "cumulative_reward": 3430.9141441423117}, "token_totals": {"input": 122936, "output": 5794, "calls": 40}, "finished_at": "2026-04-23T13:18:15.741649+00:00"}