{"episode_id": "map_11_wintertown_demo01_remix_on_0012", "episode_idx": 2, "agent_name": "GhostAgent_2", "SR": 1.0, "SPL": 0.7869839191956025, "SoftSPL": 0.7822747695965276, "PLR": 1.2706739942311998, "nDTW": 2.791850210452464e-25, "CLS": 0.2884052371837226, "steps": 28, "path_length_cm": 9005.406371255878, "cumulative_reward": 6884.96895539772, "ended_reason": "success", "metrics": {"SR": 1.0, "SPL": 0.7869839191956025, "SoftSPL": 0.7822747695965276, "PLR": 1.2706739942311998, "nDTW": 2.791850210452464e-25, "CLS": 0.2884052371837226, "path_length_cm": 9005.406371255878, "cumulative_reward": 6884.96895539772}, "token_totals": {"input": 77432, "output": 2801, "calls": 28}, "finished_at": "2026-04-22T23:26:58.977135+00:00"}