{"episode_id": "map_20_trainstation_native_on_0002", "episode_idx": 2, "agent_name": "GhostAgent_2", "SR": 0.0, "SPL": 0.0, "SoftSPL": 0.0, "PLR": 0.13917304336152506, "nDTW": 9.293282093129539e-05, "CLS": 0.290418534303264, "steps": 3, "path_length_cm": 404.3130000000001, "cumulative_reward": -404.05081673462655, "ended_reason": "no_tool_call", "metrics": {"SR": 0.0, "SPL": 0.0, "SoftSPL": 0.0, "PLR": 0.13917304336152506, "nDTW": 9.293282093129539e-05, "CLS": 0.290418534303264, "path_length_cm": 404.3130000000001, "cumulative_reward": -404.05081673462655}, "token_totals": {"input": 3998, "output": 768, "calls": 3}, "finished_at": "2026-04-23T17:10:14.549853+00:00"}