{
  "map": "map_08_cave_remix",
  "n": 35,
  "SR": 0.05714285714285714,
  "SPL": 0.054795653653950005,
  "SoftSPL": 0.1335052229518615,
  "nDTW": 0.024150203088939125,
  "avg_steps": 38.08571428571429
}