{"episode_id": "map_45_B7_park_with_paths_obj_on_0004", "episode_idx": 2, "agent_name": "GhostAgent_2", "SR": 0.0, "SPL": 0.0, "SoftSPL": 0.0, "PLR": 9.97185204984271, "nDTW": 0.0, "CLS": 0.0, "steps": 40, "path_length_cm": 39165.645548003224, "cumulative_reward": -33599.351615560394, "ended_reason": "max_steps", "metrics": {"SR": 0.0, "SPL": 0.0, "SoftSPL": 0.0, "PLR": 9.97185204984271, "nDTW": 0.0, "CLS": 0.0, "path_length_cm": 39165.645548003224, "cumulative_reward": -33599.351615560394}, "token_totals": {"input": 143184, "output": 10022, "calls": 40}, "finished_at": "2026-04-23T20:21:23.669084+00:00"}