{"episode_id": "map_05_middleeast_native_obj_pn_0016", "episode_idx": 0, "agent_name": "GhostAgent_0", "SR": 0.0, "SPL": 0.0, "SoftSPL": 0.09525455304707853, "PLR": 0.6756232706240124, "nDTW": 4.759621306624086e-26, "CLS": 0.09588163088840711, "steps": 40, "path_length_cm": 1294.2509621381832, "cumulative_reward": 904.2824473333799, "ended_reason": "max_steps", "metrics": {"SR": 0.0, "SPL": 0.0, "SoftSPL": 0.09525455304707853, "PLR": 0.6756232706240124, "nDTW": 4.759621306624086e-26, "CLS": 0.09588163088840711, "path_length_cm": 1294.2509621381832, "cumulative_reward": 904.2824473333799}, "token_totals": {"input": 459159, "output": 6014, "calls": 40}, "finished_at": "2026-04-22T22:01:59.926775+00:00"}