{"episode_id": "map_19_wintertown_demo02_native_on_0003", "episode_idx": 3, "agent_name": "GhostAgent_3", "SR": 0.0, "SPL": 0.0, "SoftSPL": 0.0669988242397081, "PLR": 1.4547471863956174, "nDTW": 5.7008474011806796e-55, "CLS": 0.02753513970208505, "steps": 40, "path_length_cm": 11230.328234593158, "cumulative_reward": -1029.7726528091473, "ended_reason": "max_steps", "metrics": {"SR": 0.0, "SPL": 0.0, "SoftSPL": 0.0669988242397081, "PLR": 1.4547471863956174, "nDTW": 5.7008474011806796e-55, "CLS": 0.02753513970208505, "path_length_cm": 11230.328234593158, "cumulative_reward": -1029.7726528091473}, "token_totals": {"input": 134287, "output": 8607, "calls": 40}, "finished_at": "2026-04-22T23:37:15.217908+00:00"}