{"episode_id": "map_19_wintertown_demo02_native_pn_0006", "episode_idx": 6, "agent_name": "GhostAgent_6", "SR": 0.0, "SPL": 0.0, "SoftSPL": 0.21951860959541306, "PLR": 1.74123457098202, "nDTW": 9.035090884778524e-62, "CLS": 0.06544657559195576, "steps": 40, "path_length_cm": 10986.423999685316, "cumulative_reward": 2402.422092368316, "ended_reason": "max_steps", "metrics": {"SR": 0.0, "SPL": 0.0, "SoftSPL": 0.21951860959541306, "PLR": 1.74123457098202, "nDTW": 9.035090884778524e-62, "CLS": 0.06544657559195576, "path_length_cm": 10986.423999685316, "cumulative_reward": 2402.422092368316}, "token_totals": {"input": 130017, "output": 7366, "calls": 40}, "finished_at": "2026-04-22T23:11:42.267660+00:00"}