{"episode_id": "map_59_B10_market_plaza_pn_0018", "episode_idx": 4, "agent_name": "GhostAgent_4", "SR": 0.0, "SPL": 0.0, "SoftSPL": 0.9155862882802022, "PLR": 0.9460743395380773, "nDTW": 1.501395050603313e-24, "CLS": 0.29941055558579466, "steps": 40, "path_length_cm": 6332.198544192492, "cumulative_reward": 5577.063312105694, "ended_reason": "max_steps", "metrics": {"SR": 0.0, "SPL": 0.0, "SoftSPL": 0.9155862882802022, "PLR": 0.9460743395380773, "nDTW": 1.501395050603313e-24, "CLS": 0.29941055558579466, "path_length_cm": 6332.198544192492, "cumulative_reward": 5577.063312105694}, "token_totals": {"input": 111063, "output": 3991, "calls": 40}, "finished_at": "2026-04-23T19:32:42.154306+00:00"}