{"episode_id": "map_67_B12_construction_site_pn_0003", "episode_idx": 3, "agent_name": "GhostAgent_3", "SR": 0.0, "SPL": 0.0, "SoftSPL": 0.18064453966053254, "PLR": 1.3709659538324943, "nDTW": 7.339132094388873e-31, "CLS": 0.08112531927293695, "steps": 20, "path_length_cm": 6007.655067651221, "cumulative_reward": 1081.7791348409207, "ended_reason": "no_tool_call", "metrics": {"SR": 0.0, "SPL": 0.0, "SoftSPL": 0.18064453966053254, "PLR": 1.3709659538324943, "nDTW": 7.339132094388873e-31, "CLS": 0.08112531927293695, "path_length_cm": 6007.655067651221, "cumulative_reward": 1081.7791348409207}, "token_totals": {"input": 57816, "output": 3260, "calls": 20}, "finished_at": "2026-04-23T05:13:06.559139+00:00"}