{"episode_id": "map_36_dungeon_native_pn_0015", "episode_idx": 5, "agent_name": "GhostAgent_5", "SR": 0.0, "SPL": 0.0, "SoftSPL": 0.0, "PLR": 1.1545393327755105, "nDTW": 6.252920389494225e-05, "CLS": 0.8119213383000207, "steps": 40, "path_length_cm": 1858.6582356553108, "cumulative_reward": 1541.875931998909, "ended_reason": "max_steps", "metrics": {"SR": 0.0, "SPL": 0.0, "SoftSPL": 0.0, "PLR": 1.1545393327755105, "nDTW": 6.252920389494225e-05, "CLS": 0.8119213383000207, "path_length_cm": 1858.6582356553108, "cumulative_reward": 1541.875931998909}, "token_totals": {"input": 109831, "output": 4061, "calls": 40}, "finished_at": "2026-04-23T01:02:13.510439+00:00"}