{"episode_id": "map_28_village_night_native_on_0014", "episode_idx": 4, "agent_name": "GhostAgent_4", "SR": 0.0, "SPL": 0.0, "SoftSPL": 0.3633968002416019, "PLR": 1.4935880279779192, "nDTW": 2.4582594730647228e-82, "CLS": 0.1677018105290722, "steps": 40, "path_length_cm": 4543.435037587711, "cumulative_reward": 1650.6666239693843, "ended_reason": "max_steps", "metrics": {"SR": 0.0, "SPL": 0.0, "SoftSPL": 0.3633968002416019, "PLR": 1.4935880279779192, "nDTW": 2.4582594730647228e-82, "CLS": 0.1677018105290722, "path_length_cm": 4543.435037587711, "cumulative_reward": 1650.6666239693843}, "token_totals": {"input": 124751, "output": 6012, "calls": 40}, "finished_at": "2026-04-23T00:53:39.823819+00:00"}