{"episode_id": "map_50_B9_sparse_wilderness_pn_0006", "episode_idx": 6, "agent_name": "GhostAgent_6", "SR": 0.0, "SPL": 0.0, "SoftSPL": 0.0, "PLR": 0.3609590705157622, "nDTW": 4.9182572245594456e-61, "CLS": 0.30782191165143336, "steps": 40, "path_length_cm": 2005.716, "cumulative_reward": -227.15929766839423, "ended_reason": "max_steps", "metrics": {"SR": 0.0, "SPL": 0.0, "SoftSPL": 0.0, "PLR": 0.3609590705157622, "nDTW": 4.9182572245594456e-61, "CLS": 0.30782191165143336, "path_length_cm": 2005.716, "cumulative_reward": -227.15929766839423}, "token_totals": {"input": 134954, "output": 9213, "calls": 40}, "finished_at": "2026-04-23T19:10:54.944450+00:00"}