{"episode_id": "map_68_B13_suburban_park_obj_on_0010", "episode_idx": 0, "agent_name": "GhostAgent_0", "SR": 0.0, "SPL": 0.0, "SoftSPL": 0.5336196962496627, "PLR": 1.2066631627456672, "nDTW": 6.015775444211798e-20, "CLS": 0.01937887217947876, "steps": 40, "path_length_cm": 5929.023916572228, "cumulative_reward": 3058.028266270981, "ended_reason": "max_steps", "metrics": {"SR": 0.0, "SPL": 0.0, "SoftSPL": 0.5336196962496627, "PLR": 1.2066631627456672, "nDTW": 6.015775444211798e-20, "CLS": 0.01937887217947876, "path_length_cm": 5929.023916572228, "cumulative_reward": 3058.028266270981}, "token_totals": {"input": 121829, "output": 6043, "calls": 40}, "finished_at": "2026-04-23T04:48:21.618472+00:00"}