{"episode_id": "map_57_gothic_day_invasion_obj_on_0006", "episode_idx": 5, "agent_name": "GhostAgent_5", "SR": 0.0, "SPL": 0.0, "SoftSPL": 0.04392109471288552, "PLR": 0.023248324032579298, "nDTW": 4.8264763212415234e-05, "CLS": 0.11346335933627734, "steps": 4, "path_length_cm": 76.15500000000065, "cumulative_reward": 3.393144199791296, "ended_reason": "no_tool_call", "metrics": {"SR": 0.0, "SPL": 0.0, "SoftSPL": 0.04392109471288552, "PLR": 0.023248324032579298, "nDTW": 4.8264763212415234e-05, "CLS": 0.11346335933627734, "path_length_cm": 76.15500000000065, "cumulative_reward": 3.393144199791296}, "token_totals": {"input": 6563, "output": 1024, "calls": 4}, "finished_at": "2026-04-23T19:09:34.952351+00:00"}