{"episode_id": "map_61_containeryard_day_big_remix_obj_pn_0012", "episode_idx": 6, "agent_name": "GhostAgent_6", "SR": 0.0, "SPL": 0.0, "SoftSPL": 0.0, "PLR": 0.0, "nDTW": 0.02801321429091395, "CLS": 0.25019618504372715, "steps": 40, "path_length_cm": 0.0, "cumulative_reward": -0.4000000000000002, "ended_reason": "max_steps", "metrics": {"SR": 0.0, "SPL": 0.0, "SoftSPL": 0.0, "PLR": 0.0, "nDTW": 0.02801321429091395, "CLS": 0.25019618504372715, "path_length_cm": 0.0, "cumulative_reward": -0.4000000000000002}, "token_totals": {"input": 31096, "output": 1445, "calls": 40}, "finished_at": "2026-04-23T16:30:51.500283+00:00"}