{"episode_id": "map_08_cave_remix_pn_0007", "episode_idx": 7, "agent_name": "GhostAgent_7", "SR": 0.0, "SPL": 0.0, "SoftSPL": 0.13073344943705534, "PLR": 2.4450045772073938e-05, "nDTW": 0.00411342001981908, "CLS": 0.06999588476006102, "steps": 40, "path_length_cm": 0.0590084739676964, "cumulative_reward": -0.389515573879544, "ended_reason": "max_steps", "metrics": {"SR": 0.0, "SPL": 0.0, "SoftSPL": 0.13073344943705534, "PLR": 2.4450045772073938e-05, "nDTW": 0.00411342001981908, "CLS": 0.06999588476006102, "path_length_cm": 0.0590084739676964, "cumulative_reward": -0.389515573879544}, "token_totals": {"input": 35768, "output": 2776, "calls": 40}, "finished_at": "2026-04-23T14:46:04.376991+00:00"}