{"episode_id": "map_28_village_night_native_obj_on_0015", "episode_idx": 7, "agent_name": "GhostAgent_7", "SR": 0.0, "SPL": 0.0, "SoftSPL": 0.0, "PLR": 0.1691650105686666, "nDTW": 4.513638564460975e-14, "CLS": 0.30098873929811115, "steps": 40, "path_length_cm": 268.13500000186497, "cumulative_reward": -249.7225761362697, "ended_reason": "max_steps", "metrics": {"SR": 0.0, "SPL": 0.0, "SoftSPL": 0.0, "PLR": 0.1691650105686666, "nDTW": 4.513638564460975e-14, "CLS": 0.30098873929811115, "path_length_cm": 268.13500000186497, "cumulative_reward": -249.7225761362697}, "token_totals": {"input": 106710, "output": 3448, "calls": 40}, "finished_at": "2026-04-23T01:07:42.489604+00:00"}