{"episode_id": "map_62_trainstation_cross_remix_on_0013", "episode_idx": 3, "agent_name": "GhostAgent_3", "SR": 0.0, "SPL": 0.0, "SoftSPL": 0.07966709286846063, "PLR": 0.03519206691864817, "nDTW": 2.4818020566582297e-06, "CLS": 0.13451675618325892, "steps": 40, "path_length_cm": 105.68600000473069, "cumulative_reward": 1.133731901005012, "ended_reason": "max_steps", "metrics": {"SR": 0.0, "SPL": 0.0, "SoftSPL": 0.07966709286846063, "PLR": 0.03519206691864817, "nDTW": 2.4818020566582297e-06, "CLS": 0.13451675618325892, "path_length_cm": 105.68600000473069, "cumulative_reward": 1.133731901005012}, "token_totals": {"input": 113614, "output": 4246, "calls": 40}, "finished_at": "2026-04-23T03:15:10.648433+00:00"}