{"episode_id": "map_20_trainstation_native_obj_pn_0010", "episode_idx": 9, "agent_name": "GhostAgent_9", "SR": 0.0, "SPL": 0.0, "SoftSPL": 0.05867524109436972, "PLR": 0.06316903269945423, "nDTW": 4.20676911404038e-09, "CLS": 0.26685710520476397, "steps": 5, "path_length_cm": 406.259, "cumulative_reward": -78.6760933749784, "ended_reason": "no_tool_call", "metrics": {"SR": 0.0, "SPL": 0.0, "SoftSPL": 0.05867524109436972, "PLR": 0.06316903269945423, "nDTW": 4.20676911404038e-09, "CLS": 0.26685710520476397, "path_length_cm": 406.259, "cumulative_reward": -78.6760933749784}, "token_totals": {"input": 9416, "output": 1200, "calls": 5}, "finished_at": "2026-04-23T18:51:29.202270+00:00"}