{"episode_id": "map_46_B8_dense_urban_on_0018", "episode_idx": 8, "agent_name": "GhostAgent_8", "SR": 0.0, "SPL": 0.0, "SoftSPL": 0.013084850256066649, "PLR": 0.0, "nDTW": 1.454500763046844e-06, "CLS": 0.12519517558272866, "steps": 40, "path_length_cm": 0.0, "cumulative_reward": -0.4000000000000002, "ended_reason": "max_steps", "metrics": {"SR": 0.0, "SPL": 0.0, "SoftSPL": 0.013084850256066649, "PLR": 0.0, "nDTW": 1.454500763046844e-06, "CLS": 0.12519517558272866, "path_length_cm": 0.0, "cumulative_reward": -0.4000000000000002}, "token_totals": {"input": 36801, "output": 2872, "calls": 40}, "finished_at": "2026-04-23T16:16:03.609610+00:00"}