{"episode_id": "map_40_B2_open_plaza_obj_on_0008", "episode_idx": 3, "agent_name": "GhostAgent_3", "SR": 0.0, "SPL": 0.0, "SoftSPL": 0.3042342378739811, "PLR": 0.2832309727218974, "nDTW": 2.406042956312913e-07, "CLS": 0.2876770611490615, "steps": 40, "path_length_cm": 902.5608115339614, "cumulative_reward": 894.9996986789215, "ended_reason": "max_steps", "metrics": {"SR": 0.0, "SPL": 0.0, "SoftSPL": 0.3042342378739811, "PLR": 0.2832309727218974, "nDTW": 2.406042956312913e-07, "CLS": 0.2876770611490615, "path_length_cm": 902.5608115339614, "cumulative_reward": 894.9996986789215}, "token_totals": {"input": 112964, "output": 5145, "calls": 40}, "finished_at": "2026-04-23T14:01:28.622055+00:00"}