{
  "map": "map_10_B1_urban_grid",
  "n": 34,
  "SR": 0.14705882352941177,
  "SPL": 0.12332421009662413,
  "SoftSPL": 0.34564383191941617,
  "nDTW": 0.027499695664755654,
  "avg_steps": 34.26470588235294
}