{"episode_id": "map_21_hwaseong_remix2_on_0015", "episode_idx": 5, "agent_name": "GhostAgent_5", "SR": 0.0, "SPL": 0.0, "SoftSPL": 0.030780700681018014, "PLR": 0.0, "nDTW": 6.035275617018843e-06, "CLS": 0.1672771676208735, "steps": 40, "path_length_cm": 0.0, "cumulative_reward": -0.4000000000000002, "ended_reason": "max_steps", "metrics": {"SR": 0.0, "SPL": 0.0, "SoftSPL": 0.030780700681018014, "PLR": 0.0, "nDTW": 6.035275617018843e-06, "CLS": 0.1672771676208735, "path_length_cm": 0.0, "cumulative_reward": -0.4000000000000002}, "token_totals": {"input": 34643, "output": 2222, "calls": 40}, "finished_at": "2026-04-23T18:05:53.277578+00:00"}