{"episode_id": "map_05_middleeast_native_on_0018", "episode_idx": 1, "agent_name": "GhostAgent_1", "SR": 0.0, "SPL": 0.0, "SoftSPL": 0.013314903740602846, "PLR": 2.609787650155596, "nDTW": 1.2501247327929175e-166, "CLS": 0.09579323513278416, "steps": 40, "path_length_cm": 11592.23307809063, "cumulative_reward": 153.95392312215222, "ended_reason": "max_steps", "metrics": {"SR": 0.0, "SPL": 0.0, "SoftSPL": 0.013314903740602846, "PLR": 2.609787650155596, "nDTW": 1.2501247327929175e-166, "CLS": 0.09579323513278416, "path_length_cm": 11592.23307809063, "cumulative_reward": 153.95392312215222}, "token_totals": {"input": 135343, "output": 8756, "calls": 40}, "finished_at": "2026-04-22T22:33:45.972483+00:00"}