{"episode_id": "map_42_B4_industrial_yard_obj_pn_0011", "episode_idx": 1, "agent_name": "GhostAgent_1", "SR": 0.0, "SPL": 0.0, "SoftSPL": 0.14112862269159462, "PLR": 0.2350397521525429, "nDTW": 1.7036342667440097e-41, "CLS": 0.2358844411915129, "steps": 40, "path_length_cm": 1838.2623543676887, "cumulative_reward": 1013.0766021108884, "ended_reason": "max_steps", "metrics": {"SR": 0.0, "SPL": 0.0, "SoftSPL": 0.14112862269159462, "PLR": 0.2350397521525429, "nDTW": 1.7036342667440097e-41, "CLS": 0.2358844411915129, "path_length_cm": 1838.2623543676887, "cumulative_reward": 1013.0766021108884}, "token_totals": {"input": 33383, "output": 2065, "calls": 40}, "finished_at": "2026-04-23T16:18:16.960093+00:00"}