{"episode_id": "map_26_courtyard_overcast_native_pn_0001", "episode_idx": 0, "agent_name": "GhostAgent_0", "SR": 0.0, "SPL": 0.0, "SoftSPL": 0.0, "PLR": 22.276714135464314, "nDTW": 1.5562601866566065e-167, "CLS": 0.004988515431832661, "steps": 11, "path_length_cm": 48561.00914389866, "cumulative_reward": -45020.41403228136, "ended_reason": "step_error", "metrics": {"SR": 0.0, "SPL": 0.0, "SoftSPL": 0.0, "PLR": 22.276714135464314, "nDTW": 1.5562601866566065e-167, "CLS": 0.004988515431832661, "path_length_cm": 48561.00914389866, "cumulative_reward": -45020.41403228136}, "token_totals": {"input": 27959, "output": 1575, "calls": 11}, "finished_at": "2026-04-23T18:33:26.075740+00:00"}