{"episode_id": "map_30_gothic_day_native_pn_0012", "episode_idx": 2, "agent_name": "GhostAgent_2", "SR": 0.0, "SPL": 0.0, "SoftSPL": 0.9336223562143536, "PLR": 0.0, "nDTW": 9.256084284285261e-05, "CLS": 0.08337824184903649, "steps": 0, "path_length_cm": 0.0, "cumulative_reward": 0.0, "ended_reason": "reset_error", "metrics": {"SR": 0.0, "SPL": 0.0, "SoftSPL": 0.9336223562143536, "PLR": 0.0, "nDTW": 9.256084284285261e-05, "CLS": 0.08337824184903649, "path_length_cm": 0.0, "cumulative_reward": 0.0}, "token_totals": {"input": 0, "output": 0, "calls": 0}, "finished_at": "2026-04-23T18:43:18.468017+00:00"}