{"episode_id": "map_33_gothic_night_remix_pn_0012", "episode_idx": 1, "agent_name": "GhostAgent_1", "SR": 0.0, "SPL": 0.0, "SoftSPL": 0.0, "PLR": 0.0, "nDTW": 6.703932875981002e-07, "CLS": 0.11010416897571139, "steps": 40, "path_length_cm": 0.0, "cumulative_reward": -0.4000000000000002, "ended_reason": "max_steps", "metrics": {"SR": 0.0, "SPL": 0.0, "SoftSPL": 0.0, "PLR": 0.0, "nDTW": 6.703932875981002e-07, "CLS": 0.11010416897571139, "path_length_cm": 0.0, "cumulative_reward": -0.4000000000000002}, "token_totals": {"input": 37808, "output": 3260, "calls": 40}, "finished_at": "2026-04-23T18:22:00.554289+00:00"}