{"episode_id": "map_03_watertown_remix_pn_0002", "episode_idx": 2, "agent_name": "GhostAgent_2", "SR": 1.0, "SPL": 1.0, "SoftSPL": 0.920218461916023, "PLR": 0.9592053143279131, "nDTW": 1.2529861111607914e-06, "CLS": 0.5674987669553282, "steps": 13, "path_length_cm": 1787.0378688054752, "cumulative_reward": 1716.7719624248716, "ended_reason": "success", "metrics": {"SR": 1.0, "SPL": 1.0, "SoftSPL": 0.920218461916023, "PLR": 0.9592053143279131, "nDTW": 1.2529861111607914e-06, "CLS": 0.5674987669553282, "path_length_cm": 1787.0378688054752, "cumulative_reward": 1716.7719624248716}, "token_totals": {"input": 22599, "output": 3494, "calls": 13}, "finished_at": "2026-04-22T15:16:36.603542+00:00"}