{"episode_id": "map_30_gothic_day_native_on_0014", "episode_idx": 4, "agent_name": "GhostAgent_4", "SR": 0.0, "SPL": 0.0, "SoftSPL": 0.7644910290858369, "PLR": 0.0, "nDTW": 0.00903622909514902, "CLS": 0.1496625702920063, "steps": 0, "path_length_cm": 0.0, "cumulative_reward": 0.0, "ended_reason": "reset_error", "metrics": {"SR": 0.0, "SPL": 0.0, "SoftSPL": 0.7644910290858369, "PLR": 0.0, "nDTW": 0.00903622909514902, "CLS": 0.1496625702920063, "path_length_cm": 0.0, "cumulative_reward": 0.0}, "token_totals": {"input": 0, "output": 0, "calls": 0}, "finished_at": "2026-04-23T17:43:57.678902+00:00"}