{"episode_id": "map_11_wintertown_demo01_remix_obj_pn_0005", "episode_idx": 6, "agent_name": "GhostAgent_6", "SR": 0.0, "SPL": 0.0, "SoftSPL": 0.04415899947949642, "PLR": 0.04983373926743625, "nDTW": 1.1323756089231433e-09, "CLS": 0.1802039606931006, "steps": 40, "path_length_cm": 189.23664814459173, "cumulative_reward": -77.33893536035487, "ended_reason": "max_steps", "metrics": {"SR": 0.0, "SPL": 0.0, "SoftSPL": 0.04415899947949642, "PLR": 0.04983373926743625, "nDTW": 1.1323756089231433e-09, "CLS": 0.1802039606931006, "path_length_cm": 189.23664814459173, "cumulative_reward": -77.33893536035487}, "token_totals": {"input": 105268, "output": 3250, "calls": 40}, "finished_at": "2026-04-23T15:11:24.671218+00:00"}