{"episode_id": "map_03_watertown_remix_obj_pn_0011", "episode_idx": 2, "agent_name": "GhostAgent_2", "SR": 0.0, "SPL": 0.0, "SoftSPL": 0.341898460875242, "PLR": 0.2125321735636656, "nDTW": 1.67957928661534e-09, "CLS": 0.08803544295121625, "steps": 40, "path_length_cm": 1464.8525024267376, "cumulative_reward": 373.422589685194, "ended_reason": "max_steps", "metrics": {"SR": 0.0, "SPL": 0.0, "SoftSPL": 0.341898460875242, "PLR": 0.2125321735636656, "nDTW": 1.67957928661534e-09, "CLS": 0.08803544295121625, "path_length_cm": 1464.8525024267376, "cumulative_reward": 373.422589685194}, "token_totals": {"input": 111802, "output": 4153, "calls": 40}, "finished_at": "2026-04-22T22:42:08.279123+00:00"}