{"episode_id": "map_42_B4_industrial_yard_obj_on_0017", "episode_idx": 7, "agent_name": "GhostAgent_7", "SR": 0.0, "SPL": 0.0, "SoftSPL": 9.578088731032608e-07, "PLR": 0.0, "nDTW": 0.003959471581096651, "CLS": 0.2500039193538004, "steps": 40, "path_length_cm": 0.0, "cumulative_reward": -0.4000000000000002, "ended_reason": "max_steps", "metrics": {"SR": 0.0, "SPL": 0.0, "SoftSPL": 9.578088731032608e-07, "PLR": 0.0, "nDTW": 0.003959471581096651, "CLS": 0.2500039193538004, "path_length_cm": 0.0, "cumulative_reward": -0.4000000000000002}, "token_totals": {"input": 34590, "output": 2181, "calls": 40}, "finished_at": "2026-04-23T16:26:58.443045+00:00"}