{"episode_id": "map_22_containeryard_demo_native_pn_0007", "episode_idx": 7, "agent_name": "GhostAgent_7", "SR": 0.0, "SPL": 0.0, "SoftSPL": 0.673226632745571, "PLR": 1.3380084810366109, "nDTW": 2.072783426905763e-26, "CLS": 0.4820088628598942, "steps": 40, "path_length_cm": 10261.039860136854, "cumulative_reward": 7612.471824948986, "ended_reason": "max_steps", "metrics": {"SR": 0.0, "SPL": 0.0, "SoftSPL": 0.673226632745571, "PLR": 1.3380084810366109, "nDTW": 2.072783426905763e-26, "CLS": 0.4820088628598942, "path_length_cm": 10261.039860136854, "cumulative_reward": 7612.471824948986}, "token_totals": {"input": 114650, "output": 4997, "calls": 40}, "finished_at": "2026-04-22T23:47:20.263145+00:00"}