{"episode_id": "map_36_dungeon_native_pn_0003", "episode_idx": 3, "agent_name": "GhostAgent_3", "SR": 0.0, "SPL": 0.0, "SoftSPL": 0.3487980693061823, "PLR": 0.9260683578169101, "nDTW": 4.858874288730853e-39, "CLS": 0.2764621651753602, "steps": 40, "path_length_cm": 2089.8862451361556, "cumulative_reward": 1987.0246100270247, "ended_reason": "max_steps", "metrics": {"SR": 0.0, "SPL": 0.0, "SoftSPL": 0.3487980693061823, "PLR": 0.9260683578169101, "nDTW": 4.858874288730853e-39, "CLS": 0.2764621651753602, "path_length_cm": 2089.8862451361556, "cumulative_reward": 1987.0246100270247}, "token_totals": {"input": 110646, "output": 4698, "calls": 40}, "finished_at": "2026-04-23T00:46:42.819553+00:00"}