{"episode_id": "map_16_hwaseong_remix_on_0013", "episode_idx": 3, "agent_name": "GhostAgent_3", "SR": 0.0, "SPL": 0.0, "SoftSPL": 0.23083402835136807, "PLR": 1.9004979769939427, "nDTW": 3.7019534707793186e-26, "CLS": 0.03181763038508021, "steps": 40, "path_length_cm": 10155.558004804143, "cumulative_reward": 1868.1969044151367, "ended_reason": "max_steps", "metrics": {"SR": 0.0, "SPL": 0.0, "SoftSPL": 0.23083402835136807, "PLR": 1.9004979769939427, "nDTW": 3.7019534707793186e-26, "CLS": 0.03181763038508021, "path_length_cm": 10155.558004804143, "cumulative_reward": 1868.1969044151367}, "token_totals": {"input": 120335, "output": 4862, "calls": 40}, "finished_at": "2026-04-23T00:15:17.715626+00:00"}