{"episode_id": "map_57_gothic_day_invasion_obj_on_0000", "episode_idx": 0, "agent_name": "GhostAgent_0", "SR": 0.0, "SPL": 0.0, "SoftSPL": 0.01933774388194731, "PLR": 0.0, "nDTW": 0.031076346588800607, "CLS": 0.1493994901929115, "steps": 40, "path_length_cm": 0.0, "cumulative_reward": -0.4000000000000002, "ended_reason": "max_steps", "metrics": {"SR": 0.0, "SPL": 0.0, "SoftSPL": 0.01933774388194731, "PLR": 0.0, "nDTW": 0.031076346588800607, "CLS": 0.1493994901929115, "path_length_cm": 0.0, "cumulative_reward": -0.4000000000000002}, "token_totals": {"input": 106200, "output": 2274, "calls": 40}, "finished_at": "2026-04-23T15:22:49.188215+00:00"}