{"episode_id": "map_67_B12_construction_site_obj_on_0002", "episode_idx": 2, "agent_name": "GhostAgent_2", "SR": 0.0, "SPL": 0.0, "SoftSPL": 0.05299341275093379, "PLR": 3.5654363800196034, "nDTW": 8.443255834184689e-36, "CLS": 0.018932949350737426, "steps": 40, "path_length_cm": 11313.307905621203, "cumulative_reward": 565.5328174942656, "ended_reason": "max_steps", "metrics": {"SR": 0.0, "SPL": 0.0, "SoftSPL": 0.05299341275093379, "PLR": 3.5654363800196034, "nDTW": 8.443255834184689e-36, "CLS": 0.018932949350737426, "path_length_cm": 11313.307905621203, "cumulative_reward": 565.5328174942656}, "token_totals": {"input": 119132, "output": 4152, "calls": 40}, "finished_at": "2026-04-23T15:47:09.093138+00:00"}