{"episode_id": "map_49_courtyard_sunny_packed_obj_on_0008", "episode_idx": 8, "agent_name": "GhostAgent_8", "SR": 0.0, "SPL": 0.0, "SoftSPL": 0.44390290775647645, "PLR": 0.19587167795926527, "nDTW": 0.017579529537300596, "CLS": 0.2286976929626563, "steps": 18, "path_length_cm": 395.78418863483023, "cumulative_reward": 91.46903857236269, "ended_reason": "success", "metrics": {"SR": 0.0, "SPL": 0.0, "SoftSPL": 0.44390290775647645, "PLR": 0.19587167795926527, "nDTW": 0.017579529537300596, "CLS": 0.2286976929626563, "path_length_cm": 395.78418863483023, "cumulative_reward": 91.46903857236269}, "token_totals": {"input": 46022, "output": 2106, "calls": 18}, "finished_at": "2026-04-23T18:41:59.670046+00:00"}