{"episode_id": "map_05_middleeast_native_obj_pn_0000", "episode_idx": 2, "agent_name": "GhostAgent_2", "SR": 0.0, "SPL": 0.0, "SoftSPL": 0.0, "PLR": 0.0, "nDTW": 0.010661963745406082, "CLS": 0.13035032944418257, "steps": 40, "path_length_cm": 0.0, "cumulative_reward": -0.4000000000000002, "ended_reason": "max_steps", "metrics": {"SR": 0.0, "SPL": 0.0, "SoftSPL": 0.0, "PLR": 0.0, "nDTW": 0.010661963745406082, "CLS": 0.13035032944418257, "path_length_cm": 0.0, "cumulative_reward": -0.4000000000000002}, "token_totals": {"input": 500235, "output": 8900, "calls": 40}, "finished_at": "2026-04-22T20:23:45.534614+00:00"}