{"episode_id": "map_05_middleeast_native_on_0005", "episode_idx": 4, "agent_name": "GhostAgent_4", "SR": 0.0, "SPL": 0.0, "SoftSPL": 0.04601690137320392, "PLR": 0.41908451476412234, "nDTW": 1.965936144619944e-26, "CLS": 0.048699066441771514, "steps": 40, "path_length_cm": 2598.9610000000002, "cumulative_reward": 140.77519633900278, "ended_reason": "max_steps", "metrics": {"SR": 0.0, "SPL": 0.0, "SoftSPL": 0.04601690137320392, "PLR": 0.41908451476412234, "nDTW": 1.965936144619944e-26, "CLS": 0.048699066441771514, "path_length_cm": 2598.9610000000002, "cumulative_reward": 140.77519633900278}, "token_totals": {"input": 496381, "output": 7203, "calls": 40}, "finished_at": "2026-04-22T20:03:10.002616+00:00"}