{"episode_id": "map_40_B2_open_plaza_pn_0011", "episode_idx": 1, "agent_name": "GhostAgent_1", "SR": 0.0, "SPL": 0.0, "SoftSPL": 0.19975212662181968, "PLR": 1.297801522093573, "nDTW": 2.9040665325806054e-74, "CLS": 0.04815836626465317, "steps": 40, "path_length_cm": 7333.707687152909, "cumulative_reward": 1445.55863862161, "ended_reason": "max_steps", "metrics": {"SR": 0.0, "SPL": 0.0, "SoftSPL": 0.19975212662181968, "PLR": 1.297801522093573, "nDTW": 2.9040665325806054e-74, "CLS": 0.04815836626465317, "path_length_cm": 7333.707687152909, "cumulative_reward": 1445.55863862161}, "token_totals": {"input": 124423, "output": 6378, "calls": 40}, "finished_at": "2026-04-23T16:18:24.668662+00:00"}