{"episode_id": "map_20_trainstation_native_obj_pn_0013", "episode_idx": 2, "agent_name": "GhostAgent_2", "SR": 0.0, "SPL": 0.0, "SoftSPL": 0.0, "PLR": 2.2223900864115476, "nDTW": 6.068675541494005e-97, "CLS": 0.11365693691234638, "steps": 40, "path_length_cm": 2340.3990000000003, "cumulative_reward": 1518.1494768343525, "ended_reason": "max_steps", "metrics": {"SR": 0.0, "SPL": 0.0, "SoftSPL": 0.0, "PLR": 2.2223900864115476, "nDTW": 6.068675541494005e-97, "CLS": 0.11365693691234638, "path_length_cm": 2340.3990000000003, "cumulative_reward": 1518.1494768343525}, "token_totals": {"input": 115347, "output": 4152, "calls": 40}, "finished_at": "2026-04-23T19:08:33.164399+00:00"}