{
  "map": "map_05_middleeast_native",
  "n": 40,
  "SR": 0.05,
  "SPL": 0.04661031497364973,
  "SoftSPL": 0.33785160758090804,
  "nDTW": 5.210524855848039e-05,
  "avg_steps": 35.05
}