{"episode_id": "map_45_B7_park_with_paths_pn_0002", "episode_idx": 2, "agent_name": "GhostAgent_2", "SR": 0.0, "SPL": 0.0, "SoftSPL": 0.0, "PLR": 1.4024419375327848, "nDTW": 8.340043055108034e-140, "CLS": 0.17826051868563922, "steps": 40, "path_length_cm": 4691.589013628425, "cumulative_reward": -1604.1080604749832, "ended_reason": "max_steps", "metrics": {"SR": 0.0, "SPL": 0.0, "SoftSPL": 0.0, "PLR": 1.4024419375327848, "nDTW": 8.340043055108034e-140, "CLS": 0.17826051868563922, "path_length_cm": 4691.589013628425, "cumulative_reward": -1604.1080604749832}, "token_totals": {"input": 125108, "output": 6352, "calls": 40}, "finished_at": "2026-04-23T19:03:34.995977+00:00"}