{"episode_id": "map_40_B2_open_plaza_on_0009", "episode_idx": 9, "agent_name": "GhostAgent_9", "SR": 0.0, "SPL": 0.0, "SoftSPL": 0.0, "PLR": 4.227357065204232, "nDTW": 1.7607706985697083e-83, "CLS": 0.08896708598325528, "steps": 40, "path_length_cm": 6799.069735821226, "cumulative_reward": -2837.81886442614, "ended_reason": "max_steps", "metrics": {"SR": 0.0, "SPL": 0.0, "SoftSPL": 0.0, "PLR": 4.227357065204232, "nDTW": 1.7607706985697083e-83, "CLS": 0.08896708598325528, "path_length_cm": 6799.069735821226, "cumulative_reward": -2837.81886442614}, "token_totals": {"input": 133219, "output": 8653, "calls": 40}, "finished_at": "2026-04-23T01:22:53.459391+00:00"}