{"episode_id": "map_15_middleeast_remix_obj_on_0004", "episode_idx": 4, "agent_name": "GhostAgent_4", "SR": 0.0, "SPL": 0.0, "SoftSPL": 0.2808849800457357, "PLR": 0.25388625796670844, "nDTW": 1.2339467940741452e-09, "CLS": 0.09896858963081107, "steps": 40, "path_length_cm": 2002.929, "cumulative_reward": 1997.4404827715398, "ended_reason": "max_steps", "metrics": {"SR": 0.0, "SPL": 0.0, "SoftSPL": 0.2808849800457357, "PLR": 0.25388625796670844, "nDTW": 1.2339467940741452e-09, "CLS": 0.09896858963081107, "path_length_cm": 2002.929, "cumulative_reward": 1997.4404827715398}, "token_totals": {"input": 34883, "output": 2356, "calls": 40}, "finished_at": "2026-04-23T15:06:48.279080+00:00"}