{"episode_id": "map_36_dungeon_native_obj_on_0016", "episode_idx": 6, "agent_name": "GhostAgent_6", "SR": 0.0, "SPL": 0.0, "SoftSPL": 0.6910650565026261, "PLR": 1.2295084197812274, "nDTW": 7.049918780171274e-05, "CLS": 0.1951116661037098, "steps": 14, "path_length_cm": 2783.2996852797532, "cumulative_reward": 1916.07899757422, "ended_reason": "success", "metrics": {"SR": 0.0, "SPL": 0.0, "SoftSPL": 0.6910650565026261, "PLR": 1.2295084197812274, "nDTW": 7.049918780171274e-05, "CLS": 0.1951116661037098, "path_length_cm": 2783.2996852797532, "cumulative_reward": 1916.07899757422}, "token_totals": {"input": 33419, "output": 1052, "calls": 14}, "finished_at": "2026-04-23T01:44:19.021744+00:00"}