{"episode_id": "map_06_hwaseong_native_obj_on_0004", "episode_idx": 9, "agent_name": "GhostAgent_9", "SR": 0.0, "SPL": 0.0, "SoftSPL": 0.0, "PLR": 0.25612217432907675, "nDTW": 4.728942688158307e-24, "CLS": 0.0634854282084169, "steps": 40, "path_length_cm": 1928.387391293255, "cumulative_reward": -1054.7193178699508, "ended_reason": "max_steps", "metrics": {"SR": 0.0, "SPL": 0.0, "SoftSPL": 0.0, "PLR": 0.25612217432907675, "nDTW": 4.728942688158307e-24, "CLS": 0.0634854282084169, "path_length_cm": 1928.387391293255, "cumulative_reward": -1054.7193178699508}, "token_totals": {"input": 111991, "output": 4203, "calls": 40}, "finished_at": "2026-04-23T13:55:46.455993+00:00"}