{"episode_id": "map_62_trainstation_cross_remix_obj_on_0008", "episode_idx": 3, "agent_name": "GhostAgent_3", "SR": 0.0, "SPL": 0.0, "SoftSPL": 0.008569428339163188, "PLR": 0.0, "nDTW": 0.0008744131895019508, "CLS": 0.1250784749951786, "steps": 0, "path_length_cm": 0.0, "cumulative_reward": 0.0, "ended_reason": "spawn_blocked", "metrics": {"SR": 0.0, "SPL": 0.0, "SoftSPL": 0.008569428339163188, "PLR": 0.0, "nDTW": 0.0008744131895019508, "CLS": 0.1250784749951786, "path_length_cm": 0.0, "cumulative_reward": 0.0}, "token_totals": {"input": 0, "output": 0, "calls": 0}, "finished_at": "2026-04-23T19:24:19.165059+00:00"}