{"episode_id": "map_57_gothic_day_invasion_on_0005", "episode_idx": 0, "agent_name": "GhostAgent_0", "SR": 0.0, "SPL": 0.0, "SoftSPL": 0.0, "PLR": 7.890088125406108, "nDTW": 3.029481378072369e-217, "CLS": 0.009480368068935353, "steps": 34, "path_length_cm": 58285.659, "cumulative_reward": -58211.08215792848, "ended_reason": "step_error", "metrics": {"SR": 0.0, "SPL": 0.0, "SoftSPL": 0.0, "PLR": 7.890088125406108, "nDTW": 3.029481378072369e-217, "CLS": 0.009480368068935353, "path_length_cm": 58285.659, "cumulative_reward": -58211.08215792848}, "token_totals": {"input": 122004, "output": 8704, "calls": 34}, "finished_at": "2026-04-23T19:09:34.516463+00:00"}