{"episode_id": "map_59_B10_market_plaza_on_0003", "episode_idx": 3, "agent_name": "GhostAgent_3", "SR": 0.0, "SPL": 0.0, "SoftSPL": 0.46075369357607815, "PLR": 0.6552542500872914, "nDTW": 7.193627239589617e-13, "CLS": 0.04644407868227333, "steps": 40, "path_length_cm": 2203.2989684610184, "cumulative_reward": 1263.8925090613736, "ended_reason": "max_steps", "metrics": {"SR": 0.0, "SPL": 0.0, "SoftSPL": 0.46075369357607815, "PLR": 0.6552542500872914, "nDTW": 7.193627239589617e-13, "CLS": 0.04644407868227333, "path_length_cm": 2203.2989684610184, "cumulative_reward": 1263.8925090613736}, "token_totals": {"input": 127714, "output": 7689, "calls": 40}, "finished_at": "2026-04-23T02:34:34.608729+00:00"}