{"episode_id": "map_36_dungeon_native_obj_pn_0005", "episode_idx": 5, "agent_name": "GhostAgent_5", "SR": 0.0, "SPL": 0.0, "SoftSPL": 0.1250738465386128, "PLR": 1.8232132971176638, "nDTW": 1.1243424188457572e-13, "CLS": 0.4994137630973427, "steps": 40, "path_length_cm": 3511.599970913476, "cumulative_reward": 1493.4065514183958, "ended_reason": "max_steps", "metrics": {"SR": 0.0, "SPL": 0.0, "SoftSPL": 0.1250738465386128, "PLR": 1.8232132971176638, "nDTW": 1.1243424188457572e-13, "CLS": 0.4994137630973427, "path_length_cm": 3511.599970913476, "cumulative_reward": 1493.4065514183958}, "token_totals": {"input": 115100, "output": 5300, "calls": 40}, "finished_at": "2026-04-23T01:20:30.559371+00:00"}