{"episode_id": "map_04_courtyard_remix_obj_pn_0003", "episode_idx": 8, "agent_name": "GhostAgent_8", "SR": 0.0, "SPL": 0.0, "SoftSPL": 0.2999910258343812, "PLR": 0.09926932216339994, "nDTW": 1.4636055725128206e-08, "CLS": 0.1037727947729477, "steps": 40, "path_length_cm": 401.4640000000004, "cumulative_reward": -263.87583283022377, "ended_reason": "max_steps", "metrics": {"SR": 0.0, "SPL": 0.0, "SoftSPL": 0.2999910258343812, "PLR": 0.09926932216339994, "nDTW": 1.4636055725128206e-08, "CLS": 0.1037727947729477, "path_length_cm": 401.4640000000004, "cumulative_reward": -263.87583283022377}, "token_totals": {"input": 125927, "output": 7700, "calls": 40}, "finished_at": "2026-04-22T22:32:30.830164+00:00"}