{"episode_id": "map_26_courtyard_overcast_native_on_0000", "episode_idx": 0, "agent_name": "GhostAgent_0", "SR": 1.0, "SPL": 0.7809812429832412, "SoftSPL": 0.7127637082946985, "PLR": 1.280440483026375, "nDTW": 0.00046273975742911627, "CLS": 0.462412008546495, "steps": 11, "path_length_cm": 1629.5397763186859, "cumulative_reward": 1155.3699896135852, "ended_reason": "success", "metrics": {"SR": 1.0, "SPL": 0.7809812429832412, "SoftSPL": 0.7127637082946985, "PLR": 1.280440483026375, "nDTW": 0.00046273975742911627, "CLS": 0.462412008546495, "path_length_cm": 1629.5397763186859, "cumulative_reward": 1155.3699896135852}, "token_totals": {"input": 25861, "output": 1162, "calls": 11}, "finished_at": "2026-04-23T17:35:04.512360+00:00"}