{"episode_id": "map_15_middleeast_remix_pn_0008", "episode_idx": 8, "agent_name": "GhostAgent_8", "SR": 0.0, "SPL": 0.0, "SoftSPL": 0.710947443475922, "PLR": 0.29618938354800994, "nDTW": 4.2195862036432515e-06, "CLS": 0.1224356883322098, "steps": 40, "path_length_cm": 818.3919999999999, "cumulative_reward": 806.353174123632, "ended_reason": "max_steps", "metrics": {"SR": 0.0, "SPL": 0.0, "SoftSPL": 0.710947443475922, "PLR": 0.29618938354800994, "nDTW": 4.2195862036432515e-06, "CLS": 0.1224356883322098, "path_length_cm": 818.3919999999999, "cumulative_reward": 806.353174123632}, "token_totals": {"input": 41353, "output": 4283, "calls": 40}, "finished_at": "2026-04-23T14:44:17.419775+00:00"}