{
  "map": "map_45_B7_park_with_paths",
  "n": 40,
  "SR": 0.125,
  "SPL": 0.08504193640871925,
  "SoftSPL": 0.2514538473091956,
  "nDTW": 0.039847445262844,
  "avg_steps": 31.625
}