{"episode_id": "map_20_trainstation_native_obj_on_0006", "episode_idx": 6, "agent_name": "GhostAgent_6", "SR": 0.0, "SPL": 0.0, "SoftSPL": 0.1592039812457495, "PLR": 2.358941903879674, "nDTW": 3.0042377414169626e-115, "CLS": 0.10598028097245946, "steps": 40, "path_length_cm": 9702.445997752293, "cumulative_reward": 1544.266606513845, "ended_reason": "max_steps", "metrics": {"SR": 0.0, "SPL": 0.0, "SoftSPL": 0.1592039812457495, "PLR": 2.358941903879674, "nDTW": 3.0042377414169626e-115, "CLS": 0.10598028097245946, "path_length_cm": 9702.445997752293, "cumulative_reward": 1544.266606513845}, "token_totals": {"input": 123937, "output": 6208, "calls": 40}, "finished_at": "2026-04-23T17:39:38.788234+00:00"}