{"episode_id": "map_22_containeryard_demo_native_obj_pn_0008", "episode_idx": 6, "agent_name": "GhostAgent_6", "SR": 0.0, "SPL": 0.0, "SoftSPL": 0.0, "PLR": 0.5009414199620034, "nDTW": 9.641516302054477e-36, "CLS": 0.22373275911011206, "steps": 40, "path_length_cm": 1592.6129999999994, "cumulative_reward": -251.37383854908057, "ended_reason": "max_steps", "metrics": {"SR": 0.0, "SPL": 0.0, "SoftSPL": 0.0, "PLR": 0.5009414199620034, "nDTW": 9.641516302054477e-36, "CLS": 0.22373275911011206, "path_length_cm": 1592.6129999999994, "cumulative_reward": -251.37383854908057}, "token_totals": {"input": 111889, "output": 3589, "calls": 40}, "finished_at": "2026-04-23T00:19:23.157323+00:00"}