{"episode_id": "map_45_B7_park_with_paths_obj_on_0010", "episode_idx": 0, "agent_name": "GhostAgent_0", "SR": 0.0, "SPL": 0.0, "SoftSPL": 0.5192985813356572, "PLR": 0.9608580162264111, "nDTW": 3.723784629126849e-30, "CLS": 0.021249860505392678, "steps": 40, "path_length_cm": 7130.027692247759, "cumulative_reward": 3296.3924691448688, "ended_reason": "max_steps", "metrics": {"SR": 0.0, "SPL": 0.0, "SoftSPL": 0.5192985813356572, "PLR": 0.9608580162264111, "nDTW": 3.723784629126849e-30, "CLS": 0.021249860505392678, "path_length_cm": 7130.027692247759, "cumulative_reward": 3296.3924691448688}, "token_totals": {"input": 133620, "output": 8342, "calls": 40}, "finished_at": "2026-04-23T14:39:58.434715+00:00"}