{"episode_id": "map_25_containeryard_day_remix_pn_0013", "episode_idx": 2, "agent_name": "GhostAgent_2", "SR": 0.0, "SPL": 0.0, "SoftSPL": 0.0, "PLR": 0.08489549720893158, "nDTW": 1.2334505969000353e-06, "CLS": 0.2736595136534779, "steps": 40, "path_length_cm": 106.54300004223704, "cumulative_reward": -2.0252221294760147, "ended_reason": "max_steps", "metrics": {"SR": 0.0, "SPL": 0.0, "SoftSPL": 0.0, "PLR": 0.08489549720893158, "nDTW": 1.2334505969000353e-06, "CLS": 0.2736595136534779, "path_length_cm": 106.54300004223704, "cumulative_reward": -2.0252221294760147}, "token_totals": {"input": 110568, "output": 5706, "calls": 40}, "finished_at": "2026-04-23T15:52:14.460334+00:00"}