{"episode_id": "map_09b_wintertown_demo02_obj_on_0019", "episode_idx": 2, "agent_name": "GhostAgent_2", "SR": 0.0, "SPL": 0.0, "SoftSPL": 0.021168818298916703, "PLR": 0.0, "nDTW": 1.7645807955880036e-06, "CLS": 0.08333794412832768, "steps": 0, "path_length_cm": 0.0, "cumulative_reward": 0.0, "ended_reason": "spawn_blocked", "metrics": {"SR": 0.0, "SPL": 0.0, "SoftSPL": 0.021168818298916703, "PLR": 0.0, "nDTW": 1.7645807955880036e-06, "CLS": 0.08333794412832768, "path_length_cm": 0.0, "cumulative_reward": 0.0}, "token_totals": {"input": 0, "output": 0, "calls": 0}, "finished_at": "2026-04-23T16:47:32.099477+00:00"}