{"episode_id": "map_57_gothic_day_invasion_obj_on_0009", "episode_idx": 8, "agent_name": "GhostAgent_8", "SR": 0.0, "SPL": 0.0, "SoftSPL": 0.1590851707987435, "PLR": 0.4804691064520406, "nDTW": 1.3279097080044808e-11, "CLS": 0.1293054591605222, "steps": 40, "path_length_cm": 2530.145509885381, "cumulative_reward": 671.1392900267664, "ended_reason": "max_steps", "metrics": {"SR": 0.0, "SPL": 0.0, "SoftSPL": 0.1590851707987435, "PLR": 0.4804691064520406, "nDTW": 1.3279097080044808e-11, "CLS": 0.1293054591605222, "path_length_cm": 2530.145509885381, "cumulative_reward": 671.1392900267664}, "token_totals": {"input": 122622, "output": 7085, "calls": 40}, "finished_at": "2026-04-23T15:22:49.191764+00:00"}