{"episode_id": "map_26_courtyard_overcast_native_pn_0011", "episode_idx": 2, "agent_name": "GhostAgent_2", "SR": 1.0, "SPL": 0.9107973346554114, "SoftSPL": 0.8781413085967947, "PLR": 1.0979390935287896, "nDTW": 0.016485929629086803, "CLS": 0.7636621328465187, "steps": 8, "path_length_cm": 1131.2615450173882, "cumulative_reward": 995.8300827208045, "ended_reason": "success", "metrics": {"SR": 1.0, "SPL": 0.9107973346554114, "SoftSPL": 0.8781413085967947, "PLR": 1.0979390935287896, "nDTW": 0.016485929629086803, "CLS": 0.7636621328465187, "path_length_cm": 1131.2615450173882, "cumulative_reward": 995.8300827208045}, "token_totals": {"input": 17468, "output": 1152, "calls": 8}, "finished_at": "2026-04-23T18:33:26.077341+00:00"}