{"episode_id": "map_19_wintertown_demo02_native_pn_0004", "episode_idx": 4, "agent_name": "GhostAgent_4", "SR": 0.0, "SPL": 0.0, "SoftSPL": 0.0, "PLR": 1.0271621035122633, "nDTW": 9.216333997984142e-46, "CLS": 0.2452286914309307, "steps": 40, "path_length_cm": 1607.4676055125517, "cumulative_reward": 644.0262777154885, "ended_reason": "max_steps", "metrics": {"SR": 0.0, "SPL": 0.0, "SoftSPL": 0.0, "PLR": 1.0271621035122633, "nDTW": 9.216333997984142e-46, "CLS": 0.2452286914309307, "path_length_cm": 1607.4676055125517, "cumulative_reward": 644.0262777154885}, "token_totals": {"input": 123432, "output": 6682, "calls": 40}, "finished_at": "2026-04-22T23:11:42.266870+00:00"}