{"episode_id": "map_01_wintertown_native_obj_pn_0019", "episode_idx": 0, "agent_name": "GhostAgent_0", "SR": 0.0, "SPL": 0.0, "SoftSPL": 0.2157071680265343, "PLR": 1.2427948434650564, "nDTW": 4.282107240218615e-06, "CLS": 0.35812083764412156, "steps": 40, "path_length_cm": 5944.064033221541, "cumulative_reward": 4281.095450824042, "ended_reason": "max_steps", "metrics": {"SR": 0.0, "SPL": 0.0, "SoftSPL": 0.2157071680265343, "PLR": 1.2427948434650564, "nDTW": 4.282107240218615e-06, "CLS": 0.35812083764412156, "path_length_cm": 5944.064033221541, "cumulative_reward": 4281.095450824042}, "token_totals": {"input": 126272, "output": 8545, "calls": 40}, "finished_at": "2026-04-22T22:47:30.149850+00:00"}