{"episode_id": "map_57_gothic_day_invasion_obj_pn_0006", "episode_idx": 4, "agent_name": "GhostAgent_4", "SR": 0.0, "SPL": 0.0, "SoftSPL": 0.0, "PLR": 0.1703325552508409, "nDTW": 5.486351007089203e-06, "CLS": 0.17904827549011923, "steps": 40, "path_length_cm": 557.9617578862845, "cumulative_reward": 10.009122929565512, "ended_reason": "max_steps", "metrics": {"SR": 0.0, "SPL": 0.0, "SoftSPL": 0.0, "PLR": 0.1703325552508409, "nDTW": 5.486351007089203e-06, "CLS": 0.17904827549011923, "path_length_cm": 557.9617578862845, "cumulative_reward": 10.009122929565512}, "token_totals": {"input": 118525, "output": 6670, "calls": 40}, "finished_at": "2026-04-23T03:30:58.514315+00:00"}