{"episode_id": "map_19_wintertown_demo02_native_on_0015", "episode_idx": 5, "agent_name": "GhostAgent_5", "SR": 0.0, "SPL": 0.0, "SoftSPL": 0.2981330487452945, "PLR": 1.40864539442297, "nDTW": 1.030476459960063e-21, "CLS": 0.052862556727518065, "steps": 40, "path_length_cm": 3562.1683869628623, "cumulative_reward": -321.3742934450763, "ended_reason": "max_steps", "metrics": {"SR": 0.0, "SPL": 0.0, "SoftSPL": 0.2981330487452945, "PLR": 1.40864539442297, "nDTW": 1.030476459960063e-21, "CLS": 0.052862556727518065, "path_length_cm": 3562.1683869628623, "cumulative_reward": -321.3742934450763}, "token_totals": {"input": 135396, "output": 9234, "calls": 40}, "finished_at": "2026-04-22T23:58:11.527135+00:00"}