{"episode_id": "map_05_middleeast_native_pn_0015", "episode_idx": 0, "agent_name": "GhostAgent_0", "SR": 0.0, "SPL": 0.0, "SoftSPL": 0.7180792075057771, "PLR": 1.163217954576805, "nDTW": 0.0007158675546238459, "CLS": 0.3868243959273135, "steps": 40, "path_length_cm": 5084.460575993852, "cumulative_reward": 3469.531876328649, "ended_reason": "max_steps", "metrics": {"SR": 0.0, "SPL": 0.0, "SoftSPL": 0.7180792075057771, "PLR": 1.163217954576805, "nDTW": 0.0007158675546238459, "CLS": 0.3868243959273135, "path_length_cm": 5084.460575993852, "cumulative_reward": 3469.531876328649}, "token_totals": {"input": 481140, "output": 7030, "calls": 40}, "finished_at": "2026-04-22T20:54:32.753594+00:00"}