{"episode_id": "map_36_dungeon_native_obj_on_0007", "episode_idx": 8, "agent_name": "GhostAgent_8", "SR": 0.0, "SPL": 0.0, "SoftSPL": 0.7925258712003916, "PLR": 1.1420528590848373, "nDTW": 3.401933015083614e-05, "CLS": 0.17190671317484932, "steps": 13, "path_length_cm": 3209.830924686662, "cumulative_reward": 2499.281399636976, "ended_reason": "success", "metrics": {"SR": 0.0, "SPL": 0.0, "SoftSPL": 0.7925258712003916, "PLR": 1.1420528590848373, "nDTW": 3.401933015083614e-05, "CLS": 0.17190671317484932, "path_length_cm": 3209.830924686662, "cumulative_reward": 2499.281399636976}, "token_totals": {"input": 29926, "output": 957, "calls": 13}, "finished_at": "2026-04-23T18:16:24.100763+00:00"}