{"episode_id": "map_08_cave_remix_on_0009", "episode_idx": 9, "agent_name": "GhostAgent_9", "SR": 0.0, "SPL": 0.0, "SoftSPL": 0.010407388259220494, "PLR": 0.05535769808590332, "nDTW": 4.5466563078728185e-17, "CLS": 0.1394478165159608, "steps": 40, "path_length_cm": 381.0059999999999, "cumulative_reward": 15.859449270894915, "ended_reason": "max_steps", "metrics": {"SR": 0.0, "SPL": 0.0, "SoftSPL": 0.010407388259220494, "PLR": 0.05535769808590332, "nDTW": 4.5466563078728185e-17, "CLS": 0.1394478165159608, "path_length_cm": 381.0059999999999, "cumulative_reward": 15.859449270894915}, "token_totals": {"input": 42712, "output": 4281, "calls": 40}, "finished_at": "2026-04-23T14:47:31.348889+00:00"}