{"episode_id": "map_47_wintertown_demo01_minimal_obj_on_0002", "episode_idx": 2, "agent_name": "GhostAgent_2", "SR": 0.0, "SPL": 0.0, "SoftSPL": 0.13835488740618385, "PLR": 0.0010454740734576306, "nDTW": 0.000506356644563927, "CLS": 0.1118206358617193, "steps": 40, "path_length_cm": 4.648000000000138, "cumulative_reward": -4.122018324609954, "ended_reason": "max_steps", "metrics": {"SR": 0.0, "SPL": 0.0, "SoftSPL": 0.13835488740618385, "PLR": 0.0010454740734576306, "nDTW": 0.000506356644563927, "CLS": 0.1118206358617193, "path_length_cm": 4.648000000000138, "cumulative_reward": -4.122018324609954}, "token_totals": {"input": 112161, "output": 4877, "calls": 40}, "finished_at": "2026-04-23T01:57:57.553031+00:00"}