{"episode_id": "map_01_wintertown_native_on_0008", "episode_idx": 2, "agent_name": "GhostAgent_2", "SR": 0.0, "SPL": 0.0, "SoftSPL": 0.7609694519781571, "PLR": 1.1957900052317143, "nDTW": 6.305286277611017e-32, "CLS": 0.07108174371359689, "steps": 40, "path_length_cm": 6590.357455833547, "cumulative_reward": 5014.585823790332, "ended_reason": "max_steps", "metrics": {"SR": 0.0, "SPL": 0.0, "SoftSPL": 0.7609694519781571, "PLR": 1.1957900052317143, "nDTW": 6.305286277611017e-32, "CLS": 0.07108174371359689, "path_length_cm": 6590.357455833547, "cumulative_reward": 5014.585823790332}, "token_totals": {"input": 369783, "output": 24532, "calls": 40}, "finished_at": "2026-04-22T16:04:09.860813+00:00"}