{"episode_id": "map_56_containeryard_settlement_pn_0003", "episode_idx": 3, "agent_name": "GhostAgent_3", "SR": 0.0, "SPL": 0.0, "SoftSPL": 0.0, "PLR": 0.13119303680347755, "nDTW": 7.432434649362011e-26, "CLS": 0.20750169537669055, "steps": 40, "path_length_cm": 799.1072826129259, "cumulative_reward": 290.7215992801075, "ended_reason": "max_steps", "metrics": {"SR": 0.0, "SPL": 0.0, "SoftSPL": 0.0, "PLR": 0.13119303680347755, "nDTW": 7.432434649362011e-26, "CLS": 0.20750169537669055, "path_length_cm": 799.1072826129259, "cumulative_reward": 290.7215992801075}, "token_totals": {"input": 33162, "output": 1922, "calls": 40}, "finished_at": "2026-04-23T18:37:28.009451+00:00"}