{"episode_id": "map_53_courtyard_sanny_big_remix_on_0013", "episode_idx": 3, "agent_name": "GhostAgent_3", "SR": 0.0, "SPL": 0.0, "SoftSPL": 0.6183740980045407, "PLR": 0.014943502902089041, "nDTW": 0.0005609158621903911, "CLS": 0.06090336380404521, "steps": 40, "path_length_cm": 54.659000000000106, "cumulative_reward": 54.15816423228051, "ended_reason": "max_steps", "metrics": {"SR": 0.0, "SPL": 0.0, "SoftSPL": 0.6183740980045407, "PLR": 0.014943502902089041, "nDTW": 0.0005609158621903911, "CLS": 0.06090336380404521, "path_length_cm": 54.659000000000106, "cumulative_reward": 54.15816423228051}, "token_totals": {"input": 113073, "output": 5801, "calls": 40}, "finished_at": "2026-04-23T14:35:50.147029+00:00"}