{"episode_id": "map_01_wintertown_native_obj_pn_0009", "episode_idx": 0, "agent_name": "GhostAgent_0", "SR": 0.0, "SPL": 0.0, "SoftSPL": 0.0, "PLR": 0.07730161560643926, "nDTW": 2.4932785516882132e-05, "CLS": 0.18991817168707126, "steps": 40, "path_length_cm": 101.66708484558892, "cumulative_reward": -22.012426958879104, "ended_reason": "max_steps", "metrics": {"SR": 0.0, "SPL": 0.0, "SoftSPL": 0.0, "PLR": 0.07730161560643926, "nDTW": 2.4932785516882132e-05, "CLS": 0.18991817168707126, "path_length_cm": 101.66708484558892, "cumulative_reward": -22.012426958879104}, "token_totals": {"input": 124028, "output": 7899, "calls": 40}, "finished_at": "2026-04-22T22:38:09.152546+00:00"}