{"episode_id": "map_49_courtyard_sunny_packed_obj_on_0006", "episode_idx": 6, "agent_name": "GhostAgent_6", "SR": 0.0, "SPL": 0.0, "SoftSPL": 0.30244072566401603, "PLR": 0.30518251690840936, "nDTW": 0.0003072593813902287, "CLS": 0.12172870932369075, "steps": 40, "path_length_cm": 608.3020000025178, "cumulative_reward": 413.3488281405164, "ended_reason": "max_steps", "metrics": {"SR": 0.0, "SPL": 0.0, "SoftSPL": 0.30244072566401603, "PLR": 0.30518251690840936, "nDTW": 0.0003072593813902287, "CLS": 0.12172870932369075, "path_length_cm": 608.3020000025178, "cumulative_reward": 413.3488281405164}, "token_totals": {"input": 128543, "output": 9533, "calls": 40}, "finished_at": "2026-04-23T03:17:13.142564+00:00"}