{"episode_id": "map_03_watertown_remix_obj_on_0009", "episode_idx": 5, "agent_name": "GhostAgent_5", "SR": 0.0, "SPL": 0.0, "SoftSPL": 0.05641787120781705, "PLR": 0.0, "nDTW": 4.75148688203195e-05, "CLS": 0.16666875967744918, "steps": 40, "path_length_cm": 0.0, "cumulative_reward": -0.4000000000000002, "ended_reason": "max_steps", "metrics": {"SR": 0.0, "SPL": 0.0, "SoftSPL": 0.05641787120781705, "PLR": 0.0, "nDTW": 4.75148688203195e-05, "CLS": 0.16666875967744918, "path_length_cm": 0.0, "cumulative_reward": -0.4000000000000002}, "token_totals": {"input": 107512, "output": 2237, "calls": 40}, "finished_at": "2026-04-22T22:38:37.026921+00:00"}