{"episode_id": "map_57_gothic_day_invasion_obj_pn_0010", "episode_idx": 4, "agent_name": "GhostAgent_4", "SR": 0.0, "SPL": 0.0, "SoftSPL": 0.17759547007301613, "PLR": 0.598475090361026, "nDTW": 1.4928997991337374e-28, "CLS": 0.05130131970503125, "steps": 40, "path_length_cm": 3151.563841090259, "cumulative_reward": 1448.5955317766611, "ended_reason": "max_steps", "metrics": {"SR": 0.0, "SPL": 0.0, "SoftSPL": 0.17759547007301613, "PLR": 0.598475090361026, "nDTW": 1.4928997991337374e-28, "CLS": 0.05130131970503125, "path_length_cm": 3151.563841090259, "cumulative_reward": 1448.5955317766611}, "token_totals": {"input": 114614, "output": 5472, "calls": 40}, "finished_at": "2026-04-23T17:01:38.783942+00:00"}