{"episode_id": "map_01_wintertown_native_obj_on_0001", "episode_idx": 0, "agent_name": "GhostAgent_0", "SR": 1.0, "SPL": 0.6582738433374452, "SoftSPL": 0.6460264467224338, "PLR": 1.5191246167856296, "nDTW": 2.9147322380937162e-52, "CLS": 0.4505695520712891, "steps": 39, "path_length_cm": 6918.1390785802605, "cumulative_reward": 4471.406051702421, "ended_reason": "success", "metrics": {"SR": 1.0, "SPL": 0.6582738433374452, "SoftSPL": 0.6460264467224338, "PLR": 1.5191246167856296, "nDTW": 2.9147322380937162e-52, "CLS": 0.4505695520712891, "path_length_cm": 6918.1390785802605, "cumulative_reward": 4471.406051702421}, "token_totals": {"input": 414540, "output": 4579, "calls": 39}, "finished_at": "2026-04-22T21:49:33.547604+00:00"}