{"episode_id": "map_53_courtyard_sanny_big_remix_pn_0007", "episode_idx": 7, "agent_name": "GhostAgent_7", "SR": 0.0, "SPL": 0.0, "SoftSPL": 0.6370108009401886, "PLR": 0.28172433952652953, "nDTW": 2.1693851942060936e-15, "CLS": 0.25828356027529464, "steps": 40, "path_length_cm": 697.2423851376032, "cumulative_reward": 665.7137461210579, "ended_reason": "max_steps", "metrics": {"SR": 0.0, "SPL": 0.0, "SoftSPL": 0.6370108009401886, "PLR": 0.28172433952652953, "nDTW": 2.1693851942060936e-15, "CLS": 0.25828356027529464, "path_length_cm": 697.2423851376032, "cumulative_reward": 665.7137461210579}, "token_totals": {"input": 119338, "output": 5784, "calls": 40}, "finished_at": "2026-04-23T02:00:37.954176+00:00"}