{"episode_id": "map_06_hwaseong_native_obj_pn_0006", "episode_idx": 9, "agent_name": "GhostAgent_9", "SR": 0.0, "SPL": 0.0, "SoftSPL": 0.3006873330019284, "PLR": 1.152899670480869, "nDTW": 3.6380482676543813e-106, "CLS": 0.09637535261133388, "steps": 40, "path_length_cm": 8435.190439073278, "cumulative_reward": 4747.730145783476, "ended_reason": "max_steps", "metrics": {"SR": 0.0, "SPL": 0.0, "SoftSPL": 0.3006873330019284, "PLR": 1.152899670480869, "nDTW": 3.6380482676543813e-106, "CLS": 0.09637535261133388, "path_length_cm": 8435.190439073278, "cumulative_reward": 4747.730145783476}, "token_totals": {"input": 114507, "output": 3647, "calls": 40}, "finished_at": "2026-04-23T13:57:33.017646+00:00"}