{"episode_id": "map_06_hwaseong_native_pn_0006", "episode_idx": 1, "agent_name": "GhostAgent_1", "SR": 0.0, "SPL": 0.0, "SoftSPL": 0.9614932280140517, "PLR": 0.6995235068642042, "nDTW": 2.198932320286743e-06, "CLS": 0.08021983651506603, "steps": 40, "path_length_cm": 3649.854835119878, "cumulative_reward": 1724.280422518383, "ended_reason": "max_steps", "metrics": {"SR": 0.0, "SPL": 0.0, "SoftSPL": 0.9614932280140517, "PLR": 0.6995235068642042, "nDTW": 2.198932320286743e-06, "CLS": 0.08021983651506603, "path_length_cm": 3649.854835119878, "cumulative_reward": 1724.280422518383}, "token_totals": {"input": 109504, "output": 3409, "calls": 40}, "finished_at": "2026-04-23T13:11:13.571229+00:00"}