{"episode_id": "map_20_trainstation_native_obj_pn_0003", "episode_idx": 2, "agent_name": "GhostAgent_2", "SR": 0.0, "SPL": 0.0, "SoftSPL": 0.09249394836245374, "PLR": 0.10892544475282827, "nDTW": 2.5448780153895917e-05, "CLS": 0.3065606621908119, "steps": 40, "path_length_cm": 376.36899999999997, "cumulative_reward": 370.52128784542447, "ended_reason": "max_steps", "metrics": {"SR": 0.0, "SPL": 0.0, "SoftSPL": 0.09249394836245374, "PLR": 0.10892544475282827, "nDTW": 2.5448780153895917e-05, "CLS": 0.3065606621908119, "path_length_cm": 376.36899999999997, "cumulative_reward": 370.52128784542447}, "token_totals": {"input": 102774, "output": 2767, "calls": 40}, "finished_at": "2026-04-23T18:51:29.196745+00:00"}