{"episode_id": "map_46_B8_dense_urban_on_0008", "episode_idx": 8, "agent_name": "GhostAgent_8", "SR": 0.0, "SPL": 0.0, "SoftSPL": 0.8584914367016648, "PLR": 0.8617178625329525, "nDTW": 7.380325798493975e-43, "CLS": 0.30148138199246544, "steps": 40, "path_length_cm": 4801.8279999999995, "cumulative_reward": 4783.448045743287, "ended_reason": "max_steps", "metrics": {"SR": 0.0, "SPL": 0.0, "SoftSPL": 0.8584914367016648, "PLR": 0.8617178625329525, "nDTW": 7.380325798493975e-43, "CLS": 0.30148138199246544, "path_length_cm": 4801.8279999999995, "cumulative_reward": 4783.448045743287}, "token_totals": {"input": 35162, "output": 2357, "calls": 40}, "finished_at": "2026-04-23T16:05:58.732828+00:00"}