{"episode_id": "map_40_B2_open_plaza_obj_on_0000", "episode_idx": 0, "agent_name": "GhostAgent_0", "SR": 1.0, "SPL": 0.5045742153085772, "SoftSPL": 0.4972197308622386, "PLR": 1.981869008879973, "nDTW": 2.4441964210335526e-57, "CLS": 0.1006042579315182, "steps": 37, "path_length_cm": 12414.46710900433, "cumulative_reward": 6170.657674976158, "ended_reason": "success", "metrics": {"SR": 1.0, "SPL": 0.5045742153085772, "SoftSPL": 0.4972197308622386, "PLR": 1.981869008879973, "nDTW": 2.4441964210335526e-57, "CLS": 0.1006042579315182, "path_length_cm": 12414.46710900433, "cumulative_reward": 6170.657674976158}, "token_totals": {"input": 105620, "output": 4293, "calls": 37}, "finished_at": "2026-04-23T01:57:51.038763+00:00"}