{"episode_id": "map_53_courtyard_sanny_big_remix_on_0002", "episode_idx": 2, "agent_name": "GhostAgent_2", "SR": 0.0, "SPL": 0.0, "SoftSPL": 0.4344684172157204, "PLR": 0.0, "nDTW": 3.4945577409262707e-06, "CLS": 0.06250206980881937, "steps": 40, "path_length_cm": 0.0, "cumulative_reward": -0.4000000000000002, "ended_reason": "max_steps", "metrics": {"SR": 0.0, "SPL": 0.0, "SoftSPL": 0.4344684172157204, "PLR": 0.0, "nDTW": 3.4945577409262707e-06, "CLS": 0.06250206980881937, "path_length_cm": 0.0, "cumulative_reward": -0.4000000000000002}, "token_totals": {"input": 106544, "output": 3362, "calls": 40}, "finished_at": "2026-04-23T14:20:55.446894+00:00"}