{"episode_id": "map_11_wintertown_demo01_remix_obj_pn_0002", "episode_idx": 8, "agent_name": "GhostAgent_8", "SR": 0.0, "SPL": 0.0, "SoftSPL": 0.022924280482948034, "PLR": 0.33532677660439414, "nDTW": 5.044546648353169e-47, "CLS": 0.18638535411031878, "steps": 40, "path_length_cm": 2199.867725432169, "cumulative_reward": 62.68008921114388, "ended_reason": "max_steps", "metrics": {"SR": 0.0, "SPL": 0.0, "SoftSPL": 0.022924280482948034, "PLR": 0.33532677660439414, "nDTW": 5.044546648353169e-47, "CLS": 0.18638535411031878, "path_length_cm": 2199.867725432169, "cumulative_reward": 62.68008921114388}, "token_totals": {"input": 114434, "output": 4422, "calls": 40}, "finished_at": "2026-04-22T23:26:47.550316+00:00"}