{"episode_id": "map_22_containeryard_demo_native_pn_0018", "episode_idx": 7, "agent_name": "GhostAgent_7", "SR": 0.0, "SPL": 0.0, "SoftSPL": 0.0, "PLR": 1.9671798693691092, "nDTW": 1.2506704256656826e-95, "CLS": 0.05648343125680861, "steps": 40, "path_length_cm": 8529.49519559752, "cumulative_reward": -1142.3525503950057, "ended_reason": "max_steps", "metrics": {"SR": 0.0, "SPL": 0.0, "SoftSPL": 0.0, "PLR": 1.9671798693691092, "nDTW": 1.2506704256656826e-95, "CLS": 0.05648343125680861, "path_length_cm": 8529.49519559752, "cumulative_reward": -1142.3525503950057}, "token_totals": {"input": 131643, "output": 8279, "calls": 40}, "finished_at": "2026-04-23T00:03:03.491979+00:00"}