{"episode_id": "map_53_courtyard_sanny_big_remix_on_0015", "episode_idx": 1, "agent_name": "GhostAgent_1", "SR": 0.0, "SPL": 0.0, "SoftSPL": 0.9148799474011325, "PLR": 0.2933801468813636, "nDTW": 7.388404154662893e-05, "CLS": 0.0951357027492325, "steps": 40, "path_length_cm": 1223.9467671714233, "cumulative_reward": 426.7318587949697, "ended_reason": "max_steps", "metrics": {"SR": 0.0, "SPL": 0.0, "SoftSPL": 0.9148799474011325, "PLR": 0.2933801468813636, "nDTW": 7.388404154662893e-05, "CLS": 0.0951357027492325, "path_length_cm": 1223.9467671714233, "cumulative_reward": 426.7318587949697}, "token_totals": {"input": 106081, "output": 3011, "calls": 40}, "finished_at": "2026-04-23T18:49:51.438644+00:00"}