{"episode_id": "map_49_courtyard_sunny_packed_obj_on_0001", "episode_idx": 4, "agent_name": "GhostAgent_4", "SR": 0.0, "SPL": 0.0, "SoftSPL": 0.8217423167488375, "PLR": 0.14657031351883193, "nDTW": 0.004265601167140533, "CLS": 0.03443234702427145, "steps": 5, "path_length_cm": 799.3988870411149, "cumulative_reward": -354.0784355744182, "ended_reason": "no_tool_call", "metrics": {"SR": 0.0, "SPL": 0.0, "SoftSPL": 0.8217423167488375, "PLR": 0.14657031351883193, "nDTW": 0.004265601167140533, "CLS": 0.03443234702427145, "path_length_cm": 799.3988870411149, "cumulative_reward": -354.0784355744182}, "token_totals": {"input": 7902, "output": 612, "calls": 5}, "finished_at": "2026-04-23T18:41:59.667958+00:00"}