{"episode_id": "map_50_B9_sparse_wilderness_pn_0014", "episode_idx": 4, "agent_name": "GhostAgent_4", "SR": 0.0, "SPL": 0.0, "SoftSPL": 0.0, "PLR": 9.425733379370943, "nDTW": 2.61638947296735e-206, "CLS": 0.006630784955901022, "steps": 40, "path_length_cm": 53584.06891638449, "cumulative_reward": -37919.30181873725, "ended_reason": "max_steps", "metrics": {"SR": 0.0, "SPL": 0.0, "SoftSPL": 0.0, "PLR": 9.425733379370943, "nDTW": 2.61638947296735e-206, "CLS": 0.006630784955901022, "path_length_cm": 53584.06891638449, "cumulative_reward": -37919.30181873725}, "token_totals": {"input": 129019, "output": 7067, "calls": 40}, "finished_at": "2026-04-23T19:26:09.111678+00:00"}