{"episode_id": "map_11_wintertown_demo01_remix_on_0009", "episode_idx": 9, "agent_name": "GhostAgent_9", "SR": 1.0, "SPL": 0.9927628921181535, "SoftSPL": 0.9564845153133198, "PLR": 1.0072898654243667, "nDTW": 0.0001971612756621501, "CLS": 0.41359304706289507, "steps": 12, "path_length_cm": 3986.8935789442608, "cumulative_reward": 3814.8134330881885, "ended_reason": "success", "metrics": {"SR": 1.0, "SPL": 0.9927628921181535, "SoftSPL": 0.9564845153133198, "PLR": 1.0072898654243667, "nDTW": 0.0001971612756621501, "CLS": 0.41359304706289507, "path_length_cm": 3986.8935789442608, "cumulative_reward": 3814.8134330881885}, "token_totals": {"input": 26862, "output": 1038, "calls": 12}, "finished_at": "2026-04-22T23:10:16.217265+00:00"}