{
  "map": "map_45_B7_park_with_paths",
  "n": 40,
  "SR": 0.1,
  "SPL": 0.08616742974404365,
  "SoftSPL": 0.269767842785111,
  "nDTW": 0.0002842397561697545,
  "avg_steps": 28.65
}