{"episode_id": "map_62_trainstation_cross_remix_on_0006", "episode_idx": 2, "agent_name": "GhostAgent_2", "SR": 0.0, "SPL": 0.0, "SoftSPL": 0.00265379993958681, "PLR": 0.0, "nDTW": 6.162717927338302e-05, "CLS": 0.12502565097843785, "steps": 0, "path_length_cm": 0.0, "cumulative_reward": 0.0, "ended_reason": "spawn_blocked", "metrics": {"SR": 0.0, "SPL": 0.0, "SoftSPL": 0.00265379993958681, "PLR": 0.0, "nDTW": 6.162717927338302e-05, "CLS": 0.12502565097843785, "path_length_cm": 0.0, "cumulative_reward": 0.0}, "token_totals": {"input": 0, "output": 0, "calls": 0}, "finished_at": "2026-04-23T19:10:29.281272+00:00"}