{"episode_id": "map_49_courtyard_sunny_packed_obj_on_0004", "episode_idx": 4, "agent_name": "GhostAgent_4", "SR": 0.0, "SPL": 0.0, "SoftSPL": 0.6300832676078189, "PLR": 0.018502154883977443, "nDTW": 0.001132003233855981, "CLS": 0.07609868879583107, "steps": 40, "path_length_cm": 73.83488430154922, "cumulative_reward": 73.30129181056611, "ended_reason": "max_steps", "metrics": {"SR": 0.0, "SPL": 0.0, "SoftSPL": 0.6300832676078189, "PLR": 0.018502154883977443, "nDTW": 0.001132003233855981, "CLS": 0.07609868879583107, "path_length_cm": 73.83488430154922, "cumulative_reward": 73.30129181056611}, "token_totals": {"input": 102841, "output": 3047, "calls": 40}, "finished_at": "2026-04-23T03:17:13.142012+00:00"}