{"episode_id": "map_27_courtyard_overcast_remix_obj_on_0008", "episode_idx": 8, "agent_name": "GhostAgent_8", "SR": 0.0, "SPL": 0.0, "SoftSPL": 0.46066461749801, "PLR": 0.15453440214465958, "nDTW": 2.8372323082658593e-05, "CLS": 0.08687879739244982, "steps": 40, "path_length_cm": 548.1041628707001, "cumulative_reward": 369.5600662383542, "ended_reason": "max_steps", "metrics": {"SR": 0.0, "SPL": 0.0, "SoftSPL": 0.46066461749801, "PLR": 0.15453440214465958, "nDTW": 2.8372323082658593e-05, "CLS": 0.08687879739244982, "path_length_cm": 548.1041628707001, "cumulative_reward": 369.5600662383542}, "token_totals": {"input": 32231, "output": 1533, "calls": 40}, "finished_at": "2026-04-23T15:43:37.281859+00:00"}