{"episode_id": "map_66_middleeast_bazaar_obj_pn_0008", "episode_idx": 8, "agent_name": "GhostAgent_8", "SR": 0.0, "SPL": 0.0, "SoftSPL": 0.24995925891504955, "PLR": 0.15755235037935317, "nDTW": 1.3188062422168205e-12, "CLS": 0.14337821910994564, "steps": 40, "path_length_cm": 892.4615908178612, "cumulative_reward": 888.3505451640385, "ended_reason": "max_steps", "metrics": {"SR": 0.0, "SPL": 0.0, "SoftSPL": 0.24995925891504955, "PLR": 0.15755235037935317, "nDTW": 1.3188062422168205e-12, "CLS": 0.14337821910994564, "path_length_cm": 892.4615908178612, "cumulative_reward": 888.3505451640385}, "token_totals": {"input": 31158, "output": 1484, "calls": 40}, "finished_at": "2026-04-23T19:04:36.076745+00:00"}