{"episode_id": "map_31_gothic_day_remix_pn_0010", "episode_idx": 0, "agent_name": "GhostAgent_0", "SR": 0.0, "SPL": 0.0, "SoftSPL": 0.05324361646670239, "PLR": 0.027768488972107205, "nDTW": 2.778478959674491e-07, "CLS": 0.09704612117716067, "steps": 40, "path_length_cm": 157.94299999999998, "cumulative_reward": 155.82733544673283, "ended_reason": "max_steps", "metrics": {"SR": 0.0, "SPL": 0.0, "SoftSPL": 0.05324361646670239, "PLR": 0.027768488972107205, "nDTW": 2.778478959674491e-07, "CLS": 0.09704612117716067, "path_length_cm": 157.94299999999998, "cumulative_reward": 155.82733544673283}, "token_totals": {"input": 105782, "output": 3540, "calls": 40}, "finished_at": "2026-04-23T00:45:34.531301+00:00"}