{"episode_id": "map_49_courtyard_sunny_packed_pn_0001", "episode_idx": 1, "agent_name": "GhostAgent_1", "SR": 0.0, "SPL": 0.0, "SoftSPL": 0.8638479672342823, "PLR": 0.11334405912802639, "nDTW": 0.001095825592308752, "CLS": 0.11347750925978096, "steps": 11, "path_length_cm": 702.7966392668753, "cumulative_reward": 698.8630632080379, "ended_reason": "success", "metrics": {"SR": 0.0, "SPL": 0.0, "SoftSPL": 0.8638479672342823, "PLR": 0.11334405912802639, "nDTW": 0.001095825592308752, "CLS": 0.11347750925978096, "path_length_cm": 702.7966392668753, "cumulative_reward": 698.8630632080379}, "token_totals": {"input": 26212, "output": 1731, "calls": 11}, "finished_at": "2026-04-23T01:33:00.522489+00:00"}