{"episode_id": "map_31_gothic_day_remix_obj_on_0013", "episode_idx": 2, "agent_name": "GhostAgent_2", "SR": 0.0, "SPL": 0.0, "SoftSPL": 0.0, "PLR": 0.3435534201324196, "nDTW": 7.446830793566669e-13, "CLS": 0.18103493335225684, "steps": 40, "path_length_cm": 1077.3835255352678, "cumulative_reward": -771.7359245339235, "ended_reason": "max_steps", "metrics": {"SR": 0.0, "SPL": 0.0, "SoftSPL": 0.0, "PLR": 0.3435534201324196, "nDTW": 7.446830793566669e-13, "CLS": 0.18103493335225684, "path_length_cm": 1077.3835255352678, "cumulative_reward": -771.7359245339235}, "token_totals": {"input": 125758, "output": 7278, "calls": 40}, "finished_at": "2026-04-23T18:48:30.830292+00:00"}