{"episode_id": "map_40_B2_open_plaza_pn_0004", "episode_idx": 4, "agent_name": "GhostAgent_4", "SR": 0.0, "SPL": 0.0, "SoftSPL": 0.3496211501457114, "PLR": 2.174893898097431, "nDTW": 1.5768172583035834e-72, "CLS": 0.1945440495493468, "steps": 40, "path_length_cm": 9053.73531475591, "cumulative_reward": 3164.9781331954705, "ended_reason": "max_steps", "metrics": {"SR": 0.0, "SPL": 0.0, "SoftSPL": 0.3496211501457114, "PLR": 2.174893898097431, "nDTW": 1.5768172583035834e-72, "CLS": 0.1945440495493468, "path_length_cm": 9053.73531475591, "cumulative_reward": 3164.9781331954705}, "token_totals": {"input": 133461, "output": 9438, "calls": 40}, "finished_at": "2026-04-23T00:55:48.446586+00:00"}