{"episode_id": "map_43_B5_residential_courtyard_on_0002", "episode_idx": 2, "agent_name": "GhostAgent_2", "SR": 0.0, "SPL": 0.0, "SoftSPL": 0.13849429528314383, "PLR": 0.0, "nDTW": 0.13849429528314383, "CLS": 0.13849429528314383, "steps": 40, "path_length_cm": 0.0, "cumulative_reward": -0.4000000000000002, "ended_reason": "max_steps", "metrics": {"SR": 0.0, "SPL": 0.0, "SoftSPL": 0.13849429528314383, "PLR": 0.0, "nDTW": 0.13849429528314383, "CLS": 0.13849429528314383, "path_length_cm": 0.0, "cumulative_reward": -0.4000000000000002}, "token_totals": {"input": 33712, "output": 2047, "calls": 40}, "finished_at": "2026-04-23T20:06:22.240506+00:00"}