{"episode_id": "map_32_gothic_night_native_on_0004", "episode_idx": 4, "agent_name": "GhostAgent_4", "SR": 0.0, "SPL": 0.0, "SoftSPL": 0.373997168965175, "PLR": 0.4076791001854093, "nDTW": 4.737551728682686e-19, "CLS": 0.12104694303209987, "steps": 40, "path_length_cm": 1943.663108416963, "cumulative_reward": 1396.8001403718463, "ended_reason": "max_steps", "metrics": {"SR": 0.0, "SPL": 0.0, "SoftSPL": 0.373997168965175, "PLR": 0.4076791001854093, "nDTW": 4.737551728682686e-19, "CLS": 0.12104694303209987, "path_length_cm": 1943.663108416963, "cumulative_reward": 1396.8001403718463}, "token_totals": {"input": 112214, "output": 4549, "calls": 40}, "finished_at": "2026-04-23T01:12:41.473811+00:00"}