{"episode_id": "map_32_gothic_night_native_on_0013", "episode_idx": 3, "agent_name": "GhostAgent_3", "SR": 0.0, "SPL": 0.0, "SoftSPL": 0.0, "PLR": 0.5647638848071505, "nDTW": 2.6085784173478207e-13, "CLS": 0.5003794661090636, "steps": 40, "path_length_cm": 1687.4918972483733, "cumulative_reward": -6.527984683409327, "ended_reason": "max_steps", "metrics": {"SR": 0.0, "SPL": 0.0, "SoftSPL": 0.0, "PLR": 0.5647638848071505, "nDTW": 2.6085784173478207e-13, "CLS": 0.5003794661090636, "path_length_cm": 1687.4918972483733, "cumulative_reward": -6.527984683409327}, "token_totals": {"input": 122978, "output": 6600, "calls": 40}, "finished_at": "2026-04-23T01:35:01.728152+00:00"}