{"episode_id": "map_25_containeryard_day_remix_on_0017", "episode_idx": 1, "agent_name": "GhostAgent_1", "SR": 0.0, "SPL": 0.0, "SoftSPL": 0.00020548612355020257, "PLR": 0.0, "nDTW": 0.00020548612355020257, "CLS": 0.00020548612355020257, "steps": 0, "path_length_cm": 0.0, "cumulative_reward": 0.0, "ended_reason": "spawn_blocked", "metrics": {"SR": 0.0, "SPL": 0.0, "SoftSPL": 0.00020548612355020257, "PLR": 0.0, "nDTW": 0.00020548612355020257, "CLS": 0.00020548612355020257, "path_length_cm": 0.0, "cumulative_reward": 0.0}, "token_totals": {"input": 0, "output": 0, "calls": 0}, "finished_at": "2026-04-23T20:04:12.296162+00:00"}