{"episode_id": "map_10_B1_urban_grid_on_0015", "episode_idx": 5, "agent_name": "GhostAgent_5", "SR": 0.0, "SPL": 0.0, "SoftSPL": 0.0, "PLR": 6.058768751224923, "nDTW": 6.281994508899969e-201, "CLS": 0.018338892884246793, "steps": 40, "path_length_cm": 38521.833483350594, "cumulative_reward": -26703.847348231786, "ended_reason": "max_steps", "metrics": {"SR": 0.0, "SPL": 0.0, "SoftSPL": 0.0, "PLR": 6.058768751224923, "nDTW": 6.281994508899969e-201, "CLS": 0.018338892884246793, "path_length_cm": 38521.833483350594, "cumulative_reward": -26703.847348231786}, "token_totals": {"input": 115885, "output": 3917, "calls": 40}, "finished_at": "2026-04-23T13:13:44.057394+00:00"}