{"episode_id": "map_28_village_night_native_on_0009", "episode_idx": 9, "agent_name": "GhostAgent_9", "SR": 0.0, "SPL": 0.0, "SoftSPL": 0.20775730312423413, "PLR": 0.6227617964504403, "nDTW": 2.064007625135354e-30, "CLS": 0.41220455200413364, "steps": 40, "path_length_cm": 678.910000018412, "cumulative_reward": 226.09248491107962, "ended_reason": "max_steps", "metrics": {"SR": 0.0, "SPL": 0.0, "SoftSPL": 0.20775730312423413, "PLR": 0.6227617964504403, "nDTW": 2.064007625135354e-30, "CLS": 0.41220455200413364, "path_length_cm": 678.910000018412, "cumulative_reward": 226.09248491107962}, "token_totals": {"input": 114370, "output": 4352, "calls": 40}, "finished_at": "2026-04-23T00:37:31.660818+00:00"}