{"episode_id": "map_01_wintertown_native_obj_pn_0002", "episode_idx": 0, "agent_name": "GhostAgent_0", "SR": 0.0, "SPL": 0.0, "SoftSPL": 0.0, "PLR": 2.193562922971979, "nDTW": 4.382915260556511e-64, "CLS": 0.031099220812041806, "steps": 40, "path_length_cm": 15201.325249308125, "cumulative_reward": -1967.4332703744178, "ended_reason": "max_steps", "metrics": {"SR": 0.0, "SPL": 0.0, "SoftSPL": 0.0, "PLR": 2.193562922971979, "nDTW": 4.382915260556511e-64, "CLS": 0.031099220812041806, "path_length_cm": 15201.325249308125, "cumulative_reward": -1967.4332703744178}, "token_totals": {"input": 461080, "output": 7444, "calls": 40}, "finished_at": "2026-04-22T21:49:18.963241+00:00"}