{"episode_id": "map_61_containeryard_day_big_remix_obj_pn_0019", "episode_idx": 0, "agent_name": "GhostAgent_0", "SR": 0.0, "SPL": 0.0, "SoftSPL": 0.0, "PLR": 0.0, "nDTW": 3.627823460798468e-08, "CLS": 0.16666666913299322, "steps": 40, "path_length_cm": 0.0, "cumulative_reward": -0.4000000000000002, "ended_reason": "max_steps", "metrics": {"SR": 0.0, "SPL": 0.0, "SoftSPL": 0.0, "PLR": 0.0, "nDTW": 3.627823460798468e-08, "CLS": 0.16666666913299322, "path_length_cm": 0.0, "cumulative_reward": -0.4000000000000002}, "token_totals": {"input": 33598, "output": 2097, "calls": 40}, "finished_at": "2026-04-23T16:33:50.218767+00:00"}