{"episode_id": "map_42_B4_industrial_yard_on_0011", "episode_idx": 1, "agent_name": "GhostAgent_1", "SR": 0.0, "SPL": 0.0, "SoftSPL": 0.0006752723667305949, "PLR": 0.0, "nDTW": 6.787722819119528e-07, "CLS": 0.1666666672027616, "steps": 40, "path_length_cm": 0.0, "cumulative_reward": -0.4000000000000002, "ended_reason": "max_steps", "metrics": {"SR": 0.0, "SPL": 0.0, "SoftSPL": 0.0006752723667305949, "PLR": 0.0, "nDTW": 6.787722819119528e-07, "CLS": 0.1666666672027616, "path_length_cm": 0.0, "cumulative_reward": -0.4000000000000002}, "token_totals": {"input": 34976, "output": 2514, "calls": 40}, "finished_at": "2026-04-23T16:06:09.555057+00:00"}