{"episode_id": "map_04_courtyard_remix_obj_pn_0002", "episode_idx": 7, "agent_name": "GhostAgent_7", "SR": 1.0, "SPL": 0.6261299169249882, "SoftSPL": 0.5945812376944568, "PLR": 1.5971126326484129, "nDTW": 9.944817630269228e-06, "CLS": 0.1608470233999426, "steps": 31, "path_length_cm": 5403.000093996928, "cumulative_reward": 1876.7901113130824, "ended_reason": "success", "metrics": {"SR": 1.0, "SPL": 0.6261299169249882, "SoftSPL": 0.5945812376944568, "PLR": 1.5971126326484129, "nDTW": 9.944817630269228e-06, "CLS": 0.1608470233999426, "path_length_cm": 5403.000093996928, "cumulative_reward": 1876.7901113130824}, "token_totals": {"input": 99808, "output": 6266, "calls": 31}, "finished_at": "2026-04-22T22:32:30.829559+00:00"}