{"episode_id": "map_01_wintertown_native_on_0018", "episode_idx": 2, "agent_name": "GhostAgent_2", "SR": 0.0, "SPL": 0.0, "SoftSPL": 0.31990961262976714, "PLR": 1.3478109145704649, "nDTW": 3.3118253529304576e-94, "CLS": 0.1854951051673974, "steps": 40, "path_length_cm": 5028.291657097179, "cumulative_reward": 1608.1942303292956, "ended_reason": "max_steps", "metrics": {"SR": 0.0, "SPL": 0.0, "SoftSPL": 0.31990961262976714, "PLR": 1.3478109145704649, "nDTW": 3.3118253529304576e-94, "CLS": 0.1854951051673974, "path_length_cm": 5028.291657097179, "cumulative_reward": 1608.1942303292956}, "token_totals": {"input": 480050, "output": 5759, "calls": 40}, "finished_at": "2026-04-22T20:57:49.965888+00:00"}