{"episode_id": "map_49_courtyard_sunny_packed_on_0015", "episode_idx": 2, "agent_name": "GhostAgent_2", "SR": 0.0, "SPL": 0.0, "SoftSPL": 0.0, "PLR": 25.64676160491483, "nDTW": 6.275322919008872e-126, "CLS": 0.0019077914434288358, "steps": 16, "path_length_cm": 50533.35319585998, "cumulative_reward": -45594.92110523278, "ended_reason": "step_error", "metrics": {"SR": 0.0, "SPL": 0.0, "SoftSPL": 0.0, "PLR": 25.64676160491483, "nDTW": 6.275322919008872e-126, "CLS": 0.0019077914434288358, "path_length_cm": 50533.35319585998, "cumulative_reward": -45594.92110523278}, "token_totals": {"input": 45589, "output": 2676, "calls": 16}, "finished_at": "2026-04-23T18:41:59.666854+00:00"}