{"episode_id": "map_66_middleeast_bazaar_obj_pn_0011", "episode_idx": 1, "agent_name": "GhostAgent_1", "SR": 0.0, "SPL": 0.0, "SoftSPL": 0.0, "PLR": 0.006402426127588312, "nDTW": 1.3123231049244543e-07, "CLS": 0.14609108716999766, "steps": 40, "path_length_cm": 28.223110831373518, "cumulative_reward": 27.79160994035331, "ended_reason": "max_steps", "metrics": {"SR": 0.0, "SPL": 0.0, "SoftSPL": 0.0, "PLR": 0.006402426127588312, "nDTW": 1.3123231049244543e-07, "CLS": 0.14609108716999766, "path_length_cm": 28.223110831373518, "cumulative_reward": 27.79160994035331}, "token_totals": {"input": 33451, "output": 2073, "calls": 40}, "finished_at": "2026-04-23T19:13:48.291056+00:00"}