{"episode_id": "map_03_watertown_remix_obj_pn_0008", "episode_idx": 3, "agent_name": "GhostAgent_3", "SR": 0.0, "SPL": 0.0, "SoftSPL": 0.2170295314447508, "PLR": 0.8962333807628874, "nDTW": 5.460202370026776e-46, "CLS": 0.04463695507243916, "steps": 40, "path_length_cm": 4937.609602303168, "cumulative_reward": 673.5260475839505, "ended_reason": "max_steps", "metrics": {"SR": 0.0, "SPL": 0.0, "SoftSPL": 0.2170295314447508, "PLR": 0.8962333807628874, "nDTW": 5.460202370026776e-46, "CLS": 0.04463695507243916, "path_length_cm": 4937.609602303168, "cumulative_reward": 673.5260475839505}, "token_totals": {"input": 508407, "output": 8212, "calls": 40}, "finished_at": "2026-04-22T21:49:47.729399+00:00"}