{"episode_id": "map_16_hwaseong_remix_on_0019", "episode_idx": 9, "agent_name": "GhostAgent_9", "SR": 0.0, "SPL": 0.0, "SoftSPL": 0.5501872825553901, "PLR": 0.7687731579760791, "nDTW": 2.4402552687897914e-20, "CLS": 0.031836061098252905, "steps": 40, "path_length_cm": 6015.611522504921, "cumulative_reward": 4102.175805834855, "ended_reason": "max_steps", "metrics": {"SR": 0.0, "SPL": 0.0, "SoftSPL": 0.5501872825553901, "PLR": 0.7687731579760791, "nDTW": 2.4402552687897914e-20, "CLS": 0.031836061098252905, "path_length_cm": 6015.611522504921, "cumulative_reward": 4102.175805834855}, "token_totals": {"input": 118910, "output": 6132, "calls": 40}, "finished_at": "2026-04-23T00:15:20.900132+00:00"}