{"episode_id": "map_26_courtyard_overcast_native_pn_0000", "episode_idx": 0, "agent_name": "GhostAgent_0", "SR": 1.0, "SPL": 0.8342931839339718, "SoftSPL": 0.715387171150875, "PLR": 1.1986194053326253, "nDTW": 0.016648404534856248, "CLS": 0.32969182112375084, "steps": 6, "path_length_cm": 1525.4110000025125, "cumulative_reward": 1085.2026359651904, "ended_reason": "success", "metrics": {"SR": 1.0, "SPL": 0.8342931839339718, "SoftSPL": 0.715387171150875, "PLR": 1.1986194053326253, "nDTW": 0.016648404534856248, "CLS": 0.32969182112375084, "path_length_cm": 1525.4110000025125, "cumulative_reward": 1085.2026359651904}, "token_totals": {"input": 11463, "output": 1022, "calls": 6}, "finished_at": "2026-04-23T00:09:03.474693+00:00"}