{"episode_id": "map_45_B7_park_with_paths_pn_0005", "episode_idx": 5, "agent_name": "GhostAgent_5", "SR": 1.0, "SPL": 0.9652349639128092, "SoftSPL": 0.9346526084856375, "PLR": 1.036017174456945, "nDTW": 1.077807089846838e-06, "CLS": 0.6576622571907436, "steps": 8, "path_length_cm": 2808.3731954874193, "cumulative_reward": 2627.2698225388885, "ended_reason": "success", "metrics": {"SR": 1.0, "SPL": 0.9652349639128092, "SoftSPL": 0.9346526084856375, "PLR": 1.036017174456945, "nDTW": 1.077807089846838e-06, "CLS": 0.6576622571907436, "path_length_cm": 2808.3731954874193, "cumulative_reward": 2627.2698225388885}, "token_totals": {"input": 15825, "output": 750, "calls": 8}, "finished_at": "2026-04-23T19:03:34.997310+00:00"}