{"episode_id": "map_33_gothic_night_remix_pn_0013", "episode_idx": 2, "agent_name": "GhostAgent_2", "SR": 0.0, "SPL": 0.0, "SoftSPL": 0.0, "PLR": 0.0, "nDTW": 1.8764259734094314e-08, "CLS": 0.10000035399418941, "steps": 40, "path_length_cm": 0.0, "cumulative_reward": -0.4000000000000002, "ended_reason": "max_steps", "metrics": {"SR": 0.0, "SPL": 0.0, "SoftSPL": 0.0, "PLR": 0.0, "nDTW": 1.8764259734094314e-08, "CLS": 0.10000035399418941, "path_length_cm": 0.0, "cumulative_reward": -0.4000000000000002}, "token_totals": {"input": 32664, "output": 1872, "calls": 40}, "finished_at": "2026-04-23T18:22:00.611656+00:00"}