{"episode_id": "map_60_B11_forest_camp_pn_0016", "episode_idx": 6, "agent_name": "GhostAgent_6", "SR": 0.0, "SPL": 0.0, "SoftSPL": 0.0, "PLR": 3.4159196071094327, "nDTW": 7.529137805222472e-278, "CLS": 0.07318673783522257, "steps": 40, "path_length_cm": 15625.099466839967, "cumulative_reward": -8565.992341557332, "ended_reason": "max_steps", "metrics": {"SR": 0.0, "SPL": 0.0, "SoftSPL": 0.0, "PLR": 3.4159196071094327, "nDTW": 7.529137805222472e-278, "CLS": 0.07318673783522257, "path_length_cm": 15625.099466839967, "cumulative_reward": -8565.992341557332}, "token_totals": {"input": 140342, "output": 9485, "calls": 40}, "finished_at": "2026-04-23T17:32:07.912010+00:00"}