{"episode_id": "map_67_B12_construction_site_obj_on_0005", "episode_idx": 5, "agent_name": "GhostAgent_5", "SR": 0.0, "SPL": 0.0, "SoftSPL": 0.10231632578787686, "PLR": 0.10822444692445979, "nDTW": 3.829514043602657e-07, "CLS": 0.13530032749391852, "steps": 7, "path_length_cm": 561.2065274825402, "cumulative_reward": 349.16232216455364, "ended_reason": "no_tool_call", "metrics": {"SR": 0.0, "SPL": 0.0, "SoftSPL": 0.10231632578787686, "PLR": 0.10822444692445979, "nDTW": 3.829514043602657e-07, "CLS": 0.13530032749391852, "path_length_cm": 561.2065274825402, "cumulative_reward": 349.16232216455364}, "token_totals": {"input": 13643, "output": 1097, "calls": 7}, "finished_at": "2026-04-23T15:47:09.094025+00:00"}