{"episode_id": "map_59_B10_market_plaza_pn_0016", "episode_idx": 3, "agent_name": "GhostAgent_3", "SR": 0.0, "SPL": 0.0, "SoftSPL": 0.0, "PLR": 3.6081056010847417, "nDTW": 8.076598397945913e-148, "CLS": 0.06960023251469291, "steps": 40, "path_length_cm": 4972.8715446950455, "cumulative_reward": -325.16982513791766, "ended_reason": "max_steps", "metrics": {"SR": 0.0, "SPL": 0.0, "SoftSPL": 0.0, "PLR": 3.6081056010847417, "nDTW": 8.076598397945913e-148, "CLS": 0.06960023251469291, "path_length_cm": 4972.8715446950455, "cumulative_reward": -325.16982513791766}, "token_totals": {"input": 131328, "output": 8657, "calls": 40}, "finished_at": "2026-04-23T04:01:43.654644+00:00"}