{"episode_id": "map_67_B12_construction_site_pn_0010", "episode_idx": 0, "agent_name": "GhostAgent_0", "SR": 0.0, "SPL": 0.0, "SoftSPL": 0.4474899614327798, "PLR": 0.6922020392606042, "nDTW": 1.4941550716207229e-99, "CLS": 0.3611680540985419, "steps": 40, "path_length_cm": 3229.4063159868156, "cumulative_reward": 2087.322952401454, "ended_reason": "max_steps", "metrics": {"SR": 0.0, "SPL": 0.0, "SoftSPL": 0.4474899614327798, "PLR": 0.6922020392606042, "nDTW": 1.4941550716207229e-99, "CLS": 0.3611680540985419, "path_length_cm": 3229.4063159868156, "cumulative_reward": 2087.322952401454}, "token_totals": {"input": 120785, "output": 5670, "calls": 40}, "finished_at": "2026-04-23T05:39:06.654558+00:00"}