{"episode_id": "map_40_B2_open_plaza_on_0008", "episode_idx": 8, "agent_name": "GhostAgent_8", "SR": 0.0, "SPL": 0.0, "SoftSPL": 0.4249505457852542, "PLR": 1.923477040603444, "nDTW": 1.5556240747301379e-46, "CLS": 0.22271305743625847, "steps": 40, "path_length_cm": 6407.736769673471, "cumulative_reward": 2722.573688117889, "ended_reason": "max_steps", "metrics": {"SR": 0.0, "SPL": 0.0, "SoftSPL": 0.4249505457852542, "PLR": 1.923477040603444, "nDTW": 1.5556240747301379e-46, "CLS": 0.22271305743625847, "path_length_cm": 6407.736769673471, "cumulative_reward": 2722.573688117889}, "token_totals": {"input": 120819, "output": 5531, "calls": 40}, "finished_at": "2026-04-23T01:22:53.458903+00:00"}