{"episode_id": "map_65_hwaseong_ceremonial_on_0016", "episode_idx": 6, "agent_name": "GhostAgent_6", "SR": 0.0, "SPL": 0.0, "SoftSPL": 0.6939229777646632, "PLR": 0.6293916510800981, "nDTW": 0.00026597240759224284, "CLS": 0.08088483910877631, "steps": 18, "path_length_cm": 3217.1731879949866, "cumulative_reward": 1634.890579557872, "ended_reason": "no_tool_call", "metrics": {"SR": 0.0, "SPL": 0.0, "SoftSPL": 0.6939229777646632, "PLR": 0.6293916510800981, "nDTW": 0.00026597240759224284, "CLS": 0.08088483910877631, "path_length_cm": 3217.1731879949866, "cumulative_reward": 1634.890579557872}, "token_totals": {"input": 51603, "output": 3481, "calls": 18}, "finished_at": "2026-04-23T03:56:43.968864+00:00"}