{"episode_id": "map_42_B4_industrial_yard_obj_pn_0018", "episode_idx": 8, "agent_name": "GhostAgent_8", "SR": 1.0, "SPL": 0.7988886671104949, "SoftSPL": 0.7879024643022102, "PLR": 1.2517388732236068, "nDTW": 2.1770174909078657e-39, "CLS": 0.7178368911070839, "steps": 28, "path_length_cm": 8363.643490108316, "cumulative_reward": 6660.501898679287, "ended_reason": "success", "metrics": {"SR": 1.0, "SPL": 0.7988886671104949, "SoftSPL": 0.7879024643022102, "PLR": 1.2517388732236068, "nDTW": 2.1770174909078657e-39, "CLS": 0.7178368911070839, "path_length_cm": 8363.643490108316, "cumulative_reward": 6660.501898679287}, "token_totals": {"input": 18137, "output": 84, "calls": 28}, "finished_at": "2026-04-23T16:18:17.190814+00:00"}