{"episode_id": "map_06_hwaseong_native_obj_on_0013", "episode_idx": 8, "agent_name": "GhostAgent_8", "SR": 0.0, "SPL": 0.0, "SoftSPL": 0.32449872127815316, "PLR": 0.5818887587820573, "nDTW": 3.3554718567425163e-12, "CLS": 0.34928267621480413, "steps": 40, "path_length_cm": 4143.8626067905425, "cumulative_reward": 1868.7881701007318, "ended_reason": "max_steps", "metrics": {"SR": 0.0, "SPL": 0.0, "SoftSPL": 0.32449872127815316, "PLR": 0.5818887587820573, "nDTW": 3.3554718567425163e-12, "CLS": 0.34928267621480413, "path_length_cm": 4143.8626067905425, "cumulative_reward": 1868.7881701007318}, "token_totals": {"input": 129899, "output": 8050, "calls": 40}, "finished_at": "2026-04-23T14:20:05.486371+00:00"}