{"episode_id": "map_13_watertown_native_on_0003", "episode_idx": 3, "agent_name": "GhostAgent_3", "SR": 0.0, "SPL": 0.0, "SoftSPL": 0.6313178355194631, "PLR": 1.3473730801126094, "nDTW": 1.5007789925856642e-20, "CLS": 0.08185803985696871, "steps": 40, "path_length_cm": 10129.725974787012, "cumulative_reward": 6006.6808186735925, "ended_reason": "max_steps", "metrics": {"SR": 0.0, "SPL": 0.0, "SoftSPL": 0.6313178355194631, "PLR": 1.3473730801126094, "nDTW": 1.5007789925856642e-20, "CLS": 0.08185803985696871, "path_length_cm": 10129.725974787012, "cumulative_reward": 6006.6808186735925}, "token_totals": {"input": 118405, "output": 5100, "calls": 40}, "finished_at": "2026-04-23T16:49:28.255943+00:00"}