{"episode_id": "map_06_hwaseong_native_obj_on_0005", "episode_idx": 0, "agent_name": "GhostAgent_0", "SR": 0.0, "SPL": 0.0, "SoftSPL": 0.07372443443249921, "PLR": 0.8756963351408796, "nDTW": 6.836619337622439e-30, "CLS": 0.03181058253856276, "steps": 40, "path_length_cm": 5203.3000537735925, "cumulative_reward": -1195.2967309561554, "ended_reason": "max_steps", "metrics": {"SR": 0.0, "SPL": 0.0, "SoftSPL": 0.07372443443249921, "PLR": 0.8756963351408796, "nDTW": 6.836619337622439e-30, "CLS": 0.03181058253856276, "path_length_cm": 5203.3000537735925, "cumulative_reward": -1195.2967309561554}, "token_totals": {"input": 130098, "output": 7945, "calls": 40}, "finished_at": "2026-04-23T14:20:05.481733+00:00"}