{"episode_id": "map_06_hwaseong_native_pn_0004", "episode_idx": 4, "agent_name": "GhostAgent_4", "SR": 0.0, "SPL": 0.0, "SoftSPL": 0.3333885733886234, "PLR": 0.9340824377207908, "nDTW": 1.5574821435092071e-22, "CLS": 0.12152857792101818, "steps": 40, "path_length_cm": 4376.783374306423, "cumulative_reward": 4197.354387730616, "ended_reason": "max_steps", "metrics": {"SR": 0.0, "SPL": 0.0, "SoftSPL": 0.3333885733886234, "PLR": 0.9340824377207908, "nDTW": 1.5574821435092071e-22, "CLS": 0.12152857792101818, "path_length_cm": 4376.783374306423, "cumulative_reward": 4197.354387730616}, "token_totals": {"input": 408230, "output": 4626, "calls": 40}, "finished_at": "2026-04-22T19:32:09.397675+00:00"}