{"episode_id": "map_43_B5_residential_courtyard_pn_0019", "episode_idx": 9, "agent_name": "GhostAgent_9", "SR": 0.0, "SPL": 0.0, "SoftSPL": 0.13741350662949903, "PLR": 0.28443328155584896, "nDTW": 0.13741350662949903, "CLS": 0.13741350662949903, "steps": 40, "path_length_cm": 794.8658713047132, "cumulative_reward": 383.6117823086811, "ended_reason": "max_steps", "metrics": {"SR": 0.0, "SPL": 0.0, "SoftSPL": 0.13741350662949903, "PLR": 0.28443328155584896, "nDTW": 0.13741350662949903, "CLS": 0.13741350662949903, "path_length_cm": 794.8658713047132, "cumulative_reward": 383.6117823086811}, "token_totals": {"input": 33232, "output": 1987, "calls": 40}, "finished_at": "2026-04-23T20:09:14.522238+00:00"}