{"episode_id": "map_27_courtyard_overcast_remix_obj_pn_0013", "episode_idx": 3, "agent_name": "GhostAgent_3", "SR": 0.0, "SPL": 0.0, "SoftSPL": 0.39031824722302877, "PLR": 0.0, "nDTW": 0.0008035785675427876, "CLS": 0.06218918821753737, "steps": 40, "path_length_cm": 0.0, "cumulative_reward": -0.4000000000000002, "ended_reason": "max_steps", "metrics": {"SR": 0.0, "SPL": 0.0, "SoftSPL": 0.39031824722302877, "PLR": 0.0, "nDTW": 0.0008035785675427876, "CLS": 0.06218918821753737, "path_length_cm": 0.0, "cumulative_reward": -0.4000000000000002}, "token_totals": {"input": 34101, "output": 2178, "calls": 40}, "finished_at": "2026-04-23T15:45:51.526535+00:00"}