{"episode_id": "map_05_middleeast_native_on_0009", "episode_idx": 3, "agent_name": "GhostAgent_3", "SR": 0.0, "SPL": 0.0, "SoftSPL": 0.5393633565777733, "PLR": 0.009759862544673573, "nDTW": 0.00015044321578812922, "CLS": 0.05857262085595245, "steps": 40, "path_length_cm": 60.920964405227, "cumulative_reward": 23.82097858944102, "ended_reason": "max_steps", "metrics": {"SR": 0.0, "SPL": 0.0, "SoftSPL": 0.5393633565777733, "PLR": 0.009759862544673573, "nDTW": 0.00015044321578812922, "CLS": 0.05857262085595245, "path_length_cm": 60.920964405227, "cumulative_reward": 23.82097858944102}, "token_totals": {"input": 389723, "output": 3242, "calls": 40}, "finished_at": "2026-04-22T20:24:42.618617+00:00"}