{"episode_id": "map_04_courtyard_remix_obj_pn_0004", "episode_idx": 9, "agent_name": "GhostAgent_9", "SR": 0.0, "SPL": 0.0, "SoftSPL": 0.7683398886052973, "PLR": 0.13079009521682192, "nDTW": 1.0926550917003535e-05, "CLS": 0.13142936250145276, "steps": 25, "path_length_cm": 845.2113718244291, "cumulative_reward": 771.44578998011, "ended_reason": "success", "metrics": {"SR": 0.0, "SPL": 0.0, "SoftSPL": 0.7683398886052973, "PLR": 0.13079009521682192, "nDTW": 1.0926550917003535e-05, "CLS": 0.13142936250145276, "path_length_cm": 845.2113718244291, "cumulative_reward": 771.44578998011}, "token_totals": {"input": 65341, "output": 2615, "calls": 25}, "finished_at": "2026-04-22T22:32:30.830621+00:00"}