{"episode_id": "map_20_trainstation_native_obj_on_0013", "episode_idx": 3, "agent_name": "GhostAgent_3", "SR": 0.0, "SPL": 0.0, "SoftSPL": 0.0, "PLR": 2.2225353717595673, "nDTW": 3.6656159463976847e-13, "CLS": 0.1136495072498789, "steps": 8, "path_length_cm": 2340.552, "cumulative_reward": -1508.8957259310341, "ended_reason": "no_tool_call", "metrics": {"SR": 0.0, "SPL": 0.0, "SoftSPL": 0.0, "PLR": 2.2225353717595673, "nDTW": 3.6656159463976847e-13, "CLS": 0.1136495072498789, "path_length_cm": 2340.552, "cumulative_reward": -1508.8957259310341}, "token_totals": {"input": 18298, "output": 1303, "calls": 8}, "finished_at": "2026-04-23T17:54:54.277602+00:00"}