{"episode_id": "map_57_gothic_day_invasion_obj_pn_0000", "episode_idx": 9, "agent_name": "GhostAgent_9", "SR": 0.0, "SPL": 0.0, "SoftSPL": 0.0, "PLR": 1.8703378813131244, "nDTW": 0.000165817312723332, "CLS": 0.26064281460383554, "steps": 40, "path_length_cm": 2310.765045604739, "cumulative_reward": 1226.6546118849378, "ended_reason": "max_steps", "metrics": {"SR": 0.0, "SPL": 0.0, "SoftSPL": 0.0, "PLR": 1.8703378813131244, "nDTW": 0.000165817312723332, "CLS": 0.26064281460383554, "path_length_cm": 2310.765045604739, "cumulative_reward": 1226.6546118849378}, "token_totals": {"input": 114539, "output": 5188, "calls": 40}, "finished_at": "2026-04-23T03:15:56.378860+00:00"}