{"episode_id": "map_01_wintertown_native_pn_0014", "episode_idx": 4, "agent_name": "GhostAgent_4", "SR": 1.0, "SPL": 0.9896919307563408, "SoftSPL": 0.9808940355864341, "PLR": 1.010415432240396, "nDTW": 3.9032006809494397e-29, "CLS": 0.742418703775585, "steps": 36, "path_length_cm": 6939.007772602274, "cumulative_reward": 6780.145431811496, "ended_reason": "success", "metrics": {"SR": 1.0, "SPL": 0.9896919307563408, "SoftSPL": 0.9808940355864341, "PLR": 1.010415432240396, "nDTW": 3.9032006809494397e-29, "CLS": 0.742418703775585, "path_length_cm": 6939.007772602274, "cumulative_reward": 6780.145431811496}, "token_totals": {"input": 269118, "output": 7459, "calls": 36}, "finished_at": "2026-04-22T16:50:45.959115+00:00"}