{"episode_id": "map_32_gothic_night_native_on_0009", "episode_idx": 9, "agent_name": "GhostAgent_9", "SR": 0.0, "SPL": 0.0, "SoftSPL": 0.385538142192848, "PLR": 0.48441602994826605, "nDTW": 1.5848054631256189e-09, "CLS": 0.11120594403167346, "steps": 40, "path_length_cm": 3380.942927741527, "cumulative_reward": 2546.091654637703, "ended_reason": "max_steps", "metrics": {"SR": 0.0, "SPL": 0.0, "SoftSPL": 0.385538142192848, "PLR": 0.48441602994826605, "nDTW": 1.5848054631256189e-09, "CLS": 0.11120594403167346, "path_length_cm": 3380.942927741527, "cumulative_reward": 2546.091654637703}, "token_totals": {"input": 109700, "output": 3801, "calls": 40}, "finished_at": "2026-04-23T01:12:41.475251+00:00"}