{"episode_id": "map_47_wintertown_demo01_minimal_obj_pn_0013", "episode_idx": 2, "agent_name": "GhostAgent_2", "SR": 0.0, "SPL": 0.0, "SoftSPL": 0.0, "PLR": 0.16310463366823638, "nDTW": 2.2080738391724574e-11, "CLS": 0.18553813954007622, "steps": 40, "path_length_cm": 347.5400913276047, "cumulative_reward": -327.2851070117049, "ended_reason": "max_steps", "metrics": {"SR": 0.0, "SPL": 0.0, "SoftSPL": 0.0, "PLR": 0.16310463366823638, "nDTW": 2.2080738391724574e-11, "CLS": 0.18553813954007622, "path_length_cm": 347.5400913276047, "cumulative_reward": -327.2851070117049}, "token_totals": {"input": 109122, "output": 3028, "calls": 40}, "finished_at": "2026-04-23T02:48:22.793018+00:00"}