{"episode_id": "map_06_hwaseong_native_pn_0000", "episode_idx": 0, "agent_name": "GhostAgent_0", "SR": 0.0, "SPL": 0.0, "SoftSPL": 0.19871212157120388, "PLR": 0.059980928095087295, "nDTW": 2.003832205808706e-06, "CLS": 0.07784909760961928, "steps": 40, "path_length_cm": 281.7910000000011, "cumulative_reward": 5.076535638748382, "ended_reason": "max_steps", "metrics": {"SR": 0.0, "SPL": 0.0, "SoftSPL": 0.19871212157120388, "PLR": 0.059980928095087295, "nDTW": 2.003832205808706e-06, "CLS": 0.07784909760961928, "path_length_cm": 281.7910000000011, "cumulative_reward": 5.076535638748382}, "token_totals": {"input": 427934, "output": 4098, "calls": 40}, "finished_at": "2026-04-22T19:32:09.396039+00:00"}