{"episode_id": "map_50_B9_sparse_wilderness_on_0009", "episode_idx": 9, "agent_name": "GhostAgent_9", "SR": 0.0, "SPL": 0.0, "SoftSPL": 0.0, "PLR": 7.9136217256626535, "nDTW": 2.06023056e-314, "CLS": 0.014056256707548823, "steps": 40, "path_length_cm": 60396.28619295383, "cumulative_reward": -42907.76857473084, "ended_reason": "max_steps", "metrics": {"SR": 0.0, "SPL": 0.0, "SoftSPL": 0.0, "PLR": 7.9136217256626535, "nDTW": 2.06023056e-314, "CLS": 0.014056256707548823, "path_length_cm": 60396.28619295383, "cumulative_reward": -42907.76857473084}, "token_totals": {"input": 118732, "output": 4278, "calls": 40}, "finished_at": "2026-04-23T14:18:08.223545+00:00"}