{"episode_id": "map_26_courtyard_overcast_native_obj_pn_0007", "episode_idx": 0, "agent_name": "GhostAgent_0", "SR": 0.0, "SPL": 0.0, "SoftSPL": 0.32051896390001466, "PLR": 0.0, "nDTW": 0.0006322139903149187, "CLS": 0.05131615757843339, "steps": 0, "path_length_cm": 0.0, "cumulative_reward": 0.0, "ended_reason": "spawn_blocked", "metrics": {"SR": 0.0, "SPL": 0.0, "SoftSPL": 0.32051896390001466, "PLR": 0.0, "nDTW": 0.0006322139903149187, "CLS": 0.05131615757843339, "path_length_cm": 0.0, "cumulative_reward": 0.0}, "token_totals": {"input": 0, "output": 0, "calls": 0}, "finished_at": "2026-04-23T18:44:23.938360+00:00"}