{"episode_id": "map_11_wintertown_demo01_remix_pn_0000", "episode_idx": 0, "agent_name": "GhostAgent_0", "SR": 0.0, "SPL": 0.0, "SoftSPL": 0.6288550562702382, "PLR": 1.1898205300513758, "nDTW": 7.528005056272883e-43, "CLS": 0.09982681754976451, "steps": 40, "path_length_cm": 8643.296563889313, "cumulative_reward": 5567.149969174461, "ended_reason": "max_steps", "metrics": {"SR": 0.0, "SPL": 0.0, "SoftSPL": 0.6288550562702382, "PLR": 1.1898205300513758, "nDTW": 7.528005056272883e-43, "CLS": 0.09982681754976451, "path_length_cm": 8643.296563889313, "cumulative_reward": 5567.149969174461}, "token_totals": {"input": 116861, "output": 4589, "calls": 40}, "finished_at": "2026-04-22T23:07:56.951923+00:00"}