{"episode_id": "map_61_containeryard_day_big_remix_obj_on_0018", "episode_idx": 6, "agent_name": "GhostAgent_6", "SR": 0.0, "SPL": 0.0, "SoftSPL": 0.0, "PLR": 0.49179938385311034, "nDTW": 1.6476534144437507e-26, "CLS": 0.2693462836022799, "steps": 40, "path_length_cm": 509.214000035349, "cumulative_reward": -238.57095591290067, "ended_reason": "max_steps", "metrics": {"SR": 0.0, "SPL": 0.0, "SoftSPL": 0.0, "PLR": 0.49179938385311034, "nDTW": 1.6476534144437507e-26, "CLS": 0.2693462836022799, "path_length_cm": 509.214000035349, "cumulative_reward": -238.57095591290067}, "token_totals": {"input": 36388, "output": 2583, "calls": 40}, "finished_at": "2026-04-23T17:03:17.885401+00:00"}