{"episode_id": "map_10_B1_urban_grid_on_0005", "episode_idx": 5, "agent_name": "GhostAgent_5", "SR": 0.0, "SPL": 0.0, "SoftSPL": 0.6664243432926816, "PLR": 1.4075502055741977, "nDTW": 1.0290020452793258e-24, "CLS": 0.32806714785367214, "steps": 40, "path_length_cm": 6423.017551088514, "cumulative_reward": 3815.522878607657, "ended_reason": "max_steps", "metrics": {"SR": 0.0, "SPL": 0.0, "SoftSPL": 0.6664243432926816, "PLR": 1.4075502055741977, "nDTW": 1.0290020452793258e-24, "CLS": 0.32806714785367214, "path_length_cm": 6423.017551088514, "cumulative_reward": 3815.522878607657}, "token_totals": {"input": 113398, "output": 3832, "calls": 40}, "finished_at": "2026-04-23T12:58:19.918511+00:00"}