{"episode_id": "map_45_B7_park_with_paths_obj_pn_0004", "episode_idx": 4, "agent_name": "GhostAgent_4", "SR": 0.0, "SPL": 0.0, "SoftSPL": 0.39056657469646217, "PLR": 2.187359237660068, "nDTW": 5.2926814268485654e-55, "CLS": 0.12720962684625364, "steps": 40, "path_length_cm": 8591.115889018436, "cumulative_reward": 3360.6658955642056, "ended_reason": "max_steps", "metrics": {"SR": 0.0, "SPL": 0.0, "SoftSPL": 0.39056657469646217, "PLR": 2.187359237660068, "nDTW": 5.2926814268485654e-55, "CLS": 0.12720962684625364, "path_length_cm": 8591.115889018436, "cumulative_reward": 3360.6658955642056}, "token_totals": {"input": 126715, "output": 7016, "calls": 40}, "finished_at": "2026-04-23T19:32:11.780268+00:00"}