{"episode_id": "map_05_middleeast_native_on_0000", "episode_idx": 0, "agent_name": "GhostAgent_0", "SR": 0.0, "SPL": 0.0, "SoftSPL": 0.2712665980674375, "PLR": 2.553305500862749, "nDTW": 1.0620563176947043e-11, "CLS": 0.15473588199023824, "steps": 40, "path_length_cm": 4742.433038137444, "cumulative_reward": 1056.7537327436232, "ended_reason": "max_steps", "metrics": {"SR": 0.0, "SPL": 0.0, "SoftSPL": 0.2712665980674375, "PLR": 2.553305500862749, "nDTW": 1.0620563176947043e-11, "CLS": 0.15473588199023824, "path_length_cm": 4742.433038137444, "cumulative_reward": 1056.7537327436232}, "token_totals": {"input": 466336, "output": 6075, "calls": 40}, "finished_at": "2026-04-22T20:03:10.000238+00:00"}