{"episode_id": "map_18_cave_native_on_0002", "episode_idx": 2, "agent_name": "GhostAgent_2", "SR": 1.0, "SPL": 1.0, "SoftSPL": 0.833574200459681, "PLR": 0.9612220358759169, "nDTW": 0.018613652919637316, "CLS": 0.5202520863566648, "steps": 6, "path_length_cm": 1017.7995649075733, "cumulative_reward": 885.0827025409461, "ended_reason": "success", "metrics": {"SR": 1.0, "SPL": 1.0, "SoftSPL": 0.833574200459681, "PLR": 0.9612220358759169, "nDTW": 0.018613652919637316, "CLS": 0.5202520863566648, "path_length_cm": 1017.7995649075733, "cumulative_reward": 885.0827025409461}, "token_totals": {"input": 11296, "output": 1010, "calls": 6}, "finished_at": "2026-04-23T16:57:38.525559+00:00"}