{"episode_id": "map_65_hwaseong_ceremonial_on_0001", "episode_idx": 1, "agent_name": "GhostAgent_1", "SR": 0.0, "SPL": 0.0, "SoftSPL": 0.34424538209810246, "PLR": 0.27732865697253534, "nDTW": 1.924437452598243e-12, "CLS": 0.052356964173589565, "steps": 40, "path_length_cm": 1786.1906809630084, "cumulative_reward": 1783.7919630737251, "ended_reason": "max_steps", "metrics": {"SR": 0.0, "SPL": 0.0, "SoftSPL": 0.34424538209810246, "PLR": 0.27732865697253534, "nDTW": 1.924437452598243e-12, "CLS": 0.052356964173589565, "path_length_cm": 1786.1906809630084, "cumulative_reward": 1783.7919630737251}, "token_totals": {"input": 108954, "output": 4468, "calls": 40}, "finished_at": "2026-04-23T03:37:35.461493+00:00"}