{"episode_id": "map_40_B2_open_plaza_obj_pn_0001", "episode_idx": 1, "agent_name": "GhostAgent_1", "SR": 0.0, "SPL": 0.0, "SoftSPL": 0.0, "PLR": 2.5693478627016026, "nDTW": 3.949198830297586e-50, "CLS": 0.05389920193220449, "steps": 40, "path_length_cm": 7838.797700837692, "cumulative_reward": -603.5684774003698, "ended_reason": "max_steps", "metrics": {"SR": 0.0, "SPL": 0.0, "SoftSPL": 0.0, "PLR": 2.5693478627016026, "nDTW": 3.949198830297586e-50, "CLS": 0.05389920193220449, "path_length_cm": 7838.797700837692, "cumulative_reward": -603.5684774003698}, "token_totals": {"input": 120037, "output": 5067, "calls": 40}, "finished_at": "2026-04-23T16:36:21.275925+00:00"}