{"episode_id": "map_61_containeryard_day_big_remix_obj_pn_0004", "episode_idx": 1, "agent_name": "GhostAgent_1", "SR": 0.0, "SPL": 0.0, "SoftSPL": 0.0, "PLR": 0.2353606937678233, "nDTW": 4.77682047424155e-15, "CLS": 0.32734779511521284, "steps": 40, "path_length_cm": 298.8068759868154, "cumulative_reward": -192.79148204462217, "ended_reason": "max_steps", "metrics": {"SR": 0.0, "SPL": 0.0, "SoftSPL": 0.0, "PLR": 0.2353606937678233, "nDTW": 4.77682047424155e-15, "CLS": 0.32734779511521284, "path_length_cm": 298.8068759868154, "cumulative_reward": -192.79148204462217}, "token_totals": {"input": 32612, "output": 1786, "calls": 40}, "finished_at": "2026-04-23T16:30:51.497994+00:00"}