{"episode_id": "map_16_hwaseong_remix_pn_0007", "episode_idx": 4, "agent_name": "GhostAgent_4", "SR": 0.0, "SPL": 0.0, "SoftSPL": 0.10776856959797176, "PLR": 0.39924413480077364, "nDTW": 2.203782276009075e-12, "CLS": 0.07904761184066401, "steps": 40, "path_length_cm": 2824.612329301993, "cumulative_reward": 2079.3449460905745, "ended_reason": "max_steps", "metrics": {"SR": 0.0, "SPL": 0.0, "SoftSPL": 0.10776856959797176, "PLR": 0.39924413480077364, "nDTW": 2.203782276009075e-12, "CLS": 0.07904761184066401, "path_length_cm": 2824.612329301993, "cumulative_reward": 2079.3449460905745}, "token_totals": {"input": 119473, "output": 5651, "calls": 40}, "finished_at": "2026-04-23T15:43:17.435703+00:00"}