{"episode_id": "map_68_B13_suburban_park_pn_0007", "episode_idx": 7, "agent_name": "GhostAgent_7", "SR": 0.0, "SPL": 0.0, "SoftSPL": 0.0, "PLR": 1.3912791548583667, "nDTW": 3.771983362170473e-280, "CLS": 0.17969075374057053, "steps": 40, "path_length_cm": 8365.372, "cumulative_reward": -8352.095418576928, "ended_reason": "max_steps", "metrics": {"SR": 0.0, "SPL": 0.0, "SoftSPL": 0.0, "PLR": 1.3912791548583667, "nDTW": 3.771983362170473e-280, "CLS": 0.17969075374057053, "path_length_cm": 8365.372, "cumulative_reward": -8352.095418576928}, "token_totals": {"input": 127013, "output": 6448, "calls": 40}, "finished_at": "2026-04-23T05:01:21.362364+00:00"}