{"episode_id": "map_57_gothic_day_invasion_pn_0002", "episode_idx": 2, "agent_name": "GhostAgent_2", "SR": 0.0, "SPL": 0.0, "SoftSPL": 0.0, "PLR": 0.06005702097592725, "nDTW": 3.993729968603571e-08, "CLS": 0.13905840249757484, "steps": 40, "path_length_cm": 318.5310284223327, "cumulative_reward": 255.1685113816784, "ended_reason": "max_steps", "metrics": {"SR": 0.0, "SPL": 0.0, "SoftSPL": 0.0, "PLR": 0.06005702097592725, "nDTW": 3.993729968603571e-08, "CLS": 0.13905840249757484, "path_length_cm": 318.5310284223327, "cumulative_reward": 255.1685113816784}, "token_totals": {"input": 120093, "output": 8216, "calls": 40}, "finished_at": "2026-04-23T02:58:47.684645+00:00"}