{"episode_id": "map_34_temple_plaza_native_pn_0009", "episode_idx": 9, "agent_name": "GhostAgent_9", "SR": 0.0, "SPL": 0.0, "SoftSPL": 0.5073725065054226, "PLR": 0.08266568237759277, "nDTW": 8.321765343971475e-07, "CLS": 0.08728151548158265, "steps": 40, "path_length_cm": 402.009, "cumulative_reward": -20.770026645070597, "ended_reason": "max_steps", "metrics": {"SR": 0.0, "SPL": 0.0, "SoftSPL": 0.5073725065054226, "PLR": 0.08266568237759277, "nDTW": 8.321765343971475e-07, "CLS": 0.08728151548158265, "path_length_cm": 402.009, "cumulative_reward": -20.770026645070597}, "token_totals": {"input": 39745, "output": 3814, "calls": 40}, "finished_at": "2026-04-23T15:33:32.936949+00:00"}