{"episode_id": "map_49_courtyard_sunny_packed_obj_on_0015", "episode_idx": 2, "agent_name": "GhostAgent_2", "SR": 0.0, "SPL": 0.0, "SoftSPL": 0.7942644952540633, "PLR": 0.0, "nDTW": 0.001658912025280238, "CLS": 0.037022826248685324, "steps": 0, "path_length_cm": 0.0, "cumulative_reward": 0.0, "ended_reason": "spawn_blocked", "metrics": {"SR": 0.0, "SPL": 0.0, "SoftSPL": 0.7942644952540633, "PLR": 0.0, "nDTW": 0.001658912025280238, "CLS": 0.037022826248685324, "path_length_cm": 0.0, "cumulative_reward": 0.0}, "token_totals": {"input": 0, "output": 0, "calls": 0}, "finished_at": "2026-04-23T18:51:21.213237+00:00"}