{"episode_id": "map_06_hwaseong_native_obj_pn_0016", "episode_idx": 2, "agent_name": "GhostAgent_2", "SR": 0.0, "SPL": 0.0, "SoftSPL": 0.7902234946962502, "PLR": 0.9584363616800491, "nDTW": 0.0001970902547327885, "CLS": 0.4158461135780491, "steps": 40, "path_length_cm": 5221.858413705028, "cumulative_reward": 4800.967469964316, "ended_reason": "max_steps", "metrics": {"SR": 0.0, "SPL": 0.0, "SoftSPL": 0.7902234946962502, "PLR": 0.9584363616800491, "nDTW": 0.0001970902547327885, "CLS": 0.4158461135780491, "path_length_cm": 5221.858413705028, "cumulative_reward": 4800.967469964316}, "token_totals": {"input": 118392, "output": 5759, "calls": 40}, "finished_at": "2026-04-23T15:30:18.831248+00:00"}