{"episode_id": "map_08_cave_remix_on_0015", "episode_idx": 5, "agent_name": "GhostAgent_5", "SR": 0.0, "SPL": 0.0, "SoftSPL": 0.1390843038758216, "PLR": 6.114260878599731e-06, "nDTW": 9.41930126232866e-05, "CLS": 0.08564559401735672, "steps": 40, "path_length_cm": 0.045011109739552496, "cumulative_reward": -0.40874171878513177, "ended_reason": "max_steps", "metrics": {"SR": 0.0, "SPL": 0.0, "SoftSPL": 0.1390843038758216, "PLR": 6.114260878599731e-06, "nDTW": 9.41930126232866e-05, "CLS": 0.08564559401735672, "path_length_cm": 0.045011109739552496, "cumulative_reward": -0.40874171878513177}, "token_totals": {"input": 33211, "output": 1963, "calls": 40}, "finished_at": "2026-04-23T14:56:21.003755+00:00"}