{"episode_id": "map_13_watertown_native_on_0018", "episode_idx": 8, "agent_name": "GhostAgent_8", "SR": 0.0, "SPL": 0.0, "SoftSPL": 0.13545038797568426, "PLR": 2.093265960499162, "nDTW": 1.5316456637253692e-66, "CLS": 0.0530859299317555, "steps": 40, "path_length_cm": 9572.986688533581, "cumulative_reward": 1257.3216403377733, "ended_reason": "max_steps", "metrics": {"SR": 0.0, "SPL": 0.0, "SoftSPL": 0.13545038797568426, "PLR": 2.093265960499162, "nDTW": 1.5316456637253692e-66, "CLS": 0.0530859299317555, "path_length_cm": 9572.986688533581, "cumulative_reward": 1257.3216403377733}, "token_totals": {"input": 130032, "output": 7222, "calls": 40}, "finished_at": "2026-04-23T17:06:59.998111+00:00"}