{
  "map": "map_36_dungeon_native",
  "n": 40,
  "SR": 0.5,
  "SPL": 0.36581368362704025,
  "SoftSPL": 0.4806902134786645,
  "nDTW": 0.025522473881558698,
  "avg_steps": 23.025
}