{"episode_id": "map_47_wintertown_demo01_minimal_on_0013", "episode_idx": 3, "agent_name": "GhostAgent_3", "SR": 0.0, "SPL": 0.0, "SoftSPL": 0.0, "PLR": 2.902175425179124, "nDTW": 5.587847761493833e-91, "CLS": 0.08631020251788325, "steps": 40, "path_length_cm": 8149.018376360463, "cumulative_reward": -1009.5813320297522, "ended_reason": "max_steps", "metrics": {"SR": 0.0, "SPL": 0.0, "SoftSPL": 0.0, "PLR": 2.902175425179124, "nDTW": 5.587847761493833e-91, "CLS": 0.08631020251788325, "path_length_cm": 8149.018376360463, "cumulative_reward": -1009.5813320297522}, "token_totals": {"input": 123775, "output": 5971, "calls": 40}, "finished_at": "2026-04-23T01:44:15.742340+00:00"}