{"episode_id": "map_68_B13_suburban_park_pn_0004", "episode_idx": 4, "agent_name": "GhostAgent_4", "SR": 0.0, "SPL": 0.0, "SoftSPL": 0.47049765276688227, "PLR": 1.0919369715603382, "nDTW": 4.519243550729635e-48, "CLS": 0.10883006585439482, "steps": 40, "path_length_cm": 4403.891, "cumulative_reward": 2066.1797132168545, "ended_reason": "max_steps", "metrics": {"SR": 0.0, "SPL": 0.0, "SoftSPL": 0.47049765276688227, "PLR": 1.0919369715603382, "nDTW": 4.519243550729635e-48, "CLS": 0.10883006585439482, "path_length_cm": 4403.891, "cumulative_reward": 2066.1797132168545}, "token_totals": {"input": 119711, "output": 5127, "calls": 40}, "finished_at": "2026-04-23T05:01:21.361187+00:00"}