{"episode_id": "map_28_village_night_native_on_0002", "episode_idx": 2, "agent_name": "GhostAgent_2", "SR": 0.0, "SPL": 0.0, "SoftSPL": 0.0, "PLR": 0.15496573266388086, "nDTW": 3.190907235581714e-14, "CLS": 0.29588788590873477, "steps": 40, "path_length_cm": 268.39600000186175, "cumulative_reward": -231.34164391257605, "ended_reason": "max_steps", "metrics": {"SR": 0.0, "SPL": 0.0, "SoftSPL": 0.0, "PLR": 0.15496573266388086, "nDTW": 3.190907235581714e-14, "CLS": 0.29588788590873477, "path_length_cm": 268.39600000186175, "cumulative_reward": -231.34164391257605}, "token_totals": {"input": 113241, "output": 4947, "calls": 40}, "finished_at": "2026-04-23T00:37:31.658134+00:00"}