{"episode_id": "map_11_wintertown_demo01_remix_obj_on_0014", "episode_idx": 4, "agent_name": "GhostAgent_4", "SR": 0.0, "SPL": 0.0, "SoftSPL": 0.7941834429909892, "PLR": 1.0117352807682851, "nDTW": 5.853350444002715e-24, "CLS": 0.047499311278879124, "steps": 40, "path_length_cm": 8037.204835717642, "cumulative_reward": 6320.4666109497675, "ended_reason": "max_steps", "metrics": {"SR": 0.0, "SPL": 0.0, "SoftSPL": 0.7941834429909892, "PLR": 1.0117352807682851, "nDTW": 5.853350444002715e-24, "CLS": 0.047499311278879124, "path_length_cm": 8037.204835717642, "cumulative_reward": 6320.4666109497675}, "token_totals": {"input": 117040, "output": 3956, "calls": 40}, "finished_at": "2026-04-22T23:56:13.539741+00:00"}