{"episode_id": "map_42_B4_industrial_yard_on_0000", "episode_idx": 0, "agent_name": "GhostAgent_0", "SR": 1.0, "SPL": 1.0, "SoftSPL": 0.9599138494727283, "PLR": 0.9612223619572445, "nDTW": 0.0001275977960412164, "CLS": 0.4096581999565698, "steps": 10, "path_length_cm": 3562.386195649744, "cumulative_reward": 3559.3975692913773, "ended_reason": "success", "metrics": {"SR": 1.0, "SPL": 1.0, "SoftSPL": 0.9599138494727283, "PLR": 0.9612223619572445, "nDTW": 0.0001275977960412164, "CLS": 0.4096581999565698, "path_length_cm": 3562.386195649744, "cumulative_reward": 3559.3975692913773}, "token_totals": {"input": 7343, "output": 509, "calls": 10}, "finished_at": "2026-04-23T15:54:15.636602+00:00"}