{"episode_id": "map_03_watertown_remix_pn_0012", "episode_idx": 2, "agent_name": "GhostAgent_2", "SR": 0.0, "SPL": 0.0, "SoftSPL": 0.0, "PLR": 2.025724831957404, "nDTW": 4.061569979662282e-99, "CLS": 0.12341458260737052, "steps": 40, "path_length_cm": 5094.576408882955, "cumulative_reward": -1330.29623139315, "ended_reason": "max_steps", "metrics": {"SR": 0.0, "SPL": 0.0, "SoftSPL": 0.0, "PLR": 2.025724831957404, "nDTW": 4.061569979662282e-99, "CLS": 0.12341458260737052, "path_length_cm": 5094.576408882955, "cumulative_reward": -1330.29623139315}, "token_totals": {"input": 515979, "output": 9109, "calls": 40}, "finished_at": "2026-04-22T20:04:07.226219+00:00"}