{"episode_id": "map_56_containeryard_settlement_obj_pn_0011", "episode_idx": 8, "agent_name": "GhostAgent_8", "SR": 0.0, "SPL": 0.0, "SoftSPL": 0.0, "PLR": 0.0, "nDTW": 0.000565599726792546, "CLS": 0.25000007997576273, "steps": 40, "path_length_cm": 0.0, "cumulative_reward": -0.4000000000000002, "ended_reason": "max_steps", "metrics": {"SR": 0.0, "SPL": 0.0, "SoftSPL": 0.0, "PLR": 0.0, "nDTW": 0.000565599726792546, "CLS": 0.25000007997576273, "path_length_cm": 0.0, "cumulative_reward": -0.4000000000000002}, "token_totals": {"input": 35025, "output": 2465, "calls": 40}, "finished_at": "2026-04-23T18:59:57.011938+00:00"}