{"episode_id": "map_31_gothic_day_remix_pn_0005", "episode_idx": 5, "agent_name": "GhostAgent_5", "SR": 0.0, "SPL": 0.0, "SoftSPL": 0.0, "PLR": 0.8166196402709758, "nDTW": 1.564924351421953e-07, "CLS": 0.40799649074044547, "steps": 40, "path_length_cm": 4165.397128701387, "cumulative_reward": 3624.1867818062674, "ended_reason": "max_steps", "metrics": {"SR": 0.0, "SPL": 0.0, "SoftSPL": 0.0, "PLR": 0.8166196402709758, "nDTW": 1.564924351421953e-07, "CLS": 0.40799649074044547, "path_length_cm": 4165.397128701387, "cumulative_reward": 3624.1867818062674}, "token_totals": {"input": 108779, "output": 3473, "calls": 40}, "finished_at": "2026-04-23T00:28:54.987430+00:00"}