{"episode_id": "map_08_cave_remix_obj_on_0011", "episode_idx": 9, "agent_name": "GhostAgent_9", "SR": 0.0, "SPL": 0.0, "SoftSPL": 0.004887142793247867, "PLR": 0.06690770274250114, "nDTW": 1.5228869427648412e-10, "CLS": 0.12078875344959188, "steps": 40, "path_length_cm": 299.8829999999998, "cumulative_reward": 11.180410782840779, "ended_reason": "max_steps", "metrics": {"SR": 0.0, "SPL": 0.0, "SoftSPL": 0.004887142793247867, "PLR": 0.06690770274250114, "nDTW": 1.5228869427648412e-10, "CLS": 0.12078875344959188, "path_length_cm": 299.8829999999998, "cumulative_reward": 11.180410782840779}, "token_totals": {"input": 36795, "output": 2887, "calls": 40}, "finished_at": "2026-04-23T15:06:20.571726+00:00"}