{"episode_id": "map_09b_wintertown_demo02_obj_pn_0013", "episode_idx": 2, "agent_name": "GhostAgent_2", "SR": 0.0, "SPL": 0.0, "SoftSPL": 0.43658016198403105, "PLR": 1.4411280924500807, "nDTW": 2.560298218427832e-24, "CLS": 0.014568729009799433, "steps": 40, "path_length_cm": 10311.300324042177, "cumulative_reward": 3527.8847050772765, "ended_reason": "max_steps", "metrics": {"SR": 0.0, "SPL": 0.0, "SoftSPL": 0.43658016198403105, "PLR": 1.4411280924500807, "nDTW": 2.560298218427832e-24, "CLS": 0.014568729009799433, "path_length_cm": 10311.300324042177, "cumulative_reward": 3527.8847050772765}, "token_totals": {"input": 128768, "output": 7446, "calls": 40}, "finished_at": "2026-04-22T23:28:31.808085+00:00"}