{"episode_id": "map_40_B2_open_plaza_obj_on_0015", "episode_idx": 5, "agent_name": "GhostAgent_5", "SR": 0.0, "SPL": 0.0, "SoftSPL": 0.0661429908248923, "PLR": 5.000580712634029, "nDTW": 2.72999645739958e-42, "CLS": 0.05132543382544568, "steps": 40, "path_length_cm": 9474.050212349306, "cumulative_reward": 626.2445411153718, "ended_reason": "max_steps", "metrics": {"SR": 0.0, "SPL": 0.0, "SoftSPL": 0.0661429908248923, "PLR": 5.000580712634029, "nDTW": 2.72999645739958e-42, "CLS": 0.05132543382544568, "path_length_cm": 9474.050212349306, "cumulative_reward": 626.2445411153718}, "token_totals": {"input": 136519, "output": 9486, "calls": 40}, "finished_at": "2026-04-23T02:11:58.283580+00:00"}