{"episode_id": "map_06_hwaseong_native_obj_on_0006", "episode_idx": 1, "agent_name": "GhostAgent_1", "SR": 0.0, "SPL": 0.0, "SoftSPL": 0.21559710872116708, "PLR": 0.9448561166011056, "nDTW": 1.7748695493869265e-48, "CLS": 0.11759580020607545, "steps": 22, "path_length_cm": 6913.039777111989, "cumulative_reward": 1576.6534030393125, "ended_reason": "no_tool_call", "metrics": {"SR": 0.0, "SPL": 0.0, "SoftSPL": 0.21559710872116708, "PLR": 0.9448561166011056, "nDTW": 1.7748695493869265e-48, "CLS": 0.11759580020607545, "path_length_cm": 6913.039777111989, "cumulative_reward": 1576.6534030393125}, "token_totals": {"input": 69000, "output": 4612, "calls": 22}, "finished_at": "2026-04-23T14:20:05.483425+00:00"}