{"episode_id": "map_15_middleeast_remix_obj_pn_0001", "episode_idx": 1, "agent_name": "GhostAgent_1", "SR": 0.0, "SPL": 0.0, "SoftSPL": 0.0, "PLR": 0.0, "nDTW": 8.001558532775653e-06, "CLS": 0.25000000001600625, "steps": 40, "path_length_cm": 0.0, "cumulative_reward": -0.4000000000000002, "ended_reason": "max_steps", "metrics": {"SR": 0.0, "SPL": 0.0, "SoftSPL": 0.0, "PLR": 0.0, "nDTW": 8.001558532775653e-06, "CLS": 0.25000000001600625, "path_length_cm": 0.0, "cumulative_reward": -0.4000000000000002}, "token_totals": {"input": 34769, "output": 2459, "calls": 40}, "finished_at": "2026-04-23T15:00:14.679051+00:00"}