{"episode_id": "map_49_courtyard_sunny_packed_on_0017", "episode_idx": 3, "agent_name": "GhostAgent_3", "SR": 0.0, "SPL": 0.0, "SoftSPL": 0.43203914016235795, "PLR": 0.0, "nDTW": 0.009851967702139008, "CLS": 0.0734119607255696, "steps": 0, "path_length_cm": 0.0, "cumulative_reward": 0.0, "ended_reason": "spawn_blocked", "metrics": {"SR": 0.0, "SPL": 0.0, "SoftSPL": 0.43203914016235795, "PLR": 0.0, "nDTW": 0.009851967702139008, "CLS": 0.0734119607255696, "path_length_cm": 0.0, "cumulative_reward": 0.0}, "token_totals": {"input": 0, "output": 0, "calls": 0}, "finished_at": "2026-04-23T18:41:59.667322+00:00"}