{"episode_id": "map_68_B13_suburban_park_on_0003", "episode_idx": 3, "agent_name": "GhostAgent_3", "SR": 0.0, "SPL": 0.0, "SoftSPL": 0.31494080287192916, "PLR": 1.4718518683762936, "nDTW": 5.710201045374743e-172, "CLS": 0.1698540496395738, "steps": 40, "path_length_cm": 11628.086034251917, "cumulative_reward": 3661.756508059886, "ended_reason": "max_steps", "metrics": {"SR": 0.0, "SPL": 0.0, "SoftSPL": 0.31494080287192916, "PLR": 1.4718518683762936, "nDTW": 5.710201045374743e-172, "CLS": 0.1698540496395738, "path_length_cm": 11628.086034251917, "cumulative_reward": 3661.756508059886}, "token_totals": {"input": 128065, "output": 7338, "calls": 40}, "finished_at": "2026-04-23T04:00:24.146832+00:00"}