{"episode_id": "map_36_dungeon_native_pn_0011", "episode_idx": 1, "agent_name": "GhostAgent_1", "SR": 0.0, "SPL": 0.0, "SoftSPL": 0.014292320225542818, "PLR": 2.5332069864014435, "nDTW": 8.424786548002433e-20, "CLS": 0.18297651882493593, "steps": 40, "path_length_cm": 6834.440456891911, "cumulative_reward": 1620.9644567947796, "ended_reason": "max_steps", "metrics": {"SR": 0.0, "SPL": 0.0, "SoftSPL": 0.014292320225542818, "PLR": 2.5332069864014435, "nDTW": 8.424786548002433e-20, "CLS": 0.18297651882493593, "path_length_cm": 6834.440456891911, "cumulative_reward": 1620.9644567947796}, "token_totals": {"input": 119181, "output": 6192, "calls": 40}, "finished_at": "2026-04-23T01:02:13.509025+00:00"}