{"episode_id": "map_19_wintertown_demo02_native_on_0006", "episode_idx": 6, "agent_name": "GhostAgent_6", "SR": 0.0, "SPL": 0.0, "SoftSPL": 0.36440446571170043, "PLR": 1.7254781094359541, "nDTW": 4.35397307021922e-35, "CLS": 0.07130578809946103, "steps": 40, "path_length_cm": 10887.00766017272, "cumulative_reward": 3957.971781136146, "ended_reason": "max_steps", "metrics": {"SR": 0.0, "SPL": 0.0, "SoftSPL": 0.36440446571170043, "PLR": 1.7254781094359541, "nDTW": 4.35397307021922e-35, "CLS": 0.07130578809946103, "path_length_cm": 10887.00766017272, "cumulative_reward": 3957.971781136146}, "token_totals": {"input": 123328, "output": 6019, "calls": 40}, "finished_at": "2026-04-22T23:37:15.218862+00:00"}