{"episode_id": "map_53_courtyard_sanny_big_remix_on_0009", "episode_idx": 9, "agent_name": "GhostAgent_9", "SR": 1.0, "SPL": 0.9642774098034343, "SoftSPL": 0.9100098116055318, "PLR": 1.0370459681346758, "nDTW": 0.05172600765828476, "CLS": 0.5040168971702559, "steps": 7, "path_length_cm": 1135.0675530427652, "cumulative_reward": 1008.3232995247542, "ended_reason": "success", "metrics": {"SR": 1.0, "SPL": 0.9642774098034343, "SoftSPL": 0.9100098116055318, "PLR": 1.0370459681346758, "nDTW": 0.05172600765828476, "CLS": 0.5040168971702559, "path_length_cm": 1135.0675530427652, "cumulative_reward": 1008.3232995247542}, "token_totals": {"input": 13593, "output": 739, "calls": 7}, "finished_at": "2026-04-23T14:20:55.449188+00:00"}