{"episode_id": "map_13_watertown_native_pn_0002", "episode_idx": 2, "agent_name": "GhostAgent_2", "SR": 0.0, "SPL": 0.0, "SoftSPL": 0.012552145443544771, "PLR": 0.36291909823378316, "nDTW": 1.1174060915814066e-55, "CLS": 0.39241483979022174, "steps": 40, "path_length_cm": 2833.080760879258, "cumulative_reward": 97.59155959781096, "ended_reason": "max_steps", "metrics": {"SR": 0.0, "SPL": 0.0, "SoftSPL": 0.012552145443544771, "PLR": 0.36291909823378316, "nDTW": 1.1174060915814066e-55, "CLS": 0.39241483979022174, "path_length_cm": 2833.080760879258, "cumulative_reward": 97.59155959781096}, "token_totals": {"input": 124193, "output": 7240, "calls": 40}, "finished_at": "2026-04-23T18:06:42.724981+00:00"}