{"episode_id": "map_43_B5_residential_courtyard_on_0003", "episode_idx": 3, "agent_name": "GhostAgent_3", "SR": 0.0, "SPL": 0.0, "SoftSPL": 0.8511250347812248, "PLR": 0.8553181835306913, "nDTW": 0.8511250347812248, "CLS": 0.8511250347812248, "steps": 40, "path_length_cm": 5221.555, "cumulative_reward": 5195.559065255318, "ended_reason": "max_steps", "metrics": {"SR": 0.0, "SPL": 0.0, "SoftSPL": 0.8511250347812248, "PLR": 0.8553181835306913, "nDTW": 0.8511250347812248, "CLS": 0.8511250347812248, "path_length_cm": 5221.555, "cumulative_reward": 5195.559065255318}, "token_totals": {"input": 37696, "output": 3202, "calls": 40}, "finished_at": "2026-04-23T20:06:22.241248+00:00"}