{"episode_id": "map_27_courtyard_overcast_remix_pn_0000", "episode_idx": 0, "agent_name": "GhostAgent_0", "SR": 0.0, "SPL": 0.0, "SoftSPL": 0.1489097268077032, "PLR": 0.0, "nDTW": 0.010125628689648496, "CLS": 0.09455215513094353, "steps": 40, "path_length_cm": 0.0, "cumulative_reward": -0.4000000000000002, "ended_reason": "max_steps", "metrics": {"SR": 0.0, "SPL": 0.0, "SoftSPL": 0.1489097268077032, "PLR": 0.0, "nDTW": 0.010125628689648496, "CLS": 0.09455215513094353, "path_length_cm": 0.0, "cumulative_reward": -0.4000000000000002}, "token_totals": {"input": 33092, "output": 1932, "calls": 40}, "finished_at": "2026-04-23T15:21:20.864400+00:00"}