{"episode_id": "map_37_dungeon_remix_pn_0011", "episode_idx": 1, "agent_name": "GhostAgent_1", "SR": 0.0, "SPL": 0.0, "SoftSPL": 0.0, "PLR": 1.6606675399554855, "nDTW": 5.892601408697488e-27, "CLS": 0.28008045349009164, "steps": 40, "path_length_cm": 3328.7582638145723, "cumulative_reward": 1967.874540141518, "ended_reason": "max_steps", "metrics": {"SR": 0.0, "SPL": 0.0, "SoftSPL": 0.0, "PLR": 1.6606675399554855, "nDTW": 5.892601408697488e-27, "CLS": 0.28008045349009164, "path_length_cm": 3328.7582638145723, "cumulative_reward": 1967.874540141518}, "token_totals": {"input": 119783, "output": 6100, "calls": 40}, "finished_at": "2026-04-23T16:27:29.763042+00:00"}