{"episode_id": "map_50_B9_sparse_wilderness_pn_0008", "episode_idx": 8, "agent_name": "GhostAgent_8", "SR": 0.0, "SPL": 0.0, "SoftSPL": 0.1311097514477596, "PLR": 1.7666849963571414, "nDTW": 3.3741866819237893e-91, "CLS": 0.14181396454674902, "steps": 40, "path_length_cm": 5610.708878830864, "cumulative_reward": 735.2214058337863, "ended_reason": "max_steps", "metrics": {"SR": 0.0, "SPL": 0.0, "SoftSPL": 0.1311097514477596, "PLR": 1.7666849963571414, "nDTW": 3.3741866819237893e-91, "CLS": 0.14181396454674902, "path_length_cm": 5610.708878830864, "cumulative_reward": 735.2214058337863}, "token_totals": {"input": 124751, "output": 6380, "calls": 40}, "finished_at": "2026-04-23T19:10:54.945308+00:00"}