{"episode_id": "map_04_courtyard_remix_on_0012", "episode_idx": 4, "agent_name": "GhostAgent_4", "SR": 0.0, "SPL": 0.0, "SoftSPL": 0.6339422194249384, "PLR": 0.04084921082966747, "nDTW": 0.0006515400147894954, "CLS": 0.08660312235467942, "steps": 40, "path_length_cm": 202.93601995702994, "cumulative_reward": -158.83359241802168, "ended_reason": "max_steps", "metrics": {"SR": 0.0, "SPL": 0.0, "SoftSPL": 0.6339422194249384, "PLR": 0.04084921082966747, "nDTW": 0.0006515400147894954, "CLS": 0.08660312235467942, "path_length_cm": 202.93601995702994, "cumulative_reward": -158.83359241802168}, "token_totals": {"input": 480715, "output": 6327, "calls": 40}, "finished_at": "2026-04-22T20:54:54.075753+00:00"}