{"episode_id": "map_26_courtyard_overcast_native_obj_pn_0016", "episode_idx": 6, "agent_name": "GhostAgent_6", "SR": 0.0, "SPL": 0.0, "SoftSPL": 0.42919274656218454, "PLR": 0.08794524710454195, "nDTW": 0.0011567875670002135, "CLS": 0.10474913511850421, "steps": 4, "path_length_cm": 384.45264771750516, "cumulative_reward": -306.123642003525, "ended_reason": "no_tool_call", "metrics": {"SR": 0.0, "SPL": 0.0, "SoftSPL": 0.42919274656218454, "PLR": 0.08794524710454195, "nDTW": 0.0011567875670002135, "CLS": 0.10474913511850421, "path_length_cm": 384.45264771750516, "cumulative_reward": -306.123642003525}, "token_totals": {"input": 5946, "output": 821, "calls": 4}, "finished_at": "2026-04-23T00:55:15.541208+00:00"}