{"episode_id": "map_05_middleeast_native_obj_on_0000", "episode_idx": 4, "agent_name": "GhostAgent_4", "SR": 0.0, "SPL": 0.0, "SoftSPL": 0.30867609612116825, "PLR": 1.0078261052073907, "nDTW": 8.104698873067806e-19, "CLS": 0.069134300095958, "steps": 40, "path_length_cm": 1842.30612031911, "cumulative_reward": 517.0553193698709, "ended_reason": "max_steps", "metrics": {"SR": 0.0, "SPL": 0.0, "SoftSPL": 0.30867609612116825, "PLR": 1.0078261052073907, "nDTW": 8.104698873067806e-19, "CLS": 0.069134300095958, "path_length_cm": 1842.30612031911, "cumulative_reward": 517.0553193698709}, "token_totals": {"input": 472222, "output": 6425, "calls": 40}, "finished_at": "2026-04-22T21:47:32.325249+00:00"}