{"episode_id": "map_05_middleeast_native_obj_on_0010", "episode_idx": 1, "agent_name": "GhostAgent_1", "SR": 0.0, "SPL": 0.0, "SoftSPL": 0.3773343592271228, "PLR": 0.42956131200388703, "nDTW": 4.278021242653872e-14, "CLS": 0.015799546429161378, "steps": 40, "path_length_cm": 3154.3932868250236, "cumulative_reward": 1565.0918716866636, "ended_reason": "max_steps", "metrics": {"SR": 0.0, "SPL": 0.0, "SoftSPL": 0.3773343592271228, "PLR": 0.42956131200388703, "nDTW": 4.278021242653872e-14, "CLS": 0.015799546429161378, "path_length_cm": 3154.3932868250236, "cumulative_reward": 1565.0918716866636}, "token_totals": {"input": 112143, "output": 4119, "calls": 40}, "finished_at": "2026-04-22T22:51:30.501453+00:00"}