{"episode_id": "map_05_middleeast_native_obj_on_0018", "episode_idx": 3, "agent_name": "GhostAgent_3", "SR": 0.0, "SPL": 0.0, "SoftSPL": 0.0006991028762852736, "PLR": 0.0, "nDTW": 6.6539670214243e-05, "CLS": 0.16666855557461638, "steps": 0, "path_length_cm": 0.0, "cumulative_reward": 0.0, "ended_reason": "spawn_blocked", "metrics": {"SR": 0.0, "SPL": 0.0, "SoftSPL": 0.0006991028762852736, "PLR": 0.0, "nDTW": 6.6539670214243e-05, "CLS": 0.16666855557461638, "path_length_cm": 0.0, "cumulative_reward": 0.0}, "token_totals": {"input": 0, "output": 0, "calls": 0}, "finished_at": "2026-04-23T16:29:40.586956+00:00"}