{"episode_id": "map_18_cave_native_on_0018", "episode_idx": 8, "agent_name": "GhostAgent_8", "SR": 0.0, "SPL": 0.0, "SoftSPL": 0.1850549162879197, "PLR": 0.24675382443382873, "nDTW": 0.0009173204286314965, "CLS": 0.2929263177908549, "steps": 40, "path_length_cm": 382.7669999999995, "cumulative_reward": 248.10580919825108, "ended_reason": "max_steps", "metrics": {"SR": 0.0, "SPL": 0.0, "SoftSPL": 0.1850549162879197, "PLR": 0.24675382443382873, "nDTW": 0.0009173204286314965, "CLS": 0.2929263177908549, "path_length_cm": 382.7669999999995, "cumulative_reward": 248.10580919825108}, "token_totals": {"input": 120119, "output": 6528, "calls": 40}, "finished_at": "2026-04-23T17:14:57.107327+00:00"}