{"episode_id": "map_19_wintertown_demo02_native_obj_pn_0003", "episode_idx": 6, "agent_name": "GhostAgent_6", "SR": 0.0, "SPL": 0.0, "SoftSPL": 0.0, "PLR": 1.6639341590895917, "nDTW": 4.05798140239894e-52, "CLS": 0.024050487927715154, "steps": 40, "path_length_cm": 12889.200061822978, "cumulative_reward": -878.6375256034089, "ended_reason": "max_steps", "metrics": {"SR": 0.0, "SPL": 0.0, "SoftSPL": 0.0, "PLR": 1.6639341590895917, "nDTW": 4.05798140239894e-52, "CLS": 0.024050487927715154, "path_length_cm": 12889.200061822978, "cumulative_reward": -878.6375256034089}, "token_totals": {"input": 138204, "output": 9721, "calls": 40}, "finished_at": "2026-04-23T15:28:57.433301+00:00"}