{"episode_id": "map_15_middleeast_remix_obj_pn_0018", "episode_idx": 6, "agent_name": "GhostAgent_6", "SR": 0.0, "SPL": 0.0, "SoftSPL": 0.1322774911126502, "PLR": 0.1331461044924165, "nDTW": 0.0003677354524228676, "CLS": 0.14712237664203656, "steps": 40, "path_length_cm": 790.9184842889873, "cumulative_reward": 61.665040286474955, "ended_reason": "max_steps", "metrics": {"SR": 0.0, "SPL": 0.0, "SoftSPL": 0.1322774911126502, "PLR": 0.1331461044924165, "nDTW": 0.0003677354524228676, "CLS": 0.14712237664203656, "path_length_cm": 790.9184842889873, "cumulative_reward": 61.665040286474955}, "token_totals": {"input": 38437, "output": 3527, "calls": 40}, "finished_at": "2026-04-23T15:09:16.503205+00:00"}