{"episode_id": "map_22_containeryard_demo_native_pn_0000", "episode_idx": 0, "agent_name": "GhostAgent_0", "SR": 0.0, "SPL": 0.0, "SoftSPL": 0.0, "PLR": 0.1598366958177213, "nDTW": 1.5558667315581976e-09, "CLS": 0.19055749573326447, "steps": 40, "path_length_cm": 234.90400000851412, "cumulative_reward": -161.89632584058018, "ended_reason": "max_steps", "metrics": {"SR": 0.0, "SPL": 0.0, "SoftSPL": 0.0, "PLR": 0.1598366958177213, "nDTW": 1.5558667315581976e-09, "CLS": 0.19055749573326447, "path_length_cm": 234.90400000851412, "cumulative_reward": -161.89632584058018}, "token_totals": {"input": 105989, "output": 3723, "calls": 40}, "finished_at": "2026-04-22T23:47:20.261197+00:00"}