{"episode_id": "map_47_wintertown_demo01_minimal_pn_0018", "episode_idx": 7, "agent_name": "GhostAgent_7", "SR": 0.0, "SPL": 0.0, "SoftSPL": 0.11920896023748763, "PLR": 3.3301455058706937, "nDTW": 2.1355310403028764e-52, "CLS": 0.04622411862392577, "steps": 40, "path_length_cm": 10931.402431750905, "cumulative_reward": 1256.65344579523, "ended_reason": "max_steps", "metrics": {"SR": 0.0, "SPL": 0.0, "SoftSPL": 0.11920896023748763, "PLR": 3.3301455058706937, "nDTW": 2.1355310403028764e-52, "CLS": 0.04622411862392577, "path_length_cm": 10931.402431750905, "cumulative_reward": 1256.65344579523}, "token_totals": {"input": 134704, "output": 8871, "calls": 40}, "finished_at": "2026-04-23T01:45:27.565174+00:00"}