{"episode_id": "map_31_gothic_day_remix_obj_on_0009", "episode_idx": 8, "agent_name": "GhostAgent_8", "SR": 0.0, "SPL": 0.0, "SoftSPL": 0.1506248068540491, "PLR": 0.25864508864622154, "nDTW": 2.1987430744625157e-05, "CLS": 0.22184458173747126, "steps": 40, "path_length_cm": 776.4060000000009, "cumulative_reward": 190.94990651474967, "ended_reason": "max_steps", "metrics": {"SR": 0.0, "SPL": 0.0, "SoftSPL": 0.1506248068540491, "PLR": 0.25864508864622154, "nDTW": 2.1987430744625157e-05, "CLS": 0.22184458173747126, "path_length_cm": 776.4060000000009, "cumulative_reward": 190.94990651474967}, "token_totals": {"input": 126382, "output": 7677, "calls": 40}, "finished_at": "2026-04-23T18:32:30.170087+00:00"}