{"episode_id": "map_08_cave_remix_pn_0010", "episode_idx": 1, "agent_name": "GhostAgent_1", "SR": 0.0, "SPL": 0.0, "SoftSPL": 0.00027816598227647926, "PLR": 0.00022063848481901084, "nDTW": 0.07561711092189062, "CLS": 0.2515506803754067, "steps": 40, "path_length_cm": 0.22600000000011278, "cumulative_reward": -0.6161681090639153, "ended_reason": "max_steps", "metrics": {"SR": 0.0, "SPL": 0.0, "SoftSPL": 0.00027816598227647926, "PLR": 0.00022063848481901084, "nDTW": 0.07561711092189062, "CLS": 0.2515506803754067, "path_length_cm": 0.22600000000011278, "cumulative_reward": -0.6161681090639153}, "token_totals": {"input": 31148, "output": 1464, "calls": 40}, "finished_at": "2026-04-23T17:51:24.011190+00:00"}