{"episode_id": "map_22_containeryard_demo_native_pn_0017", "episode_idx": 6, "agent_name": "GhostAgent_6", "SR": 0.0, "SPL": 0.0, "SoftSPL": 0.12601505264912327, "PLR": 0.6679155754048147, "nDTW": 2.4629938811092186e-51, "CLS": 0.04276155131188631, "steps": 40, "path_length_cm": 5009.947902086713, "cumulative_reward": 486.6008560436594, "ended_reason": "max_steps", "metrics": {"SR": 0.0, "SPL": 0.0, "SoftSPL": 0.12601505264912327, "PLR": 0.6679155754048147, "nDTW": 2.4629938811092186e-51, "CLS": 0.04276155131188631, "path_length_cm": 5009.947902086713, "cumulative_reward": 486.6008560436594}, "token_totals": {"input": 134751, "output": 9186, "calls": 40}, "finished_at": "2026-04-23T00:03:03.491488+00:00"}