{"episode_id": "map_50_B9_sparse_wilderness_pn_0012", "episode_idx": 2, "agent_name": "GhostAgent_2", "SR": 0.0, "SPL": 0.0, "SoftSPL": 0.0, "PLR": 1.745806104517571, "nDTW": 4.6962342552363476e-234, "CLS": 0.14320032411114633, "steps": 40, "path_length_cm": 11712.752819696745, "cumulative_reward": -1880.1310279668032, "ended_reason": "max_steps", "metrics": {"SR": 0.0, "SPL": 0.0, "SoftSPL": 0.0, "PLR": 1.745806104517571, "nDTW": 4.6962342552363476e-234, "CLS": 0.14320032411114633, "path_length_cm": 11712.752819696745, "cumulative_reward": -1880.1310279668032}, "token_totals": {"input": 133881, "output": 8444, "calls": 40}, "finished_at": "2026-04-23T19:26:09.060284+00:00"}