{"episode_id": "map_68_B13_suburban_park_obj_pn_0000", "episode_idx": 0, "agent_name": "GhostAgent_0", "SR": 0.0, "SPL": 0.0, "SoftSPL": 0.0, "PLR": 3.254405551338005, "nDTW": 1.2047891182803713e-172, "CLS": 0.07681894467667852, "steps": 40, "path_length_cm": 16680.065124716784, "cumulative_reward": -7527.86856442377, "ended_reason": "max_steps", "metrics": {"SR": 0.0, "SPL": 0.0, "SoftSPL": 0.0, "PLR": 3.254405551338005, "nDTW": 1.2047891182803713e-172, "CLS": 0.07681894467667852, "path_length_cm": 16680.065124716784, "cumulative_reward": -7527.86856442377}, "token_totals": {"input": 141130, "output": 10179, "calls": 40}, "finished_at": "2026-04-23T05:33:39.802976+00:00"}