{"episode_id": "map_59_B10_market_plaza_on_0010", "episode_idx": 0, "agent_name": "GhostAgent_0", "SR": 0.0, "SPL": 0.0, "SoftSPL": 0.31510657209723725, "PLR": 2.0586580255997635, "nDTW": 7.032228786609419e-32, "CLS": 0.16029020687402512, "steps": 40, "path_length_cm": 6155.263977061757, "cumulative_reward": 1939.1605262214355, "ended_reason": "max_steps", "metrics": {"SR": 0.0, "SPL": 0.0, "SoftSPL": 0.31510657209723725, "PLR": 2.0586580255997635, "nDTW": 7.032228786609419e-32, "CLS": 0.16029020687402512, "path_length_cm": 6155.263977061757, "cumulative_reward": 1939.1605262214355}, "token_totals": {"input": 126957, "output": 7089, "calls": 40}, "finished_at": "2026-04-23T02:47:45.574512+00:00"}