{"episode_id": "map_47_wintertown_demo01_minimal_pn_0002", "episode_idx": 2, "agent_name": "GhostAgent_2", "SR": 0.0, "SPL": 0.0, "SoftSPL": 0.4573756108550261, "PLR": 0.5974363137241308, "nDTW": 6.898132982310271e-08, "CLS": 0.14561672515950747, "steps": 40, "path_length_cm": 2549.3204942922384, "cumulative_reward": 666.2281520468823, "ended_reason": "max_steps", "metrics": {"SR": 0.0, "SPL": 0.0, "SoftSPL": 0.4573756108550261, "PLR": 0.5974363137241308, "nDTW": 6.898132982310271e-08, "CLS": 0.14561672515950747, "path_length_cm": 2549.3204942922384, "cumulative_reward": 666.2281520468823}, "token_totals": {"input": 122081, "output": 7250, "calls": 40}, "finished_at": "2026-04-23T01:22:40.671352+00:00"}