{"episode_id": "map_11_wintertown_demo01_remix_obj_pn_0000", "episode_idx": 5, "agent_name": "GhostAgent_5", "SR": 0.0, "SPL": 0.0, "SoftSPL": 0.08224946125051102, "PLR": 0.2685677084824369, "nDTW": 3.9928141432113256e-11, "CLS": 0.1034294851943131, "steps": 18, "path_length_cm": 1188.138170972131, "cumulative_reward": 331.7384381311901, "ended_reason": "no_tool_call", "metrics": {"SR": 0.0, "SPL": 0.0, "SoftSPL": 0.08224946125051102, "PLR": 0.2685677084824369, "nDTW": 3.9928141432113256e-11, "CLS": 0.1034294851943131, "path_length_cm": 1188.138170972131, "cumulative_reward": 331.7384381311901}, "token_totals": {"input": 48867, "output": 2516, "calls": 18}, "finished_at": "2026-04-23T15:11:24.633844+00:00"}