{"episode_id": "map_43_B5_residential_courtyard_pn_0014", "episode_idx": 4, "agent_name": "GhostAgent_4", "SR": 0.0, "SPL": 0.0, "SoftSPL": 0.0006158644832574556, "PLR": 0.0, "nDTW": 0.0006158644832574556, "CLS": 0.0006158644832574556, "steps": 40, "path_length_cm": 0.0, "cumulative_reward": -0.4000000000000002, "ended_reason": "max_steps", "metrics": {"SR": 0.0, "SPL": 0.0, "SoftSPL": 0.0006158644832574556, "PLR": 0.0, "nDTW": 0.0006158644832574556, "CLS": 0.0006158644832574556, "path_length_cm": 0.0, "cumulative_reward": -0.4000000000000002}, "token_totals": {"input": 32409, "output": 1775, "calls": 40}, "finished_at": "2026-04-23T20:09:14.391234+00:00"}