{"episode_id": "map_11_wintertown_demo01_remix_obj_on_0004", "episode_idx": 4, "agent_name": "GhostAgent_4", "SR": 0.0, "SPL": 0.0, "SoftSPL": 0.3451340224284006, "PLR": 1.0707936052309313, "nDTW": 8.844731841153258e-100, "CLS": 0.1345706417775759, "steps": 40, "path_length_cm": 6863.583558745277, "cumulative_reward": 2366.929673442194, "ended_reason": "max_steps", "metrics": {"SR": 0.0, "SPL": 0.0, "SoftSPL": 0.3451340224284006, "PLR": 1.0707936052309313, "nDTW": 8.844731841153258e-100, "CLS": 0.1345706417775759, "path_length_cm": 6863.583558745277, "cumulative_reward": 2366.929673442194}, "token_totals": {"input": 131265, "output": 8279, "calls": 40}, "finished_at": "2026-04-22T23:43:32.825950+00:00"}