{"episode_id": "map_61_containeryard_day_big_remix_pn_0002", "episode_idx": 0, "agent_name": "GhostAgent_0", "SR": 0.0, "SPL": 0.0, "SoftSPL": 0.0, "PLR": 1.6730224154787867, "nDTW": 1.0594300222936457e-59, "CLS": 0.1503266198834549, "steps": 40, "path_length_cm": 1944.3030001486723, "cumulative_reward": -655.7979929751691, "ended_reason": "max_steps", "metrics": {"SR": 0.0, "SPL": 0.0, "SoftSPL": 0.0, "PLR": 1.6730224154787867, "nDTW": 1.0594300222936457e-59, "CLS": 0.1503266198834549, "path_length_cm": 1944.3030001486723, "cumulative_reward": -655.7979929751691}, "token_totals": {"input": 36796, "output": 2802, "calls": 40}, "finished_at": "2026-04-23T16:22:03.759870+00:00"}