{"episode_id": "map_03_watertown_remix_obj_on_0006", "episode_idx": 2, "agent_name": "GhostAgent_2", "SR": 0.0, "SPL": 0.0, "SoftSPL": 0.0, "PLR": 2.438119748069337, "nDTW": 5.910545106639977e-174, "CLS": 0.045572518432240396, "steps": 40, "path_length_cm": 15251.0729353082, "cumulative_reward": -6805.998357462245, "ended_reason": "max_steps", "metrics": {"SR": 0.0, "SPL": 0.0, "SoftSPL": 0.0, "PLR": 2.438119748069337, "nDTW": 5.910545106639977e-174, "CLS": 0.045572518432240396, "path_length_cm": 15251.0729353082, "cumulative_reward": -6805.998357462245}, "token_totals": {"input": 139536, "output": 9418, "calls": 40}, "finished_at": "2026-04-22T22:38:37.024365+00:00"}