{"episode_id": "map_60_B11_forest_camp_pn_0000", "episode_idx": 0, "agent_name": "GhostAgent_0", "SR": 0.0, "SPL": 0.0, "SoftSPL": 0.0, "PLR": 3.7996810715119698, "nDTW": 7.068313034649043e-278, "CLS": 0.06579499616574759, "steps": 40, "path_length_cm": 15134.243698264321, "cumulative_reward": -8971.667666297146, "ended_reason": "max_steps", "metrics": {"SR": 0.0, "SPL": 0.0, "SoftSPL": 0.0, "PLR": 3.7996810715119698, "nDTW": 7.068313034649043e-278, "CLS": 0.06579499616574759, "path_length_cm": 15134.243698264321, "cumulative_reward": -8971.667666297146}, "token_totals": {"input": 136799, "output": 8600, "calls": 40}, "finished_at": "2026-04-23T17:13:38.959776+00:00"}