{"episode_id": "map_45_B7_park_with_paths_pn_0009", "episode_idx": 9, "agent_name": "GhostAgent_9", "SR": 0.0, "SPL": 0.0, "SoftSPL": 0.0, "PLR": 3.615089892909485, "nDTW": 2.4584392185992925e-81, "CLS": 0.06918579746426404, "steps": 40, "path_length_cm": 8421.858018117651, "cumulative_reward": -1196.301028585493, "ended_reason": "max_steps", "metrics": {"SR": 0.0, "SPL": 0.0, "SoftSPL": 0.0, "PLR": 3.615089892909485, "nDTW": 2.4584392185992925e-81, "CLS": 0.06918579746426404, "path_length_cm": 8421.858018117651, "cumulative_reward": -1196.301028585493}, "token_totals": {"input": 132563, "output": 8260, "calls": 40}, "finished_at": "2026-04-23T19:03:34.998648+00:00"}