{"episode_id": "map_05_middleeast_native_on_0007", "episode_idx": 1, "agent_name": "GhostAgent_1", "SR": 0.0, "SPL": 0.0, "SoftSPL": 0.27145404129505796, "PLR": 1.407250795421314, "nDTW": 4.1054201451755594e-29, "CLS": 0.011103236154523306, "steps": 40, "path_length_cm": 7018.5929796240325, "cumulative_reward": 1671.925763624117, "ended_reason": "max_steps", "metrics": {"SR": 0.0, "SPL": 0.0, "SoftSPL": 0.27145404129505796, "PLR": 1.407250795421314, "nDTW": 4.1054201451755594e-29, "CLS": 0.011103236154523306, "path_length_cm": 7018.5929796240325, "cumulative_reward": 1671.925763624117}, "token_totals": {"input": 489900, "output": 7228, "calls": 40}, "finished_at": "2026-04-22T20:24:42.618073+00:00"}