{"episode_id": "map_57_gothic_day_invasion_pn_0005", "episode_idx": 5, "agent_name": "GhostAgent_5", "SR": 0.0, "SPL": 0.0, "SoftSPL": 0.07117083367551369, "PLR": 0.0, "nDTW": 0.00028115286358504403, "CLS": 0.1367488021201521, "steps": 40, "path_length_cm": 0.0, "cumulative_reward": -0.4000000000000002, "ended_reason": "max_steps", "metrics": {"SR": 0.0, "SPL": 0.0, "SoftSPL": 0.07117083367551369, "PLR": 0.0, "nDTW": 0.00028115286358504403, "CLS": 0.1367488021201521, "path_length_cm": 0.0, "cumulative_reward": -0.4000000000000002}, "token_totals": {"input": 112541, "output": 3912, "calls": 40}, "finished_at": "2026-04-23T02:58:47.685195+00:00"}