{"episode_id": "map_08_cave_remix_obj_on_0018", "episode_idx": 3, "agent_name": "GhostAgent_3", "SR": 0.0, "SPL": 0.0, "SoftSPL": 0.0, "PLR": 0.6000757172947153, "nDTW": 1.4771201631339146e-78, "CLS": 0.41661417152236, "steps": 40, "path_length_cm": 1958.2330890050175, "cumulative_reward": -306.04446906230993, "ended_reason": "max_steps", "metrics": {"SR": 0.0, "SPL": 0.0, "SoftSPL": 0.0, "PLR": 0.6000757172947153, "nDTW": 1.4771201631339146e-78, "CLS": 0.41661417152236, "path_length_cm": 1958.2330890050175, "cumulative_reward": -306.04446906230993}, "token_totals": {"input": 37113, "output": 2866, "calls": 40}, "finished_at": "2026-04-23T15:12:20.483073+00:00"}