{"episode_id": "map_47_wintertown_demo01_minimal_on_0007", "episode_idx": 7, "agent_name": "GhostAgent_7", "SR": 0.0, "SPL": 0.0, "SoftSPL": 0.0, "PLR": 0.28642577067221303, "nDTW": 2.179305835593043e-37, "CLS": 0.3503491781862368, "steps": 40, "path_length_cm": 793.3020000000015, "cumulative_reward": -455.6215706639, "ended_reason": "max_steps", "metrics": {"SR": 0.0, "SPL": 0.0, "SoftSPL": 0.0, "PLR": 0.28642577067221303, "nDTW": 2.179305835593043e-37, "CLS": 0.3503491781862368, "path_length_cm": 793.3020000000015, "cumulative_reward": -455.6215706639}, "token_totals": {"input": 120859, "output": 6282, "calls": 40}, "finished_at": "2026-04-23T01:28:57.259592+00:00"}