{"episode_id": "map_31_gothic_day_remix_pn_0017", "episode_idx": 7, "agent_name": "GhostAgent_7", "SR": 0.0, "SPL": 0.0, "SoftSPL": 0.0, "PLR": 1.1503360833377156, "nDTW": 1.1071043308829706e-16, "CLS": 0.1219408121039657, "steps": 40, "path_length_cm": 1573.7517888926618, "cumulative_reward": 299.1540333648428, "ended_reason": "max_steps", "metrics": {"SR": 0.0, "SPL": 0.0, "SoftSPL": 0.0, "PLR": 1.1503360833377156, "nDTW": 1.1071043308829706e-16, "CLS": 0.1219408121039657, "path_length_cm": 1573.7517888926618, "cumulative_reward": 299.1540333648428}, "token_totals": {"input": 121272, "output": 6878, "calls": 40}, "finished_at": "2026-04-23T00:45:34.534583+00:00"}