{"episode_id": "map_31_gothic_day_remix_obj_pn_0003", "episode_idx": 2, "agent_name": "GhostAgent_2", "SR": 0.0, "SPL": 0.0, "SoftSPL": 0.0, "PLR": 0.0, "nDTW": 0.02236262727663689, "CLS": 0.13100251599570986, "steps": 40, "path_length_cm": 0.0, "cumulative_reward": -0.4000000000000002, "ended_reason": "max_steps", "metrics": {"SR": 0.0, "SPL": 0.0, "SoftSPL": 0.0, "PLR": 0.0, "nDTW": 0.02236262727663689, "CLS": 0.13100251599570986, "path_length_cm": 0.0, "cumulative_reward": -0.4000000000000002}, "token_totals": {"input": 113696, "output": 4269, "calls": 40}, "finished_at": "2026-04-23T01:01:10.746469+00:00"}