{"episode_id": "map_37_dungeon_remix_pn_0002", "episode_idx": 2, "agent_name": "GhostAgent_2", "SR": 0.0, "SPL": 0.0, "SoftSPL": 0.0, "PLR": 0.9982599894092552, "nDTW": 0.0078038605685757925, "CLS": 0.9244106928280498, "steps": 40, "path_length_cm": 1096.7183721646902, "cumulative_reward": 310.7056419305827, "ended_reason": "max_steps", "metrics": {"SR": 0.0, "SPL": 0.0, "SoftSPL": 0.0, "PLR": 0.9982599894092552, "nDTW": 0.0078038605685757925, "CLS": 0.9244106928280498, "path_length_cm": 1096.7183721646902, "cumulative_reward": 310.7056419305827}, "token_totals": {"input": 114120, "output": 6337, "calls": 40}, "finished_at": "2026-04-23T16:14:30.529753+00:00"}