{"episode_id": "map_53_courtyard_sanny_big_remix_obj_on_0018", "episode_idx": 5, "agent_name": "GhostAgent_5", "SR": 0.0, "SPL": 0.0, "SoftSPL": 0.0, "PLR": 15.252733385031645, "nDTW": 1.3220051903524445e-111, "CLS": 0.010500588632010777, "steps": 40, "path_length_cm": 26088.275181758127, "cumulative_reward": -22764.405980794952, "ended_reason": "max_steps", "metrics": {"SR": 0.0, "SPL": 0.0, "SoftSPL": 0.0, "PLR": 15.252733385031645, "nDTW": 1.3220051903524445e-111, "CLS": 0.010500588632010777, "path_length_cm": 26088.275181758127, "cumulative_reward": -22764.405980794952}, "token_totals": {"input": 114193, "output": 5173, "calls": 40}, "finished_at": "2026-04-23T18:58:11.206067+00:00"}