{"episode_id": "map_43_B5_residential_courtyard_on_0008", "episode_idx": 8, "agent_name": "GhostAgent_8", "SR": 0.0, "SPL": 0.0, "SoftSPL": 0.09895847153210524, "PLR": 0.09928917433841886, "nDTW": 0.09895847153210524, "CLS": 0.09895847153210524, "steps": 40, "path_length_cm": 359.85871901344836, "cumulative_reward": 358.2621402423665, "ended_reason": "max_steps", "metrics": {"SR": 0.0, "SPL": 0.0, "SoftSPL": 0.09895847153210524, "PLR": 0.09928917433841886, "nDTW": 0.09895847153210524, "CLS": 0.09895847153210524, "path_length_cm": 359.85871901344836, "cumulative_reward": 358.2621402423665}, "token_totals": {"input": 31862, "output": 1475, "calls": 40}, "finished_at": "2026-04-23T20:06:22.243535+00:00"}