{"episode_id": "map_45_B7_park_with_paths_on_0004", "episode_idx": 4, "agent_name": "GhostAgent_4", "SR": 0.0, "SPL": 0.0, "SoftSPL": 0.0, "PLR": 2.245479985690631, "nDTW": 1.9035650942726965e-198, "CLS": 0.11133477246847709, "steps": 40, "path_length_cm": 15506.768320782789, "cumulative_reward": -2001.0367678858227, "ended_reason": "max_steps", "metrics": {"SR": 0.0, "SPL": 0.0, "SoftSPL": 0.0, "PLR": 2.245479985690631, "nDTW": 1.9035650942726965e-198, "CLS": 0.11133477246847709, "path_length_cm": 15506.768320782789, "cumulative_reward": -2001.0367678858227}, "token_totals": {"input": 130260, "output": 7256, "calls": 40}, "finished_at": "2026-04-23T13:56:48.687835+00:00"}