{"episode_id": "map_09b_wintertown_demo02_obj_pn_0004", "episode_idx": 4, "agent_name": "GhostAgent_4", "SR": 0.0, "SPL": 0.0, "SoftSPL": 0.0, "PLR": 1.3129984960090413, "nDTW": 3.1537263134255153e-09, "CLS": 0.12217279971804468, "steps": 40, "path_length_cm": 4658.66309367464, "cumulative_reward": 839.3195362783126, "ended_reason": "max_steps", "metrics": {"SR": 0.0, "SPL": 0.0, "SoftSPL": 0.0, "PLR": 1.3129984960090413, "nDTW": 3.1537263134255153e-09, "CLS": 0.12217279971804468, "path_length_cm": 4658.66309367464, "cumulative_reward": 839.3195362783126}, "token_totals": {"input": 115387, "output": 4757, "calls": 40}, "finished_at": "2026-04-22T23:16:35.301307+00:00"}