{"episode_id": "map_53_courtyard_sanny_big_remix_obj_pn_0009", "episode_idx": 9, "agent_name": "GhostAgent_9", "SR": 0.0, "SPL": 0.0, "SoftSPL": 0.0, "PLR": 10.68923573552044, "nDTW": 4.021682091089583e-107, "CLS": 0.010708165479455968, "steps": 36, "path_length_cm": 54675.120110114985, "cumulative_reward": -49817.23426043071, "ended_reason": "step_error", "metrics": {"SR": 0.0, "SPL": 0.0, "SoftSPL": 0.0, "PLR": 10.68923573552044, "nDTW": 4.021682091089583e-107, "CLS": 0.010708165479455968, "path_length_cm": 54675.120110114985, "cumulative_reward": -49817.23426043071}, "token_totals": {"input": 109302, "output": 5011, "calls": 36}, "finished_at": "2026-04-23T19:11:53.876968+00:00"}