{"episode_id": "map_46_B8_dense_urban_pn_0019", "episode_idx": 9, "agent_name": "GhostAgent_9", "SR": 0.0, "SPL": 0.0, "SoftSPL": 0.0038635936795878845, "PLR": 0.0, "nDTW": 0.0037276866128161906, "CLS": 0.16679883552014027, "steps": 40, "path_length_cm": 0.0, "cumulative_reward": -0.4000000000000002, "ended_reason": "max_steps", "metrics": {"SR": 0.0, "SPL": 0.0, "SoftSPL": 0.0038635936795878845, "PLR": 0.0, "nDTW": 0.0037276866128161906, "CLS": 0.16679883552014027, "path_length_cm": 0.0, "cumulative_reward": -0.4000000000000002}, "token_totals": {"input": 33432, "output": 2098, "calls": 40}, "finished_at": "2026-04-23T16:07:21.353087+00:00"}