{"episode_id": "map_05_middleeast_native_pn_0006", "episode_idx": 1, "agent_name": "GhostAgent_1", "SR": 0.0, "SPL": 0.0, "SoftSPL": 0.7760610422742397, "PLR": 0.8755022588716752, "nDTW": 1.3608534337800613e-35, "CLS": 0.07179630102322658, "steps": 40, "path_length_cm": 6329.846311551857, "cumulative_reward": 5407.037649690485, "ended_reason": "max_steps", "metrics": {"SR": 0.0, "SPL": 0.0, "SoftSPL": 0.7760610422742397, "PLR": 0.8755022588716752, "nDTW": 1.3608534337800613e-35, "CLS": 0.07179630102322658, "path_length_cm": 6329.846311551857, "cumulative_reward": 5407.037649690485}, "token_totals": {"input": 357961, "output": 9684, "calls": 40}, "finished_at": "2026-04-22T16:04:09.919373+00:00"}