{"episode_id": "map_25_containeryard_day_remix_pn_0011", "episode_idx": 0, "agent_name": "GhostAgent_0", "SR": 0.0, "SPL": 0.0, "SoftSPL": 0.0, "PLR": 0.20665241952459945, "nDTW": 2.1690805165548133e-12, "CLS": 0.24171675138350446, "steps": 40, "path_length_cm": 330.710000013607, "cumulative_reward": -329.3906106332279, "ended_reason": "max_steps", "metrics": {"SR": 0.0, "SPL": 0.0, "SoftSPL": 0.0, "PLR": 0.20665241952459945, "nDTW": 2.1690805165548133e-12, "CLS": 0.24171675138350446, "path_length_cm": 330.710000013607, "cumulative_reward": -329.3906106332279}, "token_totals": {"input": 115628, "output": 6158, "calls": 40}, "finished_at": "2026-04-23T15:52:14.459218+00:00"}