{"episode_id": "map_01_wintertown_native_obj_on_0003", "episode_idx": 2, "agent_name": "GhostAgent_2", "SR": 0.0, "SPL": 0.0, "SoftSPL": 0.25739794454916576, "PLR": 2.267789731270102, "nDTW": 6.543734365319838e-36, "CLS": 0.07548228668197227, "steps": 40, "path_length_cm": 11819.039742460389, "cumulative_reward": 2680.9360780242678, "ended_reason": "max_steps", "metrics": {"SR": 0.0, "SPL": 0.0, "SoftSPL": 0.25739794454916576, "PLR": 2.267789731270102, "nDTW": 6.543734365319838e-36, "CLS": 0.07548228668197227, "path_length_cm": 11819.039742460389, "cumulative_reward": 2680.9360780242678}, "token_totals": {"input": 513422, "output": 7995, "calls": 40}, "finished_at": "2026-04-22T21:49:33.548819+00:00"}