{"episode_id": "map_27_courtyard_overcast_remix_obj_on_0016", "episode_idx": 6, "agent_name": "GhostAgent_6", "SR": 0.0, "SPL": 0.0, "SoftSPL": 0.5116094970209899, "PLR": 0.0, "nDTW": 0.00036217056235794134, "CLS": 0.04480810316822902, "steps": 40, "path_length_cm": 0.0, "cumulative_reward": -0.4000000000000002, "ended_reason": "max_steps", "metrics": {"SR": 0.0, "SPL": 0.0, "SoftSPL": 0.5116094970209899, "PLR": 0.0, "nDTW": 0.00036217056235794134, "CLS": 0.04480810316822902, "path_length_cm": 0.0, "cumulative_reward": -0.4000000000000002}, "token_totals": {"input": 37041, "output": 2861, "calls": 40}, "finished_at": "2026-04-23T15:52:12.609821+00:00"}