{"episode_id": "map_27_courtyard_overcast_remix_on_0018", "episode_idx": 8, "agent_name": "GhostAgent_8", "SR": 0.0, "SPL": 0.0, "SoftSPL": 0.7420876522413372, "PLR": 0.22890758164517666, "nDTW": 2.5218285507878524e-07, "CLS": 0.24264119351868077, "steps": 40, "path_length_cm": 359.25213678557316, "cumulative_reward": 333.3243634324182, "ended_reason": "max_steps", "metrics": {"SR": 0.0, "SPL": 0.0, "SoftSPL": 0.7420876522413372, "PLR": 0.22890758164517666, "nDTW": 2.5218285507878524e-07, "CLS": 0.24264119351868077, "path_length_cm": 359.25213678557316, "cumulative_reward": 333.3243634324182}, "token_totals": {"input": 31399, "output": 1470, "calls": 40}, "finished_at": "2026-04-23T15:36:21.600276+00:00"}