{"episode_id": "map_06_hwaseong_native_on_0010", "episode_idx": 5, "agent_name": "GhostAgent_5", "SR": 0.0, "SPL": 0.0, "SoftSPL": 0.0, "PLR": 0.12626177532028557, "nDTW": 2.9647406467984426e-05, "CLS": 0.2861270910753255, "steps": 5, "path_length_cm": 353.71100000000115, "cumulative_reward": -307.9475832863627, "ended_reason": "no_tool_call", "metrics": {"SR": 0.0, "SPL": 0.0, "SoftSPL": 0.0, "PLR": 0.12626177532028557, "nDTW": 2.9647406467984426e-05, "CLS": 0.2861270910753255, "path_length_cm": 353.71100000000115, "cumulative_reward": -307.9475832863627}, "token_totals": {"input": 8992, "output": 909, "calls": 5}, "finished_at": "2026-04-23T13:11:52.811165+00:00"}