{"episode_id": "map_01_wintertown_native_obj_on_0009", "episode_idx": 3, "agent_name": "GhostAgent_3", "SR": 0.0, "SPL": 0.0, "SoftSPL": 0.0, "PLR": 0.09547182919736395, "nDTW": 0.010154999727816506, "CLS": 0.19590033901737924, "steps": 6, "path_length_cm": 125.56454976037308, "cumulative_reward": -73.23164012272044, "ended_reason": "no_tool_call", "metrics": {"SR": 0.0, "SPL": 0.0, "SoftSPL": 0.0, "PLR": 0.09547182919736395, "nDTW": 0.010154999727816506, "CLS": 0.19590033901737924, "path_length_cm": 125.56454976037308, "cumulative_reward": -73.23164012272044}, "token_totals": {"input": 11172, "output": 842, "calls": 6}, "finished_at": "2026-04-22T22:34:39.253125+00:00"}