{"episode_id": "map_50_B9_sparse_wilderness_pn_0002", "episode_idx": 2, "agent_name": "GhostAgent_2", "SR": 0.0, "SPL": 0.0, "SoftSPL": 0.0, "PLR": 2.5102454216323413, "nDTW": 4.756042389022027e-71, "CLS": 0.044397029252634425, "steps": 40, "path_length_cm": 5477.255100184903, "cumulative_reward": -2030.2094954309393, "ended_reason": "max_steps", "metrics": {"SR": 0.0, "SPL": 0.0, "SoftSPL": 0.0, "PLR": 2.5102454216323413, "nDTW": 4.756042389022027e-71, "CLS": 0.044397029252634425, "path_length_cm": 5477.255100184903, "cumulative_reward": -2030.2094954309393}, "token_totals": {"input": 122649, "output": 5667, "calls": 40}, "finished_at": "2026-04-23T19:10:54.942280+00:00"}