{"episode_id": "map_15_middleeast_remix_pn_0012", "episode_idx": 2, "agent_name": "GhostAgent_2", "SR": 0.0, "SPL": 0.0, "SoftSPL": 8.38590261120764e-07, "PLR": 0.0, "nDTW": 0.0012050076498887896, "CLS": 0.2500003630108591, "steps": 40, "path_length_cm": 0.0, "cumulative_reward": -0.4000000000000002, "ended_reason": "max_steps", "metrics": {"SR": 0.0, "SPL": 0.0, "SoftSPL": 8.38590261120764e-07, "PLR": 0.0, "nDTW": 0.0012050076498887896, "CLS": 0.2500003630108591, "path_length_cm": 0.0, "cumulative_reward": -0.4000000000000002}, "token_totals": {"input": 34601, "output": 2314, "calls": 40}, "finished_at": "2026-04-23T14:51:25.697934+00:00"}