{"episode_id": "map_57_gothic_day_invasion_pn_0012", "episode_idx": 1, "agent_name": "GhostAgent_1", "SR": 0.0, "SPL": 0.0, "SoftSPL": 1.7062220534214134e-06, "PLR": 0.0, "nDTW": 0.010782107075768092, "CLS": 0.2500290634582483, "steps": 40, "path_length_cm": 0.0, "cumulative_reward": -0.4000000000000002, "ended_reason": "max_steps", "metrics": {"SR": 0.0, "SPL": 0.0, "SoftSPL": 1.7062220534214134e-06, "PLR": 0.0, "nDTW": 0.010782107075768092, "CLS": 0.2500290634582483, "path_length_cm": 0.0, "cumulative_reward": -0.4000000000000002}, "token_totals": {"input": 128979, "output": 8190, "calls": 40}, "finished_at": "2026-04-23T03:15:56.374551+00:00"}