{"episode_id": "map_03_watertown_remix_on_0019", "episode_idx": 1, "agent_name": "GhostAgent_1", "SR": 0.0, "SPL": 0.0, "SoftSPL": 0.27029846780639233, "PLR": 2.130787888098551, "nDTW": 4.0319029772098674e-77, "CLS": 0.05351238851359699, "steps": 40, "path_length_cm": 13204.172924363505, "cumulative_reward": 3462.7359515948183, "ended_reason": "max_steps", "metrics": {"SR": 0.0, "SPL": 0.0, "SoftSPL": 0.27029846780639233, "PLR": 2.130787888098551, "nDTW": 4.0319029772098674e-77, "CLS": 0.05351238851359699, "path_length_cm": 13204.172924363505, "cumulative_reward": 3462.7359515948183}, "token_totals": {"input": 504986, "output": 7721, "calls": 40}, "finished_at": "2026-04-22T21:51:39.216400+00:00"}