{"episode_id": "map_27_courtyard_overcast_remix_obj_on_0009", "episode_idx": 0, "agent_name": "GhostAgent_0", "SR": 0.0, "SPL": 0.0, "SoftSPL": 0.45619302722718125, "PLR": 0.0, "nDTW": 0.45619302722718125, "CLS": 0.45619302722718125, "steps": 40, "path_length_cm": 0.0, "cumulative_reward": -0.4000000000000002, "ended_reason": "max_steps", "metrics": {"SR": 0.0, "SPL": 0.0, "SoftSPL": 0.45619302722718125, "PLR": 0.0, "nDTW": 0.45619302722718125, "CLS": 0.45619302722718125, "path_length_cm": 0.0, "cumulative_reward": -0.4000000000000002}, "token_totals": {"input": 33334, "output": 1873, "calls": 40}, "finished_at": "2026-04-23T19:45:59.551701+00:00"}