{"episode_id": "map_19_wintertown_demo02_native_obj_on_0006", "episode_idx": 6, "agent_name": "GhostAgent_6", "SR": 0.0, "SPL": 0.0, "SoftSPL": 0.0001806010498770494, "PLR": 0.021271189613682046, "nDTW": 0.0007250482447475872, "CLS": 0.13105090763607283, "steps": 40, "path_length_cm": 35.276353567226444, "cumulative_reward": -35.567579449617654, "ended_reason": "max_steps", "metrics": {"SR": 0.0, "SPL": 0.0, "SoftSPL": 0.0001806010498770494, "PLR": 0.021271189613682046, "nDTW": 0.0007250482447475872, "CLS": 0.13105090763607283, "path_length_cm": 35.276353567226444, "cumulative_reward": -35.567579449617654}, "token_totals": {"input": 138439, "output": 10240, "calls": 40}, "finished_at": "2026-04-23T00:19:58.728077+00:00"}