{"episode_id": "map_09b_wintertown_demo02_obj_on_0016", "episode_idx": 0, "agent_name": "GhostAgent_0", "SR": 0.0, "SPL": 0.0, "SoftSPL": 0.07106004061376525, "PLR": 0.0, "nDTW": 5.5566147574912466e-11, "CLS": 0.10000000268595137, "steps": 0, "path_length_cm": 0.0, "cumulative_reward": 0.0, "ended_reason": "spawn_blocked", "metrics": {"SR": 0.0, "SPL": 0.0, "SoftSPL": 0.07106004061376525, "PLR": 0.0, "nDTW": 5.5566147574912466e-11, "CLS": 0.10000000268595137, "path_length_cm": 0.0, "cumulative_reward": 0.0}, "token_totals": {"input": 0, "output": 0, "calls": 0}, "finished_at": "2026-04-23T16:47:31.972645+00:00"}