{"episode_id": "map_30_gothic_day_native_pn_0017", "episode_idx": 7, "agent_name": "GhostAgent_7", "SR": 0.0, "SPL": 0.0, "SoftSPL": 0.6871965816460703, "PLR": 0.0, "nDTW": 7.841245374822144e-06, "CLS": 0.1666667979315339, "steps": 0, "path_length_cm": 0.0, "cumulative_reward": 0.0, "ended_reason": "reset_error", "metrics": {"SR": 0.0, "SPL": 0.0, "SoftSPL": 0.6871965816460703, "PLR": 0.0, "nDTW": 7.841245374822144e-06, "CLS": 0.1666667979315339, "path_length_cm": 0.0, "cumulative_reward": 0.0}, "token_totals": {"input": 0, "output": 0, "calls": 0}, "finished_at": "2026-04-23T18:44:33.555633+00:00"}