{"episode_id": "map_03_watertown_remix_obj_pn_0017", "episode_idx": 7, "agent_name": "GhostAgent_7", "SR": 0.0, "SPL": 0.0, "SoftSPL": 0.15447814275214075, "PLR": 1.8513428746625922, "nDTW": 8.85053827896384e-47, "CLS": 0.177025227446503, "steps": 40, "path_length_cm": 12284.733752253604, "cumulative_reward": 1519.485706367967, "ended_reason": "max_steps", "metrics": {"SR": 0.0, "SPL": 0.0, "SoftSPL": 0.15447814275214075, "PLR": 1.8513428746625922, "nDTW": 8.85053827896384e-47, "CLS": 0.177025227446503, "path_length_cm": 12284.733752253604, "cumulative_reward": 1519.485706367967}, "token_totals": {"input": 119827, "output": 6137, "calls": 40}, "finished_at": "2026-04-22T22:42:08.706805+00:00"}