{"episode_id": "map_21_hwaseong_remix2_on_0004", "episode_idx": 4, "agent_name": "GhostAgent_4", "SR": 0.0, "SPL": 0.0, "SoftSPL": 0.005790881164500883, "PLR": 0.0, "nDTW": 8.70954656671085e-07, "CLS": 0.1666666998630015, "steps": 40, "path_length_cm": 0.0, "cumulative_reward": -0.4000000000000002, "ended_reason": "max_steps", "metrics": {"SR": 0.0, "SPL": 0.0, "SoftSPL": 0.005790881164500883, "PLR": 0.0, "nDTW": 8.70954656671085e-07, "CLS": 0.1666666998630015, "path_length_cm": 0.0, "cumulative_reward": -0.4000000000000002}, "token_totals": {"input": 35352, "output": 2513, "calls": 40}, "finished_at": "2026-04-23T17:56:38.478947+00:00"}