{"episode_id": "map_66_middleeast_bazaar_obj_pn_0013", "episode_idx": 3, "agent_name": "GhostAgent_3", "SR": 0.0, "SPL": 0.0, "SoftSPL": 0.06429292742429837, "PLR": 0.0, "nDTW": 0.00042106764328482283, "CLS": 0.07428070149803935, "steps": 40, "path_length_cm": 0.0, "cumulative_reward": -0.4000000000000002, "ended_reason": "max_steps", "metrics": {"SR": 0.0, "SPL": 0.0, "SoftSPL": 0.06429292742429837, "PLR": 0.0, "nDTW": 0.00042106764328482283, "CLS": 0.07428070149803935, "path_length_cm": 0.0, "cumulative_reward": -0.4000000000000002}, "token_totals": {"input": 31956, "output": 1629, "calls": 40}, "finished_at": "2026-04-23T19:13:48.444121+00:00"}