{"episode_id": "map_66_middleeast_bazaar_pn_0018", "episode_idx": 8, "agent_name": "GhostAgent_8", "SR": 0.0, "SPL": 0.0, "SoftSPL": 0.04117509848243206, "PLR": 0.0, "nDTW": 2.0953087549542066e-05, "CLS": 0.10000700680957156, "steps": 40, "path_length_cm": 0.0, "cumulative_reward": -0.4000000000000002, "ended_reason": "max_steps", "metrics": {"SR": 0.0, "SPL": 0.0, "SoftSPL": 0.04117509848243206, "PLR": 0.0, "nDTW": 2.0953087549542066e-05, "CLS": 0.10000700680957156, "path_length_cm": 0.0, "cumulative_reward": -0.4000000000000002}, "token_totals": {"input": 32919, "output": 1858, "calls": 40}, "finished_at": "2026-04-23T18:51:48.333205+00:00"}