{"episode_id": "map_28_village_night_native_on_0004", "episode_idx": 4, "agent_name": "GhostAgent_4", "SR": 0.0, "SPL": 0.0, "SoftSPL": 0.10879147154687523, "PLR": 1.0417971563245714, "nDTW": 6.985249930867893e-49, "CLS": 0.24073222698950097, "steps": 40, "path_length_cm": 1518.9090000065355, "cumulative_reward": 164.84880497793523, "ended_reason": "max_steps", "metrics": {"SR": 0.0, "SPL": 0.0, "SoftSPL": 0.10879147154687523, "PLR": 1.0417971563245714, "nDTW": 6.985249930867893e-49, "CLS": 0.24073222698950097, "path_length_cm": 1518.9090000065355, "cumulative_reward": 164.84880497793523}, "token_totals": {"input": 117801, "output": 6955, "calls": 40}, "finished_at": "2026-04-23T00:37:31.659108+00:00"}