{"episode_id": "map_34_temple_plaza_native_on_0013", "episode_idx": 3, "agent_name": "GhostAgent_3", "SR": 0.0, "SPL": 0.0, "SoftSPL": 0.41204863233250927, "PLR": 0.07173162797680326, "nDTW": 1.4627936818448682e-05, "CLS": 0.07984187406812827, "steps": 40, "path_length_cm": 416.3267821959672, "cumulative_reward": 386.6848870856138, "ended_reason": "max_steps", "metrics": {"SR": 0.0, "SPL": 0.0, "SoftSPL": 0.41204863233250927, "PLR": 0.07173162797680326, "nDTW": 1.4627936818448682e-05, "CLS": 0.07984187406812827, "path_length_cm": 416.3267821959672, "cumulative_reward": 386.6848870856138}, "token_totals": {"input": 34584, "output": 2286, "calls": 40}, "finished_at": "2026-04-23T15:39:44.340367+00:00"}