{"episode_id": "map_33_gothic_night_remix_on_0010", "episode_idx": 0, "agent_name": "GhostAgent_0", "SR": 1.0, "SPL": 0.9374583670792779, "SoftSPL": 0.922940191561082, "PLR": 1.066714037782366, "nDTW": 1.5834468166716148e-16, "CLS": 0.6843158102395303, "steps": 17, "path_length_cm": 4742.0772549615085, "cumulative_reward": 4378.972318184155, "ended_reason": "success", "metrics": {"SR": 1.0, "SPL": 0.9374583670792779, "SoftSPL": 0.922940191561082, "PLR": 1.066714037782366, "nDTW": 1.5834468166716148e-16, "CLS": 0.6843158102395303, "path_length_cm": 4742.0772549615085, "cumulative_reward": 4378.972318184155}, "token_totals": {"input": 13967, "output": 924, "calls": 17}, "finished_at": "2026-04-23T18:16:55.707813+00:00"}