{"episode_id": "map_22_containeryard_demo_native_obj_on_0011", "episode_idx": 9, "agent_name": "GhostAgent_9", "SR": 0.0, "SPL": 0.0, "SoftSPL": 0.0, "PLR": 0.0, "nDTW": 9.430555352667208e-06, "CLS": 0.2500000000222338, "steps": 40, "path_length_cm": 0.0, "cumulative_reward": -0.4000000000000002, "ended_reason": "max_steps", "metrics": {"SR": 0.0, "SPL": 0.0, "SoftSPL": 0.0, "PLR": 0.0, "nDTW": 9.430555352667208e-06, "CLS": 0.2500000000222338, "path_length_cm": 0.0, "cumulative_reward": -0.4000000000000002}, "token_totals": {"input": 104646, "output": 2884, "calls": 40}, "finished_at": "2026-04-23T00:17:52.848345+00:00"}