{"episode_id": "map_13_watertown_native_on_0000", "episode_idx": 0, "agent_name": "GhostAgent_0", "SR": 0.0, "SPL": 0.0, "SoftSPL": 0.18034977731507185, "PLR": 0.040022415035924734, "nDTW": 1.3529354042829559e-07, "CLS": 0.08173708563673081, "steps": 40, "path_length_cm": 96.77500000516672, "cumulative_reward": 60.44258728305175, "ended_reason": "max_steps", "metrics": {"SR": 0.0, "SPL": 0.0, "SoftSPL": 0.18034977731507185, "PLR": 0.040022415035924734, "nDTW": 1.3529354042829559e-07, "CLS": 0.08173708563673081, "path_length_cm": 96.77500000516672, "cumulative_reward": 60.44258728305175}, "token_totals": {"input": 105522, "output": 2051, "calls": 40}, "finished_at": "2026-04-23T16:49:28.254549+00:00"}