{"episode_id": "map_19_wintertown_demo02_native_obj_on_0016", "episode_idx": 6, "agent_name": "GhostAgent_6", "SR": 0.0, "SPL": 0.0, "SoftSPL": 0.0, "PLR": 1.3976121783613564, "nDTW": 4.493034068791997e-31, "CLS": 0.08136416208302068, "steps": 40, "path_length_cm": 1485.955244155578, "cumulative_reward": -353.4367990817732, "ended_reason": "max_steps", "metrics": {"SR": 0.0, "SPL": 0.0, "SoftSPL": 0.0, "PLR": 1.3976121783613564, "nDTW": 4.493034068791997e-31, "CLS": 0.08136416208302068, "path_length_cm": 1485.955244155578, "cumulative_reward": -353.4367990817732}, "token_totals": {"input": 135859, "output": 9900, "calls": 40}, "finished_at": "2026-04-23T00:41:03.276561+00:00"}