{"episode_id": "map_31_gothic_day_remix_pn_0019", "episode_idx": 9, "agent_name": "GhostAgent_9", "SR": 0.0, "SPL": 0.0, "SoftSPL": 0.6806028025428852, "PLR": 0.8937831867625066, "nDTW": 0.00010020484971051593, "CLS": 0.1955573879398097, "steps": 40, "path_length_cm": 4281.605791362715, "cumulative_reward": 3302.886714099324, "ended_reason": "max_steps", "metrics": {"SR": 0.0, "SPL": 0.0, "SoftSPL": 0.6806028025428852, "PLR": 0.8937831867625066, "nDTW": 0.00010020484971051593, "CLS": 0.1955573879398097, "path_length_cm": 4281.605791362715, "cumulative_reward": 3302.886714099324}, "token_totals": {"input": 113147, "output": 3727, "calls": 40}, "finished_at": "2026-04-23T00:45:34.535368+00:00"}