{"episode_id": "map_59_B10_market_plaza_pn_0001", "episode_idx": 1, "agent_name": "GhostAgent_1", "SR": 0.0, "SPL": 0.0, "SoftSPL": 0.0, "PLR": 1.3084721255702467, "nDTW": 1.0977948760451625e-97, "CLS": 0.08491688048242797, "steps": 40, "path_length_cm": 6768.988, "cumulative_reward": 2702.8610061379422, "ended_reason": "max_steps", "metrics": {"SR": 0.0, "SPL": 0.0, "SoftSPL": 0.0, "PLR": 1.3084721255702467, "nDTW": 1.0977948760451625e-97, "CLS": 0.08491688048242797, "path_length_cm": 6768.988, "cumulative_reward": 2702.8610061379422}, "token_totals": {"input": 124517, "output": 6107, "calls": 40}, "finished_at": "2026-04-23T03:30:47.114339+00:00"}