{"episode_id": "map_03_watertown_remix_pn_0015", "episode_idx": 0, "agent_name": "GhostAgent_0", "SR": 0.0, "SPL": 0.0, "SoftSPL": 0.2383057518419195, "PLR": 0.9759813261683263, "nDTW": 2.6754163693667223e-153, "CLS": 0.2561524419546221, "steps": 40, "path_length_cm": 7431.31701371087, "cumulative_reward": 1814.1090270924976, "ended_reason": "max_steps", "metrics": {"SR": 0.0, "SPL": 0.0, "SoftSPL": 0.2383057518419195, "PLR": 0.9759813261683263, "nDTW": 2.6754163693667223e-153, "CLS": 0.2561524419546221, "path_length_cm": 7431.31701371087, "cumulative_reward": 1814.1090270924976}, "token_totals": {"input": 482392, "output": 6785, "calls": 40}, "finished_at": "2026-04-22T20:31:15.352304+00:00"}