{"episode_id": "map_04_courtyard_remix_obj_pn_0013", "episode_idx": 8, "agent_name": "GhostAgent_8", "SR": 1.0, "SPL": 0.9994745243081113, "SoftSPL": 0.8909942529933386, "PLR": 1.0005257519617645, "nDTW": 0.11945779676300343, "CLS": 0.42276841718989155, "steps": 10, "path_length_cm": 1550.394694724911, "cumulative_reward": 1383.9600735319339, "ended_reason": "success", "metrics": {"SR": 1.0, "SPL": 0.9994745243081113, "SoftSPL": 0.8909942529933386, "PLR": 1.0005257519617645, "nDTW": 0.11945779676300343, "CLS": 0.42276841718989155, "path_length_cm": 1550.394694724911, "cumulative_reward": 1383.9600735319339}, "token_totals": {"input": 24289, "output": 1624, "calls": 10}, "finished_at": "2026-04-22T22:44:52.704438+00:00"}