{"episode_id": "map_09b_wintertown_demo02_pn_0005", "episode_idx": 5, "agent_name": "GhostAgent_5", "SR": 0.0, "SPL": 0.0, "SoftSPL": 0.051501112741263975, "PLR": 4.415800100242677, "nDTW": 2.868321373705008e-93, "CLS": 0.05662091098251017, "steps": 40, "path_length_cm": 11249.029965363206, "cumulative_reward": 578.9316116771528, "ended_reason": "max_steps", "metrics": {"SR": 0.0, "SPL": 0.0, "SoftSPL": 0.051501112741263975, "PLR": 4.415800100242677, "nDTW": 2.868321373705008e-93, "CLS": 0.05662091098251017, "path_length_cm": 11249.029965363206, "cumulative_reward": 578.9316116771528}, "token_totals": {"input": 129948, "output": 7788, "calls": 40}, "finished_at": "2026-04-22T22:49:48.337155+00:00"}