{"episode_id": "map_40_B2_open_plaza_pn_0002", "episode_idx": 2, "agent_name": "GhostAgent_2", "SR": 0.0, "SPL": 0.0, "SoftSPL": 0.1021116173555775, "PLR": 2.7412472008633784, "nDTW": 4.130881740733519e-42, "CLS": 0.01861909113283352, "steps": 40, "path_length_cm": 11959.979299950895, "cumulative_reward": 1193.3273591529125, "ended_reason": "max_steps", "metrics": {"SR": 0.0, "SPL": 0.0, "SoftSPL": 0.1021116173555775, "PLR": 2.7412472008633784, "nDTW": 4.130881740733519e-42, "CLS": 0.01861909113283352, "path_length_cm": 11959.979299950895, "cumulative_reward": 1193.3273591529125}, "token_totals": {"input": 127045, "output": 7211, "calls": 40}, "finished_at": "2026-04-23T00:55:48.445636+00:00"}