{"episode_id": "map_05_middleeast_native_pn_0002", "episode_idx": 2, "agent_name": "GhostAgent_2", "SR": 1.0, "SPL": 1.0, "SoftSPL": 0.962744157594761, "PLR": 0.981823875292218, "nDTW": 2.8120267521090925e-42, "CLS": 0.5108760003182184, "steps": 34, "path_length_cm": 4616.948227651632, "cumulative_reward": 4529.38830577228, "ended_reason": "success", "metrics": {"SR": 1.0, "SPL": 1.0, "SoftSPL": 0.962744157594761, "PLR": 0.981823875292218, "nDTW": 2.8120267521090925e-42, "CLS": 0.5108760003182184, "path_length_cm": 4616.948227651632, "cumulative_reward": 4529.38830577228}, "token_totals": {"input": 141627, "output": 8931, "calls": 34}, "finished_at": "2026-04-22T15:14:54.464105+00:00"}