{"episode_id": "map_27_courtyard_overcast_remix_on_0019", "episode_idx": 9, "agent_name": "GhostAgent_9", "SR": 0.0, "SPL": 0.0, "SoftSPL": 0.3925235527067359, "PLR": 0.3948246483811727, "nDTW": 1.420720957711547e-17, "CLS": 0.4199219595310521, "steps": 40, "path_length_cm": 402.6382281726361, "cumulative_reward": 399.8961739631774, "ended_reason": "max_steps", "metrics": {"SR": 0.0, "SPL": 0.0, "SoftSPL": 0.3925235527067359, "PLR": 0.3948246483811727, "nDTW": 1.420720957711547e-17, "CLS": 0.4199219595310521, "path_length_cm": 402.6382281726361, "cumulative_reward": 399.8961739631774}, "token_totals": {"input": 30643, "output": 1391, "calls": 40}, "finished_at": "2026-04-23T15:36:21.600841+00:00"}