{"episode_id": "map_04_courtyard_remix_obj_on_0011", "episode_idx": 3, "agent_name": "GhostAgent_3", "SR": 0.0, "SPL": 0.0, "SoftSPL": 0.6821868495030414, "PLR": 0.02888274143960346, "nDTW": 0.0001333905550573342, "CLS": 0.06504524960460172, "steps": 40, "path_length_cm": 131.23999999999978, "cumulative_reward": -97.43416127859939, "ended_reason": "max_steps", "metrics": {"SR": 0.0, "SPL": 0.0, "SoftSPL": 0.6821868495030414, "PLR": 0.02888274143960346, "nDTW": 0.0001333905550573342, "CLS": 0.06504524960460172, "path_length_cm": 131.23999999999978, "cumulative_reward": -97.43416127859939}, "token_totals": {"input": 118150, "output": 5402, "calls": 40}, "finished_at": "2026-04-22T22:59:57.539052+00:00"}