{"episode_id": "map_68_B13_suburban_park_obj_pn_0001", "episode_idx": 1, "agent_name": "GhostAgent_1", "SR": 1.0, "SPL": 0.6068517605519732, "SoftSPL": 0.596758666606534, "PLR": 1.6478488899668537, "nDTW": 2.016866006279351e-39, "CLS": 0.1432140218221012, "steps": 37, "path_length_cm": 12590.768449036437, "cumulative_reward": 7410.373128014245, "ended_reason": "success", "metrics": {"SR": 1.0, "SPL": 0.6068517605519732, "SoftSPL": 0.596758666606534, "PLR": 1.6478488899668537, "nDTW": 2.016866006279351e-39, "CLS": 0.1432140218221012, "path_length_cm": 12590.768449036437, "cumulative_reward": 7410.373128014245}, "token_totals": {"input": 112255, "output": 5704, "calls": 37}, "finished_at": "2026-04-23T05:33:39.803590+00:00"}