{"episode_id": "map_61_containeryard_day_big_remix_on_0019", "episode_idx": 9, "agent_name": "GhostAgent_9", "SR": 0.0, "SPL": 0.0, "SoftSPL": 0.0005803796982064569, "PLR": 0.056372582486059, "nDTW": 0.0002731359717888127, "CLS": 0.26641078006480967, "steps": 40, "path_length_cm": 57.85800003456665, "cumulative_reward": 0.20028987998816739, "ended_reason": "max_steps", "metrics": {"SR": 0.0, "SPL": 0.0, "SoftSPL": 0.0005803796982064569, "PLR": 0.056372582486059, "nDTW": 0.0002731359717888127, "CLS": 0.26641078006480967, "path_length_cm": 57.85800003456665, "cumulative_reward": 0.20028987998816739}, "token_totals": {"input": 35090, "output": 2398, "calls": 40}, "finished_at": "2026-04-23T16:41:39.321820+00:00"}