{"episode_id": "map_61_containeryard_day_big_remix_on_0017", "episode_idx": 7, "agent_name": "GhostAgent_7", "SR": 0.0, "SPL": 0.0, "SoftSPL": 0.0, "PLR": 0.08422743682310517, "nDTW": 5.551779040952925e-06, "CLS": 0.27396690536068635, "steps": 40, "path_length_cm": 93.32400000000052, "cumulative_reward": -93.31989998605866, "ended_reason": "max_steps", "metrics": {"SR": 0.0, "SPL": 0.0, "SoftSPL": 0.0, "PLR": 0.08422743682310517, "nDTW": 5.551779040952925e-06, "CLS": 0.27396690536068635, "path_length_cm": 93.32400000000052, "cumulative_reward": -93.31989998605866}, "token_totals": {"input": 31784, "output": 1661, "calls": 40}, "finished_at": "2026-04-23T16:41:39.321295+00:00"}