{"episode_id": "map_47_wintertown_demo01_minimal_pn_0007", "episode_idx": 7, "agent_name": "GhostAgent_7", "SR": 0.0, "SPL": 0.0, "SoftSPL": 0.20622301559991882, "PLR": 3.298520743186412, "nDTW": 2.0357988840263783e-57, "CLS": 0.08274617463555992, "steps": 40, "path_length_cm": 9135.780961573677, "cumulative_reward": 1883.6135445825776, "ended_reason": "max_steps", "metrics": {"SR": 0.0, "SPL": 0.0, "SoftSPL": 0.20622301559991882, "PLR": 3.298520743186412, "nDTW": 2.0357988840263783e-57, "CLS": 0.08274617463555992, "path_length_cm": 9135.780961573677, "cumulative_reward": 1883.6135445825776}, "token_totals": {"input": 122355, "output": 5787, "calls": 40}, "finished_at": "2026-04-23T01:22:40.673123+00:00"}