{"episode_id": "map_05_middleeast_native_obj_on_0009", "episode_idx": 0, "agent_name": "GhostAgent_0", "SR": 1.0, "SPL": 0.8727279896802785, "SoftSPL": 0.8481453726992495, "PLR": 1.145832392022109, "nDTW": 5.047685022825102e-17, "CLS": 0.5179841229944536, "steps": 15, "path_length_cm": 5001.008391628336, "cumulative_reward": 4243.19961603151, "ended_reason": "success", "metrics": {"SR": 1.0, "SPL": 0.8727279896802785, "SoftSPL": 0.8481453726992495, "PLR": 1.145832392022109, "nDTW": 5.047685022825102e-17, "CLS": 0.5179841229944536, "path_length_cm": 5001.008391628336, "cumulative_reward": 4243.19961603151}, "token_totals": {"input": 39136, "output": 1973, "calls": 15}, "finished_at": "2026-04-22T22:51:30.500842+00:00"}