{"episode_id": "map_27_courtyard_overcast_remix_pn_0004", "episode_idx": 4, "agent_name": "GhostAgent_4", "SR": 1.0, "SPL": 1.0, "SoftSPL": 0.9770284915660359, "PLR": 0.6357727153296957, "nDTW": 0.33027256061538485, "CLS": 0.3186468720134247, "steps": 5, "path_length_cm": 1125.5783729468467, "cumulative_reward": 1124.499681165765, "ended_reason": "success", "metrics": {"SR": 1.0, "SPL": 1.0, "SoftSPL": 0.9770284915660359, "PLR": 0.6357727153296957, "nDTW": 0.33027256061538485, "CLS": 0.3186468720134247, "path_length_cm": 1125.5783729468467, "cumulative_reward": 1124.499681165765}, "token_totals": {"input": 2908, "output": 220, "calls": 5}, "finished_at": "2026-04-23T15:21:20.875937+00:00"}