{"episode_id": "map_03_watertown_remix_on_0013", "episode_idx": 0, "agent_name": "GhostAgent_0", "SR": 0.0, "SPL": 0.0, "SoftSPL": 0.4406096921849785, "PLR": 0.533650999947936, "nDTW": 4.7786794835769383e-33, "CLS": 0.0750101876297484, "steps": 40, "path_length_cm": 4235.379862696788, "cumulative_reward": 3066.674153709225, "ended_reason": "max_steps", "metrics": {"SR": 0.0, "SPL": 0.0, "SoftSPL": 0.4406096921849785, "PLR": 0.533650999947936, "nDTW": 4.7786794835769383e-33, "CLS": 0.0750101876297484, "path_length_cm": 4235.379862696788, "cumulative_reward": 3066.674153709225}, "token_totals": {"input": 454153, "output": 5375, "calls": 40}, "finished_at": "2026-04-22T21:51:39.215547+00:00"}