{"episode_id": "map_05_middleeast_native_pn_0009", "episode_idx": 0, "agent_name": "GhostAgent_0", "SR": 0.0, "SPL": 0.0, "SoftSPL": 0.5936431994803221, "PLR": 0.16471895281762736, "nDTW": 1.275017067812364e-07, "CLS": 0.07515291849930297, "steps": 40, "path_length_cm": 1028.1740562981017, "cumulative_reward": 362.6352151887217, "ended_reason": "max_steps", "metrics": {"SR": 0.0, "SPL": 0.0, "SoftSPL": 0.5936431994803221, "PLR": 0.16471895281762736, "nDTW": 1.275017067812364e-07, "CLS": 0.07515291849930297, "path_length_cm": 1028.1740562981017, "cumulative_reward": 362.6352151887217}, "token_totals": {"input": 408798, "output": 4526, "calls": 40}, "finished_at": "2026-04-22T19:35:51.527845+00:00"}