{"episode_id": "map_66_middleeast_bazaar_obj_pn_0019", "episode_idx": 9, "agent_name": "GhostAgent_9", "SR": 0.0, "SPL": 0.0, "SoftSPL": 0.11864137327367509, "PLR": 0.0, "nDTW": 0.0003158425977161021, "CLS": 0.07252609866818226, "steps": 40, "path_length_cm": 0.0, "cumulative_reward": -0.4000000000000002, "ended_reason": "max_steps", "metrics": {"SR": 0.0, "SPL": 0.0, "SoftSPL": 0.11864137327367509, "PLR": 0.0, "nDTW": 0.0003158425977161021, "CLS": 0.07252609866818226, "path_length_cm": 0.0, "cumulative_reward": -0.4000000000000002}, "token_totals": {"input": 33794, "output": 2102, "calls": 40}, "finished_at": "2026-04-23T19:13:48.834568+00:00"}