{"episode_id": "map_36_dungeon_native_obj_pn_0011", "episode_idx": 1, "agent_name": "GhostAgent_1", "SR": 0.0, "SPL": 0.0, "SoftSPL": 0.0, "PLR": 1.231589470583341, "nDTW": 0.00026120255144891397, "CLS": 0.7335243694858574, "steps": 40, "path_length_cm": 1681.0703637674371, "cumulative_reward": 1297.136534109787, "ended_reason": "max_steps", "metrics": {"SR": 0.0, "SPL": 0.0, "SoftSPL": 0.0, "PLR": 1.231589470583341, "nDTW": 0.00026120255144891397, "CLS": 0.7335243694858574, "path_length_cm": 1681.0703637674371, "cumulative_reward": 1297.136534109787}, "token_totals": {"input": 111026, "output": 5821, "calls": 40}, "finished_at": "2026-04-23T01:38:14.987145+00:00"}