{"episode_id": "map_37_dungeon_remix_pn_0009", "episode_idx": 9, "agent_name": "GhostAgent_9", "SR": 0.0, "SPL": 0.0, "SoftSPL": 0.0, "PLR": 1.473091974136625, "nDTW": 2.9876472659078563e-07, "CLS": 0.6178880412531883, "steps": 40, "path_length_cm": 2552.3822708273065, "cumulative_reward": 1748.202207215389, "ended_reason": "max_steps", "metrics": {"SR": 0.0, "SPL": 0.0, "SoftSPL": 0.0, "PLR": 1.473091974136625, "nDTW": 2.9876472659078563e-07, "CLS": 0.6178880412531883, "path_length_cm": 2552.3822708273065, "cumulative_reward": 1748.202207215389}, "token_totals": {"input": 122113, "output": 6765, "calls": 40}, "finished_at": "2026-04-23T16:14:30.532773+00:00"}