{"episode_id": "map_04_courtyard_remix_on_0014", "episode_idx": 1, "agent_name": "GhostAgent_1", "SR": 0.0, "SPL": 0.0, "SoftSPL": 0.9138416208491965, "PLR": 0.08132659847462584, "nDTW": 2.0560065900052457e-07, "CLS": 0.08558637815307699, "steps": 40, "path_length_cm": 628.5212305873594, "cumulative_reward": 418.87733181627823, "ended_reason": "max_steps", "metrics": {"SR": 0.0, "SPL": 0.0, "SoftSPL": 0.9138416208491965, "PLR": 0.08132659847462584, "nDTW": 2.0560065900052457e-07, "CLS": 0.08558637815307699, "path_length_cm": 628.5212305873594, "cumulative_reward": 418.87733181627823}, "token_totals": {"input": 439646, "output": 6238, "calls": 40}, "finished_at": "2026-04-22T21:15:07.840784+00:00"}