{"episode_id": "map_62_trainstation_cross_remix_obj_on_0014", "episode_idx": 8, "agent_name": "GhostAgent_8", "SR": 0.0, "SPL": 0.0, "SoftSPL": 0.0014849834809219642, "PLR": 0.0, "nDTW": 6.180020721540649e-05, "CLS": 0.12500413952941233, "steps": 0, "path_length_cm": 0.0, "cumulative_reward": 0.0, "ended_reason": "spawn_blocked", "metrics": {"SR": 0.0, "SPL": 0.0, "SoftSPL": 0.0014849834809219642, "PLR": 0.0, "nDTW": 6.180020721540649e-05, "CLS": 0.12500413952941233, "path_length_cm": 0.0, "cumulative_reward": 0.0}, "token_totals": {"input": 0, "output": 0, "calls": 0}, "finished_at": "2026-04-23T19:24:19.600629+00:00"}