{"episode_id": "map_08_cave_remix_obj_on_0019", "episode_idx": 4, "agent_name": "GhostAgent_4", "SR": 0.0, "SPL": 0.0, "SoftSPL": 0.09323953934510676, "PLR": 1.7074779168385153e-05, "nDTW": 0.0007927304701314458, "CLS": 0.12503406550579488, "steps": 40, "path_length_cm": 0.037013511046683545, "cumulative_reward": -0.4365380033649674, "ended_reason": "max_steps", "metrics": {"SR": 0.0, "SPL": 0.0, "SoftSPL": 0.09323953934510676, "PLR": 1.7074779168385153e-05, "nDTW": 0.0007927304701314458, "CLS": 0.12503406550579488, "path_length_cm": 0.037013511046683545, "cumulative_reward": -0.4365380033649674}, "token_totals": {"input": 33709, "output": 2026, "calls": 40}, "finished_at": "2026-04-23T15:12:20.522487+00:00"}