{"episode_id": "map_20_trainstation_native_obj_pn_0015", "episode_idx": 4, "agent_name": "GhostAgent_4", "SR": 0.0, "SPL": 0.0, "SoftSPL": 0.0, "PLR": 5.708192117913663, "nDTW": 2.3184063376104023e-182, "CLS": 0.04380700231978759, "steps": 40, "path_length_cm": 10478.927844302365, "cumulative_reward": -3528.389809529839, "ended_reason": "max_steps", "metrics": {"SR": 0.0, "SPL": 0.0, "SoftSPL": 0.0, "PLR": 5.708192117913663, "nDTW": 2.3184063376104023e-182, "CLS": 0.04380700231978759, "path_length_cm": 10478.927844302365, "cumulative_reward": -3528.389809529839}, "token_totals": {"input": 140319, "output": 9634, "calls": 40}, "finished_at": "2026-04-23T19:08:33.316069+00:00"}