{"episode_id": "map_59_B10_market_plaza_on_0011", "episode_idx": 2, "agent_name": "GhostAgent_2", "SR": 0.0, "SPL": 0.0, "SoftSPL": 0.4109045125047275, "PLR": 1.3535335675301206, "nDTW": 2.0017959520542312e-91, "CLS": 0.18473170473570616, "steps": 40, "path_length_cm": 5745.330398759427, "cumulative_reward": 2360.384797695202, "ended_reason": "max_steps", "metrics": {"SR": 0.0, "SPL": 0.0, "SoftSPL": 0.4109045125047275, "PLR": 1.3535335675301206, "nDTW": 2.0017959520542312e-91, "CLS": 0.18473170473570616, "path_length_cm": 5745.330398759427, "cumulative_reward": 2360.384797695202}, "token_totals": {"input": 133466, "output": 8608, "calls": 40}, "finished_at": "2026-04-23T14:55:22.603913+00:00"}