{"episode_id": "map_45_B7_park_with_paths_obj_on_0012", "episode_idx": 2, "agent_name": "GhostAgent_2", "SR": 0.0, "SPL": 0.0, "SoftSPL": 0.4486427258871805, "PLR": 1.093830949534041, "nDTW": 4.328921801936421e-85, "CLS": 0.22856231134131272, "steps": 40, "path_length_cm": 4793.561, "cumulative_reward": 2150.197737729105, "ended_reason": "max_steps", "metrics": {"SR": 0.0, "SPL": 0.0, "SoftSPL": 0.4486427258871805, "PLR": 1.093830949534041, "nDTW": 4.328921801936421e-85, "CLS": 0.22856231134131272, "path_length_cm": 4793.561, "cumulative_reward": 2150.197737729105}, "token_totals": {"input": 127464, "output": 6823, "calls": 40}, "finished_at": "2026-04-23T14:39:58.499073+00:00"}