{"episode_id": "map_56_containeryard_settlement_pn_0013", "episode_idx": 2, "agent_name": "GhostAgent_2", "SR": 0.0, "SPL": 0.0, "SoftSPL": 0.0, "PLR": 0.0, "nDTW": 0.005139233997463541, "CLS": 0.17818335025948884, "steps": 40, "path_length_cm": 0.0, "cumulative_reward": -0.4000000000000002, "ended_reason": "max_steps", "metrics": {"SR": 0.0, "SPL": 0.0, "SoftSPL": 0.0, "PLR": 0.0, "nDTW": 0.005139233997463541, "CLS": 0.17818335025948884, "path_length_cm": 0.0, "cumulative_reward": -0.4000000000000002}, "token_totals": {"input": 33647, "output": 2053, "calls": 40}, "finished_at": "2026-04-23T18:48:14.310985+00:00"}