{"episode_id": "map_67_B12_construction_site_obj_pn_0017", "episode_idx": 7, "agent_name": "GhostAgent_7", "SR": 0.0, "SPL": 0.0, "SoftSPL": 0.12080326263664876, "PLR": 0.38384379774844285, "nDTW": 3.3582839197595e-09, "CLS": 0.04087711947149117, "steps": 10, "path_length_cm": 2373.8397443574927, "cumulative_reward": 466.4504725050703, "ended_reason": "no_tool_call", "metrics": {"SR": 0.0, "SPL": 0.0, "SoftSPL": 0.12080326263664876, "PLR": 0.38384379774844285, "nDTW": 3.3582839197595e-09, "CLS": 0.04087711947149117, "path_length_cm": 2373.8397443574927, "cumulative_reward": 466.4504725050703}, "token_totals": {"input": 24041, "output": 1548, "calls": 10}, "finished_at": "2026-04-23T06:14:49.279082+00:00"}