{"episode_id": "map_67_B12_construction_site_obj_pn_0006", "episode_idx": 6, "agent_name": "GhostAgent_6", "SR": 0.0, "SPL": 0.0, "SoftSPL": 0.268309141193236, "PLR": 0.07180392437019437, "nDTW": 5.607700475082047e-09, "CLS": 0.1257164556063193, "steps": 40, "path_length_cm": 354.5218240284228, "cumulative_reward": 334.38358546951576, "ended_reason": "max_steps", "metrics": {"SR": 0.0, "SPL": 0.0, "SoftSPL": 0.268309141193236, "PLR": 0.07180392437019437, "nDTW": 5.607700475082047e-09, "CLS": 0.1257164556063193, "path_length_cm": 354.5218240284228, "cumulative_reward": 334.38358546951576}, "token_totals": {"input": 108431, "output": 3565, "calls": 40}, "finished_at": "2026-04-23T05:57:20.827253+00:00"}