{"episode_id": "map_33_gothic_night_remix_pn_0016", "episode_idx": 4, "agent_name": "GhostAgent_4", "SR": 0.0, "SPL": 0.0, "SoftSPL": 0.0, "PLR": 0.25315911018654463, "nDTW": 1.2202008654976614e-17, "CLS": 0.3348124525229448, "steps": 40, "path_length_cm": 408.89500000000135, "cumulative_reward": -65.78915543433786, "ended_reason": "max_steps", "metrics": {"SR": 0.0, "SPL": 0.0, "SoftSPL": 0.0, "PLR": 0.25315911018654463, "nDTW": 1.2202008654976614e-17, "CLS": 0.3348124525229448, "path_length_cm": 408.89500000000135, "cumulative_reward": -65.78915543433786}, "token_totals": {"input": 35539, "output": 2520, "calls": 40}, "finished_at": "2026-04-23T18:22:00.753255+00:00"}