{"episode_id": "map_43_B5_residential_courtyard_on_0012", "episode_idx": 2, "agent_name": "GhostAgent_2", "SR": 0.0, "SPL": 0.0, "SoftSPL": 0.0008809854170332977, "PLR": 0.0, "nDTW": 0.0008809854170332977, "CLS": 0.0008809854170332977, "steps": 40, "path_length_cm": 0.0, "cumulative_reward": -0.4000000000000002, "ended_reason": "max_steps", "metrics": {"SR": 0.0, "SPL": 0.0, "SoftSPL": 0.0008809854170332977, "PLR": 0.0, "nDTW": 0.0008809854170332977, "CLS": 0.0008809854170332977, "path_length_cm": 0.0, "cumulative_reward": -0.4000000000000002}, "token_totals": {"input": 33273, "output": 1980, "calls": 40}, "finished_at": "2026-04-23T20:16:36.019831+00:00"}