{"episode_id": "map_42_B4_industrial_yard_obj_pn_0004", "episode_idx": 4, "agent_name": "GhostAgent_4", "SR": 0.0, "SPL": 0.0, "SoftSPL": 0.0, "PLR": 0.0, "nDTW": 0.0002988815412303545, "CLS": 0.2500000223325439, "steps": 40, "path_length_cm": 0.0, "cumulative_reward": -0.4000000000000002, "ended_reason": "max_steps", "metrics": {"SR": 0.0, "SPL": 0.0, "SoftSPL": 0.0, "PLR": 0.0, "nDTW": 0.0002988815412303545, "CLS": 0.2500000223325439, "path_length_cm": 0.0, "cumulative_reward": -0.4000000000000002}, "token_totals": {"input": 35545, "output": 2631, "calls": 40}, "finished_at": "2026-04-23T16:10:19.031086+00:00"}