{"episode_id": "map_06_hwaseong_native_obj_on_0019", "episode_idx": 2, "agent_name": "GhostAgent_2", "SR": 0.0, "SPL": 0.0, "SoftSPL": 0.0, "PLR": 0.0, "nDTW": 1.4978269819870511e-06, "CLS": 0.06259882650170812, "steps": 0, "path_length_cm": 0.0, "cumulative_reward": 0.0, "ended_reason": "reset_error", "metrics": {"SR": 0.0, "SPL": 0.0, "SoftSPL": 0.0, "PLR": 0.0, "nDTW": 1.4978269819870511e-06, "CLS": 0.06259882650170812, "path_length_cm": 0.0, "cumulative_reward": 0.0}, "token_totals": {"input": 0, "output": 0, "calls": 0}, "finished_at": "2026-04-23T17:20:53.701604+00:00"}