{"episode_id": "map_15_middleeast_remix_on_0011", "episode_idx": 1, "agent_name": "GhostAgent_1", "SR": 0.0, "SPL": 0.0, "SoftSPL": 0.0, "PLR": 0.01517880623396783, "nDTW": 3.445764243283151e-08, "CLS": 0.1705498476346991, "steps": 40, "path_length_cm": 70.41600000000017, "cumulative_reward": -26.909202822808282, "ended_reason": "max_steps", "metrics": {"SR": 0.0, "SPL": 0.0, "SoftSPL": 0.0, "PLR": 0.01517880623396783, "nDTW": 3.445764243283151e-08, "CLS": 0.1705498476346991, "path_length_cm": 70.41600000000017, "cumulative_reward": -26.909202822808282}, "token_totals": {"input": 32319, "output": 1635, "calls": 40}, "finished_at": "2026-04-23T14:54:55.038348+00:00"}