{"episode_id": "map_11_wintertown_demo01_remix_pn_0004", "episode_idx": 3, "agent_name": "GhostAgent_3", "SR": 0.0, "SPL": 0.0, "SoftSPL": 0.0, "PLR": 3.056702523793205, "nDTW": 2.4610066787957336e-27, "CLS": 0.08190678288067207, "steps": 16, "path_length_cm": 4416.1709712502325, "cumulative_reward": -657.633966930312, "ended_reason": "no_tool_call", "metrics": {"SR": 0.0, "SPL": 0.0, "SoftSPL": 0.0, "PLR": 3.056702523793205, "nDTW": 2.4610066787957336e-27, "CLS": 0.08190678288067207, "path_length_cm": 4416.1709712502325, "cumulative_reward": -657.633966930312}, "token_totals": {"input": 44220, "output": 2450, "calls": 16}, "finished_at": "2026-04-22T23:07:56.953361+00:00"}