{"episode_id": "map_04_courtyard_remix_obj_on_0007", "episode_idx": 3, "agent_name": "GhostAgent_3", "SR": 0.0, "SPL": 0.0, "SoftSPL": 0.0, "PLR": 0.3021856055618525, "nDTW": 1.0320386036902744e-13, "CLS": 0.3050449885414804, "steps": 40, "path_length_cm": 401.0758449819687, "cumulative_reward": -283.7331713010785, "ended_reason": "max_steps", "metrics": {"SR": 0.0, "SPL": 0.0, "SoftSPL": 0.0, "PLR": 0.3021856055618525, "nDTW": 1.0320386036902744e-13, "CLS": 0.3050449885414804, "path_length_cm": 401.0758449819687, "cumulative_reward": -283.7331713010785}, "token_totals": {"input": 116143, "output": 4594, "calls": 40}, "finished_at": "2026-04-23T12:52:40.594218+00:00"}