{"episode_id": "map_01_wintertown_native_pn_0011", "episode_idx": 1, "agent_name": "GhostAgent_1", "SR": 0.0, "SPL": 0.0, "SoftSPL": 0.0, "PLR": 5.626912788803216, "nDTW": 8.982211498850369e-79, "CLS": 0.011470407654067474, "steps": 40, "path_length_cm": 6726.749162502693, "cumulative_reward": -4847.415721623899, "ended_reason": "max_steps", "metrics": {"SR": 0.0, "SPL": 0.0, "SoftSPL": 0.0, "PLR": 5.626912788803216, "nDTW": 8.982211498850369e-79, "CLS": 0.011470407654067474, "path_length_cm": 6726.749162502693, "cumulative_reward": -4847.415721623899}, "token_totals": {"input": 477851, "output": 5425, "calls": 40}, "finished_at": "2026-04-22T21:00:15.490354+00:00"}