{
  "map": "map_53_courtyard_sanny_big_remix",
  "n": 40,
  "SR": 0.0,
  "SPL": 0.0,
  "SoftSPL": 0.38190093564729927,
  "nDTW": 0.0008455212044046594,
  "avg_steps": 31.825
}