{"episode_id": "map_31_gothic_day_remix_on_0001", "episode_idx": 1, "agent_name": "GhostAgent_1", "SR": 0.0, "SPL": 0.0, "SoftSPL": 0.3307258951068632, "PLR": 1.9301433994621122, "nDTW": 1.3283736245055478e-40, "CLS": 0.13844024234476252, "steps": 40, "path_length_cm": 3614.154912624816, "cumulative_reward": 1194.87342598349, "ended_reason": "max_steps", "metrics": {"SR": 0.0, "SPL": 0.0, "SoftSPL": 0.3307258951068632, "PLR": 1.9301433994621122, "nDTW": 1.3283736245055478e-40, "CLS": 0.13844024234476252, "path_length_cm": 3614.154912624816, "cumulative_reward": 1194.87342598349}, "token_totals": {"input": 119878, "output": 6300, "calls": 40}, "finished_at": "2026-04-23T18:01:42.047632+00:00"}