{"episode_id": "map_20_trainstation_native_on_0011", "episode_idx": 1, "agent_name": "GhostAgent_1", "SR": 0.0, "SPL": 0.0, "SoftSPL": 0.2979609843963821, "PLR": 0.6095626485280318, "nDTW": 2.709303500083658e-07, "CLS": 0.10399063678798912, "steps": 16, "path_length_cm": 2675.6203850754277, "cumulative_reward": 1300.716769682386, "ended_reason": "no_tool_call", "metrics": {"SR": 0.0, "SPL": 0.0, "SoftSPL": 0.2979609843963821, "PLR": 0.6095626485280318, "nDTW": 2.709303500083658e-07, "CLS": 0.10399063678798912, "path_length_cm": 2675.6203850754277, "cumulative_reward": 1300.716769682386}, "token_totals": {"input": 41713, "output": 1938, "calls": 16}, "finished_at": "2026-04-23T17:25:02.996029+00:00"}