{"episode_id": "map_18_cave_native_pn_0005", "episode_idx": 5, "agent_name": "GhostAgent_5", "SR": 0.0, "SPL": 0.0, "SoftSPL": 0.5224857975707525, "PLR": 1.1297762083987322, "nDTW": 2.98828147849291e-11, "CLS": 0.6891056621541586, "steps": 40, "path_length_cm": 3507.7178740742993, "cumulative_reward": 3110.4321178326554, "ended_reason": "max_steps", "metrics": {"SR": 0.0, "SPL": 0.0, "SoftSPL": 0.5224857975707525, "PLR": 1.1297762083987322, "nDTW": 2.98828147849291e-11, "CLS": 0.6891056621541586, "path_length_cm": 3507.7178740742993, "cumulative_reward": 3110.4321178326554}, "token_totals": {"input": 110257, "output": 4559, "calls": 40}, "finished_at": "2026-04-23T18:10:13.632016+00:00"}