{"episode_id": "map_36_dungeon_native_obj_on_0002", "episode_idx": 2, "agent_name": "GhostAgent_2", "SR": 1.0, "SPL": 0.539596973455228, "SoftSPL": 0.5321649925645364, "PLR": 1.8532350053719735, "nDTW": 1.2678557958897977e-07, "CLS": 0.5002860859640833, "steps": 13, "path_length_cm": 2075.6046736665567, "cumulative_reward": 1106.9333560338512, "ended_reason": "success", "metrics": {"SR": 1.0, "SPL": 0.539596973455228, "SoftSPL": 0.5321649925645364, "PLR": 1.8532350053719735, "nDTW": 1.2678557958897977e-07, "CLS": 0.5002860859640833, "path_length_cm": 2075.6046736665567, "cumulative_reward": 1106.9333560338512}, "token_totals": {"input": 32611, "output": 1686, "calls": 13}, "finished_at": "2026-04-23T01:34:21.895747+00:00"}