{"episode_id": "map_05_middleeast_native_on_0003", "episode_idx": 2, "agent_name": "GhostAgent_2", "SR": 0.0, "SPL": 0.0, "SoftSPL": 0.4012510062810213, "PLR": 0.40545470919541055, "nDTW": 0.0012314244214262427, "CLS": 0.40748927587850264, "steps": 40, "path_length_cm": 1763.7563668296793, "cumulative_reward": 1624.905947890613, "ended_reason": "max_steps", "metrics": {"SR": 0.0, "SPL": 0.0, "SoftSPL": 0.4012510062810213, "PLR": 0.40545470919541055, "nDTW": 0.0012314244214262427, "CLS": 0.40748927587850264, "path_length_cm": 1763.7563668296793, "cumulative_reward": 1624.905947890613}, "token_totals": {"input": 491384, "output": 7243, "calls": 40}, "finished_at": "2026-04-22T20:03:10.001477+00:00"}