{"episode_id": "map_10_B1_urban_grid_obj_on_0018", "episode_idx": 2, "agent_name": "GhostAgent_2", "SR": 0.0, "SPL": 0.0, "SoftSPL": 0.7835408497546412, "PLR": 0.9518358921156906, "nDTW": 3.3391627438809718e-21, "CLS": 0.19075252317703012, "steps": 40, "path_length_cm": 5043.2739192982235, "cumulative_reward": 3264.61441873194, "ended_reason": "max_steps", "metrics": {"SR": 0.0, "SPL": 0.0, "SoftSPL": 0.7835408497546412, "PLR": 0.9518358921156906, "nDTW": 3.3391627438809718e-21, "CLS": 0.19075252317703012, "path_length_cm": 5043.2739192982235, "cumulative_reward": 3264.61441873194}, "token_totals": {"input": 122996, "output": 6044, "calls": 40}, "finished_at": "2026-04-23T13:38:36.595347+00:00"}