{"episode_id": "map_30_gothic_day_native_on_0011", "episode_idx": 1, "agent_name": "GhostAgent_1", "SR": 0.0, "SPL": 0.0, "SoftSPL": 0.055527424226433975, "PLR": 0.0, "nDTW": 0.00013004825710451716, "CLS": 0.1666671932070878, "steps": 0, "path_length_cm": 0.0, "cumulative_reward": 0.0, "ended_reason": "reset_error", "metrics": {"SR": 0.0, "SPL": 0.0, "SoftSPL": 0.055527424226433975, "PLR": 0.0, "nDTW": 0.00013004825710451716, "CLS": 0.1666671932070878, "path_length_cm": 0.0, "cumulative_reward": 0.0}, "token_totals": {"input": 0, "output": 0, "calls": 0}, "finished_at": "2026-04-23T17:43:12.627711+00:00"}