{"episode_id": "map_66_middleeast_bazaar_pn_0017", "episode_idx": 7, "agent_name": "GhostAgent_7", "SR": 0.0, "SPL": 0.0, "SoftSPL": 0.24607913192016728, "PLR": 0.40833975471567885, "nDTW": 3.0004987708355286e-29, "CLS": 0.06809867666455743, "steps": 40, "path_length_cm": 2826.0418578338176, "cumulative_reward": 1083.8268341611047, "ended_reason": "max_steps", "metrics": {"SR": 0.0, "SPL": 0.0, "SoftSPL": 0.24607913192016728, "PLR": 0.40833975471567885, "nDTW": 3.0004987708355286e-29, "CLS": 0.06809867666455743, "path_length_cm": 2826.0418578338176, "cumulative_reward": 1083.8268341611047}, "token_totals": {"input": 33935, "output": 2203, "calls": 40}, "finished_at": "2026-04-23T18:51:48.324884+00:00"}