{"episode_id": "map_11_wintertown_demo01_remix_pn_0006", "episode_idx": 0, "agent_name": "GhostAgent_0", "SR": 0.0, "SPL": 0.0, "SoftSPL": 0.0, "PLR": 7.436748189841123, "nDTW": 6.131378421541002e-78, "CLS": 0.03361694166969018, "steps": 21, "path_length_cm": 21893.56356844657, "cumulative_reward": -13467.691374495147, "ended_reason": "no_tool_call", "metrics": {"SR": 0.0, "SPL": 0.0, "SoftSPL": 0.0, "PLR": 7.436748189841123, "nDTW": 6.131378421541002e-78, "CLS": 0.03361694166969018, "path_length_cm": 21893.56356844657, "cumulative_reward": -13467.691374495147}, "token_totals": {"input": 61918, "output": 3654, "calls": 21}, "finished_at": "2026-04-23T15:11:24.458087+00:00"}