{"episode_id": "map_50_B9_sparse_wilderness_pn_0015", "episode_idx": 5, "agent_name": "GhostAgent_5", "SR": 0.0, "SPL": 0.0, "SoftSPL": 0.0, "PLR": 1.0435698262100834, "nDTW": 7.65919090846997e-216, "CLS": 0.2395623117122153, "steps": 40, "path_length_cm": 7711.521844968984, "cumulative_reward": -1728.6685910987537, "ended_reason": "max_steps", "metrics": {"SR": 0.0, "SPL": 0.0, "SoftSPL": 0.0, "PLR": 1.0435698262100834, "nDTW": 7.65919090846997e-216, "CLS": 0.2395623117122153, "path_length_cm": 7711.521844968984, "cumulative_reward": -1728.6685910987537}, "token_totals": {"input": 126654, "output": 6586, "calls": 40}, "finished_at": "2026-04-23T19:26:09.134980+00:00"}