{"episode_id": "map_65_hwaseong_ceremonial_pn_0015", "episode_idx": 3, "agent_name": "GhostAgent_3", "SR": 0.0, "SPL": 0.0, "SoftSPL": 0.6283034837128311, "PLR": 1.3979720066778158, "nDTW": 3.856793217571557e-17, "CLS": 0.16537469161801327, "steps": 40, "path_length_cm": 5811.872901682084, "cumulative_reward": 3615.9888420173993, "ended_reason": "max_steps", "metrics": {"SR": 0.0, "SPL": 0.0, "SoftSPL": 0.6283034837128311, "PLR": 1.3979720066778158, "nDTW": 3.856793217571557e-17, "CLS": 0.16537469161801327, "path_length_cm": 5811.872901682084, "cumulative_reward": 3615.9888420173993}, "token_totals": {"input": 134580, "output": 9421, "calls": 40}, "finished_at": "2026-04-23T13:35:17.193746+00:00"}