{"episode_id": "map_03_watertown_remix_obj_on_0005", "episode_idx": 1, "agent_name": "GhostAgent_1", "SR": 0.0, "SPL": 0.0, "SoftSPL": 0.0, "PLR": 1.783782916564261, "nDTW": 2.2353866087758044e-99, "CLS": 0.0622896207919956, "steps": 40, "path_length_cm": 10711.241819555908, "cumulative_reward": -1631.7692327604082, "ended_reason": "max_steps", "metrics": {"SR": 0.0, "SPL": 0.0, "SoftSPL": 0.0, "PLR": 1.783782916564261, "nDTW": 2.2353866087758044e-99, "CLS": 0.0622896207919956, "path_length_cm": 10711.241819555908, "cumulative_reward": -1631.7692327604082}, "token_totals": {"input": 133339, "output": 8399, "calls": 40}, "finished_at": "2026-04-22T22:38:37.023834+00:00"}