{"episode_id": "map_56_containeryard_settlement_pn_0016", "episode_idx": 4, "agent_name": "GhostAgent_4", "SR": 0.0, "SPL": 0.0, "SoftSPL": 0.0, "PLR": 0.0, "nDTW": 1.0839156313388119e-06, "CLS": 0.12536542121609084, "steps": 40, "path_length_cm": 0.0, "cumulative_reward": -0.4000000000000002, "ended_reason": "max_steps", "metrics": {"SR": 0.0, "SPL": 0.0, "SoftSPL": 0.0, "PLR": 0.0, "nDTW": 1.0839156313388119e-06, "CLS": 0.12536542121609084, "path_length_cm": 0.0, "cumulative_reward": -0.4000000000000002}, "token_totals": {"input": 36127, "output": 2720, "calls": 40}, "finished_at": "2026-04-23T18:48:14.312461+00:00"}