{"episode_id": "map_40_B2_open_plaza_on_0017", "episode_idx": 0, "agent_name": "GhostAgent_0", "SR": 1.0, "SPL": 0.9376107778726508, "SoftSPL": 0.9159577218807268, "PLR": 1.066540640956479, "nDTW": 2.400492844381502e-33, "CLS": 0.4997840358956181, "steps": 22, "path_length_cm": 7168.61426790565, "cumulative_reward": 6568.429935664054, "ended_reason": "success", "metrics": {"SR": 1.0, "SPL": 0.9376107778726508, "SoftSPL": 0.9159577218807268, "PLR": 1.066540640956479, "nDTW": 2.400492844381502e-33, "CLS": 0.4997840358956181, "path_length_cm": 7168.61426790565, "cumulative_reward": 6568.429935664054}, "token_totals": {"input": 57028, "output": 2444, "calls": 22}, "finished_at": "2026-04-23T18:19:26.239987+00:00"}