{"episode_id": "map_49_courtyard_sunny_packed_obj_pn_0000", "episode_idx": 8, "agent_name": "GhostAgent_8", "SR": 0.0, "SPL": 0.0, "SoftSPL": 0.8536918501594628, "PLR": 0.20139569151606967, "nDTW": 0.00055983258236383, "CLS": 0.04565701708312271, "steps": 40, "path_length_cm": 1107.1204512297988, "cumulative_reward": 1077.4186232408906, "ended_reason": "max_steps", "metrics": {"SR": 0.0, "SPL": 0.0, "SoftSPL": 0.8536918501594628, "PLR": 0.20139569151606967, "nDTW": 0.00055983258236383, "CLS": 0.04565701708312271, "path_length_cm": 1107.1204512297988, "cumulative_reward": 1077.4186232408906}, "token_totals": {"input": 119168, "output": 6832, "calls": 40}, "finished_at": "2026-04-23T16:29:25.347378+00:00"}