{"episode_id": "map_45_B7_park_with_paths_obj_on_0001", "episode_idx": 1, "agent_name": "GhostAgent_1", "SR": 0.0, "SPL": 0.0, "SoftSPL": 0.1591718608918149, "PLR": 1.794177294523624, "nDTW": 3.0800895038737497e-23, "CLS": 0.013085585973991128, "steps": 40, "path_length_cm": 13645.005393219284, "cumulative_reward": 1082.8082773938856, "ended_reason": "max_steps", "metrics": {"SR": 0.0, "SPL": 0.0, "SoftSPL": 0.1591718608918149, "PLR": 1.794177294523624, "nDTW": 3.0800895038737497e-23, "CLS": 0.013085585973991128, "path_length_cm": 13645.005393219284, "cumulative_reward": 1082.8082773938856}, "token_totals": {"input": 133547, "output": 8329, "calls": 40}, "finished_at": "2026-04-23T14:26:19.757111+00:00"}