{"episode_id": "map_49_courtyard_sunny_packed_on_0011", "episode_idx": 1, "agent_name": "GhostAgent_1", "SR": 0.0, "SPL": 0.0, "SoftSPL": 0.0, "PLR": 0.20360670223021066, "nDTW": 1.8887602893719763e-06, "CLS": 0.0926423495309638, "steps": 40, "path_length_cm": 361.7113786460138, "cumulative_reward": -97.14042724400963, "ended_reason": "max_steps", "metrics": {"SR": 0.0, "SPL": 0.0, "SoftSPL": 0.0, "PLR": 0.20360670223021066, "nDTW": 1.8887602893719763e-06, "CLS": 0.0926423495309638, "path_length_cm": 361.7113786460138, "cumulative_reward": -97.14042724400963}, "token_totals": {"input": 116629, "output": 5741, "calls": 40}, "finished_at": "2026-04-23T02:41:35.959719+00:00"}