{"episode_id": "map_08_cave_remix_pn_0012", "episode_idx": 2, "agent_name": "GhostAgent_2", "SR": 1.0, "SPL": 0.9237079852378964, "SoftSPL": 0.8432091687586734, "PLR": 1.082593217749931, "nDTW": 0.0032778742947013476, "CLS": 0.455160725207181, "steps": 5, "path_length_cm": 2016.0700456869863, "cumulative_reward": 1695.319050213982, "ended_reason": "success", "metrics": {"SR": 1.0, "SPL": 0.9237079852378964, "SoftSPL": 0.8432091687586734, "PLR": 1.082593217749931, "nDTW": 0.0032778742947013476, "CLS": 0.455160725207181, "path_length_cm": 2016.0700456869863, "cumulative_reward": 1695.319050213982}, "token_totals": {"input": 2503, "output": 15, "calls": 5}, "finished_at": "2026-04-23T14:55:42.727486+00:00"}