{
  "map": "map_28_village_night_native",
  "n": 17,
  "SR": 0.17647058823529413,
  "SPL": 0.16699804363526305,
  "SoftSPL": 0.22131922737700616,
  "nDTW": 6.420011054965779e-06,
  "avg_steps": 36.8235294117647
}