{"episode_id": "map_18_cave_native_on_0001", "episode_idx": 1, "agent_name": "GhostAgent_1", "SR": 0.0, "SPL": 0.0, "SoftSPL": 0.0, "PLR": 0.687358006077517, "nDTW": 3.3438048434749866e-26, "CLS": 0.16248614467301972, "steps": 40, "path_length_cm": 1013.0144821969229, "cumulative_reward": -621.7709764504154, "ended_reason": "max_steps", "metrics": {"SR": 0.0, "SPL": 0.0, "SoftSPL": 0.0, "PLR": 0.687358006077517, "nDTW": 3.3438048434749866e-26, "CLS": 0.16248614467301972, "path_length_cm": 1013.0144821969229, "cumulative_reward": -621.7709764504154}, "token_totals": {"input": 116261, "output": 4360, "calls": 40}, "finished_at": "2026-04-23T16:57:38.525166+00:00"}