{
  "map": "map_61_containeryard_day_big_remix",
  "n": 20,
  "SR": 0.0,
  "SPL": 0.0,
  "SoftSPL": 0.020095449014743333,
  "nDTW": 0.0015338289210246082,
  "avg_steps": 40.0
}