{"episode_id": "map_09b_wintertown_demo02_obj_on_0014", "episode_idx": 5, "agent_name": "GhostAgent_5", "SR": 0.0, "SPL": 0.0, "SoftSPL": 0.0, "PLR": 0.9482081000734393, "nDTW": 8.423642480691778e-57, "CLS": 0.04220249886989727, "steps": 40, "path_length_cm": 6017.90701000709, "cumulative_reward": -1562.0194942400315, "ended_reason": "max_steps", "metrics": {"SR": 0.0, "SPL": 0.0, "SoftSPL": 0.0, "PLR": 0.9482081000734393, "nDTW": 8.423642480691778e-57, "CLS": 0.04220249886989727, "path_length_cm": 6017.90701000709, "cumulative_reward": -1562.0194942400315}, "token_totals": {"input": 116316, "output": 4304, "calls": 40}, "finished_at": "2026-04-22T23:26:48.645874+00:00"}