{"episode_id": "map_09b_wintertown_demo02_on_0004", "episode_idx": 4, "agent_name": "GhostAgent_4", "SR": 0.0, "SPL": 0.0, "SoftSPL": 0.26720649185104195, "PLR": 0.007733768030216508, "nDTW": 5.193765382093214e-06, "CLS": 0.08223309176477608, "steps": 40, "path_length_cm": 50.22502303023356, "cumulative_reward": 25.89584582261117, "ended_reason": "max_steps", "metrics": {"SR": 0.0, "SPL": 0.0, "SoftSPL": 0.26720649185104195, "PLR": 0.007733768030216508, "nDTW": 5.193765382093214e-06, "CLS": 0.08223309176477608, "path_length_cm": 50.22502303023356, "cumulative_reward": 25.89584582261117}, "token_totals": {"input": 386343, "output": 3396, "calls": 40}, "finished_at": "2026-04-22T19:16:22.890304+00:00"}