{"episode_id": "map_04_courtyard_remix_pn_0014", "episode_idx": 1, "agent_name": "GhostAgent_1", "SR": 0.0, "SPL": 0.0, "SoftSPL": 0.9220166505488503, "PLR": 0.10856286319219384, "nDTW": 3.040282315958322e-08, "CLS": 0.10633260567798587, "steps": 40, "path_length_cm": 839.0128893800231, "cumulative_reward": 482.05690434589405, "ended_reason": "max_steps", "metrics": {"SR": 0.0, "SPL": 0.0, "SoftSPL": 0.9220166505488503, "PLR": 0.10856286319219384, "nDTW": 3.040282315958322e-08, "CLS": 0.10633260567798587, "path_length_cm": 839.0128893800231, "cumulative_reward": 482.05690434589405}, "token_totals": {"input": 432481, "output": 5514, "calls": 40}, "finished_at": "2026-04-22T20:26:34.434426+00:00"}