{"episode_id": "map_26_courtyard_overcast_native_obj_pn_0019", "episode_idx": 8, "agent_name": "GhostAgent_8", "SR": 0.0, "SPL": 0.0, "SoftSPL": 0.9084566082468917, "PLR": 0.987621030599361, "nDTW": 0.0010267974611117457, "CLS": 0.4715777683020093, "steps": 17, "path_length_cm": 2287.2315447650603, "cumulative_reward": 1690.7553405142633, "ended_reason": "success", "metrics": {"SR": 0.0, "SPL": 0.0, "SoftSPL": 0.9084566082468917, "PLR": 0.987621030599361, "nDTW": 0.0010267974611117457, "CLS": 0.4715777683020093, "path_length_cm": 2287.2315447650603, "cumulative_reward": 1690.7553405142633}, "token_totals": {"input": 45718, "output": 2274, "calls": 17}, "finished_at": "2026-04-23T18:44:24.260599+00:00"}