{"episode_id": "map_13_watertown_native_on_0006", "episode_idx": 6, "agent_name": "GhostAgent_6", "SR": 0.0, "SPL": 0.0, "SoftSPL": 0.0, "PLR": 0.326624096817863, "nDTW": 0.0009746078230697081, "CLS": 0.37167972985937475, "steps": 5, "path_length_cm": 400.5129999999999, "cumulative_reward": -345.6708892577076, "ended_reason": "no_tool_call", "metrics": {"SR": 0.0, "SPL": 0.0, "SoftSPL": 0.0, "PLR": 0.326624096817863, "nDTW": 0.0009746078230697081, "CLS": 0.37167972985937475, "path_length_cm": 400.5129999999999, "cumulative_reward": -345.6708892577076}, "token_totals": {"input": 9447, "output": 1173, "calls": 5}, "finished_at": "2026-04-23T16:49:28.256893+00:00"}