{"episode_id": "map_27_courtyard_overcast_remix_pn_0006", "episode_idx": 6, "agent_name": "GhostAgent_6", "SR": 0.0, "SPL": 0.0, "SoftSPL": 0.3773900703544034, "PLR": 0.0, "nDTW": 0.017934291894946774, "CLS": 0.14302788004326053, "steps": 40, "path_length_cm": 0.0, "cumulative_reward": -0.4000000000000002, "ended_reason": "max_steps", "metrics": {"SR": 0.0, "SPL": 0.0, "SoftSPL": 0.3773900703544034, "PLR": 0.0, "nDTW": 0.017934291894946774, "CLS": 0.14302788004326053, "path_length_cm": 0.0, "cumulative_reward": -0.4000000000000002}, "token_totals": {"input": 33784, "output": 2119, "calls": 40}, "finished_at": "2026-04-23T15:21:20.877185+00:00"}