{"episode_id": "map_04_courtyard_remix_on_0019", "episode_idx": 4, "agent_name": "GhostAgent_4", "SR": 0.0, "SPL": 0.0, "SoftSPL": 0.766952803578824, "PLR": 0.11222537524735622, "nDTW": 4.218448610138968e-10, "CLS": 0.11343726785146302, "steps": 40, "path_length_cm": 651.1349939464181, "cumulative_reward": 585.014175407528, "ended_reason": "max_steps", "metrics": {"SR": 0.0, "SPL": 0.0, "SoftSPL": 0.766952803578824, "PLR": 0.11222537524735622, "nDTW": 4.218448610138968e-10, "CLS": 0.11343726785146302, "path_length_cm": 651.1349939464181, "cumulative_reward": 585.014175407528}, "token_totals": {"input": 403818, "output": 4169, "calls": 40}, "finished_at": "2026-04-22T21:47:35.001479+00:00"}