{"episode_id": "map_53_courtyard_sanny_big_remix_obj_on_0008", "episode_idx": 8, "agent_name": "GhostAgent_8", "SR": 0.0, "SPL": 0.0, "SoftSPL": 0.060255482090354806, "PLR": 0.3472988315839233, "nDTW": 3.001647473388039e-14, "CLS": 0.21502601050794234, "steps": 40, "path_length_cm": 710.4101789698626, "cumulative_reward": 38.41626730519826, "ended_reason": "max_steps", "metrics": {"SR": 0.0, "SPL": 0.0, "SoftSPL": 0.060255482090354806, "PLR": 0.3472988315839233, "nDTW": 3.001647473388039e-14, "CLS": 0.21502601050794234, "path_length_cm": 710.4101789698626, "cumulative_reward": 38.41626730519826}, "token_totals": {"input": 123791, "output": 6763, "calls": 40}, "finished_at": "2026-04-23T18:49:51.442683+00:00"}