{"episode_id": "map_68_B13_suburban_park_obj_pn_0019", "episode_idx": 9, "agent_name": "GhostAgent_9", "SR": 0.0, "SPL": 0.0, "SoftSPL": 0.0, "PLR": 1.9956559316602305, "nDTW": 2.081354297801126e-113, "CLS": 0.03185737609582303, "steps": 40, "path_length_cm": 6165.12, "cumulative_reward": -6037.77146125678, "ended_reason": "max_steps", "metrics": {"SR": 0.0, "SPL": 0.0, "SoftSPL": 0.0, "PLR": 1.9956559316602305, "nDTW": 2.081354297801126e-113, "CLS": 0.03185737609582303, "path_length_cm": 6165.12, "cumulative_reward": -6037.77146125678}, "token_totals": {"input": 125882, "output": 6346, "calls": 40}, "finished_at": "2026-04-23T05:49:05.003388+00:00"}