{"episode_id": "map_03_watertown_remix_obj_pn_0007", "episode_idx": 2, "agent_name": "GhostAgent_2", "SR": 0.0, "SPL": 0.0, "SoftSPL": 0.0, "PLR": 2.495128943861559, "nDTW": 9.225667513778854e-185, "CLS": 0.025168386165825424, "steps": 40, "path_length_cm": 15952.556999999999, "cumulative_reward": -15465.203147903705, "ended_reason": "max_steps", "metrics": {"SR": 0.0, "SPL": 0.0, "SoftSPL": 0.0, "PLR": 2.495128943861559, "nDTW": 9.225667513778854e-185, "CLS": 0.025168386165825424, "path_length_cm": 15952.556999999999, "cumulative_reward": -15465.203147903705}, "token_totals": {"input": 501446, "output": 6450, "calls": 40}, "finished_at": "2026-04-22T21:49:47.729200+00:00"}