{"episode_id": "map_15_middleeast_remix_pn_0014", "episode_idx": 4, "agent_name": "GhostAgent_4", "SR": 0.0, "SPL": 0.0, "SoftSPL": 0.8826769788910349, "PLR": 0.9699667035020084, "nDTW": 1.200067693366415e-24, "CLS": 0.3306907693378721, "steps": 40, "path_length_cm": 3339.3625681485746, "cumulative_reward": 3038.4461467982624, "ended_reason": "max_steps", "metrics": {"SR": 0.0, "SPL": 0.0, "SoftSPL": 0.8826769788910349, "PLR": 0.9699667035020084, "nDTW": 1.200067693366415e-24, "CLS": 0.3306907693378721, "path_length_cm": 3339.3625681485746, "cumulative_reward": 3038.4461467982624}, "token_totals": {"input": 25777, "output": 206, "calls": 40}, "finished_at": "2026-04-23T14:51:25.699241+00:00"}