{"episode_id": "map_53_courtyard_sanny_big_remix_pn_0000", "episode_idx": 0, "agent_name": "GhostAgent_0", "SR": 0.0, "SPL": 0.0, "SoftSPL": 0.0, "PLR": 0.39489385946816813, "nDTW": 1.360119969401312e-17, "CLS": 0.41404117051175554, "steps": 40, "path_length_cm": 401.9980000000005, "cumulative_reward": -45.03541192129109, "ended_reason": "max_steps", "metrics": {"SR": 0.0, "SPL": 0.0, "SoftSPL": 0.0, "PLR": 0.39489385946816813, "nDTW": 1.360119969401312e-17, "CLS": 0.41404117051175554, "path_length_cm": 401.9980000000005, "cumulative_reward": -45.03541192129109}, "token_totals": {"input": 117926, "output": 5516, "calls": 40}, "finished_at": "2026-04-23T02:00:37.951455+00:00"}