{"episode_id": "map_22_containeryard_demo_native_on_0019", "episode_idx": 9, "agent_name": "GhostAgent_9", "SR": 0.0, "SPL": 0.0, "SoftSPL": 0.04581733084387118, "PLR": 2.8686484904214944, "nDTW": 3.627427845613671e-79, "CLS": 0.021822623726873353, "steps": 40, "path_length_cm": 11127.114570041222, "cumulative_reward": 129.15233208474478, "ended_reason": "max_steps", "metrics": {"SR": 0.0, "SPL": 0.0, "SoftSPL": 0.04581733084387118, "PLR": 2.8686484904214944, "nDTW": 3.627427845613671e-79, "CLS": 0.021822623726873353, "path_length_cm": 11127.114570041222, "cumulative_reward": 129.15233208474478}, "token_totals": {"input": 128968, "output": 6731, "calls": 40}, "finished_at": "2026-04-23T00:04:06.398739+00:00"}