{"episode_id": "map_45_B7_park_with_paths_obj_on_0013", "episode_idx": 3, "agent_name": "GhostAgent_3", "SR": 0.0, "SPL": 0.0, "SoftSPL": 0.0, "PLR": 3.659657216509589, "nDTW": 5.301527676949569e-56, "CLS": 0.010962127734060268, "steps": 40, "path_length_cm": 13744.428221756403, "cumulative_reward": -4423.05861647708, "ended_reason": "max_steps", "metrics": {"SR": 0.0, "SPL": 0.0, "SoftSPL": 0.0, "PLR": 3.659657216509589, "nDTW": 5.301527676949569e-56, "CLS": 0.010962127734060268, "path_length_cm": 13744.428221756403, "cumulative_reward": -4423.05861647708}, "token_totals": {"input": 138499, "output": 9235, "calls": 40}, "finished_at": "2026-04-23T14:39:58.522347+00:00"}