{"episode_id": "map_03_watertown_remix_obj_pn_0003", "episode_idx": 3, "agent_name": "GhostAgent_3", "SR": 0.0, "SPL": 0.0, "SoftSPL": 0.00644046342235754, "PLR": 1.0727622498642893, "nDTW": 2.85471134820221e-67, "CLS": 0.2330607808721318, "steps": 40, "path_length_cm": 2397.9025466316516, "cumulative_reward": 122.60099654734724, "ended_reason": "max_steps", "metrics": {"SR": 0.0, "SPL": 0.0, "SoftSPL": 0.00644046342235754, "PLR": 1.0727622498642893, "nDTW": 2.85471134820221e-67, "CLS": 0.2330607808721318, "path_length_cm": 2397.9025466316516, "cumulative_reward": 122.60099654734724}, "token_totals": {"input": 423276, "output": 3747, "calls": 40}, "finished_at": "2026-04-22T20:59:56.165708+00:00"}