{"episode_id": "map_21_hwaseong_remix2_on_0006", "episode_idx": 6, "agent_name": "GhostAgent_6", "SR": 0.0, "SPL": 0.0, "SoftSPL": 2.393708363745972e-07, "PLR": 0.0, "nDTW": 5.2887649755532896e-08, "CLS": 0.2500000000000007, "steps": 40, "path_length_cm": 0.0, "cumulative_reward": -0.4000000000000002, "ended_reason": "max_steps", "metrics": {"SR": 0.0, "SPL": 0.0, "SoftSPL": 2.393708363745972e-07, "PLR": 0.0, "nDTW": 5.2887649755532896e-08, "CLS": 0.2500000000000007, "path_length_cm": 0.0, "cumulative_reward": -0.4000000000000002}, "token_totals": {"input": 31220, "output": 1455, "calls": 40}, "finished_at": "2026-04-23T17:56:38.480027+00:00"}