{"episode_id": "map_57_gothic_day_invasion_obj_on_0005", "episode_idx": 4, "agent_name": "GhostAgent_4", "SR": 1.0, "SPL": 0.6317175312062843, "SoftSPL": 0.6183958298952974, "PLR": 1.5829859875670522, "nDTW": 6.601439401061632e-06, "CLS": 0.18207214039305922, "steps": 19, "path_length_cm": 4006.7274928507168, "cumulative_reward": 2228.733155042697, "ended_reason": "success", "metrics": {"SR": 1.0, "SPL": 0.6317175312062843, "SoftSPL": 0.6183958298952974, "PLR": 1.5829859875670522, "nDTW": 6.601439401061632e-06, "CLS": 0.18207214039305922, "path_length_cm": 4006.7274928507168, "cumulative_reward": 2228.733155042697}, "token_totals": {"input": 55817, "output": 3620, "calls": 19}, "finished_at": "2026-04-23T15:22:49.190248+00:00"}