{"episode_id": "map_36_dungeon_native_on_0009", "episode_idx": 9, "agent_name": "GhostAgent_9", "SR": 1.0, "SPL": 0.555226296362871, "SoftSPL": 0.5041785430826035, "PLR": 1.8010674324157818, "nDTW": 5.0410305082901555e-14, "CLS": 0.3044903400579128, "steps": 18, "path_length_cm": 2866.7230108275517, "cumulative_reward": 1447.6596103239174, "ended_reason": "success", "metrics": {"SR": 1.0, "SPL": 0.555226296362871, "SoftSPL": 0.5041785430826035, "PLR": 1.8010674324157818, "nDTW": 5.0410305082901555e-14, "CLS": 0.3044903400579128, "path_length_cm": 2866.7230108275517, "cumulative_reward": 1447.6596103239174}, "token_totals": {"input": 52447, "output": 3150, "calls": 18}, "finished_at": "2026-04-23T01:09:43.408993+00:00"}