{"episode_id": "map_68_B13_suburban_park_on_0007", "episode_idx": 7, "agent_name": "GhostAgent_7", "SR": 0.0, "SPL": 0.0, "SoftSPL": 0.6829464726827184, "PLR": 1.3970781876744471, "nDTW": 3.0095509931525304e-34, "CLS": 0.28707296859130127, "steps": 40, "path_length_cm": 8400.239960593903, "cumulative_reward": 5736.5098659785235, "ended_reason": "max_steps", "metrics": {"SR": 0.0, "SPL": 0.0, "SoftSPL": 0.6829464726827184, "PLR": 1.3970781876744471, "nDTW": 3.0095509931525304e-34, "CLS": 0.28707296859130127, "path_length_cm": 8400.239960593903, "cumulative_reward": 5736.5098659785235}, "token_totals": {"input": 129846, "output": 8476, "calls": 40}, "finished_at": "2026-04-23T04:00:24.149787+00:00"}