{"episode_id": "map_45_B7_park_with_paths_pn_0007", "episode_idx": 7, "agent_name": "GhostAgent_7", "SR": 1.0, "SPL": 0.5837314359785519, "SoftSPL": 0.5588628926672558, "PLR": 1.7131165778721964, "nDTW": 3.2524623138780697e-26, "CLS": 0.2979223379226152, "steps": 29, "path_length_cm": 6809.706921705096, "cumulative_reward": 3807.9047920416124, "ended_reason": "success", "metrics": {"SR": 1.0, "SPL": 0.5837314359785519, "SoftSPL": 0.5588628926672558, "PLR": 1.7131165778721964, "nDTW": 3.2524623138780697e-26, "CLS": 0.2979223379226152, "path_length_cm": 6809.706921705096, "cumulative_reward": 3807.9047920416124}, "token_totals": {"input": 81589, "output": 3436, "calls": 29}, "finished_at": "2026-04-23T19:03:34.997944+00:00"}