{"episode_id": "map_57_gothic_day_invasion_on_0002", "episode_idx": 2, "agent_name": "GhostAgent_2", "SR": 0.0, "SPL": 0.0, "SoftSPL": 0.08274902099923609, "PLR": 0.060019890034637854, "nDTW": 3.9033067191549004e-08, "CLS": 0.13903926020825721, "steps": 40, "path_length_cm": 318.33409296461264, "cumulative_reward": 256.2936294813853, "ended_reason": "max_steps", "metrics": {"SR": 0.0, "SPL": 0.0, "SoftSPL": 0.08274902099923609, "PLR": 0.060019890034637854, "nDTW": 3.9033067191549004e-08, "CLS": 0.13903926020825721, "path_length_cm": 318.33409296461264, "cumulative_reward": 256.2936294813853}, "token_totals": {"input": 104933, "output": 3197, "calls": 40}, "finished_at": "2026-04-23T14:56:00.462325+00:00"}