{"episode_id": "map_68_B13_suburban_park_pn_0011", "episode_idx": 1, "agent_name": "GhostAgent_1", "SR": 0.0, "SPL": 0.0, "SoftSPL": 1.5847072798447215e-07, "PLR": 0.0, "nDTW": 9.528877570491285e-05, "CLS": 0.2500000022699877, "steps": 40, "path_length_cm": 0.0, "cumulative_reward": -0.4000000000000002, "ended_reason": "max_steps", "metrics": {"SR": 0.0, "SPL": 0.0, "SoftSPL": 1.5847072798447215e-07, "PLR": 0.0, "nDTW": 9.528877570491285e-05, "CLS": 0.2500000022699877, "path_length_cm": 0.0, "cumulative_reward": -0.4000000000000002}, "token_totals": {"input": 118481, "output": 5469, "calls": 40}, "finished_at": "2026-04-23T05:17:29.149249+00:00"}