{"episode_id": "map_27_courtyard_overcast_remix_pn_0010", "episode_idx": 0, "agent_name": "GhostAgent_0", "SR": 0.0, "SPL": 0.0, "SoftSPL": 0.04347300837023415, "PLR": 0.0, "nDTW": 0.007843610067250418, "CLS": 0.08720300172439062, "steps": 40, "path_length_cm": 0.0, "cumulative_reward": -0.4000000000000002, "ended_reason": "max_steps", "metrics": {"SR": 0.0, "SPL": 0.0, "SoftSPL": 0.04347300837023415, "PLR": 0.0, "nDTW": 0.007843610067250418, "CLS": 0.08720300172439062, "path_length_cm": 0.0, "cumulative_reward": -0.4000000000000002}, "token_totals": {"input": 33400, "output": 2097, "calls": 40}, "finished_at": "2026-04-23T15:29:16.190735+00:00"}