{"episode_id": "map_59_B10_market_plaza_on_0000", "episode_idx": 0, "agent_name": "GhostAgent_0", "SR": 1.0, "SPL": 0.5283827316468175, "SoftSPL": 0.5192708637035083, "PLR": 1.892567527487673, "nDTW": 2.2363159472116395e-83, "CLS": 0.35483975105607696, "steps": 34, "path_length_cm": 9830.979872885267, "cumulative_reward": 5107.103481491394, "ended_reason": "success", "metrics": {"SR": 1.0, "SPL": 0.5283827316468175, "SoftSPL": 0.5192708637035083, "PLR": 1.892567527487673, "nDTW": 2.2363159472116395e-83, "CLS": 0.35483975105607696, "path_length_cm": 9830.979872885267, "cumulative_reward": 5107.103481491394}, "token_totals": {"input": 97616, "output": 3992, "calls": 34}, "finished_at": "2026-04-23T02:34:34.607581+00:00"}