{"episode_id": "map_59_B10_market_plaza_pn_0019", "episode_idx": 6, "agent_name": "GhostAgent_6", "SR": 0.0, "SPL": 0.0, "SoftSPL": 0.0, "PLR": 0.9669096191481901, "nDTW": 1.4285619278280373e-19, "CLS": 0.321659096835964, "steps": 40, "path_length_cm": 1342.3702933596237, "cumulative_reward": 1223.8220788273338, "ended_reason": "max_steps", "metrics": {"SR": 0.0, "SPL": 0.0, "SoftSPL": 0.0, "PLR": 0.9669096191481901, "nDTW": 1.4285619278280373e-19, "CLS": 0.321659096835964, "path_length_cm": 1342.3702933596237, "cumulative_reward": 1223.8220788273338}, "token_totals": {"input": 114698, "output": 6111, "calls": 40}, "finished_at": "2026-04-23T04:01:43.655702+00:00"}