{"episode_id": "map_10_B1_urban_grid_on_0018", "episode_idx": 8, "agent_name": "GhostAgent_8", "SR": 0.0, "SPL": 0.0, "SoftSPL": 0.1894545526389691, "PLR": 2.2014065277525656, "nDTW": 8.183922781764431e-79, "CLS": 0.050472985803408865, "steps": 40, "path_length_cm": 11910.643976209425, "cumulative_reward": 2137.0071496098526, "ended_reason": "max_steps", "metrics": {"SR": 0.0, "SPL": 0.0, "SoftSPL": 0.1894545526389691, "PLR": 2.2014065277525656, "nDTW": 8.183922781764431e-79, "CLS": 0.050472985803408865, "path_length_cm": 11910.643976209425, "cumulative_reward": 2137.0071496098526}, "token_totals": {"input": 120035, "output": 5031, "calls": 40}, "finished_at": "2026-04-23T13:13:44.058367+00:00"}