{"episode_id": "map_59_B10_market_plaza_obj_pn_0008", "episode_idx": 4, "agent_name": "GhostAgent_4", "SR": 0.0, "SPL": 0.0, "SoftSPL": 0.8835812803348214, "PLR": 1.0748068753288365, "nDTW": 9.23316613966811e-22, "CLS": 0.16685870791227292, "steps": 40, "path_length_cm": 7181.107176134556, "cumulative_reward": 6339.988980127658, "ended_reason": "max_steps", "metrics": {"SR": 0.0, "SPL": 0.0, "SoftSPL": 0.8835812803348214, "PLR": 1.0748068753288365, "nDTW": 9.23316613966811e-22, "CLS": 0.16685870791227292, "path_length_cm": 7181.107176134556, "cumulative_reward": 6339.988980127658}, "token_totals": {"input": 115293, "output": 4920, "calls": 40}, "finished_at": "2026-04-23T04:27:10.912957+00:00"}