{"episode_id": "map_09b_wintertown_demo02_obj_pn_0012", "episode_idx": 1, "agent_name": "GhostAgent_1", "SR": 0.0, "SPL": 0.0, "SoftSPL": 0.2244769413376514, "PLR": 0.16267588574479744, "nDTW": 1.0253090420663329e-15, "CLS": 0.06195525410715175, "steps": 40, "path_length_cm": 1268.0243674446897, "cumulative_reward": 893.3492128573971, "ended_reason": "max_steps", "metrics": {"SR": 0.0, "SPL": 0.0, "SoftSPL": 0.2244769413376514, "PLR": 0.16267588574479744, "nDTW": 1.0253090420663329e-15, "CLS": 0.06195525410715175, "path_length_cm": 1268.0243674446897, "cumulative_reward": 893.3492128573971}, "token_totals": {"input": 104483, "output": 3448, "calls": 40}, "finished_at": "2026-04-22T23:28:31.755038+00:00"}