{"episode_id": "map_05_middleeast_native_pn_0012", "episode_idx": 3, "agent_name": "GhostAgent_3", "SR": 0.0, "SPL": 0.0, "SoftSPL": 0.0, "PLR": 1.8959647572569998, "nDTW": 3.710501778837553e-20, "CLS": 0.3259430576010191, "steps": 40, "path_length_cm": 3008.3272803396817, "cumulative_reward": 542.189900224519, "ended_reason": "max_steps", "metrics": {"SR": 0.0, "SPL": 0.0, "SoftSPL": 0.0, "PLR": 1.8959647572569998, "nDTW": 3.710501778837553e-20, "CLS": 0.3259430576010191, "path_length_cm": 3008.3272803396817, "cumulative_reward": 542.189900224519}, "token_totals": {"input": 407485, "output": 3516, "calls": 40}, "finished_at": "2026-04-22T19:35:51.534261+00:00"}