{"episode_id": "map_10_B1_urban_grid_on_0006", "episode_idx": 6, "agent_name": "GhostAgent_6", "SR": 0.0, "SPL": 0.0, "SoftSPL": 0.0, "PLR": 1.48008239587877, "nDTW": 4.8099792460302116e-70, "CLS": 0.16900639604316917, "steps": 40, "path_length_cm": 2414.591619812667, "cumulative_reward": -750.2454384045379, "ended_reason": "max_steps", "metrics": {"SR": 0.0, "SPL": 0.0, "SoftSPL": 0.0, "PLR": 1.48008239587877, "nDTW": 4.8099792460302116e-70, "CLS": 0.16900639604316917, "path_length_cm": 2414.591619812667, "cumulative_reward": -750.2454384045379}, "token_totals": {"input": 131736, "output": 8195, "calls": 40}, "finished_at": "2026-04-23T12:58:19.918886+00:00"}