{"episode_id": "map_45_B7_park_with_paths_obj_on_0005", "episode_idx": 5, "agent_name": "GhostAgent_5", "SR": 0.0, "SPL": 0.0, "SoftSPL": 0.4417676026342472, "PLR": 1.1625492377444646, "nDTW": 9.080477009834186e-34, "CLS": 0.0955759310710694, "steps": 21, "path_length_cm": 6578.284861777053, "cumulative_reward": 2904.12532448797, "ended_reason": "no_tool_call", "metrics": {"SR": 0.0, "SPL": 0.0, "SoftSPL": 0.4417676026342472, "PLR": 1.1625492377444646, "nDTW": 9.080477009834186e-34, "CLS": 0.0955759310710694, "path_length_cm": 6578.284861777053, "cumulative_reward": 2904.12532448797}, "token_totals": {"input": 62207, "output": 3561, "calls": 21}, "finished_at": "2026-04-23T14:26:19.759083+00:00"}