{"episode_id": "map_19_wintertown_demo02_native_on_0005", "episode_idx": 5, "agent_name": "GhostAgent_5", "SR": 0.0, "SPL": 0.0, "SoftSPL": 0.3759828982619522, "PLR": 1.640820024404356, "nDTW": 2.9528191877601684e-76, "CLS": 0.06771747386143112, "steps": 40, "path_length_cm": 10811.56003920323, "cumulative_reward": 3977.5375819948545, "ended_reason": "max_steps", "metrics": {"SR": 0.0, "SPL": 0.0, "SoftSPL": 0.3759828982619522, "PLR": 1.640820024404356, "nDTW": 2.9528191877601684e-76, "CLS": 0.06771747386143112, "path_length_cm": 10811.56003920323, "cumulative_reward": 3977.5375819948545}, "token_totals": {"input": 131290, "output": 8148, "calls": 40}, "finished_at": "2026-04-22T23:37:15.218543+00:00"}