{"episode_id": "map_23_containeryard_demo_remix_on_0000", "episode_idx": 0, "agent_name": "GhostAgent_0", "SR": 0.0, "SPL": 0.0, "SoftSPL": 0.0, "PLR": 0.23873246628420383, "nDTW": 0.003275468655323176, "CLS": 0.32845439451026687, "steps": 3, "path_length_cm": 397.40599999999995, "cumulative_reward": -226.48123922734362, "ended_reason": "no_tool_call", "metrics": {"SR": 0.0, "SPL": 0.0, "SoftSPL": 0.0, "PLR": 0.23873246628420383, "nDTW": 0.003275468655323176, "CLS": 0.32845439451026687, "path_length_cm": 397.40599999999995, "cumulative_reward": -226.48123922734362}, "token_totals": {"input": 3952, "output": 710, "calls": 3}, "finished_at": "2026-04-23T17:30:07.820094+00:00"}