{"episode_id": "map_15_middleeast_remix_obj_pn_0002", "episode_idx": 2, "agent_name": "GhostAgent_2", "SR": 0.0, "SPL": 0.0, "SoftSPL": 0.6876140900944501, "PLR": 0.6082192973740692, "nDTW": 2.2389312466178073e-22, "CLS": 0.06628321824420234, "steps": 40, "path_length_cm": 3547.366065618574, "cumulative_reward": 3510.8279362432836, "ended_reason": "max_steps", "metrics": {"SR": 0.0, "SPL": 0.0, "SoftSPL": 0.6876140900944501, "PLR": 0.6082192973740692, "nDTW": 2.2389312466178073e-22, "CLS": 0.06628321824420234, "path_length_cm": 3547.366065618574, "cumulative_reward": 3510.8279362432836}, "token_totals": {"input": 33279, "output": 2017, "calls": 40}, "finished_at": "2026-04-23T15:00:14.679701+00:00"}