{"episode_id": "map_37_dungeon_remix_on_0006", "episode_idx": 6, "agent_name": "GhostAgent_6", "SR": 0.0, "SPL": 0.0, "SoftSPL": 0.6376686496095932, "PLR": 1.2089435292889312, "nDTW": 0.6376686496095932, "CLS": 0.6376686496095932, "steps": 8, "path_length_cm": 2547.377, "cumulative_reward": 1624.3153457406945, "ended_reason": "no_tool_call", "metrics": {"SR": 0.0, "SPL": 0.0, "SoftSPL": 0.6376686496095932, "PLR": 1.2089435292889312, "nDTW": 0.6376686496095932, "CLS": 0.6376686496095932, "path_length_cm": 2547.377, "cumulative_reward": 1624.3153457406945}, "token_totals": {"input": 16437, "output": 1233, "calls": 8}, "finished_at": "2026-04-23T20:20:58.516288+00:00"}