{"episode_id": "map_04_courtyard_remix_obj_on_0017", "episode_idx": 9, "agent_name": "GhostAgent_9", "SR": 0.0, "SPL": 0.0, "SoftSPL": 0.003669135530353085, "PLR": 0.08906356059509499, "nDTW": 2.0730620906587735e-09, "CLS": 0.2744761493434382, "steps": 40, "path_length_cm": 159.37300723568083, "cumulative_reward": 6.166273873107556, "ended_reason": "max_steps", "metrics": {"SR": 0.0, "SPL": 0.0, "SoftSPL": 0.003669135530353085, "PLR": 0.08906356059509499, "nDTW": 2.0730620906587735e-09, "CLS": 0.2744761493434382, "path_length_cm": 159.37300723568083, "cumulative_reward": 6.166273873107556}, "token_totals": {"input": 138036, "output": 10155, "calls": 40}, "finished_at": "2026-04-22T22:59:57.541693+00:00"}