{"episode_id": "map_64_cave_lost_expedition_pn_0007", "episode_idx": 7, "agent_name": "GhostAgent_7", "SR": 1.0, "SPL": 1.0, "SoftSPL": 0.9519850368378276, "PLR": 0.958006870801979, "nDTW": 5.277572358972219e-05, "CLS": 0.6245656354006535, "steps": 6, "path_length_cm": 2407.1263838518844, "cumulative_reward": 2394.4311185536717, "ended_reason": "success", "metrics": {"SR": 1.0, "SPL": 1.0, "SoftSPL": 0.9519850368378276, "PLR": 0.958006870801979, "nDTW": 5.277572358972219e-05, "CLS": 0.6245656354006535, "path_length_cm": 2407.1263838518844, "cumulative_reward": 2394.4311185536717}, "token_totals": {"input": 9856, "output": 453, "calls": 6}, "finished_at": "2026-04-23T19:46:02.406670+00:00"}