{"episode_id": "map_05_middleeast_native_obj_on_0012", "episode_idx": 3, "agent_name": "GhostAgent_3", "SR": 0.0, "SPL": 0.0, "SoftSPL": 0.3129077197230983, "PLR": 0.1565343866095856, "nDTW": 2.6805297166131077e-05, "CLS": 0.17229362794252176, "steps": 40, "path_length_cm": 1073.5895252179766, "cumulative_reward": 675.0605693023081, "ended_reason": "max_steps", "metrics": {"SR": 0.0, "SPL": 0.0, "SoftSPL": 0.3129077197230983, "PLR": 0.1565343866095856, "nDTW": 2.6805297166131077e-05, "CLS": 0.17229362794252176, "path_length_cm": 1073.5895252179766, "cumulative_reward": 675.0605693023081}, "token_totals": {"input": 119088, "output": 5449, "calls": 40}, "finished_at": "2026-04-22T22:51:30.502213+00:00"}