{"episode_id": "map_11_wintertown_demo01_remix_obj_pn_0019", "episode_idx": 9, "agent_name": "GhostAgent_9", "SR": 0.0, "SPL": 0.0, "SoftSPL": 0.7936754585362615, "PLR": 1.0538027344360328, "nDTW": 8.153379312806549e-30, "CLS": 0.13634919144295873, "steps": 40, "path_length_cm": 6407.362999999999, "cumulative_reward": 5052.279057600573, "ended_reason": "max_steps", "metrics": {"SR": 0.0, "SPL": 0.0, "SoftSPL": 0.7936754585362615, "PLR": 1.0538027344360328, "nDTW": 8.153379312806549e-30, "CLS": 0.13634919144295873, "path_length_cm": 6407.362999999999, "cumulative_reward": 5052.279057600573}, "token_totals": {"input": 106945, "output": 2930, "calls": 40}, "finished_at": "2026-04-22T23:46:05.109189+00:00"}