{"episode_id": "map_22_containeryard_demo_native_obj_on_0016", "episode_idx": 4, "agent_name": "GhostAgent_4", "SR": 0.0, "SPL": 0.0, "SoftSPL": 0.0, "PLR": 2.781648082964228, "nDTW": 7.952569696023953e-91, "CLS": 0.04250215524101503, "steps": 40, "path_length_cm": 8795.821586660357, "cumulative_reward": -1775.6846007986442, "ended_reason": "max_steps", "metrics": {"SR": 0.0, "SPL": 0.0, "SoftSPL": 0.0, "PLR": 2.781648082964228, "nDTW": 7.952569696023953e-91, "CLS": 0.04250215524101503, "path_length_cm": 8795.821586660357, "cumulative_reward": -1775.6846007986442}, "token_totals": {"input": 126969, "output": 6662, "calls": 40}, "finished_at": "2026-04-23T00:32:11.065685+00:00"}