{"episode_id": "map_60_B11_forest_camp_pn_0014", "episode_idx": 4, "agent_name": "GhostAgent_4", "SR": 0.0, "SPL": 0.0, "SoftSPL": 0.35803697315651317, "PLR": 2.239737342547864, "nDTW": 3.085558796943148e-34, "CLS": 0.15631057043577887, "steps": 40, "path_length_cm": 6432.570442544316, "cumulative_reward": 2302.6985406418053, "ended_reason": "max_steps", "metrics": {"SR": 0.0, "SPL": 0.0, "SoftSPL": 0.35803697315651317, "PLR": 2.239737342547864, "nDTW": 3.085558796943148e-34, "CLS": 0.15631057043577887, "path_length_cm": 6432.570442544316, "cumulative_reward": 2302.6985406418053}, "token_totals": {"input": 126513, "output": 7388, "calls": 40}, "finished_at": "2026-04-23T17:32:07.872851+00:00"}