{"episode_id": "map_18_cave_native_pn_0004", "episode_idx": 4, "agent_name": "GhostAgent_4", "SR": 0.0, "SPL": 0.0, "SoftSPL": 0.0, "PLR": 5.584179099588822, "nDTW": 6.451539422081078e-29, "CLS": 0.03277908569913714, "steps": 29, "path_length_cm": 19743.926200625203, "cumulative_reward": -11250.053094717188, "ended_reason": "no_tool_call", "metrics": {"SR": 0.0, "SPL": 0.0, "SoftSPL": 0.0, "PLR": 5.584179099588822, "nDTW": 6.451539422081078e-29, "CLS": 0.03277908569913714, "path_length_cm": 19743.926200625203, "cumulative_reward": -11250.053094717188}, "token_totals": {"input": 81593, "output": 3431, "calls": 29}, "finished_at": "2026-04-23T18:10:13.631557+00:00"}