{"episode_id": "map_42_B4_industrial_yard_obj_on_0006", "episode_idx": 6, "agent_name": "GhostAgent_6", "SR": 0.0, "SPL": 0.0, "SoftSPL": 0.03026250670745967, "PLR": 0.0, "nDTW": 4.538684836170612e-12, "CLS": 0.0833333334525976, "steps": 40, "path_length_cm": 0.0, "cumulative_reward": -0.4000000000000002, "ended_reason": "max_steps", "metrics": {"SR": 0.0, "SPL": 0.0, "SoftSPL": 0.03026250670745967, "PLR": 0.0, "nDTW": 4.538684836170612e-12, "CLS": 0.0833333334525976, "path_length_cm": 0.0, "cumulative_reward": -0.4000000000000002}, "token_totals": {"input": 32444, "output": 1761, "calls": 40}, "finished_at": "2026-04-23T16:17:04.746256+00:00"}