{"episode_id": "map_59_B10_market_plaza_obj_on_0006", "episode_idx": 6, "agent_name": "GhostAgent_6", "SR": 1.0, "SPL": 0.9267963209718603, "SoftSPL": 0.9056326663558414, "PLR": 1.0789857246642678, "nDTW": 0.0004926483027374107, "CLS": 0.3714736474598689, "steps": 40, "path_length_cm": 5653.6694000958305, "cumulative_reward": 4619.571531371507, "ended_reason": "success", "metrics": {"SR": 1.0, "SPL": 0.9267963209718603, "SoftSPL": 0.9056326663558414, "PLR": 1.0789857246642678, "nDTW": 0.0004926483027374107, "CLS": 0.3714736474598689, "path_length_cm": 5653.6694000958305, "cumulative_reward": 4619.571531371507}, "token_totals": {"input": 125110, "output": 7152, "calls": 40}, "finished_at": "2026-04-23T03:02:22.961383+00:00"}