{"episode_id": "map_11_wintertown_demo01_remix_obj_on_0002", "episode_idx": 2, "agent_name": "GhostAgent_2", "SR": 0.0, "SPL": 0.0, "SoftSPL": 0.48565966150498635, "PLR": 1.4055420474765337, "nDTW": 1.0426156504378454e-44, "CLS": 0.044609751319296016, "steps": 40, "path_length_cm": 9220.875882003627, "cumulative_reward": 4453.784856161499, "ended_reason": "max_steps", "metrics": {"SR": 0.0, "SPL": 0.0, "SoftSPL": 0.48565966150498635, "PLR": 1.4055420474765337, "nDTW": 1.0426156504378454e-44, "CLS": 0.044609751319296016, "path_length_cm": 9220.875882003627, "cumulative_reward": 4453.784856161499}, "token_totals": {"input": 134558, "output": 8566, "calls": 40}, "finished_at": "2026-04-22T23:43:32.825278+00:00"}