{"episode_id": "map_49_courtyard_sunny_packed_pn_0002", "episode_idx": 2, "agent_name": "GhostAgent_2", "SR": 0.0, "SPL": 0.0, "SoftSPL": 0.6129844012417796, "PLR": 0.09212290381792104, "nDTW": 2.3810458219262597e-05, "CLS": 0.09255143176562042, "steps": 40, "path_length_cm": 487.9612030879551, "cumulative_reward": 483.5950348704009, "ended_reason": "max_steps", "metrics": {"SR": 0.0, "SPL": 0.0, "SoftSPL": 0.6129844012417796, "PLR": 0.09212290381792104, "nDTW": 2.3810458219262597e-05, "CLS": 0.09255143176562042, "path_length_cm": 487.9612030879551, "cumulative_reward": 483.5950348704009}, "token_totals": {"input": 102947, "output": 2746, "calls": 40}, "finished_at": "2026-04-23T01:33:00.522825+00:00"}