{"episode_id": "map_42_B4_industrial_yard_pn_0009", "episode_idx": 9, "agent_name": "GhostAgent_9", "SR": 0.0, "SPL": 0.0, "SoftSPL": 8.273423871552054e-07, "PLR": 0.0, "nDTW": 0.0005591214732197586, "CLS": 0.25000007815420544, "steps": 40, "path_length_cm": 0.0, "cumulative_reward": -0.4000000000000002, "ended_reason": "max_steps", "metrics": {"SR": 0.0, "SPL": 0.0, "SoftSPL": 8.273423871552054e-07, "PLR": 0.0, "nDTW": 0.0005591214732197586, "CLS": 0.25000007815420544, "path_length_cm": 0.0, "cumulative_reward": -0.4000000000000002}, "token_totals": {"input": 37280, "output": 3081, "calls": 40}, "finished_at": "2026-04-23T15:55:15.200766+00:00"}