{"episode_id": "map_36_dungeon_native_obj_pn_0004", "episode_idx": 4, "agent_name": "GhostAgent_4", "SR": 0.0, "SPL": 0.0, "SoftSPL": 0.0, "PLR": 2.0878812991616824, "nDTW": 7.416261047525498e-08, "CLS": 0.17766727851344785, "steps": 40, "path_length_cm": 2368.2420000131133, "cumulative_reward": 1069.1620804975046, "ended_reason": "max_steps", "metrics": {"SR": 0.0, "SPL": 0.0, "SoftSPL": 0.0, "PLR": 2.0878812991616824, "nDTW": 7.416261047525498e-08, "CLS": 0.17766727851344785, "path_length_cm": 2368.2420000131133, "cumulative_reward": 1069.1620804975046}, "token_totals": {"input": 120532, "output": 6025, "calls": 40}, "finished_at": "2026-04-23T01:20:30.558882+00:00"}