{"episode_id": "map_11_wintertown_demo01_remix_on_0013", "episode_idx": 3, "agent_name": "GhostAgent_3", "SR": 0.0, "SPL": 0.0, "SoftSPL": 0.0, "PLR": 7.4824932046721715, "nDTW": 9.623405912575728e-70, "CLS": 0.039723569762075646, "steps": 40, "path_length_cm": 10810.481707314213, "cumulative_reward": -3550.508424361963, "ended_reason": "max_steps", "metrics": {"SR": 0.0, "SPL": 0.0, "SoftSPL": 0.0, "PLR": 7.4824932046721715, "nDTW": 9.623405912575728e-70, "CLS": 0.039723569762075646, "path_length_cm": 10810.481707314213, "cumulative_reward": -3550.508424361963}, "token_totals": {"input": 127885, "output": 7243, "calls": 40}, "finished_at": "2026-04-22T23:26:58.977730+00:00"}