{"episode_id": "map_31_gothic_day_remix_obj_on_0018", "episode_idx": 7, "agent_name": "GhostAgent_7", "SR": 0.0, "SPL": 0.0, "SoftSPL": 0.0, "PLR": 1.2914138579557184, "nDTW": 3.4594966378349065e-35, "CLS": 0.08685709477808566, "steps": 40, "path_length_cm": 1689.0789272360228, "cumulative_reward": -235.69552354943636, "ended_reason": "max_steps", "metrics": {"SR": 0.0, "SPL": 0.0, "SoftSPL": 0.0, "PLR": 1.2914138579557184, "nDTW": 3.4594966378349065e-35, "CLS": 0.08685709477808566, "path_length_cm": 1689.0789272360228, "cumulative_reward": -235.69552354943636}, "token_totals": {"input": 116084, "output": 5411, "calls": 40}, "finished_at": "2026-04-23T18:48:31.120736+00:00"}