{"episode_id": "map_19_wintertown_demo02_native_pn_0002", "episode_idx": 2, "agent_name": "GhostAgent_2", "SR": 0.0, "SPL": 0.0, "SoftSPL": 0.0, "PLR": 4.5750031422918145, "nDTW": 2.4589723985485e-136, "CLS": 0.05464731075202043, "steps": 40, "path_length_cm": 10027.125887023814, "cumulative_reward": -1793.7167917257555, "ended_reason": "max_steps", "metrics": {"SR": 0.0, "SPL": 0.0, "SoftSPL": 0.0, "PLR": 4.5750031422918145, "nDTW": 2.4589723985485e-136, "CLS": 0.05464731075202043, "path_length_cm": 10027.125887023814, "cumulative_reward": -1793.7167917257555}, "token_totals": {"input": 127279, "output": 6656, "calls": 40}, "finished_at": "2026-04-22T23:11:42.266090+00:00"}