{"episode_id": "map_08_cave_remix_obj_on_0001", "episode_idx": 1, "agent_name": "GhostAgent_1", "SR": 0.0, "SPL": 0.0, "SoftSPL": 0.14601221289239974, "PLR": 0.013893373525668332, "nDTW": 0.0001228737499710936, "CLS": 0.11180175199479098, "steps": 40, "path_length_cm": 49.41608988983238, "cumulative_reward": -7.336162868151305, "ended_reason": "max_steps", "metrics": {"SR": 0.0, "SPL": 0.0, "SoftSPL": 0.14601221289239974, "PLR": 0.013893373525668332, "nDTW": 0.0001228737499710936, "CLS": 0.11180175199479098, "path_length_cm": 49.41608988983238, "cumulative_reward": -7.336162868151305}, "token_totals": {"input": 32244, "output": 1752, "calls": 40}, "finished_at": "2026-04-23T15:06:20.568469+00:00"}