{"episode_id": "map_08_cave_remix_pn_0000", "episode_idx": 0, "agent_name": "GhostAgent_0", "SR": 0.0, "SPL": 0.0, "SoftSPL": 0.12749915363089526, "PLR": 3.3422372543977376e-05, "nDTW": 0.0194746424475369, "CLS": 0.1304178165761177, "steps": 40, "path_length_cm": 0.061008196170599986, "cumulative_reward": -0.4432204140827255, "ended_reason": "max_steps", "metrics": {"SR": 0.0, "SPL": 0.0, "SoftSPL": 0.12749915363089526, "PLR": 3.3422372543977376e-05, "nDTW": 0.0194746424475369, "CLS": 0.1304178165761177, "path_length_cm": 0.061008196170599986, "cumulative_reward": -0.4432204140827255}, "token_totals": {"input": 36040, "output": 2795, "calls": 40}, "finished_at": "2026-04-23T14:46:04.372623+00:00"}