{"episode_id": "map_53_courtyard_sanny_big_remix_obj_on_0016", "episode_idx": 6, "agent_name": "GhostAgent_6", "SR": 0.0, "SPL": 0.0, "SoftSPL": 0.5345075813793065, "PLR": 0.0, "nDTW": 0.0036644382672500145, "CLS": 0.08454982875447105, "steps": 5, "path_length_cm": 0.0, "cumulative_reward": -0.04, "ended_reason": "no_tool_call", "metrics": {"SR": 0.0, "SPL": 0.0, "SoftSPL": 0.5345075813793065, "PLR": 0.0, "nDTW": 0.0036644382672500145, "CLS": 0.08454982875447105, "path_length_cm": 0.0, "cumulative_reward": -0.04}, "token_totals": {"input": 9673, "output": 1225, "calls": 5}, "finished_at": "2026-04-23T15:07:22.204707+00:00"}