{"episode_id": "map_08_cave_remix_on_0013", "episode_idx": 3, "agent_name": "GhostAgent_3", "SR": 0.0, "SPL": 0.0, "SoftSPL": 0.16879532407944708, "PLR": 9.021174701730397e-05, "nDTW": 3.5102789323024026e-10, "CLS": 0.08335589347819998, "steps": 40, "path_length_cm": 0.6479999999999961, "cumulative_reward": -0.26204026024734056, "ended_reason": "max_steps", "metrics": {"SR": 0.0, "SPL": 0.0, "SoftSPL": 0.16879532407944708, "PLR": 9.021174701730397e-05, "nDTW": 3.5102789323024026e-10, "CLS": 0.08335589347819998, "path_length_cm": 0.6479999999999961, "cumulative_reward": -0.26204026024734056}, "token_totals": {"input": 33176, "output": 1705, "calls": 40}, "finished_at": "2026-04-23T14:56:21.003137+00:00"}