{"episode_id": "map_62_trainstation_cross_remix_obj_pn_0004", "episode_idx": 3, "agent_name": "GhostAgent_3", "SR": 0.0, "SPL": 0.0, "SoftSPL": 0.44629003151898566, "PLR": 1.3063312101762141, "nDTW": 3.9554012849138496e-16, "CLS": 0.36044502551233704, "steps": 40, "path_length_cm": 3320.0277073507464, "cumulative_reward": 1871.0134594541644, "ended_reason": "max_steps", "metrics": {"SR": 0.0, "SPL": 0.0, "SoftSPL": 0.44629003151898566, "PLR": 1.3063312101762141, "nDTW": 3.9554012849138496e-16, "CLS": 0.36044502551233704, "path_length_cm": 3320.0277073507464, "cumulative_reward": 1871.0134594541644}, "token_totals": {"input": 121224, "output": 7045, "calls": 40}, "finished_at": "2026-04-23T04:31:25.937990+00:00"}