{"episode_id": "map_57_gothic_day_invasion_obj_on_0013", "episode_idx": 2, "agent_name": "GhostAgent_2", "SR": 0.0, "SPL": 0.0, "SoftSPL": 0.020307029729559778, "PLR": 0.36622177397306976, "nDTW": 9.951942258356517e-29, "CLS": 0.07584979021369187, "steps": 40, "path_length_cm": 2708.2429784905084, "cumulative_reward": 46.43100843355733, "ended_reason": "max_steps", "metrics": {"SR": 0.0, "SPL": 0.0, "SoftSPL": 0.020307029729559778, "PLR": 0.36622177397306976, "nDTW": 9.951942258356517e-29, "CLS": 0.07584979021369187, "path_length_cm": 2708.2429784905084, "cumulative_reward": 46.43100843355733}, "token_totals": {"input": 128516, "output": 7395, "calls": 40}, "finished_at": "2026-04-23T15:39:01.666002+00:00"}