{"episode_id": "map_01_wintertown_native_on_0015", "episode_idx": 4, "agent_name": "GhostAgent_4", "SR": 0.0, "SPL": 0.0, "SoftSPL": 0.4932814580649314, "PLR": 1.2818606656425933, "nDTW": 3.261664729103275e-81, "CLS": 0.1952208831622869, "steps": 40, "path_length_cm": 5311.351212270116, "cumulative_reward": 2619.594671526828, "ended_reason": "max_steps", "metrics": {"SR": 0.0, "SPL": 0.0, "SoftSPL": 0.4932814580649314, "PLR": 1.2818606656425933, "nDTW": 3.261664729103275e-81, "CLS": 0.1952208831622869, "path_length_cm": 5311.351212270116, "cumulative_reward": 2619.594671526828}, "token_totals": {"input": 368838, "output": 22631, "calls": 40}, "finished_at": "2026-04-22T17:05:04.258977+00:00"}