{"episode_id": "map_60_B11_forest_camp_pn_0018", "episode_idx": 8, "agent_name": "GhostAgent_8", "SR": 0.0, "SPL": 0.0, "SoftSPL": 0.2853963435319314, "PLR": 1.4187268500792471, "nDTW": 1.0992775203596942e-104, "CLS": 0.0783174804893136, "steps": 40, "path_length_cm": 9214.64507853321, "cumulative_reward": 2614.073173111063, "ended_reason": "max_steps", "metrics": {"SR": 0.0, "SPL": 0.0, "SoftSPL": 0.2853963435319314, "PLR": 1.4187268500792471, "nDTW": 1.0992775203596942e-104, "CLS": 0.0783174804893136, "path_length_cm": 9214.64507853321, "cumulative_reward": 2614.073173111063}, "token_totals": {"input": 116939, "output": 4443, "calls": 40}, "finished_at": "2026-04-23T17:32:07.965617+00:00"}