{
  "map": "map_50_B9_sparse_wilderness",
  "n": 16,
  "SR": 0.125,
  "SPL": 0.10592578393349456,
  "SoftSPL": 0.19372421419790226,
  "nDTW": 6.482627844334611e-10,
  "avg_steps": 33.5625
}