{"episode_id": "map_37_dungeon_remix_pn_0007", "episode_idx": 7, "agent_name": "GhostAgent_7", "SR": 0.0, "SPL": 0.0, "SoftSPL": 0.0, "PLR": 0.3241892385698722, "nDTW": 7.544566286645759e-31, "CLS": 0.3699267551088507, "steps": 40, "path_length_cm": 810.8361883718787, "cumulative_reward": 27.206824025417582, "ended_reason": "max_steps", "metrics": {"SR": 0.0, "SPL": 0.0, "SoftSPL": 0.0, "PLR": 0.3241892385698722, "nDTW": 7.544566286645759e-31, "CLS": 0.3699267551088507, "path_length_cm": 810.8361883718787, "cumulative_reward": 27.206824025417582}, "token_totals": {"input": 122300, "output": 6929, "calls": 40}, "finished_at": "2026-04-23T16:14:30.532001+00:00"}