{"episode_id": "map_36_dungeon_native_pn_0009", "episode_idx": 9, "agent_name": "GhostAgent_9", "SR": 0.0, "SPL": 0.0, "SoftSPL": 0.2366301182998048, "PLR": 1.766446438957148, "nDTW": 1.560512663770044e-12, "CLS": 0.5290103003924427, "steps": 40, "path_length_cm": 2811.617467959313, "cumulative_reward": 1376.695307104744, "ended_reason": "max_steps", "metrics": {"SR": 0.0, "SPL": 0.0, "SoftSPL": 0.2366301182998048, "PLR": 1.766446438957148, "nDTW": 1.560512663770044e-12, "CLS": 0.5290103003924427, "path_length_cm": 2811.617467959313, "cumulative_reward": 1376.695307104744}, "token_totals": {"input": 132923, "output": 9185, "calls": 40}, "finished_at": "2026-04-23T00:46:42.822163+00:00"}