{"episode_id": "map_45_B7_park_with_paths_obj_pn_0016", "episode_idx": 6, "agent_name": "GhostAgent_6", "SR": 0.0, "SPL": 0.0, "SoftSPL": 0.0, "PLR": 0.0, "nDTW": 0.0025807693260151377, "CLS": 0.14162919439166316, "steps": 0, "path_length_cm": 0.0, "cumulative_reward": 0.0, "ended_reason": "spawn_blocked", "metrics": {"SR": 0.0, "SPL": 0.0, "SoftSPL": 0.0, "PLR": 0.0, "nDTW": 0.0025807693260151377, "CLS": 0.14162919439166316, "path_length_cm": 0.0, "cumulative_reward": 0.0}, "token_totals": {"input": 0, "output": 0, "calls": 0}, "finished_at": "2026-04-23T19:45:16.409487+00:00"}