{"episode_id": "map_42_B4_industrial_yard_obj_on_0004", "episode_idx": 4, "agent_name": "GhostAgent_4", "SR": 0.0, "SPL": 0.0, "SoftSPL": 0.7289199821334752, "PLR": 0.7395470984356997, "nDTW": 3.6783708784847106e-34, "CLS": 0.3463973357426633, "steps": 40, "path_length_cm": 2400.7029999999995, "cumulative_reward": 2365.8107661024183, "ended_reason": "max_steps", "metrics": {"SR": 0.0, "SPL": 0.0, "SoftSPL": 0.7289199821334752, "PLR": 0.7395470984356997, "nDTW": 3.6783708784847106e-34, "CLS": 0.3463973357426633, "path_length_cm": 2400.7029999999995, "cumulative_reward": 2365.8107661024183}, "token_totals": {"input": 34330, "output": 2150, "calls": 40}, "finished_at": "2026-04-23T16:17:04.744958+00:00"}