{"episode_id": "map_09b_wintertown_demo02_pn_0014", "episode_idx": 4, "agent_name": "GhostAgent_4", "SR": 0.0, "SPL": 0.0, "SoftSPL": 0.18633451223744146, "PLR": 0.43334335971371807, "nDTW": 4.0817369038007643e-26, "CLS": 0.25660311700999927, "steps": 40, "path_length_cm": 1097.6457298540563, "cumulative_reward": 473.426524932704, "ended_reason": "max_steps", "metrics": {"SR": 0.0, "SPL": 0.0, "SoftSPL": 0.18633451223744146, "PLR": 0.43334335971371807, "nDTW": 4.0817369038007643e-26, "CLS": 0.25660311700999927, "path_length_cm": 1097.6457298540563, "cumulative_reward": 473.426524932704}, "token_totals": {"input": 121909, "output": 6618, "calls": 40}, "finished_at": "2026-04-22T23:03:09.899990+00:00"}