{"episode_id": "map_06_hwaseong_native_obj_pn_0010", "episode_idx": 4, "agent_name": "GhostAgent_4", "SR": 0.0, "SPL": 0.0, "SoftSPL": 0.00441622602770686, "PLR": 0.0, "nDTW": 4.5116844193792746e-07, "CLS": 0.1666672281730096, "steps": 0, "path_length_cm": 0.0, "cumulative_reward": 0.0, "ended_reason": "spawn_blocked", "metrics": {"SR": 0.0, "SPL": 0.0, "SoftSPL": 0.00441622602770686, "PLR": 0.0, "nDTW": 4.5116844193792746e-07, "CLS": 0.1666672281730096, "path_length_cm": 0.0, "cumulative_reward": 0.0}, "token_totals": {"input": 0, "output": 0, "calls": 0}, "finished_at": "2026-04-23T18:08:28.546871+00:00"}