{"episode_id": "map_57_gothic_day_invasion_on_0010", "episode_idx": 0, "agent_name": "GhostAgent_0", "SR": 0.0, "SPL": 0.0, "SoftSPL": 0.7835115231377339, "PLR": 0.2844524708382968, "nDTW": 5.422579780514727e-09, "CLS": 0.10453480239921732, "steps": 40, "path_length_cm": 1604.149797619616, "cumulative_reward": 1207.4562887560285, "ended_reason": "max_steps", "metrics": {"SR": 0.0, "SPL": 0.0, "SoftSPL": 0.7835115231377339, "PLR": 0.2844524708382968, "nDTW": 5.422579780514727e-09, "CLS": 0.10453480239921732, "path_length_cm": 1604.149797619616, "cumulative_reward": 1207.4562887560285}, "token_totals": {"input": 114988, "output": 6805, "calls": 40}, "finished_at": "2026-04-23T15:09:07.926521+00:00"}