{"episode_id": "map_47_wintertown_demo01_minimal_on_0009", "episode_idx": 9, "agent_name": "GhostAgent_9", "SR": 0.0, "SPL": 0.0, "SoftSPL": 0.18596330679331885, "PLR": 0.13363952547468852, "nDTW": 3.425515620361403e-07, "CLS": 0.15810846203991655, "steps": 40, "path_length_cm": 389.1983900399354, "cumulative_reward": 386.0233628782198, "ended_reason": "max_steps", "metrics": {"SR": 0.0, "SPL": 0.0, "SoftSPL": 0.18596330679331885, "PLR": 0.13363952547468852, "nDTW": 3.425515620361403e-07, "CLS": 0.15810846203991655, "path_length_cm": 389.1983900399354, "cumulative_reward": 386.0233628782198}, "token_totals": {"input": 113318, "output": 6277, "calls": 40}, "finished_at": "2026-04-23T01:28:57.260182+00:00"}