{"episode_id": "map_20_trainstation_native_obj_on_0004", "episode_idx": 4, "agent_name": "GhostAgent_4", "SR": 1.0, "SPL": 0.9967795868579392, "SoftSPL": 0.9743634739885831, "PLR": 1.0032308177098732, "nDTW": 2.4997685078332194e-34, "CLS": 0.5476559188185969, "steps": 20, "path_length_cm": 6502.891998854513, "cumulative_reward": 6338.486629116887, "ended_reason": "success", "metrics": {"SR": 1.0, "SPL": 0.9967795868579392, "SoftSPL": 0.9743634739885831, "PLR": 1.0032308177098732, "nDTW": 2.4997685078332194e-34, "CLS": 0.5476559188185969, "path_length_cm": 6502.891998854513, "cumulative_reward": 6338.486629116887}, "token_totals": {"input": 58009, "output": 2948, "calls": 20}, "finished_at": "2026-04-23T17:39:38.787402+00:00"}