{
  "map": "map_30_gothic_day_native",
  "n": 10,
  "SR": 0.0,
  "SPL": 0.0,
  "SoftSPL": 0.5362770338417862,
  "nDTW": 0.0010519263594567809,
  "avg_steps": 0.0
}