{"episode_id": "map_25_containeryard_day_remix_obj_pn_0008", "episode_idx": 9, "agent_name": "GhostAgent_9", "SR": 0.0, "SPL": 0.0, "SoftSPL": 0.463676677923222, "PLR": 0.48723408266430385, "nDTW": 3.2237220823936882e-18, "CLS": 0.20887372558437867, "steps": 40, "path_length_cm": 3618.288, "cumulative_reward": 3044.037414587983, "ended_reason": "max_steps", "metrics": {"SR": 0.0, "SPL": 0.0, "SoftSPL": 0.463676677923222, "PLR": 0.48723408266430385, "nDTW": 3.2237220823936882e-18, "CLS": 0.20887372558437867, "path_length_cm": 3618.288, "cumulative_reward": 3044.037414587983}, "token_totals": {"input": 107067, "output": 3298, "calls": 40}, "finished_at": "2026-04-23T15:52:14.462788+00:00"}