{"episode_id": "map_67_B12_construction_site_obj_pn_0010", "episode_idx": 0, "agent_name": "GhostAgent_0", "SR": 0.0, "SPL": 0.0, "SoftSPL": 0.0, "PLR": 4.871697239414669, "nDTW": 6.509532728239688e-85, "CLS": 0.004189128313118528, "steps": 40, "path_length_cm": 35533.136607870314, "cumulative_reward": -22300.659939117788, "ended_reason": "max_steps", "metrics": {"SR": 0.0, "SPL": 0.0, "SoftSPL": 0.0, "PLR": 4.871697239414669, "nDTW": 6.509532728239688e-85, "CLS": 0.004189128313118528, "path_length_cm": 35533.136607870314, "cumulative_reward": -22300.659939117788}, "token_totals": {"input": 135022, "output": 8680, "calls": 40}, "finished_at": "2026-04-23T06:14:49.082924+00:00"}