{"episode_id": "map_26_courtyard_overcast_native_pn_0014", "episode_idx": 4, "agent_name": "GhostAgent_4", "SR": 0.0, "SPL": 0.0, "SoftSPL": 0.0, "PLR": 16.896942205852095, "nDTW": 9.164527501515355e-175, "CLS": 0.0065760563063951075, "steps": 11, "path_length_cm": 48808.33828640231, "cumulative_reward": -47178.025500557706, "ended_reason": "step_error", "metrics": {"SR": 0.0, "SPL": 0.0, "SoftSPL": 0.0, "PLR": 16.896942205852095, "nDTW": 9.164527501515355e-175, "CLS": 0.0065760563063951075, "path_length_cm": 48808.33828640231, "cumulative_reward": -47178.025500557706}, "token_totals": {"input": 26901, "output": 1255, "calls": 11}, "finished_at": "2026-04-23T18:33:26.078612+00:00"}