{"episode_id": "map_03_watertown_remix_obj_on_0011", "episode_idx": 7, "agent_name": "GhostAgent_7", "SR": 0.0, "SPL": 0.0, "SoftSPL": 0.3404248930438959, "PLR": 0.504131503026991, "nDTW": 1.0057248610125487e-14, "CLS": 0.031107478888201114, "steps": 40, "path_length_cm": 3474.6658888331717, "cumulative_reward": 456.3215023210032, "ended_reason": "max_steps", "metrics": {"SR": 0.0, "SPL": 0.0, "SoftSPL": 0.3404248930438959, "PLR": 0.504131503026991, "nDTW": 1.0057248610125487e-14, "CLS": 0.031107478888201114, "path_length_cm": 3474.6658888331717, "cumulative_reward": 456.3215023210032}, "token_totals": {"input": 113172, "output": 4013, "calls": 40}, "finished_at": "2026-04-22T22:38:37.036911+00:00"}