{"episode_id": "map_53_courtyard_sanny_big_remix_obj_pn_0003", "episode_idx": 5, "agent_name": "GhostAgent_5", "SR": 0.0, "SPL": 0.0, "SoftSPL": 0.44507209795678193, "PLR": 0.38123026738731874, "nDTW": 4.7417023538281895e-20, "CLS": 0.05510398746920257, "steps": 40, "path_length_cm": 1601.129, "cumulative_reward": -83.17847270588537, "ended_reason": "max_steps", "metrics": {"SR": 0.0, "SPL": 0.0, "SoftSPL": 0.44507209795678193, "PLR": 0.38123026738731874, "nDTW": 4.7417023538281895e-20, "CLS": 0.05510398746920257, "path_length_cm": 1601.129, "cumulative_reward": -83.17847270588537}, "token_totals": {"input": 119156, "output": 5236, "calls": 40}, "finished_at": "2026-04-23T19:11:53.875985+00:00"}