{"episode_id": "map_11_wintertown_demo01_remix_obj_on_0019", "episode_idx": 9, "agent_name": "GhostAgent_9", "SR": 0.0, "SPL": 0.0, "SoftSPL": 0.0, "PLR": 4.488490275540561, "nDTW": 1.995603871569372e-125, "CLS": 0.031956298611989925, "steps": 40, "path_length_cm": 27291.05322804998, "cumulative_reward": -15282.758174779321, "ended_reason": "max_steps", "metrics": {"SR": 0.0, "SPL": 0.0, "SoftSPL": 0.0, "PLR": 4.488490275540561, "nDTW": 1.995603871569372e-125, "CLS": 0.031956298611989925, "path_length_cm": 27291.05322804998, "cumulative_reward": -15282.758174779321}, "token_totals": {"input": 123608, "output": 5704, "calls": 40}, "finished_at": "2026-04-22T23:56:13.752197+00:00"}