{"episode_id": "map_05_middleeast_native_on_0011", "episode_idx": 1, "agent_name": "GhostAgent_1", "SR": 0.0, "SPL": 0.0, "SoftSPL": 0.04665890625953974, "PLR": 2.163993357757575, "nDTW": 1.4050965328001898e-39, "CLS": 0.028883531471410605, "steps": 40, "path_length_cm": 6666.938936247426, "cumulative_reward": 220.7643401593704, "ended_reason": "max_steps", "metrics": {"SR": 0.0, "SPL": 0.0, "SoftSPL": 0.04665890625953974, "PLR": 2.163993357757575, "nDTW": 1.4050965328001898e-39, "CLS": 0.028883531471410605, "path_length_cm": 6666.938936247426, "cumulative_reward": 220.7643401593704}, "token_totals": {"input": 485942, "output": 5472, "calls": 40}, "finished_at": "2026-04-22T21:01:50.891080+00:00"}