{"episode_id": "map_22_containeryard_demo_native_on_0007", "episode_idx": 7, "agent_name": "GhostAgent_7", "SR": 0.0, "SPL": 0.0, "SoftSPL": 0.9134910884354456, "PLR": 0.9978518403576006, "nDTW": 5.773358787191006e-28, "CLS": 0.3289694708591666, "steps": 40, "path_length_cm": 7652.415999999999, "cumulative_reward": 6999.972170993036, "ended_reason": "max_steps", "metrics": {"SR": 0.0, "SPL": 0.0, "SoftSPL": 0.9134910884354456, "PLR": 0.9978518403576006, "nDTW": 5.773358787191006e-28, "CLS": 0.3289694708591666, "path_length_cm": 7652.415999999999, "cumulative_reward": 6999.972170993036}, "token_totals": {"input": 120705, "output": 6344, "calls": 40}, "finished_at": "2026-04-22T23:47:44.149689+00:00"}