{"episode_id": "map_49_courtyard_sunny_packed_pn_0006", "episode_idx": 2, "agent_name": "GhostAgent_2", "SR": 0.0, "SPL": 0.0, "SoftSPL": 0.0, "PLR": 20.435295730392777, "nDTW": 4.28046996706513e-56, "CLS": 0.001065969856863471, "steps": 12, "path_length_cm": 37592.770025630554, "cumulative_reward": -33926.21448764795, "ended_reason": "no_tool_call", "metrics": {"SR": 0.0, "SPL": 0.0, "SoftSPL": 0.0, "PLR": 20.435295730392777, "nDTW": 4.28046996706513e-56, "CLS": 0.001065969856863471, "path_length_cm": 37592.770025630554, "cumulative_reward": -33926.21448764795}, "token_totals": {"input": 34389, "output": 2679, "calls": 12}, "finished_at": "2026-04-23T16:29:25.345244+00:00"}