{"episode_id": "map_32_gothic_night_native_pn_0007", "episode_idx": 6, "agent_name": "GhostAgent_6", "SR": 0.0, "SPL": 0.0, "SoftSPL": 0.0, "PLR": 1.710705695103231, "nDTW": 2.920677708319682e-45, "CLS": 0.2543142560731426, "steps": 40, "path_length_cm": 2610.1947495885097, "cumulative_reward": 2576.40321351235, "ended_reason": "max_steps", "metrics": {"SR": 0.0, "SPL": 0.0, "SoftSPL": 0.0, "PLR": 1.710705695103231, "nDTW": 2.920677708319682e-45, "CLS": 0.2543142560731426, "path_length_cm": 2610.1947495885097, "cumulative_reward": 2576.40321351235}, "token_totals": {"input": 112648, "output": 5268, "calls": 40}, "finished_at": "2026-04-23T16:10:42.076564+00:00"}