{"episode_id": "map_59_B10_market_plaza_obj_pn_0005", "episode_idx": 8, "agent_name": "GhostAgent_8", "SR": 0.0, "SPL": 0.0, "SoftSPL": 0.0, "PLR": 6.689919043650058, "nDTW": 1.4502430354816715e-239, "CLS": 0.016608744741188047, "steps": 16, "path_length_cm": 52011.177, "cumulative_reward": -51863.87037869341, "ended_reason": "step_error", "metrics": {"SR": 0.0, "SPL": 0.0, "SoftSPL": 0.0, "PLR": 6.689919043650058, "nDTW": 1.4502430354816715e-239, "CLS": 0.016608744741188047, "path_length_cm": 52011.177, "cumulative_reward": -51863.87037869341}, "token_totals": {"input": 46915, "output": 2656, "calls": 16}, "finished_at": "2026-04-23T19:32:42.155742+00:00"}