{"episode_id": "map_13_watertown_native_pn_0016", "episode_idx": 6, "agent_name": "GhostAgent_6", "SR": 0.0, "SPL": 0.0, "SoftSPL": 0.1420932198675696, "PLR": 4.912604254824392, "nDTW": 2.0092154349855197e-46, "CLS": 0.07075519547676998, "steps": 40, "path_length_cm": 9174.927084437679, "cumulative_reward": 1303.292127280125, "ended_reason": "max_steps", "metrics": {"SR": 0.0, "SPL": 0.0, "SoftSPL": 0.1420932198675696, "PLR": 4.912604254824392, "nDTW": 2.0092154349855197e-46, "CLS": 0.07075519547676998, "path_length_cm": 9174.927084437679, "cumulative_reward": 1303.292127280125}, "token_totals": {"input": 122133, "output": 5789, "calls": 40}, "finished_at": "2026-04-23T18:23:08.865988+00:00"}