{"episode_id": "map_18_cave_native_pn_0018", "episode_idx": 8, "agent_name": "GhostAgent_8", "SR": 0.0, "SPL": 0.0, "SoftSPL": 0.18504550943641665, "PLR": 0.24668918684327837, "nDTW": 0.0008779424597410879, "CLS": 0.2928710776697728, "steps": 40, "path_length_cm": 382.66673352316184, "cumulative_reward": 248.09121719613108, "ended_reason": "max_steps", "metrics": {"SR": 0.0, "SPL": 0.0, "SoftSPL": 0.18504550943641665, "PLR": 0.24668918684327837, "nDTW": 0.0008779424597410879, "CLS": 0.2928710776697728, "path_length_cm": 382.66673352316184, "cumulative_reward": 248.09121719613108}, "token_totals": {"input": 113561, "output": 5605, "calls": 40}, "finished_at": "2026-04-23T18:24:27.927969+00:00"}