{"episode_id": "map_31_gothic_day_remix_on_0015", "episode_idx": 5, "agent_name": "GhostAgent_5", "SR": 0.0, "SPL": 0.0, "SoftSPL": 0.35652104182071875, "PLR": 0.21999687722485323, "nDTW": 1.55602269506456e-07, "CLS": 0.17101167192775188, "steps": 40, "path_length_cm": 821.9039333745071, "cumulative_reward": 686.842558862756, "ended_reason": "max_steps", "metrics": {"SR": 0.0, "SPL": 0.0, "SoftSPL": 0.35652104182071875, "PLR": 0.21999687722485323, "nDTW": 1.55602269506456e-07, "CLS": 0.17101167192775188, "path_length_cm": 821.9039333745071, "cumulative_reward": 686.842558862756}, "token_totals": {"input": 116326, "output": 6000, "calls": 40}, "finished_at": "2026-04-23T18:16:41.367163+00:00"}