{"episode_id": "map_20_trainstation_native_on_0012", "episode_idx": 2, "agent_name": "GhostAgent_2", "SR": 1.0, "SPL": 0.9107268421677209, "SoftSPL": 0.8105412489689087, "PLR": 1.098024076703164, "nDTW": 0.07649898436680118, "CLS": 0.48201486191149817, "steps": 7, "path_length_cm": 1129.186, "cumulative_reward": 916.223519788095, "ended_reason": "success", "metrics": {"SR": 1.0, "SPL": 0.9107268421677209, "SoftSPL": 0.8105412489689087, "PLR": 1.098024076703164, "nDTW": 0.07649898436680118, "CLS": 0.48201486191149817, "path_length_cm": 1129.186, "cumulative_reward": 916.223519788095}, "token_totals": {"input": 14623, "output": 1291, "calls": 7}, "finished_at": "2026-04-23T17:25:02.996551+00:00"}