{"episode_id": "map_03_watertown_remix_on_0006", "episode_idx": 3, "agent_name": "GhostAgent_3", "SR": 0.0, "SPL": 0.0, "SoftSPL": 0.0, "PLR": 1.1214772272024556, "nDTW": 4.400798291161664e-146, "CLS": 0.22292026440308974, "steps": 40, "path_length_cm": 6511.700512939249, "cumulative_reward": -887.0230379664529, "ended_reason": "max_steps", "metrics": {"SR": 0.0, "SPL": 0.0, "SoftSPL": 0.0, "PLR": 1.1214772272024556, "nDTW": 4.400798291161664e-146, "CLS": 0.22292026440308974, "path_length_cm": 6511.700512939249, "cumulative_reward": -887.0230379664529}, "token_totals": {"input": 481445, "output": 6862, "calls": 40}, "finished_at": "2026-04-22T20:08:41.332916+00:00"}