{"episode_id": "map_50_B9_sparse_wilderness_on_0004", "episode_idx": 4, "agent_name": "GhostAgent_4", "SR": 0.0, "SPL": 0.0, "SoftSPL": 0.0, "PLR": 0.4977185151351577, "nDTW": 2.2563510373984305e-74, "CLS": 0.49772887819536243, "steps": 40, "path_length_cm": 2397.3110000000006, "cumulative_reward": -534.3222114764985, "ended_reason": "max_steps", "metrics": {"SR": 0.0, "SPL": 0.0, "SoftSPL": 0.0, "PLR": 0.4977185151351577, "nDTW": 2.2563510373984305e-74, "CLS": 0.49772887819536243, "path_length_cm": 2397.3110000000006, "cumulative_reward": -534.3222114764985}, "token_totals": {"input": 116966, "output": 4692, "calls": 40}, "finished_at": "2026-04-23T14:18:08.221747+00:00"}