{"episode_id": "map_28_village_night_native_on_0016", "episode_idx": 6, "agent_name": "GhostAgent_6", "SR": 1.0, "SPL": 0.9885662290687834, "SoftSPL": 0.9695724472488214, "PLR": 1.0115660140868732, "nDTW": 6.032058961687077e-09, "CLS": 0.30364803637379595, "steps": 16, "path_length_cm": 5025.702733826966, "cumulative_reward": 4860.121191787605, "ended_reason": "success", "metrics": {"SR": 1.0, "SPL": 0.9885662290687834, "SoftSPL": 0.9695724472488214, "PLR": 1.0115660140868732, "nDTW": 6.032058961687077e-09, "CLS": 0.30364803637379595, "path_length_cm": 5025.702733826966, "cumulative_reward": 4860.121191787605}, "token_totals": {"input": 43344, "output": 1950, "calls": 16}, "finished_at": "2026-04-23T00:53:39.825194+00:00"}