{"episode_id": "map_06_hwaseong_native_pn_0019", "episode_idx": 3, "agent_name": "GhostAgent_3", "SR": 0.0, "SPL": 0.0, "SoftSPL": 0.0, "PLR": 0.6332561309193474, "nDTW": 5.833174042052905e-31, "CLS": 0.0631716777080896, "steps": 40, "path_length_cm": 1791.4689292482155, "cumulative_reward": 1329.5293136718465, "ended_reason": "max_steps", "metrics": {"SR": 0.0, "SPL": 0.0, "SoftSPL": 0.0, "PLR": 0.6332561309193474, "nDTW": 5.833174042052905e-31, "CLS": 0.0631716777080896, "path_length_cm": 1791.4689292482155, "cumulative_reward": 1329.5293136718465}, "token_totals": {"input": 117825, "output": 5217, "calls": 40}, "finished_at": "2026-04-23T13:57:33.013696+00:00"}