{"episode_id": "map_68_B13_suburban_park_on_0019", "episode_idx": 9, "agent_name": "GhostAgent_9", "SR": 1.0, "SPL": 0.7109873900923175, "SoftSPL": 0.6963166023925453, "PLR": 1.4064947057220747, "nDTW": 1.4060885654132804e-71, "CLS": 0.44112162649098224, "steps": 31, "path_length_cm": 7535.647009582446, "cumulative_reward": 5249.383133889208, "ended_reason": "success", "metrics": {"SR": 1.0, "SPL": 0.7109873900923175, "SoftSPL": 0.6963166023925453, "PLR": 1.4064947057220747, "nDTW": 1.4060885654132804e-71, "CLS": 0.44112162649098224, "path_length_cm": 7535.647009582446, "cumulative_reward": 5249.383133889208}, "token_totals": {"input": 94765, "output": 4698, "calls": 31}, "finished_at": "2026-04-23T04:16:34.437831+00:00"}