{"episode_id": "map_11_wintertown_demo01_remix_obj_on_0013", "episode_idx": 3, "agent_name": "GhostAgent_3", "SR": 1.0, "SPL": 0.899678015231144, "SoftSPL": 0.8755482675264756, "PLR": 1.1115087654365785, "nDTW": 0.0051882010519181555, "CLS": 0.7701413537911417, "steps": 5, "path_length_cm": 1342.891545137511, "cumulative_reward": 1178.216686471297, "ended_reason": "success", "metrics": {"SR": 1.0, "SPL": 0.899678015231144, "SoftSPL": 0.8755482675264756, "PLR": 1.1115087654365785, "nDTW": 0.0051882010519181555, "CLS": 0.7701413537911417, "path_length_cm": 1342.891545137511, "cumulative_reward": 1178.216686471297}, "token_totals": {"input": 8446, "output": 782, "calls": 5}, "finished_at": "2026-04-22T23:56:13.505704+00:00"}