{"episode_id": "map_40_B2_open_plaza_obj_pn_0011", "episode_idx": 1, "agent_name": "GhostAgent_1", "SR": 0.0, "SPL": 0.0, "SoftSPL": 0.0, "PLR": 28.35987610508923, "nDTW": 4.09947851683249e-299, "CLS": 0.003963970994639014, "steps": 40, "path_length_cm": 49946.563, "cumulative_reward": -46943.251573643356, "ended_reason": "max_steps", "metrics": {"SR": 0.0, "SPL": 0.0, "SoftSPL": 0.0, "PLR": 28.35987610508923, "nDTW": 4.09947851683249e-299, "CLS": 0.003963970994639014, "path_length_cm": 49946.563, "cumulative_reward": -46943.251573643356}, "token_totals": {"input": 142359, "output": 10094, "calls": 40}, "finished_at": "2026-04-23T16:55:03.658026+00:00"}