{"episode_id": "map_45_B7_park_with_paths_on_0003", "episode_idx": 3, "agent_name": "GhostAgent_3", "SR": 0.0, "SPL": 0.0, "SoftSPL": 0.3964672648344443, "PLR": 2.023220342065635, "nDTW": 2.7215323955918176e-28, "CLS": 0.06896164069651857, "steps": 40, "path_length_cm": 10808.629801213821, "cumulative_reward": 4284.146984602642, "ended_reason": "max_steps", "metrics": {"SR": 0.0, "SPL": 0.0, "SoftSPL": 0.3964672648344443, "PLR": 2.023220342065635, "nDTW": 2.7215323955918176e-28, "CLS": 0.06896164069651857, "path_length_cm": 10808.629801213821, "cumulative_reward": 4284.146984602642}, "token_totals": {"input": 115764, "output": 3721, "calls": 40}, "finished_at": "2026-04-23T13:56:48.687519+00:00"}