{"episode_id": "map_27_courtyard_overcast_remix_obj_pn_0007", "episode_idx": 7, "agent_name": "GhostAgent_7", "SR": 0.0, "SPL": 0.0, "SoftSPL": 0.4747575289244538, "PLR": 0.3220333383059976, "nDTW": 0.03314692520692728, "CLS": 0.358846143006837, "steps": 40, "path_length_cm": 358.38446153397865, "cumulative_reward": 356.7310362567489, "ended_reason": "max_steps", "metrics": {"SR": 0.0, "SPL": 0.0, "SoftSPL": 0.4747575289244538, "PLR": 0.3220333383059976, "nDTW": 0.03314692520692728, "CLS": 0.358846143006837, "path_length_cm": 358.38446153397865, "cumulative_reward": 356.7310362567489}, "token_totals": {"input": 31097, "output": 1520, "calls": 40}, "finished_at": "2026-04-23T15:37:54.365942+00:00"}