{"episode_id": "map_53_courtyard_sanny_big_remix_on_0010", "episode_idx": 0, "agent_name": "GhostAgent_0", "SR": 0.0, "SPL": 0.0, "SoftSPL": 0.66107615231532, "PLR": 0.8194584579492642, "nDTW": 5.128575970065123e-09, "CLS": 0.031141061535052864, "steps": 40, "path_length_cm": 5183.353362404799, "cumulative_reward": -31.895502818809568, "ended_reason": "max_steps", "metrics": {"SR": 0.0, "SPL": 0.0, "SoftSPL": 0.66107615231532, "PLR": 0.8194584579492642, "nDTW": 5.128575970065123e-09, "CLS": 0.031141061535052864, "path_length_cm": 5183.353362404799, "cumulative_reward": -31.895502818809568}, "token_totals": {"input": 121195, "output": 5567, "calls": 40}, "finished_at": "2026-04-23T14:35:50.145702+00:00"}