{"episode_id": "map_01_wintertown_native_on_0016", "episode_idx": 3, "agent_name": "GhostAgent_3", "SR": 0.0, "SPL": 0.0, "SoftSPL": 0.2923471938615442, "PLR": 1.2214254320140645, "nDTW": 1.2815182426252152e-112, "CLS": 0.20467898968326728, "steps": 40, "path_length_cm": 6836.366999999999, "cumulative_reward": 1998.1912229525167, "ended_reason": "max_steps", "metrics": {"SR": 0.0, "SPL": 0.0, "SoftSPL": 0.2923471938615442, "PLR": 1.2214254320140645, "nDTW": 1.2815182426252152e-112, "CLS": 0.20467898968326728, "path_length_cm": 6836.366999999999, "cumulative_reward": 1998.1912229525167}, "token_totals": {"input": 449583, "output": 5326, "calls": 40}, "finished_at": "2026-04-22T20:23:53.043894+00:00"}