{"episode_id": "map_42_B4_industrial_yard_obj_on_0011", "episode_idx": 1, "agent_name": "GhostAgent_1", "SR": 0.0, "SPL": 0.0, "SoftSPL": 0.0038972654857769573, "PLR": 0.0, "nDTW": 4.080225971604757e-12, "CLS": 0.12500000000019237, "steps": 40, "path_length_cm": 0.0, "cumulative_reward": -0.4000000000000002, "ended_reason": "max_steps", "metrics": {"SR": 0.0, "SPL": 0.0, "SoftSPL": 0.0038972654857769573, "PLR": 0.0, "nDTW": 4.080225971604757e-12, "CLS": 0.12500000000019237, "path_length_cm": 0.0, "cumulative_reward": -0.4000000000000002}, "token_totals": {"input": 35133, "output": 2300, "calls": 40}, "finished_at": "2026-04-23T16:26:58.257830+00:00"}