{"episode_id": "map_53_courtyard_sanny_big_remix_obj_on_0011", "episode_idx": 0, "agent_name": "GhostAgent_0", "SR": 0.0, "SPL": 0.0, "SoftSPL": 0.19419441788434322, "PLR": 0.0, "nDTW": 0.00016826435284816657, "CLS": 0.07814846625685162, "steps": 0, "path_length_cm": 0.0, "cumulative_reward": 0.0, "ended_reason": "spawn_blocked", "metrics": {"SR": 0.0, "SPL": 0.0, "SoftSPL": 0.19419441788434322, "PLR": 0.0, "nDTW": 0.00016826435284816657, "CLS": 0.07814846625685162, "path_length_cm": 0.0, "cumulative_reward": 0.0}, "token_totals": {"input": 0, "output": 0, "calls": 0}, "finished_at": "2026-04-23T18:58:10.869836+00:00"}