{"episode_id": "map_45_B7_park_with_paths_obj_pn_0007", "episode_idx": 7, "agent_name": "GhostAgent_7", "SR": 0.0, "SPL": 0.0, "SoftSPL": 0.0, "PLR": 1.8565058941371386, "nDTW": 8.529573131237259e-43, "CLS": 0.03379840507589313, "steps": 40, "path_length_cm": 7595.578259860099, "cumulative_reward": -21.695612589843222, "ended_reason": "max_steps", "metrics": {"SR": 0.0, "SPL": 0.0, "SoftSPL": 0.0, "PLR": 1.8565058941371386, "nDTW": 8.529573131237259e-43, "CLS": 0.03379840507589313, "path_length_cm": 7595.578259860099, "cumulative_reward": -21.695612589843222}, "token_totals": {"input": 118643, "output": 5032, "calls": 40}, "finished_at": "2026-04-23T19:32:11.781367+00:00"}