{"episode_id": "map_37_dungeon_remix_obj_pn_0007", "episode_idx": 7, "agent_name": "GhostAgent_7", "SR": 0.0, "SPL": 0.0, "SoftSPL": 0.07473435090754309, "PLR": 1.4391694545485374, "nDTW": 8.581835424262821e-51, "CLS": 0.17452677804079322, "steps": 40, "path_length_cm": 2082.003274811733, "cumulative_reward": 583.9440175257889, "ended_reason": "max_steps", "metrics": {"SR": 0.0, "SPL": 0.0, "SoftSPL": 0.07473435090754309, "PLR": 1.4391694545485374, "nDTW": 8.581835424262821e-51, "CLS": 0.17452677804079322, "path_length_cm": 2082.003274811733, "cumulative_reward": 583.9440175257889}, "token_totals": {"input": 124544, "output": 6996, "calls": 40}, "finished_at": "2026-04-23T16:40:12.920467+00:00"}