{"episode_id": "map_53_courtyard_sanny_big_remix_obj_pn_0002", "episode_idx": 2, "agent_name": "GhostAgent_2", "SR": 0.0, "SPL": 0.0, "SoftSPL": 0.0, "PLR": 1.0039511951046798, "nDTW": 1.5376274205538585e-17, "CLS": 0.31981703236816683, "steps": 40, "path_length_cm": 1111.5245656601464, "cumulative_reward": 1038.160916269076, "ended_reason": "max_steps", "metrics": {"SR": 0.0, "SPL": 0.0, "SoftSPL": 0.0, "PLR": 1.0039511951046798, "nDTW": 1.5376274205538585e-17, "CLS": 0.31981703236816683, "path_length_cm": 1111.5245656601464, "cumulative_reward": 1038.160916269076}, "token_totals": {"input": 118268, "output": 6263, "calls": 40}, "finished_at": "2026-04-23T02:24:25.206521+00:00"}