{"episode_id": "map_40_B2_open_plaza_obj_on_0010", "episode_idx": 0, "agent_name": "GhostAgent_0", "SR": 0.0, "SPL": 0.0, "SoftSPL": 0.0, "PLR": 2.1495861271231718, "nDTW": 1.2844374891263264e-145, "CLS": 0.05168953675154719, "steps": 40, "path_length_cm": 14361.406411171181, "cumulative_reward": -2115.6930395672834, "ended_reason": "max_steps", "metrics": {"SR": 0.0, "SPL": 0.0, "SoftSPL": 0.0, "PLR": 2.1495861271231718, "nDTW": 1.2844374891263264e-145, "CLS": 0.05168953675154719, "path_length_cm": 14361.406411171181, "cumulative_reward": -2115.6930395672834}, "token_totals": {"input": 128785, "output": 7103, "calls": 40}, "finished_at": "2026-04-23T02:11:58.163920+00:00"}