{"episode_id": "map_68_B13_suburban_park_pn_0016", "episode_idx": 6, "agent_name": "GhostAgent_6", "SR": 0.0, "SPL": 0.0, "SoftSPL": 0.0, "PLR": 1.49562436926382, "nDTW": 5.377567677723712e-244, "CLS": 0.16715427027311616, "steps": 40, "path_length_cm": 6906.225, "cumulative_reward": -6044.868759470496, "ended_reason": "max_steps", "metrics": {"SR": 0.0, "SPL": 0.0, "SoftSPL": 0.0, "PLR": 1.49562436926382, "nDTW": 5.377567677723712e-244, "CLS": 0.16715427027311616, "path_length_cm": 6906.225, "cumulative_reward": -6044.868759470496}, "token_totals": {"input": 129721, "output": 7199, "calls": 40}, "finished_at": "2026-04-23T05:17:29.151661+00:00"}