{"episode_id": "map_57_gothic_day_invasion_obj_pn_0013", "episode_idx": 1, "agent_name": "GhostAgent_1", "SR": 0.0, "SPL": 0.0, "SoftSPL": 0.0, "PLR": 0.05405978831900626, "nDTW": 2.020381575684251e-16, "CLS": 0.09946450449286508, "steps": 40, "path_length_cm": 399.77700000000004, "cumulative_reward": -360.80823838056403, "ended_reason": "max_steps", "metrics": {"SR": 0.0, "SPL": 0.0, "SoftSPL": 0.0, "PLR": 0.05405978831900626, "nDTW": 2.020381575684251e-16, "CLS": 0.09946450449286508, "path_length_cm": 399.77700000000004, "cumulative_reward": -360.80823838056403}, "token_totals": {"input": 108433, "output": 2766, "calls": 40}, "finished_at": "2026-04-23T03:42:47.189538+00:00"}