{"episode_id": "map_64_cave_lost_expedition_pn_0002", "episode_idx": 2, "agent_name": "GhostAgent_2", "SR": 0.0, "SPL": 0.0, "SoftSPL": 0.0, "PLR": 0.0, "nDTW": 1.799100422866072e-07, "CLS": 0.07144793225185238, "steps": 1, "path_length_cm": 0.0, "cumulative_reward": 0.0, "ended_reason": "no_tool_call", "metrics": {"SR": 0.0, "SPL": 0.0, "SoftSPL": 0.0, "PLR": 0.0, "nDTW": 1.799100422866072e-07, "CLS": 0.07144793225185238, "path_length_cm": 0.0, "cumulative_reward": 0.0}, "token_totals": {"input": 764, "output": 256, "calls": 1}, "finished_at": "2026-04-23T19:46:02.402855+00:00"}