{
  "map": "map_20_trainstation_native",
  "n": 39,
  "SR": 0.1282051282051282,
  "SPL": 0.08115577748582438,
  "SoftSPL": 0.19635851644066685,
  "nDTW": 0.0034467265612130246,
  "avg_steps": 34.51282051282051
}