{"episode_id": "map_04_courtyard_remix_on_0003", "episode_idx": 1, "agent_name": "GhostAgent_1", "SR": 0.0, "SPL": 0.0, "SoftSPL": 0.8987766719602069, "PLR": 0.2173307221995816, "nDTW": 6.893920631602696e-08, "CLS": 0.049653906651344476, "steps": 40, "path_length_cm": 1410.9175684413497, "cumulative_reward": 721.3985876093878, "ended_reason": "max_steps", "metrics": {"SR": 0.0, "SPL": 0.0, "SoftSPL": 0.8987766719602069, "PLR": 0.2173307221995816, "nDTW": 6.893920631602696e-08, "CLS": 0.049653906651344476, "path_length_cm": 1410.9175684413497, "cumulative_reward": 721.3985876093878}, "token_totals": {"input": 443749, "output": 5281, "calls": 40}, "finished_at": "2026-04-22T20:09:11.542259+00:00"}