{"episode_id": "map_59_B10_market_plaza_pn_0005", "episode_idx": 4, "agent_name": "GhostAgent_4", "SR": 0.0, "SPL": 0.0, "SoftSPL": 0.0, "PLR": 0.4059231448594111, "nDTW": 1.7629866127190244e-24, "CLS": 0.09893103560120906, "steps": 40, "path_length_cm": 2683.095158280427, "cumulative_reward": 2333.11089205594, "ended_reason": "max_steps", "metrics": {"SR": 0.0, "SPL": 0.0, "SoftSPL": 0.0, "PLR": 0.4059231448594111, "nDTW": 1.7629866127190244e-24, "CLS": 0.09893103560120906, "path_length_cm": 2683.095158280427, "cumulative_reward": 2333.11089205594}, "token_totals": {"input": 123722, "output": 7716, "calls": 40}, "finished_at": "2026-04-23T03:30:47.115169+00:00"}