{"episode_id": "map_21_hwaseong_remix2_obj_on_0015", "episode_idx": 5, "agent_name": "GhostAgent_5", "SR": 0.0, "SPL": 0.0, "SoftSPL": 0.0, "PLR": 0.0, "nDTW": 2.9770183317046632e-08, "CLS": 0.2500000000000002, "steps": 40, "path_length_cm": 0.0, "cumulative_reward": -0.4000000000000002, "ended_reason": "max_steps", "metrics": {"SR": 0.0, "SPL": 0.0, "SoftSPL": 0.0, "PLR": 0.0, "nDTW": 2.9770183317046632e-08, "CLS": 0.2500000000000002, "path_length_cm": 0.0, "cumulative_reward": -0.4000000000000002}, "token_totals": {"input": 35287, "output": 2548, "calls": 40}, "finished_at": "2026-04-23T18:27:43.940142+00:00"}