{"episode_id": "map_08_cave_remix_obj_pn_0000", "episode_idx": 0, "agent_name": "GhostAgent_0", "SR": 0.0, "SPL": 0.0, "SoftSPL": 0.0, "PLR": 0.04040765494158382, "nDTW": 0.00021668381064405285, "CLS": 0.1187037906291322, "steps": 40, "path_length_cm": 83.33149455638006, "cumulative_reward": 59.983878233205076, "ended_reason": "max_steps", "metrics": {"SR": 0.0, "SPL": 0.0, "SoftSPL": 0.0, "PLR": 0.04040765494158382, "nDTW": 0.00021668381064405285, "CLS": 0.1187037906291322, "path_length_cm": 83.33149455638006, "cumulative_reward": 59.983878233205076}, "token_totals": {"input": 42376, "output": 4324, "calls": 40}, "finished_at": "2026-04-23T15:07:42.539337+00:00"}