{"episode_id": "map_04_courtyard_remix_obj_pn_0011", "episode_idx": 6, "agent_name": "GhostAgent_6", "SR": 0.0, "SPL": 0.0, "SoftSPL": 0.6882875046429575, "PLR": 0.028897486514858364, "nDTW": 0.00013320357091604573, "CLS": 0.06505008883752497, "steps": 40, "path_length_cm": 131.3069999999998, "cumulative_reward": -98.43428116357643, "ended_reason": "max_steps", "metrics": {"SR": 0.0, "SPL": 0.0, "SoftSPL": 0.6882875046429575, "PLR": 0.028897486514858364, "nDTW": 0.00013320357091604573, "CLS": 0.06505008883752497, "path_length_cm": 131.3069999999998, "cumulative_reward": -98.43428116357643}, "token_totals": {"input": 119425, "output": 6744, "calls": 40}, "finished_at": "2026-04-22T22:44:52.703636+00:00"}