{"episode_id": "map_61_containeryard_day_big_remix_obj_pn_0000", "episode_idx": 9, "agent_name": "GhostAgent_9", "SR": 0.0, "SPL": 0.0, "SoftSPL": 0.0, "PLR": 0.0, "nDTW": 0.0005071328468342754, "CLS": 0.2500000642959311, "steps": 40, "path_length_cm": 0.0, "cumulative_reward": -0.4000000000000002, "ended_reason": "max_steps", "metrics": {"SR": 0.0, "SPL": 0.0, "SoftSPL": 0.0, "PLR": 0.0, "nDTW": 0.0005071328468342754, "CLS": 0.2500000642959311, "path_length_cm": 0.0, "cumulative_reward": -0.4000000000000002}, "token_totals": {"input": 32744, "output": 1971, "calls": 40}, "finished_at": "2026-04-23T16:22:03.764946+00:00"}