{"episode_id": "map_04_courtyard_remix_on_0005", "episode_idx": 4, "agent_name": "GhostAgent_4", "SR": 1.0, "SPL": 1.0, "SoftSPL": 0.9363611483456243, "PLR": 0.6228279250299525, "nDTW": 0.07459693894295447, "CLS": 0.2435489159008654, "steps": 9, "path_length_cm": 1486.1234836347196, "cumulative_reward": 1360.8223912249064, "ended_reason": "success", "metrics": {"SR": 1.0, "SPL": 1.0, "SoftSPL": 0.9363611483456243, "PLR": 0.6228279250299525, "nDTW": 0.07459693894295447, "CLS": 0.2435489159008654, "path_length_cm": 1486.1234836347196, "cumulative_reward": 1360.8223912249064}, "token_totals": {"input": 21171, "output": 2502, "calls": 9}, "finished_at": "2026-04-22T15:17:51.260504+00:00"}