{"episode_id": "map_08_cave_remix_pn_0009", "episode_idx": 9, "agent_name": "GhostAgent_9", "SR": 0.0, "SPL": 0.0, "SoftSPL": 0.01040724621861744, "PLR": 0.055348254007921406, "nDTW": 1.1686591955782225e-16, "CLS": 0.13944482426631474, "steps": 40, "path_length_cm": 380.94100000000003, "cumulative_reward": 15.858471659399191, "ended_reason": "max_steps", "metrics": {"SR": 0.0, "SPL": 0.0, "SoftSPL": 0.01040724621861744, "PLR": 0.055348254007921406, "nDTW": 1.1686591955782225e-16, "CLS": 0.13944482426631474, "path_length_cm": 380.94100000000003, "cumulative_reward": 15.858471659399191}, "token_totals": {"input": 40887, "output": 4036, "calls": 40}, "finished_at": "2026-04-23T14:46:04.378435+00:00"}