{"episode_id": "map_22_containeryard_demo_native_on_0008", "episode_idx": 8, "agent_name": "GhostAgent_8", "SR": 0.0, "SPL": 0.0, "SoftSPL": 0.5256892016986701, "PLR": 1.562405279049218, "nDTW": 1.64215546982135e-14, "CLS": 0.15341429229225098, "steps": 40, "path_length_cm": 3848.610427670777, "cumulative_reward": 1849.2970524306204, "ended_reason": "max_steps", "metrics": {"SR": 0.0, "SPL": 0.0, "SoftSPL": 0.5256892016986701, "PLR": 1.562405279049218, "nDTW": 1.64215546982135e-14, "CLS": 0.15341429229225098, "path_length_cm": 3848.610427670777, "cumulative_reward": 1849.2970524306204}, "token_totals": {"input": 124206, "output": 6960, "calls": 40}, "finished_at": "2026-04-22T23:47:44.150128+00:00"}