{"episode_id": "map_61_containeryard_day_big_remix_obj_pn_0003", "episode_idx": 0, "agent_name": "GhostAgent_0", "SR": 0.0, "SPL": 0.0, "SoftSPL": 0.0, "PLR": 0.17127652573672122, "nDTW": 2.3817097095794355e-12, "CLS": 0.3019272998132536, "steps": 40, "path_length_cm": 233.986000104707, "cumulative_reward": -152.0211378635122, "ended_reason": "max_steps", "metrics": {"SR": 0.0, "SPL": 0.0, "SoftSPL": 0.0, "PLR": 0.17127652573672122, "nDTW": 2.3817097095794355e-12, "CLS": 0.3019272998132536, "path_length_cm": 233.986000104707, "cumulative_reward": -152.0211378635122}, "token_totals": {"input": 33952, "output": 2144, "calls": 40}, "finished_at": "2026-04-23T16:30:51.496876+00:00"}