{"episode_id": "map_08_cave_remix_pn_0001", "episode_idx": 1, "agent_name": "GhostAgent_1", "SR": 0.0, "SPL": 0.0, "SoftSPL": 0.0, "PLR": 2.0350563633846215, "nDTW": 1.2367724087283903e-55, "CLS": 0.2337944333110526, "steps": 40, "path_length_cm": 3961.5628203463075, "cumulative_reward": 1298.6751757012662, "ended_reason": "max_steps", "metrics": {"SR": 0.0, "SPL": 0.0, "SoftSPL": 0.0, "PLR": 2.0350563633846215, "nDTW": 1.2367724087283903e-55, "CLS": 0.2337944333110526, "path_length_cm": 3961.5628203463075, "cumulative_reward": 1298.6751757012662}, "token_totals": {"input": 40041, "output": 3771, "calls": 40}, "finished_at": "2026-04-23T14:46:04.373707+00:00"}