{"episode_id": "map_57_gothic_day_invasion_obj_on_0001", "episode_idx": 1, "agent_name": "GhostAgent_1", "SR": 0.0, "SPL": 0.0, "SoftSPL": 0.1410421479148577, "PLR": 0.06691660891317977, "nDTW": 2.5420878951537513e-05, "CLS": 0.14807016236584586, "steps": 40, "path_length_cm": 434.33362597450855, "cumulative_reward": 31.713695995633806, "ended_reason": "max_steps", "metrics": {"SR": 0.0, "SPL": 0.0, "SoftSPL": 0.1410421479148577, "PLR": 0.06691660891317977, "nDTW": 2.5420878951537513e-05, "CLS": 0.14807016236584586, "path_length_cm": 434.33362597450855, "cumulative_reward": 31.713695995633806}, "token_totals": {"input": 121114, "output": 6812, "calls": 40}, "finished_at": "2026-04-23T15:22:49.188773+00:00"}