{"episode_id": "map_27_courtyard_overcast_remix_obj_on_0014", "episode_idx": 1, "agent_name": "GhostAgent_1", "SR": 0.0, "SPL": 0.0, "SoftSPL": 0.11800823391849935, "PLR": 0.11586470070405976, "nDTW": 0.11800823391849935, "CLS": 0.11800823391849935, "steps": 40, "path_length_cm": 329.47749751009246, "cumulative_reward": -183.85730926774892, "ended_reason": "max_steps", "metrics": {"SR": 0.0, "SPL": 0.0, "SoftSPL": 0.11800823391849935, "PLR": 0.11586470070405976, "nDTW": 0.11800823391849935, "CLS": 0.11800823391849935, "path_length_cm": 329.47749751009246, "cumulative_reward": -183.85730926774892}, "token_totals": {"input": 34026, "output": 2048, "calls": 40}, "finished_at": "2026-04-23T19:45:59.563817+00:00"}