{"episode_id": "map_68_B13_suburban_park_obj_on_0017", "episode_idx": 7, "agent_name": "GhostAgent_7", "SR": 0.0, "SPL": 0.0, "SoftSPL": 0.3426140812120951, "PLR": 1.275385896774035, "nDTW": 4.9223664580163884e-57, "CLS": 0.04947580721964314, "steps": 40, "path_length_cm": 9195.251730843502, "cumulative_reward": 3077.3683589652337, "ended_reason": "max_steps", "metrics": {"SR": 0.0, "SPL": 0.0, "SoftSPL": 0.3426140812120951, "PLR": 1.275385896774035, "nDTW": 4.9223664580163884e-57, "CLS": 0.04947580721964314, "path_length_cm": 9195.251730843502, "cumulative_reward": 3077.3683589652337}, "token_totals": {"input": 132782, "output": 8028, "calls": 40}, "finished_at": "2026-04-23T04:48:21.819966+00:00"}