{"episode_id": "map_68_B13_suburban_park_on_0000", "episode_idx": 0, "agent_name": "GhostAgent_0", "SR": 0.0, "SPL": 0.0, "SoftSPL": 0.7658360574072726, "PLR": 1.1447724672624198, "nDTW": 5.684367362148948e-26, "CLS": 0.2772607062069453, "steps": 40, "path_length_cm": 7539.437126216279, "cumulative_reward": 5717.468066893107, "ended_reason": "max_steps", "metrics": {"SR": 0.0, "SPL": 0.0, "SoftSPL": 0.7658360574072726, "PLR": 1.1447724672624198, "nDTW": 5.684367362148948e-26, "CLS": 0.2772607062069453, "path_length_cm": 7539.437126216279, "cumulative_reward": 5717.468066893107}, "token_totals": {"input": 121303, "output": 6401, "calls": 40}, "finished_at": "2026-04-23T04:00:24.144771+00:00"}