{"episode_id": "map_42_B4_industrial_yard_on_0019", "episode_idx": 9, "agent_name": "GhostAgent_9", "SR": 0.0, "SPL": 0.0, "SoftSPL": 0.7309703504917273, "PLR": 0.7354261832164287, "nDTW": 2.379782687292116e-32, "CLS": 0.35769935590345625, "steps": 40, "path_length_cm": 1999.785585925777, "cumulative_reward": 1987.2666584005447, "ended_reason": "max_steps", "metrics": {"SR": 0.0, "SPL": 0.0, "SoftSPL": 0.7309703504917273, "PLR": 0.7354261832164287, "nDTW": 2.379782687292116e-32, "CLS": 0.35769935590345625, "path_length_cm": 1999.785585925777, "cumulative_reward": 1987.2666584005447}, "token_totals": {"input": 32047, "output": 1729, "calls": 40}, "finished_at": "2026-04-23T16:06:09.557540+00:00"}