{"episode_id": "map_65_hwaseong_ceremonial_on_0007", "episode_idx": 7, "agent_name": "GhostAgent_7", "SR": 0.0, "SPL": 0.0, "SoftSPL": 0.0, "PLR": 0.08518008678754532, "nDTW": 3.421511945419116e-23, "CLS": 0.2732778292229732, "steps": 40, "path_length_cm": 402.21100000124244, "cumulative_reward": -284.02853427155696, "ended_reason": "max_steps", "metrics": {"SR": 0.0, "SPL": 0.0, "SoftSPL": 0.0, "PLR": 0.08518008678754532, "nDTW": 3.421511945419116e-23, "CLS": 0.2732778292229732, "path_length_cm": 402.21100000124244, "cumulative_reward": -284.02853427155696}, "token_totals": {"input": 117953, "output": 5317, "calls": 40}, "finished_at": "2026-04-23T03:37:35.463842+00:00"}