{"episode_id": "map_65_hwaseong_ceremonial_pn_0007", "episode_idx": 5, "agent_name": "GhostAgent_5", "SR": 0.0, "SPL": 0.0, "SoftSPL": 0.0, "PLR": 1.8456982957684531, "nDTW": 4.2414775320192635e-151, "CLS": 0.13545009034976233, "steps": 40, "path_length_cm": 8715.184325806102, "cumulative_reward": -238.58842257890697, "ended_reason": "max_steps", "metrics": {"SR": 0.0, "SPL": 0.0, "SoftSPL": 0.0, "PLR": 1.8456982957684531, "nDTW": 4.2414775320192635e-151, "CLS": 0.13545009034976233, "path_length_cm": 8715.184325806102, "cumulative_reward": -238.58842257890697}, "token_totals": {"input": 128180, "output": 7288, "calls": 40}, "finished_at": "2026-04-23T13:18:15.743183+00:00"}