{"episode_id": "map_62_trainstation_cross_remix_on_0018", "episode_idx": 8, "agent_name": "GhostAgent_8", "SR": 0.0, "SPL": 0.0, "SoftSPL": 0.0, "PLR": 0.1538052551986976, "nDTW": 1.174959640166646e-17, "CLS": 0.29544397818576695, "steps": 40, "path_length_cm": 340.9508755668168, "cumulative_reward": -88.49768185969208, "ended_reason": "max_steps", "metrics": {"SR": 0.0, "SPL": 0.0, "SoftSPL": 0.0, "PLR": 0.1538052551986976, "nDTW": 1.174959640166646e-17, "CLS": 0.29544397818576695, "path_length_cm": 340.9508755668168, "cumulative_reward": -88.49768185969208}, "token_totals": {"input": 127650, "output": 8608, "calls": 40}, "finished_at": "2026-04-23T03:15:10.651105+00:00"}