{"episode_id": "map_18_cave_native_on_0008", "episode_idx": 8, "agent_name": "GhostAgent_8", "SR": 0.0, "SPL": 0.0, "SoftSPL": 0.6699516083163821, "PLR": 1.0208003535053096, "nDTW": 0.031987587682284775, "CLS": 0.0764487561362792, "steps": 8, "path_length_cm": 1741.1077069492615, "cumulative_reward": 1154.700381276724, "ended_reason": "no_tool_call", "metrics": {"SR": 0.0, "SPL": 0.0, "SoftSPL": 0.6699516083163821, "PLR": 1.0208003535053096, "nDTW": 0.031987587682284775, "CLS": 0.0764487561362792, "path_length_cm": 1741.1077069492615, "cumulative_reward": 1154.700381276724}, "token_totals": {"input": 18506, "output": 1690, "calls": 8}, "finished_at": "2026-04-23T16:57:38.527648+00:00"}