{"episode_id": "map_42_B4_industrial_yard_obj_on_0009", "episode_idx": 9, "agent_name": "GhostAgent_9", "SR": 0.0, "SPL": 0.0, "SoftSPL": 0.0003427539848270822, "PLR": 0.0, "nDTW": 2.318265574390154e-06, "CLS": 0.1667221302754981, "steps": 40, "path_length_cm": 0.0, "cumulative_reward": -0.4000000000000002, "ended_reason": "max_steps", "metrics": {"SR": 0.0, "SPL": 0.0, "SoftSPL": 0.0003427539848270822, "PLR": 0.0, "nDTW": 2.318265574390154e-06, "CLS": 0.1667221302754981, "path_length_cm": 0.0, "cumulative_reward": -0.4000000000000002}, "token_totals": {"input": 32887, "output": 1704, "calls": 40}, "finished_at": "2026-04-23T16:17:04.747947+00:00"}