{"episode_id": "map_03_watertown_remix_obj_on_0017", "episode_idx": 3, "agent_name": "GhostAgent_3", "SR": 0.0, "SPL": 0.0, "SoftSPL": 0.0, "PLR": 0.21789138392431626, "nDTW": 1.023218004837273e-40, "CLS": 0.2478842342194335, "steps": 40, "path_length_cm": 1445.8357093405145, "cumulative_reward": -690.8274144934685, "ended_reason": "max_steps", "metrics": {"SR": 0.0, "SPL": 0.0, "SoftSPL": 0.0, "PLR": 0.21789138392431626, "nDTW": 1.023218004837273e-40, "CLS": 0.2478842342194335, "path_length_cm": 1445.8357093405145, "cumulative_reward": -690.8274144934685}, "token_totals": {"input": 124481, "output": 6608, "calls": 40}, "finished_at": "2026-04-22T22:51:04.186437+00:00"}