{"episode_id": "map_22_containeryard_demo_native_obj_pn_0014", "episode_idx": 1, "agent_name": "GhostAgent_1", "SR": 0.0, "SPL": 0.0, "SoftSPL": 0.0, "PLR": 0.1639903608379465, "nDTW": 8.53364906327291e-20, "CLS": 0.16415787275222624, "steps": 40, "path_length_cm": 1203.3055111061665, "cumulative_reward": -502.49768964811125, "ended_reason": "max_steps", "metrics": {"SR": 0.0, "SPL": 0.0, "SoftSPL": 0.0, "PLR": 0.1639903608379465, "nDTW": 8.53364906327291e-20, "CLS": 0.16415787275222624, "path_length_cm": 1203.3055111061665, "cumulative_reward": -502.49768964811125}, "token_totals": {"input": 122496, "output": 5760, "calls": 40}, "finished_at": "2026-04-23T00:32:39.537959+00:00"}