{"episode_id": "map_11_wintertown_demo01_remix_pn_0012", "episode_idx": 9, "agent_name": "GhostAgent_9", "SR": 0.0, "SPL": 0.0, "SoftSPL": 0.10165040287350394, "PLR": 1.6077287264654982, "nDTW": 1.1363927546986702e-81, "CLS": 0.07078346474648556, "steps": 40, "path_length_cm": 11394.150334620897, "cumulative_reward": 4648.340143598547, "ended_reason": "max_steps", "metrics": {"SR": 0.0, "SPL": 0.0, "SoftSPL": 0.10165040287350394, "PLR": 1.6077287264654982, "nDTW": 1.1363927546986702e-81, "CLS": 0.07078346474648556, "path_length_cm": 11394.150334620897, "cumulative_reward": 4648.340143598547}, "token_totals": {"input": 125600, "output": 6233, "calls": 40}, "finished_at": "2026-04-22T23:07:56.955346+00:00"}