{
  "map": "map_03_watertown_remix",
  "n": 38,
  "SR": 0.10526315789473684,
  "SPL": 0.10016979850020313,
  "SoftSPL": 0.29799681033028175,
  "nDTW": 0.0004128604159911289,
  "avg_steps": 36.973684210526315
}