{"episode_id": "map_01_wintertown_native_obj_on_0007", "episode_idx": 1, "agent_name": "GhostAgent_1", "SR": 0.0, "SPL": 0.0, "SoftSPL": 0.10247178758253361, "PLR": 0.850189217726137, "nDTW": 4.367141204258462e-118, "CLS": 0.1306898615192116, "steps": 40, "path_length_cm": 6285.780460444244, "cumulative_reward": 708.6301844197641, "ended_reason": "max_steps", "metrics": {"SR": 0.0, "SPL": 0.0, "SoftSPL": 0.10247178758253361, "PLR": 0.850189217726137, "nDTW": 4.367141204258462e-118, "CLS": 0.1306898615192116, "path_length_cm": 6285.780460444244, "cumulative_reward": 708.6301844197641}, "token_totals": {"input": 126601, "output": 6884, "calls": 40}, "finished_at": "2026-04-22T22:34:39.252064+00:00"}