{"episode_id": "map_25_containeryard_day_remix_on_0003", "episode_idx": 3, "agent_name": "GhostAgent_3", "SR": 0.0, "SPL": 0.0, "SoftSPL": 0.0, "PLR": 0.035503818157845764, "nDTW": 1.924871319697244e-05, "CLS": 0.2592340120186915, "steps": 40, "path_length_cm": 63.789000007838325, "cumulative_reward": -59.17967986041714, "ended_reason": "max_steps", "metrics": {"SR": 0.0, "SPL": 0.0, "SoftSPL": 0.0, "PLR": 0.035503818157845764, "nDTW": 1.924871319697244e-05, "CLS": 0.2592340120186915, "path_length_cm": 63.789000007838325, "cumulative_reward": -59.17967986041714}, "token_totals": {"input": 116123, "output": 6858, "calls": 40}, "finished_at": "2026-04-23T00:17:54.579406+00:00"}