{"episode_id": "map_45_B7_park_with_paths_on_0016", "episode_idx": 1, "agent_name": "GhostAgent_1", "SR": 0.0, "SPL": 0.0, "SoftSPL": 0.0, "PLR": 7.1594284399731665, "nDTW": 0.0, "CLS": 0.0, "steps": 27, "path_length_cm": 54166.94687971778, "cumulative_reward": -17308.24045757469, "ended_reason": "step_error", "metrics": {"SR": 0.0, "SPL": 0.0, "SoftSPL": 0.0, "PLR": 7.1594284399731665, "nDTW": 0.0, "CLS": 0.0, "path_length_cm": 54166.94687971778, "cumulative_reward": -17308.24045757469}, "token_totals": {"input": 83303, "output": 4156, "calls": 27}, "finished_at": "2026-04-23T20:21:23.647533+00:00"}