{"episode_id": "map_08_cave_remix_pn_0006", "episode_idx": 6, "agent_name": "GhostAgent_6", "SR": 0.0, "SPL": 0.0, "SoftSPL": 0.8870854132739778, "PLR": 0.7973647877932467, "nDTW": 5.0496249836582946e-05, "CLS": 0.11622361535591151, "steps": 40, "path_length_cm": 5743.099620559639, "cumulative_reward": 5511.664458296114, "ended_reason": "max_steps", "metrics": {"SR": 0.0, "SPL": 0.0, "SoftSPL": 0.8870854132739778, "PLR": 0.7973647877932467, "nDTW": 5.0496249836582946e-05, "CLS": 0.11622361535591151, "path_length_cm": 5743.099620559639, "cumulative_reward": 5511.664458296114}, "token_totals": {"input": 35064, "output": 2508, "calls": 40}, "finished_at": "2026-04-23T14:46:04.376412+00:00"}