{"episode_id": "map_34_temple_plaza_native_on_0001", "episode_idx": 1, "agent_name": "GhostAgent_1", "SR": 0.0, "SPL": 0.0, "SoftSPL": 0.5050574987502653, "PLR": 0.34822258900365594, "nDTW": 2.7750102848794097e-05, "CLS": 0.03848700846865114, "steps": 40, "path_length_cm": 784.838, "cumulative_reward": 771.8332305360218, "ended_reason": "max_steps", "metrics": {"SR": 0.0, "SPL": 0.0, "SoftSPL": 0.5050574987502653, "PLR": 0.34822258900365594, "nDTW": 2.7750102848794097e-05, "CLS": 0.03848700846865114, "path_length_cm": 784.838, "cumulative_reward": 771.8332305360218}, "token_totals": {"input": 31769, "output": 1556, "calls": 40}, "finished_at": "2026-04-23T15:29:23.955711+00:00"}