{"episode_id": "map_42_B4_industrial_yard_obj_pn_0007", "episode_idx": 7, "agent_name": "GhostAgent_7", "SR": 0.0, "SPL": 0.0, "SoftSPL": 0.281168669656752, "PLR": 0.3568608705105621, "nDTW": 1.5275101737303733e-30, "CLS": 0.31468040334463004, "steps": 40, "path_length_cm": 1175.2855909394852, "cumulative_reward": 920.6047003340714, "ended_reason": "max_steps", "metrics": {"SR": 0.0, "SPL": 0.0, "SoftSPL": 0.281168669656752, "PLR": 0.3568608705105621, "nDTW": 1.5275101737303733e-30, "CLS": 0.31468040334463004, "path_length_cm": 1175.2855909394852, "cumulative_reward": 920.6047003340714}, "token_totals": {"input": 38663, "output": 3434, "calls": 40}, "finished_at": "2026-04-23T16:10:19.032387+00:00"}